Model Path,Inference Time (ms),Pipeline FPS
C:\Users\User\Documents\AI_Robotics Projects\AAU\Summer\Synthetic_Dataset_YOLO_50\runs\detect\train-2\weights\best.pt,70.28,44.3
C:\Users\User\Documents\AI_Robotics Projects\AAU\Summer\Synthetic_Dataset_YOLO_50\runs\detect\train-2\weights\best.pt,37.82,62.0
C:\Users\User\Documents\AI_Robotics Projects\AAU\Summer\Synthetic_Dataset_YOLO_50\runs\detect\train-2\weights\best.pt,47.47,31.9
C:\Users\User\Documents\AI_Robotics Projects\AAU\Summer\Synthetic_Dataset_YOLO_50\runs\detect\train-2\weights\best.pt,49.88,36.8
C:\Users\User\Documents\AI_Robotics Projects\AAU\Summer\Synthetic_Dataset_YOLO_50\runs\detect\train-2\weights\best.pt,42.91,46.0
C:\Users\User\Documents\AI_Robotics Projects\AAU\Summer\Synthetic_Dataset_YOLO_50\runs\detect\train-2\weights\best.pt,47.54,47.3
C:\Users\User\Documents\AI_Robotics Projects\AAU\Summer\Synthetic_Dataset_YOLO_50\runs\detect\train-2\weights\best.pt,49.07,44.1
C:\Users\User\Documents\AI_Robotics Projects\AAU\Summer\Synthetic_Dataset_YOLO_50\runs\detect\train-2\weights\best.pt,41.24,20.7
C:\Users\User\Documents\AI_Robotics Projects\AAU\Summer\Synthetic_Dataset_YOLO_50\runs\detect\train-2\weights\best.pt,36.33,31.9
C:\Users\User\Documents\AI_Robotics Projects\AAU\Summer\Synthetic_Dataset_YOLO_50\runs\detect\train-2\weights\best.pt,46.13,33.8
C:\Users\User\Documents\AI_Robotics Projects\AAU\Summer\Synthetic_Dataset_YOLO_50\runs\detect\train-2\weights\best.pt,52.73,28.5
C:\Users\User\Documents\AI_Robotics Projects\AAU\Summer\Synthetic_Dataset_YOLO_50\runs\detect\train-2\weights\best.pt,47.07,31.1
C:\Users\User\Documents\AI_Robotics Projects\AAU\Summer\Synthetic_Dataset_YOLO_50\runs\detect\train-2\weights\best.pt,41.14,31.1
C:\Users\User\Documents\AI_Robotics Projects\AAU\Summer\Synthetic_Dataset_YOLO_50\runs\detect\train-2\weights\best.pt,57.44,33.3
C:\Users\User\Documents\AI_Robotics Projects\AAU\Summer\Synthetic_Dataset_YOLO_50\runs\detect\train-2\weights\best.pt,50.1,45.5
C:\Users\User\Documents\AI_Robotics Projects\AAU\Summer\Synthetic_Dataset_YOLO_50\runs\detect\train-2\weights\best.pt,44.97,41.2
C:\Users\User\Documents\AI_Robotics Projects\AAU\Summer\Synthetic_Dataset_YOLO_50\runs\detect\train-2\weights\best.pt,34.25,30.6
C:\Users\User\Documents\AI_Robotics Projects\AAU\Summer\Synthetic_Dataset_YOLO_50\runs\detect\train-2\weights\best.pt,60.26,46.0
C:\Users\User\Documents\AI_Robotics Projects\AAU\Summer\Synthetic_Dataset_YOLO_50\runs\detect\train-2\weights\best.pt,37.87,33.8
C:\Users\User\Documents\AI_Robotics Projects\AAU\Summer\Synthetic_Dataset_YOLO_50\runs\detect\train-2\weights\best.pt,40.22,84.0
C:\Users\User\Documents\AI_Robotics Projects\AAU\Summer\Synthetic_Dataset_YOLO_50\runs\detect\train-2\weights\best.pt,37.27,123.5
C:\Users\User\Documents\AI_Robotics Projects\AAU\Summer\Synthetic_Dataset_YOLO_50\runs\detect\train-2\weights\best.pt,40.32,48.9
C:\Users\User\Documents\AI_Robotics Projects\AAU\Summer\Synthetic_Dataset_YOLO_50\runs\detect\train-2\weights\best.pt,54.96,28.5
C:\Users\User\Documents\AI_Robotics Projects\AAU\Summer\Synthetic_Dataset_YOLO_50\runs\detect\train-2\weights\best.pt,39.91,31.5
C:\Users\User\Documents\AI_Robotics Projects\AAU\Summer\Synthetic_Dataset_YOLO_50\runs\detect\train-2\weights\best.pt,38.16,43.1
C:\Users\User\Documents\AI_Robotics Projects\AAU\Summer\Synthetic_Dataset_YOLO_50\runs\detect\train-2\weights\best.pt,43.1,53.4
C:\Users\User\Documents\AI_Robotics Projects\AAU\Summer\Synthetic_Dataset_YOLO_50\runs\detect\train-2\weights\best.pt,43.29,32.3
C:\Users\User\Documents\AI_Robotics Projects\AAU\Summer\Synthetic_Dataset_YOLO_50\runs\detect\train-2\weights\best.pt,36.45,32.4
C:\Users\User\Documents\AI_Robotics Projects\AAU\Summer\Synthetic_Dataset_YOLO_50\runs\detect\train-2\weights\best.pt,40.11,69.1
C:\Users\User\Documents\AI_Robotics Projects\AAU\Summer\Synthetic_Dataset_YOLO_50\runs\detect\train-2\weights\best.pt,49.89,47.9
C:\Users\User\Documents\AI_Robotics Projects\AAU\Summer\Synthetic_Dataset_YOLO_50\runs\detect\train-2\weights\best.pt,54.53,45.5
C:\Users\User\Documents\AI_Robotics Projects\AAU\Summer\Synthetic_Dataset_YOLO_50\runs\detect\train-2\weights\best.pt,39.37,33.9
C:\Users\User\Documents\AI_Robotics Projects\AAU\Summer\Synthetic_Dataset_YOLO_50\runs\detect\train-2\weights\best.pt,35.24,31.2
C:\Users\User\Documents\AI_Robotics Projects\AAU\Summer\Synthetic_Dataset_YOLO_50\runs\detect\train-2\weights\best.pt,40.19,48.0
C:\Users\User\Documents\AI_Robotics Projects\AAU\Summer\Synthetic_Dataset_YOLO_50\runs\detect\train-2\weights\best.pt,39.88,46.4
C:\Users\User\Documents\AI_Robotics Projects\AAU\Summer\Synthetic_Dataset_YOLO_50\runs\detect\train-2\weights\best.pt,40.16,29.7
C:\Users\User\Documents\AI_Robotics Projects\AAU\Summer\Synthetic_Dataset_YOLO_50\runs\detect\train-2\weights\best.pt,39.0,46.4
C:\Users\User\Documents\AI_Robotics Projects\AAU\Summer\Synthetic_Dataset_YOLO_50\runs\detect\train-2\weights\best.pt,41.59,52.1
C:\Users\User\Documents\AI_Robotics Projects\AAU\Summer\Synthetic_Dataset_YOLO_50\runs\detect\train-2\weights\best.pt,38.66,45.1
C:\Users\User\Documents\AI_Robotics Projects\AAU\Summer\Synthetic_Dataset_YOLO_50\runs\detect\train-2\weights\best.pt,36.23,25.7
C:\Users\User\Documents\AI_Robotics Projects\AAU\Summer\Synthetic_Dataset_YOLO_50\runs\detect\train-2\weights\best.pt,38.94,44.6
C:\Users\User\Documents\AI_Robotics Projects\AAU\Summer\Synthetic_Dataset_YOLO_50\runs\detect\train-2\weights\best.pt,40.72,45.4
C:\Users\User\Documents\AI_Robotics Projects\AAU\Summer\Synthetic_Dataset_YOLO_50\runs\detect\train-2\weights\best.pt,38.62,32.8
C:\Users\User\Documents\AI_Robotics Projects\AAU\Summer\Synthetic_Dataset_YOLO_50\runs\detect\train-2\weights\best.pt,38.54,26.7
C:\Users\User\Documents\AI_Robotics Projects\AAU\Summer\Synthetic_Dataset_YOLO_50\runs\detect\train-2\weights\best.pt,39.89,47.8
C:\Users\User\Documents\AI_Robotics Projects\AAU\Summer\Synthetic_Dataset_YOLO_50\runs\detect\train-2\weights\best.pt,41.41,48.6
C:\Users\User\Documents\AI_Robotics Projects\AAU\Summer\Synthetic_Dataset_YOLO_50\runs\detect\train-2\weights\best.pt,37.59,28.5
C:\Users\User\Documents\AI_Robotics Projects\AAU\Summer\Synthetic_Dataset_YOLO_50\runs\detect\train-2\weights\best.pt,36.91,27.9
C:\Users\User\Documents\AI_Robotics Projects\AAU\Summer\Synthetic_Dataset_YOLO_50\runs\detect\train-2\weights\best.pt,40.12,40.2
C:\Users\User\Documents\AI_Robotics Projects\AAU\Summer\Synthetic_Dataset_YOLO_50\runs\detect\train-2\weights\best.pt,81.68,29.7
C:\Users\User\Documents\AI_Robotics Projects\AAU\Summer\Synthetic_Dataset_YOLO_50\runs\detect\train-2\weights\best.pt,62.67,46.2
C:\Users\User\Documents\AI_Robotics Projects\AAU\Summer\Synthetic_Dataset_YOLO_50\runs\detect\train-2\weights\best.pt,55.21,39.0
C:\Users\User\Documents\AI_Robotics Projects\AAU\Summer\Synthetic_Dataset_YOLO_50\runs\detect\train-2\weights\best.pt,50.04,39.4
C:\Users\User\Documents\AI_Robotics Projects\AAU\Summer\Synthetic_Dataset_YOLO_50\runs\detect\train-2\weights\best.pt,46.77,38.7
C:\Users\User\Documents\AI_Robotics Projects\AAU\Summer\Synthetic_Dataset_YOLO_50\runs\detect\train-2\weights\best.pt,41.99,43.8
C:\Users\User\Documents\AI_Robotics Projects\AAU\Summer\Synthetic_Dataset_YOLO_50\runs\detect\train-2\weights\best.pt,39.52,40.6
C:\Users\User\Documents\AI_Robotics Projects\AAU\Summer\Synthetic_Dataset_YOLO_50\runs\detect\train-2\weights\best.pt,36.44,28.3
C:\Users\User\Documents\AI_Robotics Projects\AAU\Summer\Synthetic_Dataset_YOLO_50\runs\detect\train-2\weights\best.pt,43.73,44.0
C:\Users\User\Documents\AI_Robotics Projects\AAU\Summer\Synthetic_Dataset_YOLO_50\runs\detect\train-2\weights\best.pt,41.27,36.2
C:\Users\User\Documents\AI_Robotics Projects\AAU\Summer\Synthetic_Dataset_YOLO_50\runs\detect\train-2\weights\best.pt,34.65,29.2
C:\Users\User\Documents\AI_Robotics Projects\AAU\Summer\Synthetic_Dataset_YOLO_50\runs\detect\train-2\weights\best.pt,40.8,45.8
C:\Users\User\Documents\AI_Robotics Projects\AAU\Summer\Synthetic_Dataset_YOLO_50\runs\detect\train-2\weights\best.pt,47.01,27.6
C:\Users\User\Documents\AI_Robotics Projects\AAU\Summer\Synthetic_Dataset_YOLO_50\runs\detect\train-2\weights\best.pt,40.54,41.2
C:\Users\User\Documents\AI_Robotics Projects\AAU\Summer\Synthetic_Dataset_YOLO_50\runs\detect\train-2\weights\best.pt,40.71,27.8
C:\Users\User\Documents\AI_Robotics Projects\AAU\Summer\Synthetic_Dataset_YOLO_50\runs\detect\train-2\weights\best.pt,35.97,29.2
C:\Users\User\Documents\AI_Robotics Projects\AAU\Summer\Synthetic_Dataset_YOLO_50\runs\detect\train-2\weights\best.pt,44.58,43.2
C:\Users\User\Documents\AI_Robotics Projects\AAU\Summer\Synthetic_Dataset_YOLO_50\runs\detect\train-2\weights\best.pt,43.96,37.6
C:\Users\User\Documents\AI_Robotics Projects\AAU\Summer\Synthetic_Dataset_YOLO_50\runs\detect\train-2\weights\best.pt,35.42,31.7
C:\Users\User\Documents\AI_Robotics Projects\AAU\Summer\Synthetic_Dataset_YOLO_50\runs\detect\train-2\weights\best.pt,40.27,41.4
C:\Users\User\Documents\AI_Robotics Projects\AAU\Summer\Synthetic_Dataset_YOLO_50\runs\detect\train-2\weights\best.pt,38.38,27.2
C:\Users\User\Documents\AI_Robotics Projects\AAU\Summer\Synthetic_Dataset_YOLO_50\runs\detect\train-2\weights\best.pt,37.41,28.5
C:\Users\User\Documents\AI_Robotics Projects\AAU\Summer\Synthetic_Dataset_YOLO_50\runs\detect\train-2\weights\best.pt,48.25,46.2
C:\Users\User\Documents\AI_Robotics Projects\AAU\Summer\Synthetic_Dataset_YOLO_50\runs\detect\train-2\weights\best.pt,50.5,41.7
C:\Users\User\Documents\AI_Robotics Projects\AAU\Summer\Synthetic_Dataset_YOLO_50\runs\detect\train-2\weights\best.pt,42.56,49.9
C:\Users\User\Documents\AI_Robotics Projects\AAU\Summer\Synthetic_Dataset_YOLO_50\runs\detect\train-2\weights\best.pt,39.6,31.5
C:\Users\User\Documents\AI_Robotics Projects\AAU\Summer\Synthetic_Dataset_YOLO_50\runs\detect\train-2\weights\best.pt,39.98,46.2
C:\Users\User\Documents\AI_Robotics Projects\AAU\Summer\Synthetic_Dataset_YOLO_50\runs\detect\train-2\weights\best.pt,48.51,52.9
C:\Users\User\Documents\AI_Robotics Projects\AAU\Summer\Synthetic_Dataset_YOLO_50\runs\detect\train-2\weights\best.pt,40.87,38.8
C:\Users\User\Documents\AI_Robotics Projects\AAU\Summer\Synthetic_Dataset_YOLO_50\runs\detect\train-2\weights\best.pt,43.69,49.3
C:\Users\User\Documents\AI_Robotics Projects\AAU\Summer\Synthetic_Dataset_YOLO_50\runs\detect\train-2\weights\best.pt,49.64,32.3
C:\Users\User\Documents\AI_Robotics Projects\AAU\Summer\Synthetic_Dataset_YOLO_50\runs\detect\train-2\weights\best.pt,39.11,37.7
C:\Users\User\Documents\AI_Robotics Projects\AAU\Summer\Synthetic_Dataset_YOLO_50\runs\detect\train-2\weights\best.pt,36.49,27.3
C:\Users\User\Documents\AI_Robotics Projects\AAU\Summer\Synthetic_Dataset_YOLO_50\runs\detect\train-2\weights\best.pt,44.94,45.3
C:\Users\User\Documents\AI_Robotics Projects\AAU\Summer\Synthetic_Dataset_YOLO_50\runs\detect\train-2\weights\best.pt,55.9,36.1
C:\Users\User\Documents\AI_Robotics Projects\AAU\Summer\Synthetic_Dataset_YOLO_50\runs\detect\train-2\weights\best.pt,58.06,42.0
C:\Users\User\Documents\AI_Robotics Projects\AAU\Summer\Synthetic_Dataset_YOLO_50\runs\detect\train-2\weights\best.pt,50.2,40.2
C:\Users\User\Documents\AI_Robotics Projects\AAU\Summer\Synthetic_Dataset_YOLO_50\runs\detect\train-2\weights\best.pt,42.83,45.8
C:\Users\User\Documents\AI_Robotics Projects\AAU\Summer\Synthetic_Dataset_YOLO_50\runs\detect\train-2\weights\best.pt,40.74,29.6
C:\Users\User\Documents\AI_Robotics Projects\AAU\Summer\Synthetic_Dataset_YOLO_50\runs\detect\train-2\weights\best.pt,36.33,27.6
C:\Users\User\Documents\AI_Robotics Projects\AAU\Summer\Synthetic_Dataset_YOLO_50\runs\detect\train-2\weights\best.pt,42.15,45.7
C:\Users\User\Documents\AI_Robotics Projects\AAU\Summer\Synthetic_Dataset_YOLO_50\runs\detect\train-2\weights\best.pt,44.22,29.1
C:\Users\User\Documents\AI_Robotics Projects\AAU\Summer\Synthetic_Dataset_YOLO_50\runs\detect\train-2\weights\best.pt,51.12,29.8
C:\Users\User\Documents\AI_Robotics Projects\AAU\Summer\Synthetic_Dataset_YOLO_50\runs\detect\train-2\weights\best.pt,43.49,43.7
C:\Users\User\Documents\AI_Robotics Projects\AAU\Summer\Synthetic_Dataset_YOLO_50\runs\detect\train-2\weights\best.pt,41.44,43.4
C:\Users\User\Documents\AI_Robotics Projects\AAU\Summer\Synthetic_Dataset_YOLO_50\runs\detect\train-2\weights\best.pt,47.5,31.8
C:\Users\User\Documents\AI_Robotics Projects\AAU\Summer\Synthetic_Dataset_YOLO_50\runs\detect\train-2\weights\best.pt,46.82,43.6
C:\Users\User\Documents\AI_Robotics Projects\AAU\Summer\Synthetic_Dataset_YOLO_50\runs\detect\train-2\weights\best.pt,41.33,42.0
C:\Users\User\Documents\AI_Robotics Projects\AAU\Summer\Synthetic_Dataset_YOLO_50\runs\detect\train-2\weights\best.pt,46.65,31.4
C:\Users\User\Documents\AI_Robotics Projects\AAU\Summer\Synthetic_Dataset_YOLO_50\runs\detect\train-2\weights\best.pt,46.96,40.6
C:\Users\User\Documents\AI_Robotics Projects\AAU\Summer\Synthetic_Dataset_YOLO_50\runs\detect\train-2\weights\best.pt,48.89,44.6
C:\Users\User\Documents\AI_Robotics Projects\AAU\Summer\Synthetic_Dataset_YOLO_50\runs\detect\train-2\weights\best.pt,47.43,42.9
C:\Users\User\Documents\AI_Robotics Projects\AAU\Summer\Synthetic_Dataset_YOLO_30\runs\detect\train-2\weights\best.pt,68.16,10.8
C:\Users\User\Documents\AI_Robotics Projects\AAU\Summer\Synthetic_Dataset_YOLO_30\runs\detect\train-2\weights\best.pt,41.49,51.5
C:\Users\User\Documents\AI_Robotics Projects\AAU\Summer\Synthetic_Dataset_YOLO_30\runs\detect\train-2\weights\best.pt,43.57,45.4
C:\Users\User\Documents\AI_Robotics Projects\AAU\Summer\Synthetic_Dataset_YOLO_30\runs\detect\train-2\weights\best.pt,50.83,64.3
C:\Users\User\Documents\AI_Robotics Projects\AAU\Summer\Synthetic_Dataset_YOLO_30\runs\detect\train-2\weights\best.pt,51.01,48.8
C:\Users\User\Documents\AI_Robotics Projects\AAU\Summer\Synthetic_Dataset_YOLO_30\runs\detect\train-2\weights\best.pt,56.35,46.9
C:\Users\User\Documents\AI_Robotics Projects\AAU\Summer\Synthetic_Dataset_YOLO_30\runs\detect\train-2\weights\best.pt,52.53,53.0
C:\Users\User\Documents\AI_Robotics Projects\AAU\Summer\Synthetic_Dataset_YOLO_30\runs\detect\train-2\weights\best.pt,47.33,45.8
C:\Users\User\Documents\AI_Robotics Projects\AAU\Summer\Synthetic_Dataset_YOLO_30\runs\detect\train-2\weights\best.pt,47.47,33.1
C:\Users\User\Documents\AI_Robotics Projects\AAU\Summer\Synthetic_Dataset_YOLO_30\runs\detect\train-2\weights\best.pt,39.37,34.7
C:\Users\User\Documents\AI_Robotics Projects\AAU\Summer\Synthetic_Dataset_YOLO_30\runs\detect\train-2\weights\best.pt,46.14,51.3
C:\Users\User\Documents\AI_Robotics Projects\AAU\Summer\Synthetic_Dataset_YOLO_30\runs\detect\train-2\weights\best.pt,43.07,39.5
C:\Users\User\Documents\AI_Robotics Projects\AAU\Summer\Synthetic_Dataset_YOLO_30\runs\detect\train-2\weights\best.pt,58.38,36.0
C:\Users\User\Documents\AI_Robotics Projects\AAU\Summer\Synthetic_Dataset_YOLO_30\runs\detect\train-2\weights\best.pt,50.84,29.4
C:\Users\User\Documents\AI_Robotics Projects\AAU\Summer\Synthetic_Dataset_YOLO_30\runs\detect\train-2\weights\best.pt,42.12,32.9
C:\Users\User\Documents\AI_Robotics Projects\AAU\Summer\Synthetic_Dataset_YOLO_30\runs\detect\train-2\weights\best.pt,33.96,28.7
C:\Users\User\Documents\AI_Robotics Projects\AAU\Summer\Synthetic_Dataset_YOLO_30\runs\detect\train-2\weights\best.pt,37.8,44.2
C:\Users\User\Documents\AI_Robotics Projects\AAU\Summer\Synthetic_Dataset_YOLO_30\runs\detect\train-2\weights\best.pt,41.96,44.9
C:\Users\User\Documents\AI_Robotics Projects\AAU\Summer\Synthetic_Dataset_YOLO_30\runs\detect\train-2\weights\best.pt,39.84,30.6
C:\Users\User\Documents\AI_Robotics Projects\AAU\Summer\Synthetic_Dataset_YOLO_30\runs\detect\train-2\weights\best.pt,53.23,51.7
C:\Users\User\Documents\AI_Robotics Projects\AAU\Summer\Synthetic_Dataset_YOLO_30\runs\detect\train-2\weights\best.pt,41.89,35.5
C:\Users\User\Documents\AI_Robotics Projects\AAU\Summer\Synthetic_Dataset_YOLO_30\runs\detect\train-2\weights\best.pt,39.78,38.1
C:\Users\User\Documents\AI_Robotics Projects\AAU\Summer\Synthetic_Dataset_YOLO_30\runs\detect\train-2\weights\best.pt,43.12,59.5
C:\Users\User\Documents\AI_Robotics Projects\AAU\Summer\Synthetic_Dataset_YOLO_30\runs\detect\train-2\weights\best.pt,40.77,37.7
C:\Users\User\Documents\AI_Robotics Projects\AAU\Summer\Synthetic_Dataset_YOLO_30\runs\detect\train-2\weights\best.pt,36.67,33.6
C:\Users\User\Documents\AI_Robotics Projects\AAU\Summer\Synthetic_Dataset_YOLO_30\runs\detect\train-2\weights\best.pt,42.23,26.6
C:\Users\User\Documents\AI_Robotics Projects\AAU\Summer\Synthetic_Dataset_YOLO_30\runs\detect\train-2\weights\best.pt,38.73,31.9
C:\Users\User\Documents\AI_Robotics Projects\AAU\Summer\Synthetic_Dataset_YOLO_30\runs\detect\train-2\weights\best.pt,38.68,48.2
C:\Users\User\Documents\AI_Robotics Projects\AAU\Summer\Synthetic_Dataset_YOLO_30\runs\detect\train-2\weights\best.pt,39.4,45.0
C:\Users\User\Documents\AI_Robotics Projects\AAU\Summer\Synthetic_Dataset_YOLO_30\runs\detect\train-2\weights\best.pt,51.52,34.3
C:\Users\User\Documents\AI_Robotics Projects\AAU\Summer\Synthetic_Dataset_YOLO_30\runs\detect\train-2\weights\best.pt,37.83,28.1
C:\Users\User\Documents\AI_Robotics Projects\AAU\Summer\Synthetic_Dataset_YOLO_30\runs\detect\train-2\weights\best.pt,44.67,30.2
C:\Users\User\Documents\AI_Robotics Projects\AAU\Summer\Synthetic_Dataset_YOLO_30\runs\detect\train-2\weights\best.pt,36.79,29.8
C:\Users\User\Documents\AI_Robotics Projects\AAU\Summer\Synthetic_Dataset_YOLO_30\runs\detect\train-2\weights\best.pt,40.37,40.9
C:\Users\User\Documents\AI_Robotics Projects\AAU\Summer\Synthetic_Dataset_YOLO_30\runs\detect\train-2\weights\best.pt,41.52,29.2
C:\Users\User\Documents\AI_Robotics Projects\AAU\Summer\Synthetic_Dataset_YOLO_30\runs\detect\train-2\weights\best.pt,38.22,29.9
C:\Users\User\Documents\AI_Robotics Projects\AAU\Summer\Synthetic_Dataset_YOLO_30\runs\detect\train-2\weights\best.pt,37.06,26.7
C:\Users\User\Documents\AI_Robotics Projects\AAU\Summer\Synthetic_Dataset_YOLO_30\runs\detect\train-2\weights\best.pt,42.53,49.6
C:\Users\User\Documents\AI_Robotics Projects\AAU\Summer\Synthetic_Dataset_YOLO_30\runs\detect\train-2\weights\best.pt,41.71,36.4
C:\Users\User\Documents\AI_Robotics Projects\AAU\Summer\Synthetic_Dataset_YOLO_30\runs\detect\train-2\weights\best.pt,48.63,29.6
C:\Users\User\Documents\AI_Robotics Projects\AAU\Summer\Synthetic_Dataset_YOLO_30\runs\detect\train-2\weights\best.pt,41.46,64.5
C:\Users\User\Documents\AI_Robotics Projects\AAU\Summer\Synthetic_Dataset_YOLO_30\runs\detect\train-2\weights\best.pt,40.21,52.9
C:\Users\User\Documents\AI_Robotics Projects\AAU\Summer\Synthetic_Dataset_YOLO_30\runs\detect\train-2\weights\best.pt,40.48,30.0
C:\Users\User\Documents\AI_Robotics Projects\AAU\Summer\Synthetic_Dataset_YOLO_30\runs\detect\train-2\weights\best.pt,42.11,28.6
C:\Users\User\Documents\AI_Robotics Projects\AAU\Summer\Synthetic_Dataset_YOLO_30\runs\detect\train-2\weights\best.pt,49.13,34.4
C:\Users\User\Documents\AI_Robotics Projects\AAU\Summer\Synthetic_Dataset_YOLO_30\runs\detect\train-2\weights\best.pt,36.09,42.2
C:\Users\User\Documents\AI_Robotics Projects\AAU\Summer\Synthetic_Dataset_YOLO_30\runs\detect\train-2\weights\best.pt,41.09,53.1
C:\Users\User\Documents\AI_Robotics Projects\AAU\Summer\Synthetic_Dataset_YOLO_30\runs\detect\train-2\weights\best.pt,39.95,29.9
C:\Users\User\Documents\AI_Robotics Projects\AAU\Summer\Synthetic_Dataset_YOLO_30\runs\detect\train-2\weights\best.pt,46.1,46.0
C:\Users\User\Documents\AI_Robotics Projects\AAU\Summer\Synthetic_Dataset_YOLO_30\runs\detect\train-2\weights\best.pt,41.43,38.3
C:\Users\User\Documents\AI_Robotics Projects\AAU\Summer\Synthetic_Dataset_YOLO_30\runs\detect\train-2\weights\best.pt,39.5,31.1
C:\Users\User\Documents\AI_Robotics Projects\AAU\Summer\Synthetic_Dataset_YOLO_30\runs\detect\train-2\weights\best.pt,42.11,52.7
C:\Users\User\Documents\AI_Robotics Projects\AAU\Summer\Synthetic_Dataset_YOLO_30\runs\detect\train-2\weights\best.pt,38.15,34.0
C:\Users\User\Documents\AI_Robotics Projects\AAU\Summer\Synthetic_Dataset_YOLO_30\runs\detect\train-2\weights\best.pt,44.9,47.1
C:\Users\User\Documents\AI_Robotics Projects\AAU\Summer\Synthetic_Dataset_YOLO_30\runs\detect\train-2\weights\best.pt,41.31,41.1
C:\Users\User\Documents\AI_Robotics Projects\AAU\Summer\Synthetic_Dataset_YOLO_30\runs\detect\train-2\weights\best.pt,59.41,28.0
C:\Users\User\Documents\AI_Robotics Projects\AAU\Summer\Synthetic_Dataset_YOLO_30\runs\detect\train-2\weights\best.pt,47.53,41.2
C:\Users\User\Documents\AI_Robotics Projects\AAU\Summer\Synthetic_Dataset_YOLO_30\runs\detect\train-2\weights\best.pt,43.86,36.9
C:\Users\User\Documents\AI_Robotics Projects\AAU\Summer\Synthetic_Dataset_YOLO_30\runs\detect\train-2\weights\best.pt,45.44,32.1
C:\Users\User\Documents\AI_Robotics Projects\AAU\Summer\Synthetic_Dataset_YOLO_30\runs\detect\train-2\weights\best.pt,43.34,38.3
C:\Users\User\Documents\AI_Robotics Projects\AAU\Summer\Synthetic_Dataset_YOLO_30\runs\detect\train-2\weights\best.pt,42.31,46.3
C:\Users\User\Documents\AI_Robotics Projects\AAU\Summer\Synthetic_Dataset_YOLO_30\runs\detect\train-2\weights\best.pt,43.67,31.0
C:\Users\User\Documents\AI_Robotics Projects\AAU\Summer\Synthetic_Dataset_YOLO_30\runs\detect\train-2\weights\best.pt,37.75,31.4
C:\Users\User\Documents\AI_Robotics Projects\AAU\Summer\Synthetic_Dataset_YOLO_30\runs\detect\train-2\weights\best.pt,36.47,29.8
C:\Users\User\Documents\AI_Robotics Projects\AAU\Summer\Synthetic_Dataset_YOLO_30\runs\detect\train-2\weights\best.pt,50.01,37.1
C:\Users\User\Documents\AI_Robotics Projects\AAU\Summer\Synthetic_Dataset_YOLO_30\runs\detect\train-2\weights\best.pt,43.89,105.6
C:\Users\User\Documents\AI_Robotics Projects\AAU\Summer\Synthetic_Dataset_YOLO_30\runs\detect\train-2\weights\best.pt,52.21,32.6
C:\Users\User\Documents\AI_Robotics Projects\AAU\Summer\Synthetic_Dataset_YOLO_30\runs\detect\train-2\weights\best.pt,37.74,42.6
C:\Users\User\Documents\AI_Robotics Projects\AAU\Summer\Synthetic_Dataset_YOLO_30\runs\detect\train-2\weights\best.pt,38.84,40.4
C:\Users\User\Documents\AI_Robotics Projects\AAU\Summer\Synthetic_Dataset_YOLO_30\runs\detect\train-2\weights\best.pt,45.62,30.1
C:\Users\User\Documents\AI_Robotics Projects\AAU\Summer\Synthetic_Dataset_YOLO_30\runs\detect\train-2\weights\best.pt,41.26,36.1
C:\Users\User\Documents\AI_Robotics Projects\AAU\Summer\Synthetic_Dataset_YOLO_30\runs\detect\train-2\weights\best.pt,35.7,29.6
C:\Users\User\Documents\AI_Robotics Projects\AAU\Summer\Synthetic_Dataset_YOLO_30\runs\detect\train-2\weights\best.pt,41.77,43.0
C:\Users\User\Documents\AI_Robotics Projects\AAU\Summer\Synthetic_Dataset_YOLO_30\runs\detect\train-2\weights\best.pt,44.05,37.4
C:\Users\User\Documents\AI_Robotics Projects\AAU\Summer\Synthetic_Dataset_YOLO_30\runs\detect\train-2\weights\best.pt,41.76,51.4
C:\Users\User\Documents\AI_Robotics Projects\AAU\Summer\Synthetic_Dataset_YOLO_30\runs\detect\train-2\weights\best.pt,44.46,28.7
C:\Users\User\Documents\AI_Robotics Projects\AAU\Summer\Synthetic_Dataset_YOLO_30\runs\detect\train-2\weights\best.pt,43.96,30.4
C:\Users\User\Documents\AI_Robotics Projects\AAU\Summer\Synthetic_Dataset_YOLO_30\runs\detect\train-2\weights\best.pt,39.89,66.9
C:\Users\User\Documents\AI_Robotics Projects\AAU\Summer\Synthetic_Dataset_YOLO_30\runs\detect\train-2\weights\best.pt,46.6,35.0
C:\Users\User\Documents\AI_Robotics Projects\AAU\Summer\Synthetic_Dataset_YOLO_30\runs\detect\train-2\weights\best.pt,40.99,41.2
C:\Users\User\Documents\AI_Robotics Projects\AAU\Summer\Synthetic_Dataset_YOLO_30\runs\detect\train-2\weights\best.pt,40.39,30.1
C:\Users\User\Documents\AI_Robotics Projects\AAU\Summer\Synthetic_Dataset_YOLO_30\runs\detect\train-2\weights\best.pt,42.53,32.5
C:\Users\User\Documents\AI_Robotics Projects\AAU\Summer\Synthetic_Dataset_YOLO_30\runs\detect\train-2\weights\best.pt,41.79,30.2
C:\Users\User\Documents\AI_Robotics Projects\AAU\Summer\Synthetic_Dataset_YOLO_30\runs\detect\train-2\weights\best.pt,38.66,32.2
C:\Users\User\Documents\AI_Robotics Projects\AAU\Summer\Synthetic_Dataset_YOLO_30\runs\detect\train-2\weights\best.pt,54.25,43.7
C:\Users\User\Documents\AI_Robotics Projects\AAU\Summer\Synthetic_Dataset_YOLO_30\runs\detect\train-2\weights\best.pt,45.43,23.1
C:\Users\User\Documents\AI_Robotics Projects\AAU\Summer\Synthetic_Dataset_YOLO_30\runs\detect\train-2\weights\best.pt,38.9,38.2
C:\Users\User\Documents\AI_Robotics Projects\AAU\Summer\Synthetic_Dataset_YOLO_30\runs\detect\train-2\weights\best.pt,41.84,43.0
C:\Users\User\Documents\AI_Robotics Projects\AAU\Summer\Synthetic_Dataset_YOLO_30\runs\detect\train-2\weights\best.pt,46.93,30.1
C:\Users\User\Documents\AI_Robotics Projects\AAU\Summer\Synthetic_Dataset_YOLO_30\runs\detect\train-2\weights\best.pt,46.43,47.4
C:\Users\User\Documents\AI_Robotics Projects\AAU\Summer\Synthetic_Dataset_YOLO_30\runs\detect\train-2\weights\best.pt,42.93,35.7
C:\Users\User\Documents\AI_Robotics Projects\AAU\Summer\Synthetic_Dataset_YOLO_30\runs\detect\train-2\weights\best.pt,36.75,34.6
C:\Users\User\Documents\AI_Robotics Projects\AAU\Summer\Synthetic_Dataset_YOLO_30\runs\detect\train-2\weights\best.pt,41.47,46.6
C:\Users\User\Documents\AI_Robotics Projects\AAU\Summer\Synthetic_Dataset_YOLO_30\runs\detect\train-2\weights\best.pt,44.42,31.4
C:\Users\User\Documents\AI_Robotics Projects\AAU\Summer\Synthetic_Dataset_YOLO_30\runs\detect\train-2\weights\best.pt,43.37,47.0
C:\Users\User\Documents\AI_Robotics Projects\AAU\Summer\Synthetic_Dataset_YOLO_30\runs\detect\train-2\weights\best.pt,45.82,31.2
C:\Users\User\Documents\AI_Robotics Projects\AAU\Summer\Synthetic_Dataset_YOLO_30\runs\detect\train-2\weights\best.pt,40.51,38.0
C:\Users\User\Documents\AI_Robotics Projects\AAU\Summer\Synthetic_Dataset_YOLO_30\runs\detect\train-2\weights\best.pt,36.51,30.0
C:\Users\User\Documents\AI_Robotics Projects\AAU\Summer\Synthetic_Dataset_YOLO_30\runs\detect\train-2\weights\best.pt,46.5,48.0
C:\Users\User\Documents\AI_Robotics Projects\AAU\Summer\Synthetic_Dataset_YOLO_30\runs\detect\train-2\weights\best.pt,44.9,43.4
C:\Users\User\Documents\AI_Robotics Projects\AAU\Summer\Synthetic_Dataset_YOLO_30\runs\detect\train-2\weights\best.pt,43.49,44.9
C:\Users\User\Documents\AI_Robotics Projects\AAU\Summer\Synthetic_Dataset_YOLO_30\runs\detect\train-2\weights\best.pt,43.53,48.0
C:\Users\User\Documents\AI_Robotics Projects\AAU\Summer\Synthetic_Dataset_YOLO_30\runs\detect\train-2\weights\best.pt,40.16,33.9
C:\Users\User\Documents\AI_Robotics Projects\AAU\Summer\Synthetic_Dataset_YOLO_30\runs\detect\train-2\weights\best.pt,40.02,29.5
C:\Users\User\Documents\AI_Robotics Projects\AAU\Summer\Synthetic_Dataset_YOLO_30\runs\detect\train-2\weights\best.pt,50.95,28.0
C:\Users\User\Documents\AI_Robotics Projects\AAU\Summer\Synthetic_Dataset_YOLO_30\runs\detect\train-2\weights\best.pt,39.01,29.4
C:\Users\User\Documents\AI_Robotics Projects\AAU\Summer\Synthetic_Dataset_YOLO_30\runs\detect\train-2\weights\best.pt,42.84,27.2
C:\Users\User\Documents\AI_Robotics Projects\AAU\Summer\Synthetic_Dataset_YOLO_30\runs\detect\train-2\weights\best.pt,51.44,35.4
C:\Users\User\Documents\AI_Robotics Projects\AAU\Summer\Synthetic_Dataset_YOLO_30\runs\detect\train-2\weights\best.pt,49.02,28.4
C:\Users\User\Documents\AI_Robotics Projects\AAU\Summer\Synthetic_Dataset_YOLO_30\runs\detect\train-2\weights\best.pt,49.62,42.9
C:\Users\User\Documents\AI_Robotics Projects\AAU\Summer\Synthetic_Dataset_YOLO_30\runs\detect\train-2\weights\best.pt,42.73,48.6
C:\Users\User\Documents\AI_Robotics Projects\AAU\Summer\Synthetic_Dataset_YOLO_30\runs\detect\train-2\weights\best.pt,46.37,31.2
C:\Users\User\Documents\AI_Robotics Projects\AAU\Summer\Synthetic_Dataset_YOLO_30\runs\detect\train-2\weights\best.pt,59.41,40.3
C:\Users\User\Documents\AI_Robotics Projects\AAU\Summer\Synthetic_Dataset_YOLO_30\runs\detect\train-2\weights\best.pt,58.0,39.7
C:\Users\User\Documents\AI_Robotics Projects\AAU\Summer\Synthetic_Dataset_YOLO_30\runs\detect\train-2\weights\best.pt,53.9,39.4
C:\Users\User\Documents\AI_Robotics Projects\AAU\Summer\Synthetic_Dataset_YOLO_10\runs\detect\train\weights\best.pt,71.75,17.5
C:\Users\User\Documents\AI_Robotics Projects\AAU\Summer\Synthetic_Dataset_YOLO_10\runs\detect\train\weights\best.pt,41.06,81.2
C:\Users\User\Documents\AI_Robotics Projects\AAU\Summer\Synthetic_Dataset_YOLO_10\runs\detect\train\weights\best.pt,35.21,44.0
C:\Users\User\Documents\AI_Robotics Projects\AAU\Summer\Synthetic_Dataset_YOLO_10\runs\detect\train\weights\best.pt,34.23,51.6
C:\Users\User\Documents\AI_Robotics Projects\AAU\Summer\Synthetic_Dataset_YOLO_10\runs\detect\train\weights\best.pt,37.07,46.9
C:\Users\User\Documents\AI_Robotics Projects\AAU\Summer\Synthetic_Dataset_YOLO_10\runs\detect\train\weights\best.pt,35.12,90.5
C:\Users\User\Documents\AI_Robotics Projects\AAU\Summer\Synthetic_Dataset_YOLO_10\runs\detect\train\weights\best.pt,38.52,53.2
C:\Users\User\Documents\AI_Robotics Projects\AAU\Summer\Synthetic_Dataset_YOLO_10\runs\detect\train\weights\best.pt,37.62,53.8
C:\Users\User\Documents\AI_Robotics Projects\AAU\Summer\Synthetic_Dataset_YOLO_10\runs\detect\train\weights\best.pt,35.41,55.0
C:\Users\User\Documents\AI_Robotics Projects\AAU\Summer\Synthetic_Dataset_YOLO_10\runs\detect\train\weights\best.pt,34.71,85.4
C:\Users\User\Documents\AI_Robotics Projects\AAU\Summer\Synthetic_Dataset_YOLO_10\runs\detect\train\weights\best.pt,32.75,100.8
C:\Users\User\Documents\AI_Robotics Projects\AAU\Summer\Synthetic_Dataset_YOLO_10\runs\detect\train\weights\best.pt,31.83,46.2
C:\Users\User\Documents\AI_Robotics Projects\AAU\Summer\Synthetic_Dataset_YOLO_10\runs\detect\train\weights\best.pt,32.0,72.5
C:\Users\User\Documents\AI_Robotics Projects\AAU\Summer\Synthetic_Dataset_YOLO_10\runs\detect\train\weights\best.pt,30.72,73.8
C:\Users\User\Documents\AI_Robotics Projects\AAU\Summer\Synthetic_Dataset_YOLO_10\runs\detect\train\weights\best.pt,35.04,37.8
C:\Users\User\Documents\AI_Robotics Projects\AAU\Summer\Synthetic_Dataset_YOLO_10\runs\detect\train\weights\best.pt,32.8,51.4
C:\Users\User\Documents\AI_Robotics Projects\AAU\Summer\Synthetic_Dataset_YOLO_10\runs\detect\train\weights\best.pt,33.62,41.6
C:\Users\User\Documents\AI_Robotics Projects\AAU\Summer\Synthetic_Dataset_YOLO_10\runs\detect\train\weights\best.pt,33.55,41.6
C:\Users\User\Documents\AI_Robotics Projects\AAU\Summer\Synthetic_Dataset_YOLO_10\runs\detect\train\weights\best.pt,40.63,49.9
C:\Users\User\Documents\AI_Robotics Projects\AAU\Summer\Synthetic_Dataset_YOLO_10\runs\detect\train\weights\best.pt,34.27,34.4
C:\Users\User\Documents\AI_Robotics Projects\AAU\Summer\Synthetic_Dataset_YOLO_10\runs\detect\train\weights\best.pt,32.55,31.0
C:\Users\User\Documents\AI_Robotics Projects\AAU\Summer\Synthetic_Dataset_YOLO_10\runs\detect\train\weights\best.pt,33.66,38.6
C:\Users\User\Documents\AI_Robotics Projects\AAU\Summer\Synthetic_Dataset_YOLO_10\runs\detect\train\weights\best.pt,33.11,42.6
C:\Users\User\Documents\AI_Robotics Projects\AAU\Summer\Synthetic_Dataset_YOLO_10\runs\detect\train\weights\best.pt,32.79,40.2
C:\Users\User\Documents\AI_Robotics Projects\AAU\Summer\Synthetic_Dataset_YOLO_10\runs\detect\train\weights\best.pt,34.03,43.6
C:\Users\User\Documents\AI_Robotics Projects\AAU\Summer\Synthetic_Dataset_YOLO_10\runs\detect\train\weights\best.pt,32.57,42.8
C:\Users\User\Documents\AI_Robotics Projects\AAU\Summer\Synthetic_Dataset_YOLO_10\runs\detect\train\weights\best.pt,33.0,43.1
C:\Users\User\Documents\AI_Robotics Projects\AAU\Summer\Synthetic_Dataset_YOLO_10\runs\detect\train\weights\best.pt,33.53,43.8
C:\Users\User\Documents\AI_Robotics Projects\AAU\Summer\Synthetic_Dataset_YOLO_10\runs\detect\train\weights\best.pt,31.98,43.4
C:\Users\User\Documents\AI_Robotics Projects\AAU\Summer\Synthetic_Dataset_YOLO_10\runs\detect\train\weights\best.pt,32.29,43.3
C:\Users\User\Documents\AI_Robotics Projects\AAU\Summer\Synthetic_Dataset_YOLO_10\runs\detect\train\weights\best.pt,31.4,75.8
C:\Users\User\Documents\AI_Robotics Projects\AAU\Summer\Synthetic_Dataset_YOLO_10\runs\detect\train\weights\best.pt,32.6,51.1
C:\Users\User\Documents\AI_Robotics Projects\AAU\Summer\Synthetic_Dataset_YOLO_10\runs\detect\train\weights\best.pt,32.27,75.2
C:\Users\User\Documents\AI_Robotics Projects\AAU\Summer\Synthetic_Dataset_YOLO_10\runs\detect\train\weights\best.pt,33.16,41.9
C:\Users\User\Documents\AI_Robotics Projects\AAU\Summer\Synthetic_Dataset_YOLO_10\runs\detect\train\weights\best.pt,33.34,51.2
C:\Users\User\Documents\AI_Robotics Projects\AAU\Summer\Synthetic_Dataset_YOLO_10\runs\detect\train\weights\best.pt,33.94,42.0
C:\Users\User\Documents\AI_Robotics Projects\AAU\Summer\Synthetic_Dataset_YOLO_10\runs\detect\train\weights\best.pt,33.28,77.5
C:\Users\User\Documents\AI_Robotics Projects\AAU\Summer\Synthetic_Dataset_YOLO_10\runs\detect\train\weights\best.pt,32.5,65.6
C:\Users\User\Documents\AI_Robotics Projects\AAU\Summer\Synthetic_Dataset_YOLO_10\runs\detect\train\weights\best.pt,32.5,76.0
C:\Users\User\Documents\AI_Robotics Projects\AAU\Summer\Synthetic_Dataset_YOLO_10\runs\detect\train\weights\best.pt,30.97,49.0
C:\Users\User\Documents\AI_Robotics Projects\AAU\Summer\Synthetic_Dataset_YOLO_10\runs\detect\train\weights\best.pt,40.2,43.6
C:\Users\User\Documents\AI_Robotics Projects\AAU\Summer\Synthetic_Dataset_YOLO_10\runs\detect\train\weights\best.pt,33.18,46.6
C:\Users\User\Documents\AI_Robotics Projects\AAU\Summer\Synthetic_Dataset_YOLO_10\runs\detect\train\weights\best.pt,32.88,108.5
C:\Users\User\Documents\AI_Robotics Projects\AAU\Summer\Synthetic_Dataset_YOLO_10\runs\detect\train\weights\best.pt,33.25,75.1
C:\Users\User\Documents\AI_Robotics Projects\AAU\Summer\Synthetic_Dataset_YOLO_10\runs\detect\train\weights\best.pt,31.8,86.7
C:\Users\User\Documents\AI_Robotics Projects\AAU\Summer\Synthetic_Dataset_YOLO_10\runs\detect\train\weights\best.pt,34.73,49.8
C:\Users\User\Documents\AI_Robotics Projects\AAU\Summer\Synthetic_Dataset_YOLO_10\runs\detect\train\weights\best.pt,41.94,38.9
C:\Users\User\Documents\AI_Robotics Projects\AAU\Summer\Synthetic_Dataset_YOLO_10\runs\detect\train\weights\best.pt,34.53,46.4
C:\Users\User\Documents\AI_Robotics Projects\AAU\Summer\Synthetic_Dataset_YOLO_10\runs\detect\train\weights\best.pt,32.4,43.7
C:\Users\User\Documents\AI_Robotics Projects\AAU\Summer\Synthetic_Dataset_YOLO_10\runs\detect\train\weights\best.pt,37.22,90.7
C:\Users\User\Documents\AI_Robotics Projects\AAU\Summer\Synthetic_Dataset_YOLO_10\runs\detect\train\weights\best.pt,33.14,56.9
C:\Users\User\Documents\AI_Robotics Projects\AAU\Summer\Synthetic_Dataset_YOLO_10\runs\detect\train\weights\best.pt,32.74,71.7
C:\Users\User\Documents\AI_Robotics Projects\AAU\Summer\Synthetic_Dataset_YOLO_10\runs\detect\train\weights\best.pt,31.54,79.6
C:\Users\User\Documents\AI_Robotics Projects\AAU\Summer\Synthetic_Dataset_YOLO_10\runs\detect\train\weights\best.pt,42.24,77.1
C:\Users\User\Documents\AI_Robotics Projects\AAU\Summer\Synthetic_Dataset_YOLO_10\runs\detect\train\weights\best.pt,35.72,70.1
C:\Users\User\Documents\AI_Robotics Projects\AAU\Summer\Synthetic_Dataset_YOLO_10\runs\detect\train\weights\best.pt,34.04,54.5
C:\Users\User\Documents\AI_Robotics Projects\AAU\Summer\Synthetic_Dataset_YOLO_10\runs\detect\train\weights\best.pt,31.28,47.8
C:\Users\User\Documents\AI_Robotics Projects\AAU\Summer\Synthetic_Dataset_YOLO_10\runs\detect\train\weights\best.pt,34.76,39.4
C:\Users\User\Documents\AI_Robotics Projects\AAU\Summer\Synthetic_Dataset_YOLO_10\runs\detect\train\weights\best.pt,34.54,46.0
C:\Users\User\Documents\AI_Robotics Projects\AAU\Summer\Synthetic_Dataset_YOLO_10\runs\detect\train\weights\best.pt,31.79,35.1
C:\Users\User\Documents\AI_Robotics Projects\AAU\Summer\Synthetic_Dataset_YOLO_10\runs\detect\train\weights\best.pt,36.35,32.6
C:\Users\User\Documents\AI_Robotics Projects\AAU\Summer\Synthetic_Dataset_YOLO_10\runs\detect\train\weights\best.pt,39.67,57.0
C:\Users\User\Documents\AI_Robotics Projects\AAU\Summer\Synthetic_Dataset_YOLO_10\runs\detect\train\weights\best.pt,33.26,42.0
C:\Users\User\Documents\AI_Robotics Projects\AAU\Summer\Synthetic_Dataset_YOLO_10\runs\detect\train\weights\best.pt,32.96,30.5
C:\Users\User\Documents\AI_Robotics Projects\AAU\Summer\Synthetic_Dataset_YOLO_10\runs\detect\train\weights\best.pt,34.23,37.0
C:\Users\User\Documents\AI_Robotics Projects\AAU\Summer\Synthetic_Dataset_YOLO_10\runs\detect\train\weights\best.pt,33.92,42.6
C:\Users\User\Documents\AI_Robotics Projects\AAU\Summer\Synthetic_Dataset_YOLO_10\runs\detect\train\weights\best.pt,32.95,36.3
C:\Users\User\Documents\AI_Robotics Projects\AAU\Summer\Synthetic_Dataset_YOLO_10\runs\detect\train\weights\best.pt,33.14,34.4
C:\Users\User\Documents\AI_Robotics Projects\AAU\Summer\Synthetic_Dataset_YOLO_10\runs\detect\train\weights\best.pt,33.35,42.6
C:\Users\User\Documents\AI_Robotics Projects\AAU\Summer\Synthetic_Dataset_YOLO_10\runs\detect\train\weights\best.pt,32.49,41.7
C:\Users\User\Documents\AI_Robotics Projects\AAU\Summer\Synthetic_Dataset_YOLO_10\runs\detect\train\weights\best.pt,34.86,45.5
C:\Users\User\Documents\AI_Robotics Projects\AAU\Summer\Synthetic_Dataset_YOLO_10\runs\detect\train\weights\best.pt,33.45,35.4
C:\Users\User\Documents\AI_Robotics Projects\AAU\Summer\Synthetic_Dataset_YOLO_10\runs\detect\train\weights\best.pt,34.08,31.5
C:\Users\User\Documents\AI_Robotics Projects\AAU\Summer\Synthetic_Dataset_YOLO_10\runs\detect\train\weights\best.pt,33.95,47.7
C:\Users\User\Documents\AI_Robotics Projects\AAU\Summer\Synthetic_Dataset_YOLO_10\runs\detect\train\weights\best.pt,37.08,44.7
C:\Users\User\Documents\AI_Robotics Projects\AAU\Summer\Synthetic_Dataset_YOLO_10\runs\detect\train\weights\best.pt,33.12,33.1
C:\Users\User\Documents\AI_Robotics Projects\AAU\Summer\Synthetic_Dataset_YOLO_10\runs\detect\train\weights\best.pt,33.87,34.8
C:\Users\User\Documents\AI_Robotics Projects\AAU\Summer\Synthetic_Dataset_YOLO_10\runs\detect\train\weights\best.pt,36.27,42.4
C:\Users\User\Documents\AI_Robotics Projects\AAU\Summer\Synthetic_Dataset_YOLO_10\runs\detect\train\weights\best.pt,34.35,52.5
C:\Users\User\Documents\AI_Robotics Projects\AAU\Summer\Synthetic_Dataset_YOLO_10\runs\detect\train\weights\best.pt,34.34,42.4
C:\Users\User\Documents\AI_Robotics Projects\AAU\Summer\Synthetic_Dataset_YOLO_10\runs\detect\train\weights\best.pt,34.27,43.1
C:\Users\User\Documents\AI_Robotics Projects\AAU\Summer\Synthetic_Dataset_YOLO_10\runs\detect\train\weights\best.pt,36.91,68.2
C:\Users\User\Documents\AI_Robotics Projects\AAU\Summer\Synthetic_Dataset_YOLO_10\runs\detect\train\weights\best.pt,45.25,45.0
C:\Users\User\Documents\AI_Robotics Projects\AAU\Summer\Synthetic_Dataset_YOLO_10\runs\detect\train\weights\best.pt,35.39,86.3
C:\Users\User\Documents\AI_Robotics Projects\AAU\Summer\Synthetic_Dataset_YOLO_10\runs\detect\train\weights\best.pt,33.0,37.4
C:\Users\User\Documents\AI_Robotics Projects\AAU\Summer\Synthetic_Dataset_YOLO_10\runs\detect\train\weights\best.pt,31.48,50.1
C:\Users\User\Documents\AI_Robotics Projects\AAU\Summer\Synthetic_Dataset_YOLO_10\runs\detect\train\weights\best.pt,33.74,104.8
C:\Users\User\Documents\AI_Robotics Projects\AAU\Summer\Synthetic_Dataset_YOLO_10\runs\detect\train\weights\best.pt,32.69,67.9
C:\Users\User\Documents\AI_Robotics Projects\AAU\Summer\Synthetic_Dataset_YOLO_10\runs\detect\train\weights\best.pt,35.03,38.4
C:\Users\User\Documents\AI_Robotics Projects\AAU\Summer\Synthetic_Dataset_YOLO_10\runs\detect\train\weights\best.pt,35.74,45.3
C:\Users\User\Documents\AI_Robotics Projects\AAU\Summer\Synthetic_Dataset_YOLO_10\runs\detect\train\weights\best.pt,34.8,38.1
C:\Users\User\Documents\AI_Robotics Projects\AAU\Summer\Synthetic_Dataset_YOLO_10\runs\detect\train\weights\best.pt,34.99,46.1
C:\Users\User\Documents\AI_Robotics Projects\AAU\Summer\Synthetic_Dataset_YOLO_10\runs\detect\train\weights\best.pt,32.36,46.5
C:\Users\User\Documents\AI_Robotics Projects\AAU\Summer\Synthetic_Dataset_YOLO_10\runs\detect\train\weights\best.pt,34.64,37.2
C:\Users\User\Documents\AI_Robotics Projects\AAU\Summer\Synthetic_Dataset_YOLO_10\runs\detect\train\weights\best.pt,34.27,31.5
C:\Users\User\Documents\AI_Robotics Projects\AAU\Summer\Synthetic_Dataset_YOLO_10\runs\detect\train\weights\best.pt,34.27,45.6
C:\Users\User\Documents\AI_Robotics Projects\AAU\Summer\Synthetic_Dataset_YOLO_10\runs\detect\train\weights\best.pt,33.33,47.8
C:\Users\User\Documents\AI_Robotics Projects\AAU\Summer\Synthetic_Dataset_YOLO_10\runs\detect\train\weights\best.pt,34.49,40.9
C:\Users\User\Documents\AI_Robotics Projects\AAU\Summer\Synthetic_Dataset_YOLO_10\runs\detect\train\weights\best.pt,34.68,46.7
C:\Users\User\Documents\AI_Robotics Projects\AAU\Summer\Synthetic_Dataset_YOLO_10\runs\detect\train\weights\best.pt,37.26,50.2
C:\Users\User\Documents\AI_Robotics Projects\AAU\Summer\Synthetic_Dataset_YOLO_10\runs\detect\train\weights\best.pt,35.27,32.4
C:\Users\User\Documents\AI_Robotics Projects\AAU\Summer\Synthetic_Dataset_YOLO_10\runs\detect\train\weights\best.pt,35.75,30.1
C:\Users\User\Documents\AI_Robotics Projects\AAU\Summer\Synthetic_Dataset_YOLO_10\runs\detect\train\weights\best.pt,42.71,26.9
C:\Users\User\Documents\AI_Robotics Projects\AAU\Summer\Synthetic_Dataset_YOLO_10\runs\detect\train\weights\best.pt,35.76,49.0
C:\Users\User\Documents\AI_Robotics Projects\AAU\Summer\Synthetic_Dataset_YOLO_10\runs\detect\train\weights\best.pt,37.35,41.5
C:\Users\User\Documents\AI_Robotics Projects\AAU\Summer\Synthetic_Dataset_YOLO_10\runs\detect\train\weights\best.pt,33.51,29.8
C:\Users\User\Documents\AI_Robotics Projects\AAU\Summer\Synthetic_Dataset_YOLO_10\runs\detect\train\weights\best.pt,36.13,55.5
C:\Users\User\Documents\AI_Robotics Projects\AAU\Summer\Synthetic_Dataset_YOLO_10\runs\detect\train\weights\best.pt,39.18,86.0
C:\Users\User\Documents\AI_Robotics Projects\AAU\Summer\Synthetic_Dataset_YOLO_10\runs\detect\train\weights\best.pt,38.27,47.6
C:\Users\User\Documents\AI_Robotics Projects\AAU\Summer\Synthetic_Dataset_YOLO_10\runs\detect\train\weights\best.pt,35.71,50.5
C:\Users\User\Documents\AI_Robotics Projects\AAU\Summer\Synthetic_Dataset_YOLO_10\runs\detect\train\weights\best.pt,37.0,37.8
C:\Users\User\Documents\AI_Robotics Projects\AAU\Summer\Synthetic_Dataset_YOLO_10\runs\detect\train\weights\best.pt,33.94,29.2
C:\Users\User\Documents\AI_Robotics Projects\AAU\Summer\Synthetic_Dataset_YOLO_10\runs\detect\train\weights\best.pt,39.84,86.2
C:\Users\User\Documents\AI_Robotics Projects\AAU\Summer\Synthetic_Dataset_YOLO_10\runs\detect\train\weights\best.pt,33.56,41.6
C:\Users\User\Documents\AI_Robotics Projects\AAU\Summer\Synthetic_Dataset_YOLO_10\runs\detect\train\weights\best.pt,34.99,48.3
C:\Users\User\Documents\AI_Robotics Projects\AAU\Summer\Synthetic_Dataset_YOLO_10\runs\detect\train\weights\best.pt,34.45,81.8
C:\Users\User\Documents\AI_Robotics Projects\AAU\Summer\Synthetic_Dataset_YOLO_10\runs\detect\train\weights\best.pt,36.39,49.0
C:\Users\User\Documents\AI_Robotics Projects\AAU\Summer\Synthetic_Dataset_YOLO_10\runs\detect\train\weights\best.pt,35.88,38.4
C:\Users\User\Documents\AI_Robotics Projects\AAU\Summer\Synthetic_Dataset_YOLO_10\runs\detect\train\weights\best.pt,34.47,46.1
C:\Users\User\Documents\AI_Robotics Projects\AAU\Summer\Synthetic_Dataset_YOLO_10\runs\detect\train\weights\best.pt,33.94,29.6
C:\Users\User\Documents\AI_Robotics Projects\AAU\Summer\Synthetic_Dataset_YOLO_10\runs\detect\train\weights\best.pt,34.36,45.2
C:\Users\User\Documents\AI_Robotics Projects\AAU\Summer\Synthetic_Dataset_YOLO_10\runs\detect\train\weights\best.pt,36.0,80.8
C:\Users\User\Documents\AI_Robotics Projects\AAU\Summer\Synthetic_Dataset_YOLO_10\runs\detect\train\weights\best.pt,33.04,30.9
C:\Users\User\Documents\AI_Robotics Projects\AAU\Summer\Synthetic_Dataset_YOLO_10\runs\detect\train\weights\best.pt,40.93,31.9
C:\Users\User\Documents\AI_Robotics Projects\AAU\Summer\Synthetic_Dataset_YOLO_10\runs\detect\train\weights\best.pt,38.28,66.4
C:\Users\User\Documents\AI_Robotics Projects\AAU\Summer\Synthetic_Dataset_YOLO_10\runs\detect\train\weights\best.pt,35.97,29.8
C:\Users\User\Documents\AI_Robotics Projects\AAU\Summer\Synthetic_Dataset_YOLO_10\runs\detect\train\weights\best.pt,34.61,45.5
C:\Users\User\Documents\AI_Robotics Projects\AAU\Summer\Synthetic_Dataset_YOLO_10\runs\detect\train\weights\best.pt,38.1,38.7
C:\Users\User\Documents\AI_Robotics Projects\AAU\Summer\Synthetic_Dataset_YOLO_10\runs\detect\train\weights\best.pt,50.81,79.1
C:\Users\User\Documents\AI_Robotics Projects\AAU\Summer\Synthetic_Dataset_YOLO_10\runs\detect\train\weights\best.pt,40.26,63.8
C:\Users\User\Documents\AI_Robotics Projects\AAU\Summer\Synthetic_Dataset_YOLO_10\runs\detect\train\weights\best.pt,51.26,80.6
C:\Users\User\Documents\AI_Robotics Projects\AAU\Summer\Synthetic_Dataset_YOLO_10\runs\detect\train\weights\best.pt,40.06,60.3
C:\Users\User\Documents\AI_Robotics Projects\AAU\Summer\Synthetic_Dataset_YOLO_10\runs\detect\train\weights\best.pt,41.21,39.5
C:\Users\User\Documents\AI_Robotics Projects\AAU\Summer\Synthetic_Dataset_YOLO_10\runs\detect\train\weights\best.pt,41.29,84.7
C:\Users\User\Documents\AI_Robotics Projects\AAU\Summer\Synthetic_Dataset_YOLO_10\runs\detect\train\weights\best.pt,39.36,41.9
C:\Users\User\Documents\AI_Robotics Projects\AAU\Summer\Synthetic_Dataset_YOLO_10\runs\detect\train\weights\best.pt,40.45,55.3
C:\Users\User\Documents\AI_Robotics Projects\AAU\Summer\Synthetic_Dataset_YOLO_10\runs\detect\train\weights\best.pt,46.43,55.3
C:\Users\User\Documents\AI_Robotics Projects\AAU\Summer\Synthetic_Dataset_YOLO_10\runs\detect\train\weights\best.pt,53.96,47.3
C:\Users\User\Documents\AI_Robotics Projects\AAU\Summer\Synthetic_Dataset_YOLO_10\runs\detect\train\weights\best.pt,51.74,37.5
C:\Users\User\Documents\AI_Robotics Projects\AAU\Summer\Synthetic_Dataset_YOLO_10\runs\detect\train\weights\best.pt,41.71,54.3
C:\Users\User\Documents\AI_Robotics Projects\AAU\Summer\Synthetic_Dataset_YOLO_10\runs\detect\train\weights\best.pt,40.97,41.8
C:\Users\User\Documents\AI_Robotics Projects\AAU\Summer\Synthetic_Dataset_YOLO_10\runs\detect\train\weights\best.pt,53.05,79.6
C:\Users\User\Documents\AI_Robotics Projects\AAU\Summer\Synthetic_Dataset_YOLO_10\runs\detect\train\weights\best.pt,42.13,42.8
C:\Users\User\Documents\AI_Robotics Projects\AAU\Summer\Synthetic_Dataset_YOLO_10\runs\detect\train\weights\best.pt,49.21,36.3
C:\Users\User\Documents\AI_Robotics Projects\AAU\Summer\Synthetic_Dataset_YOLO_10\runs\detect\train\weights\best.pt,44.86,41.1
C:\Users\User\Documents\AI_Robotics Projects\AAU\Summer\Synthetic_Dataset_YOLO_10\runs\detect\train\weights\best.pt,49.04,37.3
C:\Users\User\Documents\AI_Robotics Projects\AAU\Summer\Synthetic_Dataset_YOLO_10\runs\detect\train\weights\best.pt,41.17,45.3
C:\Users\User\Documents\AI_Robotics Projects\AAU\Summer\Synthetic_Dataset_YOLO_10\runs\detect\train\weights\best.pt,50.75,27.8
C:\Users\User\Documents\AI_Robotics Projects\AAU\Summer\Synthetic_Dataset_YOLO_10\runs\detect\train\weights\best.pt,49.38,46.5
C:\Users\User\Documents\AI_Robotics Projects\AAU\Summer\Synthetic_Dataset_YOLO_10\runs\detect\train\weights\best.pt,49.93,46.8
C:\Users\User\Documents\AI_Robotics Projects\AAU\Summer\Synthetic_Dataset_YOLO_10\runs\detect\train\weights\best.pt,44.57,74.6
C:\Users\User\Documents\AI_Robotics Projects\AAU\Summer\Synthetic_Dataset_YOLO_10\runs\detect\train\weights\best.pt,47.52,45.2
C:\Users\User\Documents\AI_Robotics Projects\AAU\Summer\Synthetic_Dataset_YOLO_10\runs\detect\train\weights\best.pt,50.22,74.0
C:\Users\User\Documents\AI_Robotics Projects\AAU\Summer\Synthetic_Dataset_YOLO_10\runs\detect\train\weights\best.pt,44.16,80.2
C:\Users\User\Documents\AI_Robotics Projects\AAU\Summer\Synthetic_Dataset_YOLO_10\runs\detect\train\weights\best.pt,34.47,63.3
C:\Users\User\Documents\AI_Robotics Projects\AAU\Summer\Synthetic_Dataset_YOLO_10\runs\detect\train\weights\best.pt,35.12,41.7
C:\Users\User\Documents\AI_Robotics Projects\AAU\Summer\Synthetic_Dataset_YOLO_10\runs\detect\train\weights\best.pt,32.62,45.0
C:\Users\User\Documents\AI_Robotics Projects\AAU\Summer\Synthetic_Dataset_YOLO_10\runs\detect\train\weights\best.pt,35.44,72.5
C:\Users\User\Documents\AI_Robotics Projects\AAU\Summer\Synthetic_Dataset_YOLO_10\runs\detect\train\weights\best.pt,35.38,47.3
C:\Users\User\Documents\AI_Robotics Projects\AAU\Summer\Synthetic_Dataset_YOLO_10\runs\detect\train\weights\best.pt,38.01,101.9
C:\Users\User\Documents\AI_Robotics Projects\AAU\Summer\Synthetic_Dataset_YOLO_10\runs\detect\train\weights\best.pt,43.12,66.5
C:\Users\User\Documents\AI_Robotics Projects\AAU\Summer\Synthetic_Dataset_YOLO_10\runs\detect\train\weights\best.pt,36.4,44.0
C:\Users\User\Documents\AI_Robotics Projects\AAU\Summer\Synthetic_Dataset_YOLO_10\runs\detect\train\weights\best.pt,39.28,74.0
C:\Users\User\Documents\AI_Robotics Projects\AAU\Summer\Synthetic_Dataset_YOLO_10\runs\detect\train\weights\best.pt,37.72,51.4
C:\Users\User\Documents\AI_Robotics Projects\AAU\Summer\Synthetic_Dataset_YOLO_10\runs\detect\train\weights\best.pt,34.51,49.8
C:\Users\User\Documents\AI_Robotics Projects\AAU\Summer\Synthetic_Dataset_YOLO_10\runs\detect\train\weights\best.pt,36.02,64.3
C:\Users\User\Documents\AI_Robotics Projects\AAU\Summer\Synthetic_Dataset_YOLO_10\runs\detect\train\weights\best.pt,36.23,44.1
C:\Users\User\Documents\AI_Robotics Projects\AAU\Summer\Synthetic_Dataset_YOLO_10\runs\detect\train\weights\best.pt,34.96,53.5
C:\Users\User\Documents\AI_Robotics Projects\AAU\Summer\Synthetic_Dataset_YOLO_10\runs\detect\train\weights\best.pt,35.85,72.5
C:\Users\User\Documents\AI_Robotics Projects\AAU\Summer\Synthetic_Dataset_YOLO_10\runs\detect\train\weights\best.pt,56.51,41.9
C:\Users\User\Documents\AI_Robotics Projects\AAU\Summer\Synthetic_Dataset_YOLO_10\runs\detect\train\weights\best.pt,48.83,50.9
C:\Users\User\Documents\AI_Robotics Projects\AAU\Summer\Synthetic_Dataset_YOLO\runs\detect\train\weights\best.pt,66.37,18.9
C:\Users\User\Documents\AI_Robotics Projects\AAU\Summer\Synthetic_Dataset_YOLO\runs\detect\train\weights\best.pt,41.29,101.8
C:\Users\User\Documents\AI_Robotics Projects\AAU\Summer\Synthetic_Dataset_YOLO\runs\detect\train\weights\best.pt,37.65,47.2
C:\Users\User\Documents\AI_Robotics Projects\AAU\Summer\Synthetic_Dataset_YOLO\runs\detect\train\weights\best.pt,34.2,43.5
C:\Users\User\Documents\AI_Robotics Projects\AAU\Summer\Synthetic_Dataset_YOLO\runs\detect\train\weights\best.pt,34.96,41.8
C:\Users\User\Documents\AI_Robotics Projects\AAU\Summer\Synthetic_Dataset_YOLO\runs\detect\train\weights\best.pt,34.3,34.1
C:\Users\User\Documents\AI_Robotics Projects\AAU\Summer\Synthetic_Dataset_YOLO\runs\detect\train\weights\best.pt,39.64,103.5
C:\Users\User\Documents\AI_Robotics Projects\AAU\Summer\Synthetic_Dataset_YOLO\runs\detect\train\weights\best.pt,37.74,63.2
C:\Users\User\Documents\AI_Robotics Projects\AAU\Summer\Synthetic_Dataset_YOLO\runs\detect\train\weights\best.pt,36.13,38.1
C:\Users\User\Documents\AI_Robotics Projects\AAU\Summer\Synthetic_Dataset_YOLO\runs\detect\train\weights\best.pt,35.53,33.6
C:\Users\User\Documents\AI_Robotics Projects\AAU\Summer\Synthetic_Dataset_YOLO\runs\detect\train\weights\best.pt,33.74,31.0
C:\Users\User\Documents\AI_Robotics Projects\AAU\Summer\Synthetic_Dataset_YOLO\runs\detect\train\weights\best.pt,32.92,40.6
C:\Users\User\Documents\AI_Robotics Projects\AAU\Summer\Synthetic_Dataset_YOLO\runs\detect\train\weights\best.pt,32.23,37.6
C:\Users\User\Documents\AI_Robotics Projects\AAU\Summer\Synthetic_Dataset_YOLO\runs\detect\train\weights\best.pt,32.77,38.6
C:\Users\User\Documents\AI_Robotics Projects\AAU\Summer\Synthetic_Dataset_YOLO\runs\detect\train\weights\best.pt,33.43,45.1
C:\Users\User\Documents\AI_Robotics Projects\AAU\Summer\Synthetic_Dataset_YOLO\runs\detect\train\weights\best.pt,35.37,43.3
C:\Users\User\Documents\AI_Robotics Projects\AAU\Summer\Synthetic_Dataset_YOLO\runs\detect\train\weights\best.pt,35.42,49.4
C:\Users\User\Documents\AI_Robotics Projects\AAU\Summer\Synthetic_Dataset_YOLO\runs\detect\train\weights\best.pt,33.48,32.1
C:\Users\User\Documents\AI_Robotics Projects\AAU\Summer\Synthetic_Dataset_YOLO\runs\detect\train\weights\best.pt,36.2,42.0
C:\Users\User\Documents\AI_Robotics Projects\AAU\Summer\Synthetic_Dataset_YOLO\runs\detect\train\weights\best.pt,41.29,75.3
C:\Users\User\Documents\AI_Robotics Projects\AAU\Summer\Synthetic_Dataset_YOLO\runs\detect\train\weights\best.pt,32.81,45.0
C:\Users\User\Documents\AI_Robotics Projects\AAU\Summer\Synthetic_Dataset_YOLO\runs\detect\train\weights\best.pt,34.72,40.3
C:\Users\User\Documents\AI_Robotics Projects\AAU\Summer\Synthetic_Dataset_YOLO\runs\detect\train\weights\best.pt,31.45,40.7
C:\Users\User\Documents\AI_Robotics Projects\AAU\Summer\Synthetic_Dataset_YOLO\runs\detect\train\weights\best.pt,32.62,38.8
C:\Users\User\Documents\AI_Robotics Projects\AAU\Summer\Synthetic_Dataset_YOLO\runs\detect\train\weights\best.pt,34.48,34.8
C:\Users\User\Documents\AI_Robotics Projects\AAU\Summer\Synthetic_Dataset_YOLO\runs\detect\train\weights\best.pt,34.71,39.5
C:\Users\User\Documents\AI_Robotics Projects\AAU\Summer\Synthetic_Dataset_YOLO\runs\detect\train\weights\best.pt,33.34,50.5
C:\Users\User\Documents\AI_Robotics Projects\AAU\Summer\Synthetic_Dataset_YOLO\runs\detect\train\weights\best.pt,32.53,44.5
C:\Users\User\Documents\AI_Robotics Projects\AAU\Summer\Synthetic_Dataset_YOLO\runs\detect\train\weights\best.pt,32.49,39.1
C:\Users\User\Documents\AI_Robotics Projects\AAU\Summer\Synthetic_Dataset_YOLO\runs\detect\train\weights\best.pt,33.26,38.8
C:\Users\User\Documents\AI_Robotics Projects\AAU\Summer\Synthetic_Dataset_YOLO\runs\detect\train\weights\best.pt,31.91,40.0
C:\Users\User\Documents\AI_Robotics Projects\AAU\Summer\Synthetic_Dataset_YOLO\runs\detect\train\weights\best.pt,34.41,36.2
C:\Users\User\Documents\AI_Robotics Projects\AAU\Summer\Synthetic_Dataset_YOLO\runs\detect\train\weights\best.pt,30.72,48.2
C:\Users\User\Documents\AI_Robotics Projects\AAU\Summer\Synthetic_Dataset_YOLO\runs\detect\train\weights\best.pt,33.75,61.3
C:\Users\User\Documents\AI_Robotics Projects\AAU\Summer\Synthetic_Dataset_YOLO\runs\detect\train\weights\best.pt,33.54,41.1
C:\Users\User\Documents\AI_Robotics Projects\AAU\Summer\Synthetic_Dataset_YOLO\runs\detect\train\weights\best.pt,33.11,40.0
C:\Users\User\Documents\AI_Robotics Projects\AAU\Summer\Synthetic_Dataset_YOLO\runs\detect\train\weights\best.pt,32.59,37.1
C:\Users\User\Documents\AI_Robotics Projects\AAU\Summer\Synthetic_Dataset_YOLO\runs\detect\train\weights\best.pt,34.56,39.7
C:\Users\User\Documents\AI_Robotics Projects\AAU\Summer\Synthetic_Dataset_YOLO\runs\detect\train\weights\best.pt,32.43,41.9
C:\Users\User\Documents\AI_Robotics Projects\AAU\Summer\Synthetic_Dataset_YOLO\runs\detect\train\weights\best.pt,31.33,38.0
C:\Users\User\Documents\AI_Robotics Projects\AAU\Summer\Synthetic_Dataset_YOLO\runs\detect\train\weights\best.pt,33.68,36.6
C:\Users\User\Documents\AI_Robotics Projects\AAU\Summer\Synthetic_Dataset_YOLO\runs\detect\train\weights\best.pt,32.23,43.9
C:\Users\User\Documents\AI_Robotics Projects\AAU\Summer\Synthetic_Dataset_YOLO\runs\detect\train\weights\best.pt,36.3,40.4
C:\Users\User\Documents\AI_Robotics Projects\AAU\Summer\Synthetic_Dataset_YOLO\runs\detect\train\weights\best.pt,39.65,34.9
C:\Users\User\Documents\AI_Robotics Projects\AAU\Summer\Synthetic_Dataset_YOLO\runs\detect\train\weights\best.pt,33.0,31.7
C:\Users\User\Documents\AI_Robotics Projects\AAU\Summer\Synthetic_Dataset_YOLO\runs\detect\train\weights\best.pt,34.27,47.3
C:\Users\User\Documents\AI_Robotics Projects\AAU\Summer\Synthetic_Dataset_YOLO\runs\detect\train\weights\best.pt,32.46,40.1
C:\Users\User\Documents\AI_Robotics Projects\AAU\Summer\Synthetic_Dataset_YOLO\runs\detect\train\weights\best.pt,32.86,37.0
C:\Users\User\Documents\AI_Robotics Projects\AAU\Summer\Synthetic_Dataset_YOLO\runs\detect\train\weights\best.pt,33.92,45.7
C:\Users\User\Documents\AI_Robotics Projects\AAU\Summer\Synthetic_Dataset_YOLO\runs\detect\train\weights\best.pt,36.69,47.7
C:\Users\User\Documents\AI_Robotics Projects\AAU\Summer\Synthetic_Dataset_YOLO\runs\detect\train\weights\best.pt,31.62,46.7
C:\Users\User\Documents\AI_Robotics Projects\AAU\Summer\Synthetic_Dataset_YOLO\runs\detect\train\weights\best.pt,35.15,40.1
C:\Users\User\Documents\AI_Robotics Projects\AAU\Summer\Synthetic_Dataset_YOLO\runs\detect\train\weights\best.pt,32.41,35.8
C:\Users\User\Documents\AI_Robotics Projects\AAU\Summer\Synthetic_Dataset_YOLO\runs\detect\train\weights\best.pt,33.98,37.3
C:\Users\User\Documents\AI_Robotics Projects\AAU\Summer\Synthetic_Dataset_YOLO\runs\detect\train\weights\best.pt,33.33,44.0
C:\Users\User\Documents\AI_Robotics Projects\AAU\Summer\Synthetic_Dataset_YOLO\runs\detect\train\weights\best.pt,33.44,44.1
C:\Users\User\Documents\AI_Robotics Projects\AAU\Summer\Synthetic_Dataset_YOLO\runs\detect\train\weights\best.pt,33.97,38.3
C:\Users\User\Documents\AI_Robotics Projects\AAU\Summer\Synthetic_Dataset_YOLO\runs\detect\train\weights\best.pt,33.44,34.6
C:\Users\User\Documents\AI_Robotics Projects\AAU\Summer\Synthetic_Dataset_YOLO\runs\detect\train\weights\best.pt,32.16,41.4
C:\Users\User\Documents\AI_Robotics Projects\AAU\Summer\Synthetic_Dataset_YOLO\runs\detect\train\weights\best.pt,34.0,34.3
C:\Users\User\Documents\AI_Robotics Projects\AAU\Summer\Synthetic_Dataset_YOLO\runs\detect\train\weights\best.pt,33.45,40.2
C:\Users\User\Documents\AI_Robotics Projects\AAU\Summer\Synthetic_Dataset_YOLO\runs\detect\train\weights\best.pt,33.65,49.2
C:\Users\User\Documents\AI_Robotics Projects\AAU\Summer\Synthetic_Dataset_YOLO\runs\detect\train\weights\best.pt,35.63,38.3
C:\Users\User\Documents\AI_Robotics Projects\AAU\Summer\Synthetic_Dataset_YOLO\runs\detect\train\weights\best.pt,33.64,45.1
C:\Users\User\Documents\AI_Robotics Projects\AAU\Summer\Synthetic_Dataset_YOLO\runs\detect\train\weights\best.pt,31.53,44.2
C:\Users\User\Documents\AI_Robotics Projects\AAU\Summer\Synthetic_Dataset_YOLO\runs\detect\train\weights\best.pt,32.18,37.8
C:\Users\User\Documents\AI_Robotics Projects\AAU\Summer\Synthetic_Dataset_YOLO\runs\detect\train\weights\best.pt,44.11,30.2
C:\Users\User\Documents\AI_Robotics Projects\AAU\Summer\Synthetic_Dataset_YOLO\runs\detect\train\weights\best.pt,34.23,65.3
C:\Users\User\Documents\AI_Robotics Projects\AAU\Summer\Synthetic_Dataset_YOLO\runs\detect\train\weights\best.pt,33.98,55.8
C:\Users\User\Documents\AI_Robotics Projects\AAU\Summer\Synthetic_Dataset_YOLO\runs\detect\train\weights\best.pt,32.7,40.4
C:\Users\User\Documents\AI_Robotics Projects\AAU\Summer\Synthetic_Dataset_YOLO\runs\detect\train\weights\best.pt,31.49,40.1
C:\Users\User\Documents\AI_Robotics Projects\AAU\Summer\Synthetic_Dataset_YOLO\runs\detect\train\weights\best.pt,33.92,39.4
C:\Users\User\Documents\AI_Robotics Projects\AAU\Summer\Synthetic_Dataset_YOLO\runs\detect\train\weights\best.pt,33.4,35.9
C:\Users\User\Documents\AI_Robotics Projects\AAU\Summer\Synthetic_Dataset_YOLO\runs\detect\train\weights\best.pt,33.91,36.0
C:\Users\User\Documents\AI_Robotics Projects\AAU\Summer\Synthetic_Dataset_YOLO\runs\detect\train\weights\best.pt,31.13,46.1
C:\Users\User\Documents\AI_Robotics Projects\AAU\Summer\Synthetic_Dataset_YOLO\runs\detect\train\weights\best.pt,33.04,35.1
C:\Users\User\Documents\AI_Robotics Projects\AAU\Summer\Synthetic_Dataset_YOLO\runs\detect\train\weights\best.pt,33.37,42.4
C:\Users\User\Documents\AI_Robotics Projects\AAU\Summer\Synthetic_Dataset_YOLO\runs\detect\train\weights\best.pt,33.1,121.2
C:\Users\User\Documents\AI_Robotics Projects\AAU\Summer\Synthetic_Dataset_YOLO\runs\detect\train\weights\best.pt,33.63,45.1
C:\Users\User\Documents\AI_Robotics Projects\AAU\Summer\Synthetic_Dataset_YOLO\runs\detect\train\weights\best.pt,33.31,40.0
C:\Users\User\Documents\AI_Robotics Projects\AAU\Summer\Synthetic_Dataset_YOLO\runs\detect\train\weights\best.pt,33.11,42.4
C:\Users\User\Documents\AI_Robotics Projects\AAU\Summer\Synthetic_Dataset_YOLO\runs\detect\train\weights\best.pt,35.24,36.3
C:\Users\User\Documents\AI_Robotics Projects\AAU\Summer\Synthetic_Dataset_YOLO\runs\detect\train\weights\best.pt,32.86,41.7
C:\Users\User\Documents\AI_Robotics Projects\AAU\Summer\Synthetic_Dataset_YOLO\runs\detect\train\weights\best.pt,35.52,33.6
C:\Users\User\Documents\AI_Robotics Projects\AAU\Summer\Synthetic_Dataset_YOLO\runs\detect\train\weights\best.pt,34.6,44.2
C:\Users\User\Documents\AI_Robotics Projects\AAU\Summer\Synthetic_Dataset_YOLO\runs\detect\train\weights\best.pt,33.04,39.5
C:\Users\User\Documents\AI_Robotics Projects\AAU\Summer\Synthetic_Dataset_YOLO\runs\detect\train\weights\best.pt,35.57,46.8
C:\Users\User\Documents\AI_Robotics Projects\AAU\Summer\Synthetic_Dataset_YOLO\runs\detect\train\weights\best.pt,33.82,38.1
C:\Users\User\Documents\AI_Robotics Projects\AAU\Summer\Synthetic_Dataset_YOLO\runs\detect\train\weights\best.pt,33.22,27.6
C:\Users\User\Documents\AI_Robotics Projects\AAU\Summer\Synthetic_Dataset_YOLO\runs\detect\train\weights\best.pt,32.35,49.8
C:\Users\User\Documents\AI_Robotics Projects\AAU\Summer\Synthetic_Dataset_YOLO\runs\detect\train\weights\best.pt,32.94,48.7
C:\Users\User\Documents\AI_Robotics Projects\AAU\Summer\Synthetic_Dataset_YOLO\runs\detect\train\weights\best.pt,34.39,34.4
C:\Users\User\Documents\AI_Robotics Projects\AAU\Summer\Synthetic_Dataset_YOLO\runs\detect\train\weights\best.pt,32.64,45.4
C:\Users\User\Documents\AI_Robotics Projects\AAU\Summer\Synthetic_Dataset_YOLO\runs\detect\train\weights\best.pt,34.1,34.0
C:\Users\User\Documents\AI_Robotics Projects\AAU\Summer\Synthetic_Dataset_YOLO\runs\detect\train\weights\best.pt,34.22,45.9
C:\Users\User\Documents\AI_Robotics Projects\AAU\Summer\Synthetic_Dataset_YOLO\runs\detect\train\weights\best.pt,34.2,45.1
C:\Users\User\Documents\AI_Robotics Projects\AAU\Summer\Synthetic_Dataset_YOLO\runs\detect\train\weights\best.pt,34.47,43.5
C:\Users\User\Documents\AI_Robotics Projects\AAU\Summer\Synthetic_Dataset_YOLO\runs\detect\train\weights\best.pt,35.07,46.0
C:\Users\User\Documents\AI_Robotics Projects\AAU\Summer\Synthetic_Dataset_YOLO\runs\detect\train\weights\best.pt,31.56,47.7
C:\Users\User\Documents\AI_Robotics Projects\AAU\Summer\Synthetic_Dataset_YOLO\runs\detect\train\weights\best.pt,36.72,38.4
C:\Users\User\Documents\AI_Robotics Projects\AAU\Summer\Synthetic_Dataset_YOLO\runs\detect\train\weights\best.pt,34.25,49.5
C:\Users\User\Documents\AI_Robotics Projects\AAU\Summer\Synthetic_Dataset_YOLO\runs\detect\train\weights\best.pt,34.57,47.2
C:\Users\User\Documents\AI_Robotics Projects\AAU\Summer\Synthetic_Dataset_YOLO\runs\detect\train\weights\best.pt,35.36,56.5
C:\Users\User\Documents\AI_Robotics Projects\AAU\Summer\Synthetic_Dataset_YOLO\runs\detect\train\weights\best.pt,35.82,49.7
C:\Users\User\Documents\AI_Robotics Projects\AAU\Summer\Synthetic_Dataset_YOLO\runs\detect\train\weights\best.pt,34.88,48.1
C:\Users\User\Documents\AI_Robotics Projects\AAU\Summer\Synthetic_Dataset_YOLO\runs\detect\train\weights\best.pt,35.21,44.3
C:\Users\User\Documents\AI_Robotics Projects\AAU\Summer\Synthetic_Dataset_YOLO\runs\detect\train\weights\best.pt,33.45,43.2
C:\Users\User\Documents\AI_Robotics Projects\AAU\Summer\Synthetic_Dataset_YOLO\runs\detect\train\weights\best.pt,33.01,42.2
C:\Users\User\Documents\AI_Robotics Projects\AAU\Summer\Synthetic_Dataset_YOLO\runs\detect\train\weights\best.pt,34.29,41.5
C:\Users\User\Documents\AI_Robotics Projects\AAU\Summer\Synthetic_Dataset_YOLO\runs\detect\train\weights\best.pt,35.31,55.6
C:\Users\User\Documents\AI_Robotics Projects\AAU\Summer\Synthetic_Dataset_YOLO\runs\detect\train\weights\best.pt,58.29,30.8
C:\Users\User\Documents\AI_Robotics Projects\AAU\Summer\Synthetic_Dataset_YOLO\runs\detect\train\weights\best.pt,54.78,46.2
C:\Users\User\Documents\AI_Robotics Projects\AAU\Summer\Synthetic_Dataset_YOLO\runs\detect\train\weights\best.pt,35.0,54.5
C:\Users\User\Documents\AI_Robotics Projects\AAU\Summer\Synthetic_Dataset_YOLO\runs\detect\train\weights\best.pt,37.05,90.3
C:\Users\User\Documents\AI_Robotics Projects\AAU\Summer\Synthetic_Dataset_YOLO\runs\detect\train\weights\best.pt,34.98,107.6
C:\Users\User\Documents\AI_Robotics Projects\AAU\Summer\Synthetic_Dataset_YOLO\runs\detect\train\weights\best.pt,36.01,52.3
C:\Users\User\Documents\AI_Robotics Projects\AAU\Summer\Synthetic_Dataset_YOLO\runs\detect\train\weights\best.pt,35.81,48.9
C:\Users\User\Documents\AI_Robotics Projects\AAU\Summer\Synthetic_Dataset_YOLO\runs\detect\train\weights\best.pt,36.63,63.9
C:\Users\User\Documents\AI_Robotics Projects\AAU\Summer\Synthetic_Dataset_YOLO\runs\detect\train\weights\best.pt,37.71,41.1
C:\Users\User\Documents\AI_Robotics Projects\AAU\Summer\Synthetic_Dataset_YOLO\runs\detect\train\weights\best.pt,38.78,49.4
C:\Users\User\Documents\AI_Robotics Projects\AAU\Summer\Synthetic_Dataset_YOLO\runs\detect\train\weights\best.pt,32.36,53.9
C:\Users\User\Documents\AI_Robotics Projects\AAU\Summer\Synthetic_Dataset_YOLO\runs\detect\train\weights\best.pt,34.38,49.6
C:\Users\User\Documents\AI_Robotics Projects\AAU\Summer\Synthetic_Dataset_YOLO\runs\detect\train\weights\best.pt,36.13,40.6
C:\Users\User\Documents\AI_Robotics Projects\AAU\Summer\Synthetic_Dataset_YOLO\runs\detect\train\weights\best.pt,33.82,66.9
C:\Users\User\Documents\AI_Robotics Projects\AAU\Summer\Synthetic_Dataset_YOLO\runs\detect\train\weights\best.pt,34.77,39.9
C:\Users\User\Documents\AI_Robotics Projects\AAU\Summer\Synthetic_Dataset_YOLO\runs\detect\train\weights\best.pt,32.97,46.3
C:\Users\User\Documents\AI_Robotics Projects\AAU\Summer\Synthetic_Dataset_YOLO\runs\detect\train\weights\best.pt,35.25,43.7
C:\Users\User\Documents\AI_Robotics Projects\AAU\Summer\Synthetic_Dataset_YOLO\runs\detect\train\weights\best.pt,34.0,42.3
C:\Users\User\Documents\AI_Robotics Projects\AAU\Summer\Synthetic_Dataset_YOLO\runs\detect\train\weights\best.pt,35.83,102.2
C:\Users\User\Documents\AI_Robotics Projects\AAU\Summer\Synthetic_Dataset_YOLO\runs\detect\train\weights\best.pt,35.19,69.3
C:\Users\User\Documents\AI_Robotics Projects\AAU\Summer\Synthetic_Dataset_YOLO\runs\detect\train\weights\best.pt,42.15,49.4
C:\Users\User\Documents\AI_Robotics Projects\AAU\Summer\Synthetic_Dataset_YOLO\runs\detect\train\weights\best.pt,41.18,80.2
C:\Users\User\Documents\AI_Robotics Projects\AAU\Summer\Synthetic_Dataset_YOLO\runs\detect\train\weights\best.pt,33.44,42.9
C:\Users\User\Documents\AI_Robotics Projects\AAU\Summer\Synthetic_Dataset_YOLO\runs\detect\train\weights\best.pt,34.12,30.0
C:\Users\User\Documents\AI_Robotics Projects\AAU\Summer\Synthetic_Dataset_YOLO\runs\detect\train\weights\best.pt,37.71,33.0
C:\Users\User\Documents\AI_Robotics Projects\AAU\Summer\Synthetic_Dataset_YOLO\runs\detect\train\weights\best.pt,38.13,59.8
C:\Users\User\Documents\AI_Robotics Projects\AAU\Summer\Synthetic_Dataset_YOLO\runs\detect\train\weights\best.pt,35.39,57.3
C:\Users\User\Documents\AI_Robotics Projects\AAU\Summer\Synthetic_Dataset_YOLO\runs\detect\train\weights\best.pt,36.42,49.0
C:\Users\User\Documents\AI_Robotics Projects\AAU\Summer\Synthetic_Dataset_YOLO\runs\detect\train\weights\best.pt,35.26,30.3
C:\Users\User\Documents\AI_Robotics Projects\AAU\Summer\Synthetic_Dataset_YOLO\runs\detect\train\weights\best.pt,35.82,33.9
C:\Users\User\Documents\AI_Robotics Projects\AAU\Summer\Synthetic_Dataset_YOLO\runs\detect\train\weights\best.pt,33.09,48.6
C:\Users\User\Documents\AI_Robotics Projects\AAU\Summer\Synthetic_Dataset_YOLO\runs\detect\train\weights\best.pt,36.06,38.4
C:\Users\User\Documents\AI_Robotics Projects\AAU\Summer\Synthetic_Dataset_YOLO\runs\detect\train\weights\best.pt,34.79,46.6
C:\Users\User\Documents\AI_Robotics Projects\AAU\Summer\Synthetic_Dataset_YOLO\runs\detect\train\weights\best.pt,33.92,34.2
C:\Users\User\Documents\AI_Robotics Projects\AAU\Summer\Synthetic_Dataset_YOLO\runs\detect\train\weights\best.pt,34.62,39.1
C:\Users\User\Documents\AI_Robotics Projects\AAU\Summer\Synthetic_Dataset_YOLO\runs\detect\train\weights\best.pt,35.05,46.0
C:\Users\User\Documents\AI_Robotics Projects\AAU\Summer\Synthetic_Dataset_YOLO\runs\detect\train\weights\best.pt,35.1,112.4
C:\Users\User\Documents\AI_Robotics Projects\AAU\Summer\Synthetic_Dataset_YOLO\runs\detect\train\weights\best.pt,35.71,44.8
C:\Users\User\Documents\AI_Robotics Projects\AAU\Summer\Synthetic_Dataset_YOLO\runs\detect\train\weights\best.pt,35.15,40.8
C:\Users\User\Documents\AI_Robotics Projects\AAU\Summer\Synthetic_Dataset_YOLO\runs\detect\train\weights\best.pt,35.56,54.7
C:\Users\User\Documents\AI_Robotics Projects\AAU\Summer\Synthetic_Dataset_YOLO\runs\detect\train\weights\best.pt,44.41,26.6
C:\Users\User\Documents\AI_Robotics Projects\AAU\Summer\Synthetic_Dataset_YOLO\runs\detect\train\weights\best.pt,35.05,54.5
C:\Users\User\Documents\AI_Robotics Projects\AAU\Summer\Synthetic_Dataset_YOLO\runs\detect\train\weights\best.pt,35.82,42.7
C:\Users\User\Documents\AI_Robotics Projects\AAU\Summer\Synthetic_Dataset_YOLO\runs\detect\train\weights\best.pt,35.13,50.5
C:\Users\User\Documents\AI_Robotics Projects\AAU\Summer\Synthetic_Dataset_YOLO\runs\detect\train\weights\best.pt,36.36,49.7
C:\Users\User\Documents\AI_Robotics Projects\AAU\Summer\Synthetic_Dataset_YOLO\runs\detect\train\weights\best.pt,35.21,39.8
C:\Users\User\Documents\AI_Robotics Projects\AAU\Summer\Synthetic_Dataset_YOLO\runs\detect\train\weights\best.pt,38.12,46.3
C:\Users\User\Documents\AI_Robotics Projects\AAU\Summer\Synthetic_Dataset_YOLO\runs\detect\train\weights\best.pt,37.63,29.6
C:\Users\User\Documents\AI_Robotics Projects\AAU\Summer\Synthetic_Dataset_YOLO\runs\detect\train\weights\best.pt,35.95,51.3
C:\Users\User\Documents\AI_Robotics Projects\AAU\Summer\Synthetic_Dataset_YOLO\runs\detect\train\weights\best.pt,34.83,36.0
C:\Users\User\Documents\AI_Robotics Projects\AAU\Summer\Synthetic_Dataset_YOLO\runs\detect\train\weights\best.pt,36.77,33.1
C:\Users\User\Documents\AI_Robotics Projects\AAU\Summer\Synthetic_Dataset_YOLO\runs\detect\train\weights\best.pt,34.66,37.4
C:\Users\User\Documents\AI_Robotics Projects\AAU\Summer\Synthetic_Dataset_YOLO\runs\detect\train\weights\best.pt,36.61,43.5
C:\Users\User\Documents\AI_Robotics Projects\AAU\Summer\Synthetic_Dataset_YOLO\runs\detect\train\weights\best.pt,38.43,76.7
C:\Users\User\Documents\AI_Robotics Projects\AAU\Summer\Synthetic_Dataset_YOLO\runs\detect\train\weights\best.pt,35.35,53.4
C:\Users\User\Documents\AI_Robotics Projects\AAU\Summer\Synthetic_Dataset_YOLO\runs\detect\train\weights\best.pt,34.32,49.0
C:\Users\User\Documents\AI_Robotics Projects\AAU\Summer\Synthetic_Dataset_YOLO\runs\detect\train\weights\best.pt,36.58,118.9
C:\Users\User\Documents\AI_Robotics Projects\AAU\Summer\Synthetic_Dataset_YOLO\runs\detect\train\weights\best.pt,39.4,84.8
C:\Users\User\Documents\AI_Robotics Projects\AAU\Summer\Synthetic_Dataset_YOLO\runs\detect\train\weights\best.pt,41.32,85.1
C:\Users\User\Documents\AI_Robotics Projects\AAU\Summer\Synthetic_Dataset_YOLO\runs\detect\train\weights\best.pt,39.36,34.3
C:\Users\User\Documents\AI_Robotics Projects\AAU\Summer\Synthetic_Dataset_YOLO\runs\detect\train\weights\best.pt,40.08,49.4
C:\Users\User\Documents\AI_Robotics Projects\AAU\Summer\Synthetic_Dataset_YOLO\runs\detect\train\weights\best.pt,46.25,91.0
C:\Users\User\Documents\AI_Robotics Projects\AAU\Summer\Synthetic_Dataset_YOLO\runs\detect\train\weights\best.pt,51.25,75.5
C:\Users\User\Documents\AI_Robotics Projects\AAU\Summer\Synthetic_Dataset_YOLO\runs\detect\train\weights\best.pt,41.0,38.8
C:\Users\User\Documents\AI_Robotics Projects\AAU\Summer\Synthetic_Dataset_YOLO\runs\detect\train\weights\best.pt,41.62,42.6
C:\Users\User\Documents\AI_Robotics Projects\AAU\Summer\Synthetic_Dataset_YOLO\runs\detect\train\weights\best.pt,40.13,46.4
C:\Users\User\Documents\AI_Robotics Projects\AAU\Summer\Synthetic_Dataset_YOLO\runs\detect\train\weights\best.pt,41.24,100.8
C:\Users\User\Documents\AI_Robotics Projects\AAU\Summer\Synthetic_Dataset_YOLO\runs\detect\train\weights\best.pt,41.19,33.6
C:\Users\User\Documents\AI_Robotics Projects\AAU\Summer\Synthetic_Dataset_YOLO\runs\detect\train\weights\best.pt,38.55,48.1
C:\Users\User\Documents\AI_Robotics Projects\AAU\Summer\Synthetic_Dataset_YOLO\runs\detect\train\weights\best.pt,40.54,46.7
C:\Users\User\Documents\AI_Robotics Projects\AAU\Summer\Synthetic_Dataset_YOLO\runs\detect\train\weights\best.pt,42.56,49.2
C:\Users\User\Documents\AI_Robotics Projects\AAU\Summer\Synthetic_Dataset_YOLO\runs\detect\train\weights\best.pt,39.69,39.4
C:\Users\User\Documents\AI_Robotics Projects\AAU\Summer\Synthetic_Dataset_YOLO\runs\detect\train\weights\best.pt,42.27,31.7
C:\Users\User\Documents\AI_Robotics Projects\AAU\Summer\Synthetic_Dataset_YOLO\runs\detect\train\weights\best.pt,39.87,48.8
C:\Users\User\Documents\AI_Robotics Projects\AAU\Summer\Synthetic_Dataset_YOLO\runs\detect\train\weights\best.pt,42.95,51.1
C:\Users\User\Documents\AI_Robotics Projects\AAU\Summer\Synthetic_Dataset_YOLO\runs\detect\train\weights\best.pt,41.35,58.1
C:\Users\User\Documents\AI_Robotics Projects\AAU\Summer\Synthetic_Dataset_YOLO\runs\detect\train\weights\best.pt,42.7,77.2
C:\Users\User\Documents\AI_Robotics Projects\AAU\Summer\Synthetic_Dataset_YOLO\runs\detect\train\weights\best.pt,40.91,80.1
C:\Users\User\Documents\AI_Robotics Projects\AAU\Summer\Synthetic_Dataset_YOLO\runs\detect\train\weights\best.pt,41.85,48.3
C:\Users\User\Documents\AI_Robotics Projects\AAU\Summer\Synthetic_Dataset_YOLO\runs\detect\train\weights\best.pt,41.47,84.7
C:\Users\User\Documents\AI_Robotics Projects\AAU\Summer\Synthetic_Dataset_YOLO\runs\detect\train\weights\best.pt,40.78,92.4
C:\Users\User\Documents\AI_Robotics Projects\AAU\Summer\Synthetic_Dataset_YOLO\runs\detect\train\weights\best.pt,41.2,46.8
C:\Users\User\Documents\AI_Robotics Projects\AAU\Summer\Synthetic_Dataset_YOLO\runs\detect\train\weights\best.pt,48.41,68.7
C:\Users\User\Documents\AI_Robotics Projects\AAU\Summer\Synthetic_Dataset_YOLO\runs\detect\train\weights\best.pt,41.88,47.1
C:\Users\User\Documents\AI_Robotics Projects\AAU\Summer\Synthetic_Dataset_YOLO\runs\detect\train\weights\best.pt,41.11,53.2
C:\Users\User\Documents\AI_Robotics Projects\AAU\Summer\Synthetic_Dataset_YOLO\runs\detect\train\weights\best.pt,40.91,40.6
C:\Users\User\Documents\AI_Robotics Projects\AAU\Summer\Dataset_YOLO\runs\detect\train\weights\best.pt,143.96,19.0
C:\Users\User\Documents\AI_Robotics Projects\AAU\Summer\Dataset_YOLO\runs\detect\train\weights\best.pt,60.38,40.5
C:\Users\User\Documents\AI_Robotics Projects\AAU\Summer\Dataset_YOLO\runs\detect\train\weights\best.pt,60.63,29.7
C:\Users\User\Documents\AI_Robotics Projects\AAU\Summer\Dataset_YOLO\runs\detect\train\weights\best.pt,44.28,32.2
C:\Users\User\Documents\AI_Robotics Projects\AAU\Summer\Dataset_YOLO\runs\detect\train\weights\best.pt,65.9,43.2
C:\Users\User\Documents\AI_Robotics Projects\AAU\Summer\Dataset_YOLO\runs\detect\train\weights\best.pt,84.3,38.4
C:\Users\User\Documents\AI_Robotics Projects\AAU\Summer\Dataset_YOLO\runs\detect\train\weights\best.pt,80.34,32.7
C:\Users\User\Documents\AI_Robotics Projects\AAU\Summer\Dataset_YOLO\runs\detect\train\weights\best.pt,57.52,31.4
C:\Users\User\Documents\AI_Robotics Projects\AAU\Summer\Dataset_YOLO\runs\detect\train\weights\best.pt,54.74,37.4
C:\Users\User\Documents\AI_Robotics Projects\AAU\Summer\Dataset_YOLO\runs\detect\train\weights\best.pt,52.64,35.3
C:\Users\User\Documents\AI_Robotics Projects\AAU\Summer\Dataset_YOLO\runs\detect\train\weights\best.pt,54.07,67.4
C:\Users\User\Documents\AI_Robotics Projects\AAU\Summer\Dataset_YOLO\runs\detect\train\weights\best.pt,54.3,68.6
C:\Users\User\Documents\AI_Robotics Projects\AAU\Summer\Dataset_YOLO\runs\detect\train\weights\best.pt,48.91,39.0
C:\Users\User\Documents\AI_Robotics Projects\AAU\Summer\Dataset_YOLO\runs\detect\train\weights\best.pt,49.26,39.7
C:\Users\User\Documents\AI_Robotics Projects\AAU\Summer\Dataset_YOLO\runs\detect\train\weights\best.pt,48.14,39.5
C:\Users\User\Documents\AI_Robotics Projects\AAU\Summer\Dataset_YOLO\runs\detect\train\weights\best.pt,44.48,38.1
C:\Users\User\Documents\AI_Robotics Projects\AAU\Summer\Dataset_YOLO\runs\detect\train\weights\best.pt,46.95,76.2
C:\Users\User\Documents\AI_Robotics Projects\AAU\Summer\Dataset_YOLO\runs\detect\train\weights\best.pt,48.85,42.5
C:\Users\User\Documents\AI_Robotics Projects\AAU\Summer\Dataset_YOLO\runs\detect\train\weights\best.pt,53.57,40.4
C:\Users\User\Documents\AI_Robotics Projects\AAU\Summer\Dataset_YOLO\runs\detect\train\weights\best.pt,68.93,31.2
C:\Users\User\Documents\AI_Robotics Projects\AAU\Summer\Dataset_YOLO\runs\detect\train\weights\best.pt,48.56,40.0
C:\Users\User\Documents\AI_Robotics Projects\AAU\Summer\Dataset_YOLO\runs\detect\train\weights\best.pt,52.84,76.9
C:\Users\User\Documents\AI_Robotics Projects\AAU\Summer\Dataset_YOLO\runs\detect\train\weights\best.pt,50.03,37.6
C:\Users\User\Documents\AI_Robotics Projects\AAU\Summer\Dataset_YOLO\runs\detect\train\weights\best.pt,46.76,32.7
C:\Users\User\Documents\AI_Robotics Projects\AAU\Summer\Dataset_YOLO\runs\detect\train\weights\best.pt,48.69,43.3
C:\Users\User\Documents\AI_Robotics Projects\AAU\Summer\Dataset_YOLO\runs\detect\train\weights\best.pt,48.74,99.6
C:\Users\User\Documents\AI_Robotics Projects\AAU\Summer\Dataset_YOLO\runs\detect\train\weights\best.pt,46.62,26.2
C:\Users\User\Documents\AI_Robotics Projects\AAU\Summer\Dataset_YOLO\runs\detect\train\weights\best.pt,47.55,36.8
C:\Users\User\Documents\AI_Robotics Projects\AAU\Summer\Dataset_YOLO\runs\detect\train\weights\best.pt,50.96,39.9
C:\Users\User\Documents\AI_Robotics Projects\AAU\Summer\Dataset_YOLO\runs\detect\train\weights\best.pt,49.06,47.6
C:\Users\User\Documents\AI_Robotics Projects\AAU\Summer\Dataset_YOLO\runs\detect\train\weights\best.pt,50.53,36.2
C:\Users\User\Documents\AI_Robotics Projects\AAU\Summer\Dataset_YOLO\runs\detect\train\weights\best.pt,51.34,44.2
C:\Users\User\Documents\AI_Robotics Projects\AAU\Summer\Dataset_YOLO\runs\detect\train\weights\best.pt,49.91,34.6
C:\Users\User\Documents\AI_Robotics Projects\AAU\Summer\Dataset_YOLO\runs\detect\train\weights\best.pt,50.16,34.2
C:\Users\User\Documents\AI_Robotics Projects\AAU\Summer\Dataset_YOLO\runs\detect\train\weights\best.pt,49.88,34.3
C:\Users\User\Documents\AI_Robotics Projects\AAU\Summer\Dataset_YOLO\runs\detect\train\weights\best.pt,48.19,36.2
C:\Users\User\Documents\AI_Robotics Projects\AAU\Summer\Dataset_YOLO\runs\detect\train\weights\best.pt,51.07,34.1
C:\Users\User\Documents\AI_Robotics Projects\AAU\Summer\Dataset_YOLO\runs\detect\train\weights\best.pt,58.31,32.2
C:\Users\User\Documents\AI_Robotics Projects\AAU\Summer\Dataset_YOLO\runs\detect\train\weights\best.pt,52.3,34.1
C:\Users\User\Documents\AI_Robotics Projects\AAU\Summer\Dataset_YOLO\runs\detect\train\weights\best.pt,50.58,37.1
C:\Users\User\Documents\AI_Robotics Projects\AAU\Summer\Dataset_YOLO\runs\detect\train\weights\best.pt,47.99,35.5
C:\Users\User\Documents\AI_Robotics Projects\AAU\Summer\Dataset_YOLO\runs\detect\train\weights\best.pt,48.07,39.0
C:\Users\User\Documents\AI_Robotics Projects\AAU\Summer\Dataset_YOLO\runs\detect\train\weights\best.pt,47.6,35.3
C:\Users\User\Documents\AI_Robotics Projects\AAU\Summer\Dataset_YOLO\runs\detect\train\weights\best.pt,74.24,32.0
C:\Users\User\Documents\AI_Robotics Projects\AAU\Summer\Dataset_YOLO\runs\detect\train\weights\best.pt,61.94,29.3
C:\Users\User\Documents\AI_Robotics Projects\AAU\Summer\Dataset_YOLO\runs\detect\train\weights\best.pt,60.74,61.7
C:\Users\User\Documents\AI_Robotics Projects\AAU\Summer\Dataset_YOLO\runs\detect\train\weights\best.pt,59.22,30.3
C:\Users\User\Documents\AI_Robotics Projects\AAU\Summer\Dataset_YOLO\runs\detect\train\weights\best.pt,53.45,32.4
C:\Users\User\Documents\AI_Robotics Projects\AAU\Summer\Dataset_YOLO\runs\detect\train\weights\best.pt,48.76,82.8
C:\Users\User\Documents\AI_Robotics Projects\AAU\Summer\Dataset_YOLO\runs\detect\train\weights\best.pt,52.01,37.6
C:\Users\User\Documents\AI_Robotics Projects\AAU\Summer\Dataset_YOLO\runs\detect\train\weights\best.pt,50.39,61.7
C:\Users\User\Documents\AI_Robotics Projects\AAU\Summer\Dataset_YOLO\runs\detect\train\weights\best.pt,45.08,85.9
C:\Users\User\Documents\AI_Robotics Projects\AAU\Summer\Dataset_YOLO\runs\detect\train\weights\best.pt,49.33,71.7
C:\Users\User\Documents\AI_Robotics Projects\AAU\Summer\Dataset_YOLO\runs\detect\train\weights\best.pt,49.21,59.1
C:\Users\User\Documents\AI_Robotics Projects\AAU\Summer\Dataset_YOLO\runs\detect\train\weights\best.pt,50.65,60.8
C:\Users\User\Documents\AI_Robotics Projects\AAU\Summer\Dataset_YOLO\runs\detect\train\weights\best.pt,62.13,61.5
C:\Users\User\Documents\AI_Robotics Projects\AAU\Summer\Dataset_YOLO\runs\detect\train\weights\best.pt,52.53,64.4
C:\Users\User\Documents\AI_Robotics Projects\AAU\Summer\Dataset_YOLO\runs\detect\train\weights\best.pt,50.2,60.5
C:\Users\User\Documents\AI_Robotics Projects\AAU\Summer\Dataset_YOLO\runs\detect\train\weights\best.pt,48.51,39.8
C:\Users\User\Documents\AI_Robotics Projects\AAU\Summer\Dataset_YOLO\runs\detect\train\weights\best.pt,47.34,39.3
C:\Users\User\Documents\AI_Robotics Projects\AAU\Summer\Dataset_YOLO\runs\detect\train\weights\best.pt,48.0,41.0
C:\Users\User\Documents\AI_Robotics Projects\AAU\Summer\Dataset_YOLO\runs\detect\train\weights\best.pt,47.63,42.6
C:\Users\User\Documents\AI_Robotics Projects\AAU\Summer\Dataset_YOLO\runs\detect\train\weights\best.pt,60.21,40.6
C:\Users\User\Documents\AI_Robotics Projects\AAU\Summer\Dataset_YOLO\runs\detect\train\weights\best.pt,58.85,40.0
C:\Users\User\Documents\AI_Robotics Projects\AAU\Summer\Dataset_YOLO\runs\detect\train\weights\best.pt,67.68,36.4
C:\Users\User\Documents\AI_Robotics Projects\AAU\Summer\Dataset_YOLO\runs\detect\train\weights\best.pt,58.53,38.9
C:\Users\User\Documents\AI_Robotics Projects\AAU\Summer\Dataset_YOLO\runs\detect\train\weights\best.pt,61.62,32.3
C:\Users\User\Documents\AI_Robotics Projects\AAU\Summer\Dataset_YOLO\runs\detect\train\weights\best.pt,47.35,35.5
C:\Users\User\Documents\AI_Robotics Projects\AAU\Summer\Dataset_YOLO\runs\detect\train\weights\best.pt,60.59,39.0
C:\Users\User\Documents\AI_Robotics Projects\AAU\Summer\Dataset_YOLO\runs\detect\train\weights\best.pt,51.57,40.0
C:\Users\User\Documents\AI_Robotics Projects\AAU\Summer\Dataset_YOLO\runs\detect\train\weights\best.pt,47.46,42.2
C:\Users\User\Documents\AI_Robotics Projects\AAU\Summer\Dataset_YOLO\runs\detect\train\weights\best.pt,47.67,51.5
C:\Users\User\Documents\AI_Robotics Projects\AAU\Summer\Dataset_YOLO\runs\detect\train\weights\best.pt,53.12,38.8
C:\Users\User\Documents\AI_Robotics Projects\AAU\Summer\Dataset_YOLO\runs\detect\train\weights\best.pt,49.0,38.9
C:\Users\User\Documents\AI_Robotics Projects\AAU\Summer\Dataset_YOLO\runs\detect\train\weights\best.pt,62.37,62.3
C:\Users\User\Documents\AI_Robotics Projects\AAU\Summer\Dataset_YOLO\runs\detect\train\weights\best.pt,53.96,34.1
C:\Users\User\Documents\AI_Robotics Projects\AAU\Summer\Dataset_YOLO\runs\detect\train\weights\best.pt,56.16,64.2
C:\Users\User\Documents\AI_Robotics Projects\AAU\Summer\Dataset_YOLO\runs\detect\train\weights\best.pt,56.83,41.0
C:\Users\User\Documents\AI_Robotics Projects\AAU\Summer\Dataset_YOLO\runs\detect\train\weights\best.pt,48.18,57.2
C:\Users\User\Documents\AI_Robotics Projects\AAU\Summer\Dataset_YOLO\runs\detect\train\weights\best.pt,49.44,33.6
C:\Users\User\Documents\AI_Robotics Projects\AAU\Summer\Dataset_YOLO\runs\detect\train\weights\best.pt,50.66,68.6
C:\Users\User\Documents\AI_Robotics Projects\AAU\Summer\Dataset_YOLO\runs\detect\train\weights\best.pt,54.14,36.1
C:\Users\User\Documents\AI_Robotics Projects\AAU\Summer\Dataset_YOLO\runs\detect\train\weights\best.pt,45.72,38.2
C:\Users\User\Documents\AI_Robotics Projects\AAU\Summer\Dataset_YOLO\runs\detect\train\weights\best.pt,48.38,33.9
C:\Users\User\Documents\AI_Robotics Projects\AAU\Summer\Dataset_YOLO\runs\detect\train\weights\best.pt,46.51,33.9
C:\Users\User\Documents\AI_Robotics Projects\AAU\Summer\Dataset_YOLO\runs\detect\train\weights\best.pt,51.34,71.0
C:\Users\User\Documents\AI_Robotics Projects\AAU\Summer\Dataset_YOLO\runs\detect\train\weights\best.pt,50.22,38.9
C:\Users\User\Documents\AI_Robotics Projects\AAU\Summer\Dataset_YOLO\runs\detect\train\weights\best.pt,47.76,43.5
C:\Users\User\Documents\AI_Robotics Projects\AAU\Summer\Dataset_YOLO\runs\detect\train\weights\best.pt,47.25,43.9
C:\Users\User\Documents\AI_Robotics Projects\AAU\Summer\Dataset_YOLO\runs\detect\train\weights\best.pt,44.71,33.9
C:\Users\User\Documents\AI_Robotics Projects\AAU\Summer\Dataset_YOLO\runs\detect\train\weights\best.pt,49.89,39.2
C:\Users\User\Documents\AI_Robotics Projects\AAU\Summer\Dataset_YOLO\runs\detect\train\weights\best.pt,46.94,40.9
C:\Users\User\Documents\AI_Robotics Projects\AAU\Summer\Dataset_YOLO\runs\detect\train\weights\best.pt,53.49,40.4
C:\Users\User\Documents\AI_Robotics Projects\AAU\Summer\Dataset_YOLO\runs\detect\train\weights\best.pt,59.78,39.6
C:\Users\User\Documents\AI_Robotics Projects\AAU\Summer\Dataset_YOLO\runs\detect\train\weights\best.pt,49.18,41.3
C:\Users\User\Documents\AI_Robotics Projects\AAU\Summer\Dataset_YOLO\runs\detect\train\weights\best.pt,46.0,39.9
C:\Users\User\Documents\AI_Robotics Projects\AAU\Summer\Dataset_YOLO\runs\detect\train\weights\best.pt,48.32,42.1
C:\Users\User\Documents\AI_Robotics Projects\AAU\Summer\Dataset_YOLO\runs\detect\train\weights\best.pt,45.63,64.2
C:\Users\User\Documents\AI_Robotics Projects\AAU\Summer\Dataset_YOLO\runs\detect\train\weights\best.pt,46.72,41.3
C:\Users\User\Documents\AI_Robotics Projects\AAU\Summer\Dataset_YOLO\runs\detect\train\weights\best.pt,48.19,41.5
C:\Users\User\Documents\AI_Robotics Projects\AAU\Summer\Dataset_YOLO\runs\detect\train\weights\best.pt,47.11,44.0
C:\Users\User\Documents\AI_Robotics Projects\AAU\Summer\Dataset_YOLO\runs\detect\train\weights\best.pt,46.25,46.4
C:\Users\User\Documents\AI_Robotics Projects\AAU\Summer\Dataset_YOLO\runs\detect\train\weights\best.pt,47.82,44.1
C:\Users\User\Documents\AI_Robotics Projects\AAU\Summer\Dataset_YOLO\runs\detect\train\weights\best.pt,46.41,40.1
C:\Users\User\Documents\AI_Robotics Projects\AAU\Summer\Dataset_YOLO\runs\detect\train\weights\best.pt,45.38,41.9
C:\Users\User\Documents\AI_Robotics Projects\AAU\Summer\Dataset_YOLO\runs\detect\train\weights\best.pt,48.53,41.5
C:\Users\User\Documents\AI_Robotics Projects\AAU\Summer\Dataset_YOLO\runs\detect\train\weights\best.pt,48.1,41.8
C:\Users\User\Documents\AI_Robotics Projects\AAU\Summer\Dataset_YOLO\runs\detect\train\weights\best.pt,47.5,42.4
C:\Users\User\Documents\AI_Robotics Projects\AAU\Summer\Dataset_YOLO\runs\detect\train\weights\best.pt,50.21,84.7
C:\Users\User\Documents\AI_Robotics Projects\AAU\Summer\Dataset_YOLO\runs\detect\train\weights\best.pt,43.81,37.4
C:\Users\User\Documents\AI_Robotics Projects\AAU\Summer\Dataset_YOLO\runs\detect\train\weights\best.pt,47.05,87.9
C:\Users\User\Documents\AI_Robotics Projects\AAU\Summer\Dataset_YOLO\runs\detect\train\weights\best.pt,46.61,41.1
C:\Users\User\Documents\AI_Robotics Projects\AAU\Summer\Dataset_YOLO\runs\detect\train\weights\best.pt,49.22,27.0
C:\Users\User\Documents\AI_Robotics Projects\AAU\Summer\Dataset_YOLO\runs\detect\train\weights\best.pt,57.76,32.9
C:\Users\User\Documents\AI_Robotics Projects\AAU\Summer\Dataset_YOLO\runs\detect\train\weights\best.pt,48.31,37.4
C:\Users\User\Documents\AI_Robotics Projects\AAU\Summer\Dataset_YOLO\runs\detect\train\weights\best.pt,48.09,39.1
C:\Users\User\Documents\AI_Robotics Projects\AAU\Summer\Dataset_YOLO\runs\detect\train\weights\best.pt,51.77,39.8
C:\Users\User\Documents\AI_Robotics Projects\AAU\Summer\Dataset_YOLO\runs\detect\train\weights\best.pt,47.93,38.7
C:\Users\User\Documents\AI_Robotics Projects\AAU\Summer\Dataset_YOLO\runs\detect\train\weights\best.pt,50.57,68.1
C:\Users\User\Documents\AI_Robotics Projects\AAU\Summer\Dataset_YOLO\runs\detect\train\weights\best.pt,46.26,39.8
C:\Users\User\Documents\AI_Robotics Projects\AAU\Summer\Dataset_YOLO\runs\detect\train\weights\best.pt,47.63,38.1
C:\Users\User\Documents\AI_Robotics Projects\AAU\Summer\Dataset_YOLO\runs\detect\train\weights\best.pt,46.96,43.2
C:\Users\User\Documents\AI_Robotics Projects\AAU\Summer\Dataset_YOLO\runs\detect\train\weights\best.pt,49.91,30.8
C:\Users\User\Documents\AI_Robotics Projects\AAU\Summer\Dataset_YOLO\runs\detect\train\weights\best.pt,46.91,37.7
C:\Users\User\Documents\AI_Robotics Projects\AAU\Summer\Dataset_YOLO\runs\detect\train\weights\best.pt,45.43,43.8
C:\Users\User\Documents\AI_Robotics Projects\AAU\Summer\Dataset_YOLO\runs\detect\train\weights\best.pt,46.55,39.6
C:\Users\User\Documents\AI_Robotics Projects\AAU\Summer\Dataset_YOLO\runs\detect\train\weights\best.pt,49.2,41.7
C:\Users\User\Documents\AI_Robotics Projects\AAU\Summer\Dataset_YOLO\runs\detect\train\weights\best.pt,47.47,51.3
C:\Users\User\Documents\AI_Robotics Projects\AAU\Summer\Dataset_YOLO\runs\detect\train\weights\best.pt,45.51,41.8
C:\Users\User\Documents\AI_Robotics Projects\AAU\Summer\Dataset_YOLO\runs\detect\train\weights\best.pt,48.11,36.8
C:\Users\User\Documents\AI_Robotics Projects\AAU\Summer\Dataset_YOLO\runs\detect\train\weights\best.pt,45.08,38.3
C:\Users\User\Documents\AI_Robotics Projects\AAU\Summer\Dataset_YOLO\runs\detect\train\weights\best.pt,46.38,41.6
C:\Users\User\Documents\AI_Robotics Projects\AAU\Summer\Dataset_YOLO\runs\detect\train\weights\best.pt,56.67,41.1
C:\Users\User\Documents\AI_Robotics Projects\AAU\Summer\Dataset_YOLO\runs\detect\train\weights\best.pt,55.3,36.6
C:\Users\User\Documents\AI_Robotics Projects\AAU\Summer\Dataset_YOLO\runs\detect\train\weights\best.pt,49.72,62.7
C:\Users\User\Documents\AI_Robotics Projects\AAU\Summer\Dataset_YOLO\runs\detect\train\weights\best.pt,49.4,72.4
C:\Users\User\Documents\AI_Robotics Projects\AAU\Summer\Dataset_YOLO\runs\detect\train\weights\best.pt,46.59,84.9
C:\Users\User\Documents\AI_Robotics Projects\AAU\Summer\Dataset_YOLO\runs\detect\train\weights\best.pt,53.93,64.5
C:\Users\User\Documents\AI_Robotics Projects\AAU\Summer\Dataset_YOLO\runs\detect\train\weights\best.pt,49.52,62.4
C:\Users\User\Documents\AI_Robotics Projects\AAU\Summer\Dataset_YOLO\runs\detect\train\weights\best.pt,48.14,39.4
C:\Users\User\Documents\AI_Robotics Projects\AAU\Summer\Dataset_YOLO\runs\detect\train\weights\best.pt,51.92,62.2
C:\Users\User\Documents\AI_Robotics Projects\AAU\Summer\Dataset_YOLO\runs\detect\train\weights\best.pt,48.37,68.5
C:\Users\User\Documents\AI_Robotics Projects\AAU\Summer\Dataset_YOLO\runs\detect\train\weights\best.pt,46.39,64.7
C:\Users\User\Documents\AI_Robotics Projects\AAU\Summer\Dataset_YOLO\runs\detect\train\weights\best.pt,49.78,46.0
C:\Users\User\Documents\AI_Robotics Projects\AAU\Summer\Dataset_YOLO\runs\detect\train\weights\best.pt,54.81,67.6
C:\Users\User\Documents\AI_Robotics Projects\AAU\Summer\Dataset_YOLO\runs\detect\train\weights\best.pt,47.78,63.2
C:\Users\User\Documents\AI_Robotics Projects\AAU\Summer\Dataset_YOLO\runs\detect\train\weights\best.pt,47.85,42.0
C:\Users\User\Documents\AI_Robotics Projects\AAU\Summer\Dataset_YOLO\runs\detect\train\weights\best.pt,48.02,57.9
C:\Users\User\Documents\AI_Robotics Projects\AAU\Summer\Dataset_YOLO\runs\detect\train\weights\best.pt,48.62,83.0
C:\Users\User\Documents\AI_Robotics Projects\AAU\Summer\Dataset_YOLO\runs\detect\train\weights\best.pt,60.46,69.4
C:\Users\User\Documents\AI_Robotics Projects\AAU\Summer\Dataset_YOLO\runs\detect\train\weights\best.pt,48.07,34.5
C:\Users\User\Documents\AI_Robotics Projects\AAU\Summer\Dataset_YOLO\runs\detect\train\weights\best.pt,48.17,40.9
C:\Users\User\Documents\AI_Robotics Projects\AAU\Summer\Dataset_YOLO\runs\detect\train\weights\best.pt,46.87,69.7
C:\Users\User\Documents\AI_Robotics Projects\AAU\Summer\Dataset_YOLO\runs\detect\train\weights\best.pt,45.42,41.0
C:\Users\User\Documents\AI_Robotics Projects\AAU\Summer\Dataset_YOLO\runs\detect\train\weights\best.pt,44.24,78.7
C:\Users\User\Documents\AI_Robotics Projects\AAU\Summer\Dataset_YOLO\runs\detect\train\weights\best.pt,47.3,73.7
C:\Users\User\Documents\AI_Robotics Projects\AAU\Summer\Dataset_YOLO\runs\detect\train\weights\best.pt,47.72,37.6
C:\Users\User\Documents\AI_Robotics Projects\AAU\Summer\Dataset_YOLO\runs\detect\train\weights\best.pt,45.6,39.3
C:\Users\User\Documents\AI_Robotics Projects\AAU\Summer\Dataset_YOLO\runs\detect\train\weights\best.pt,50.66,40.3
C:\Users\User\Documents\AI_Robotics Projects\AAU\Summer\Dataset_YOLO\runs\detect\train\weights\best.pt,45.81,68.6
C:\Users\User\Documents\AI_Robotics Projects\AAU\Summer\Dataset_YOLO\runs\detect\train\weights\best.pt,47.78,69.0
C:\Users\User\Documents\AI_Robotics Projects\AAU\Summer\Dataset_YOLO\runs\detect\train\weights\best.pt,45.86,70.2
C:\Users\User\Documents\AI_Robotics Projects\AAU\Summer\Dataset_YOLO\runs\detect\train\weights\best.pt,48.08,63.3
C:\Users\User\Documents\AI_Robotics Projects\AAU\Summer\Dataset_YOLO\runs\detect\train\weights\best.pt,45.81,73.5
C:\Users\User\Documents\AI_Robotics Projects\AAU\Summer\Dataset_YOLO\runs\detect\train\weights\best.pt,45.69,227.7
C:\Users\User\Documents\AI_Robotics Projects\AAU\Summer\Dataset_YOLO\runs\detect\train\weights\best.pt,46.84,56.6
C:\Users\User\Documents\AI_Robotics Projects\AAU\Summer\Dataset_YOLO\runs\detect\train\weights\best.pt,48.38,41.6
C:\Users\User\Documents\AI_Robotics Projects\AAU\Summer\Dataset_YOLO\runs\detect\train\weights\best.pt,58.04,32.9
C:\Users\User\Documents\AI_Robotics Projects\AAU\Summer\Dataset_YOLO\runs\detect\train\weights\best.pt,51.52,42.3
C:\Users\User\Documents\AI_Robotics Projects\AAU\Summer\Dataset_YOLO\runs\detect\train\weights\best.pt,47.3,38.9
C:\Users\User\Documents\AI_Robotics Projects\AAU\Summer\Dataset_YOLO\runs\detect\train\weights\best.pt,45.43,29.9
C:\Users\User\Documents\AI_Robotics Projects\AAU\Summer\Dataset_YOLO\runs\detect\train\weights\best.pt,47.47,39.3
C:\Users\User\Documents\AI_Robotics Projects\AAU\Summer\Dataset_YOLO\runs\detect\train\weights\best.pt,48.21,40.4
C:\Users\User\Documents\AI_Robotics Projects\AAU\Summer\Dataset_YOLO\runs\detect\train\weights\best.pt,48.9,41.4
C:\Users\User\Documents\AI_Robotics Projects\AAU\Summer\Dataset_YOLO\runs\detect\train\weights\best.pt,48.53,33.0
C:\Users\User\Documents\AI_Robotics Projects\AAU\Summer\Dataset_YOLO\runs\detect\train\weights\best.pt,47.51,39.0
C:\Users\User\Documents\AI_Robotics Projects\AAU\Summer\Dataset_YOLO\runs\detect\train\weights\best.pt,45.63,45.3
C:\Users\User\Documents\AI_Robotics Projects\AAU\Summer\Dataset_YOLO\runs\detect\train\weights\best.pt,48.77,48.4
C:\Users\User\Documents\AI_Robotics Projects\AAU\Summer\Dataset_YOLO\runs\detect\train\weights\best.pt,47.63,46.1
C:\Users\User\Documents\AI_Robotics Projects\AAU\Summer\Dataset_YOLO\runs\detect\train\weights\best.pt,71.13,55.6
C:\Users\User\Documents\AI_Robotics Projects\AAU\Summer\Dataset_YOLO\runs\detect\train\weights\best.pt,72.14,31.6
C:\Users\User\Documents\AI_Robotics Projects\AAU\Summer\Dataset_YOLO\runs\detect\train\weights\best.pt,48.49,32.5
C:\Users\User\Documents\AI_Robotics Projects\AAU\Summer\Dataset_YOLO\runs\detect\train\weights\best.pt,48.73,35.0
C:\Users\User\Documents\AI_Robotics Projects\AAU\Summer\Dataset_YOLO\runs\detect\train\weights\best.pt,49.17,85.7
C:\Users\User\Documents\AI_Robotics Projects\AAU\Summer\Dataset_YOLO\runs\detect\train\weights\best.pt,46.22,83.0
C:\Users\User\Documents\AI_Robotics Projects\AAU\Summer\Dataset_YOLO\runs\detect\train\weights\best.pt,65.99,38.9
C:\Users\User\Documents\AI_Robotics Projects\AAU\Summer\Dataset_YOLO\runs\detect\train\weights\best.pt,48.45,65.9
C:\Users\User\Documents\AI_Robotics Projects\AAU\Summer\Dataset_YOLO\runs\detect\train\weights\best.pt,70.8,19.6
C:\Users\User\Documents\AI_Robotics Projects\AAU\Summer\Dataset_YOLO\runs\detect\train\weights\best.pt,36.87,50.7
C:\Users\User\Documents\AI_Robotics Projects\AAU\Summer\Dataset_YOLO\runs\detect\train\weights\best.pt,34.55,49.2
C:\Users\User\Documents\AI_Robotics Projects\AAU\Summer\Dataset_YOLO\runs\detect\train\weights\best.pt,35.53,37.1
C:\Users\User\Documents\AI_Robotics Projects\AAU\Summer\Dataset_YOLO\runs\detect\train\weights\best.pt,34.37,48.9
C:\Users\User\Documents\AI_Robotics Projects\AAU\Summer\Dataset_YOLO\runs\detect\train\weights\best.pt,35.01,43.6
C:\Users\User\Documents\AI_Robotics Projects\AAU\Summer\Dataset_YOLO\runs\detect\train\weights\best.pt,32.17,48.4
C:\Users\User\Documents\AI_Robotics Projects\AAU\Summer\Dataset_YOLO\runs\detect\train\weights\best.pt,35.27,47.6
C:\Users\User\Documents\AI_Robotics Projects\AAU\Summer\Dataset_YOLO\runs\detect\train\weights\best.pt,35.24,55.5
C:\Users\User\Documents\AI_Robotics Projects\AAU\Summer\Dataset_YOLO\runs\detect\train\weights\best.pt,36.07,43.0
C:\Users\User\Documents\AI_Robotics Projects\AAU\Summer\Dataset_YOLO\runs\detect\train\weights\best.pt,34.27,45.7
C:\Users\User\Documents\AI_Robotics Projects\AAU\Summer\Dataset_YOLO\runs\detect\train\weights\best.pt,38.78,32.1
C:\Users\User\Documents\AI_Robotics Projects\AAU\Summer\Dataset_YOLO\runs\detect\train\weights\best.pt,33.24,29.2
C:\Users\User\Documents\AI_Robotics Projects\AAU\Summer\Dataset_YOLO\runs\detect\train\weights\best.pt,34.21,42.5
C:\Users\User\Documents\AI_Robotics Projects\AAU\Summer\Dataset_YOLO\runs\detect\train\weights\best.pt,33.16,31.5
C:\Users\User\Documents\AI_Robotics Projects\AAU\Summer\Dataset_YOLO\runs\detect\train\weights\best.pt,31.65,40.8
C:\Users\User\Documents\AI_Robotics Projects\AAU\Summer\Dataset_YOLO\runs\detect\train\weights\best.pt,35.22,34.9
C:\Users\User\Documents\AI_Robotics Projects\AAU\Summer\Dataset_YOLO\runs\detect\train\weights\best.pt,32.43,44.9
C:\Users\User\Documents\AI_Robotics Projects\AAU\Summer\Dataset_YOLO\runs\detect\train\weights\best.pt,33.26,41.0
C:\Users\User\Documents\AI_Robotics Projects\AAU\Summer\Dataset_YOLO\runs\detect\train\weights\best.pt,35.87,48.3
C:\Users\User\Documents\AI_Robotics Projects\AAU\Summer\Dataset_YOLO\runs\detect\train\weights\best.pt,33.4,44.9
C:\Users\User\Documents\AI_Robotics Projects\AAU\Summer\Dataset_YOLO\runs\detect\train\weights\best.pt,33.75,77.9
C:\Users\User\Documents\AI_Robotics Projects\AAU\Summer\Dataset_YOLO\runs\detect\train\weights\best.pt,31.88,34.4
C:\Users\User\Documents\AI_Robotics Projects\AAU\Summer\Dataset_YOLO\runs\detect\train\weights\best.pt,32.98,38.2
C:\Users\User\Documents\AI_Robotics Projects\AAU\Summer\Dataset_YOLO\runs\detect\train\weights\best.pt,33.89,39.5
C:\Users\User\Documents\AI_Robotics Projects\AAU\Summer\Dataset_YOLO\runs\detect\train\weights\best.pt,31.44,45.9
C:\Users\User\Documents\AI_Robotics Projects\AAU\Summer\Dataset_YOLO\runs\detect\train\weights\best.pt,32.74,72.5
C:\Users\User\Documents\AI_Robotics Projects\AAU\Summer\Dataset_YOLO\runs\detect\train\weights\best.pt,33.25,86.6
C:\Users\User\Documents\AI_Robotics Projects\AAU\Summer\Dataset_YOLO\runs\detect\train\weights\best.pt,32.31,84.9
C:\Users\User\Documents\AI_Robotics Projects\AAU\Summer\Dataset_YOLO\runs\detect\train\weights\best.pt,32.56,71.4
C:\Users\User\Documents\AI_Robotics Projects\AAU\Summer\Dataset_YOLO\runs\detect\train\weights\best.pt,31.59,38.6
C:\Users\User\Documents\AI_Robotics Projects\AAU\Summer\Dataset_YOLO\runs\detect\train\weights\best.pt,32.68,90.6
C:\Users\User\Documents\AI_Robotics Projects\AAU\Summer\Dataset_YOLO\runs\detect\train\weights\best.pt,31.39,38.3
C:\Users\User\Documents\AI_Robotics Projects\AAU\Summer\Dataset_YOLO\runs\detect\train\weights\best.pt,42.85,35.2
C:\Users\User\Documents\AI_Robotics Projects\AAU\Summer\Dataset_YOLO\runs\detect\train\weights\best.pt,32.62,33.0
C:\Users\User\Documents\AI_Robotics Projects\AAU\Summer\Dataset_YOLO\runs\detect\train\weights\best.pt,33.41,40.5
C:\Users\User\Documents\AI_Robotics Projects\AAU\Summer\Dataset_YOLO\runs\detect\train\weights\best.pt,32.3,45.0
C:\Users\User\Documents\AI_Robotics Projects\AAU\Summer\Dataset_YOLO\runs\detect\train\weights\best.pt,32.18,38.7
C:\Users\User\Documents\AI_Robotics Projects\AAU\Summer\Dataset_YOLO\runs\detect\train\weights\best.pt,52.31,44.4
C:\Users\User\Documents\AI_Robotics Projects\AAU\Summer\Dataset_YOLO\runs\detect\train\weights\best.pt,35.52,31.9
C:\Users\User\Documents\AI_Robotics Projects\AAU\Summer\Dataset_YOLO\runs\detect\train\weights\best.pt,33.04,30.9
C:\Users\User\Documents\AI_Robotics Projects\AAU\Summer\Dataset_YOLO\runs\detect\train\weights\best.pt,33.38,43.6
C:\Users\User\Documents\AI_Robotics Projects\AAU\Summer\Dataset_YOLO\runs\detect\train\weights\best.pt,33.75,45.7
C:\Users\User\Documents\AI_Robotics Projects\AAU\Summer\Dataset_YOLO\runs\detect\train\weights\best.pt,32.54,43.1
C:\Users\User\Documents\AI_Robotics Projects\AAU\Summer\Dataset_YOLO\runs\detect\train\weights\best.pt,33.57,43.1
C:\Users\User\Documents\AI_Robotics Projects\AAU\Summer\Dataset_YOLO\runs\detect\train\weights\best.pt,34.69,39.7
C:\Users\User\Documents\AI_Robotics Projects\AAU\Summer\Dataset_YOLO\runs\detect\train\weights\best.pt,49.09,41.9
C:\Users\User\Documents\AI_Robotics Projects\AAU\Summer\Dataset_YOLO\runs\detect\train\weights\best.pt,34.2,44.4
C:\Users\User\Documents\AI_Robotics Projects\AAU\Summer\Dataset_YOLO\runs\detect\train\weights\best.pt,33.14,30.2
C:\Users\User\Documents\AI_Robotics Projects\AAU\Summer\Dataset_YOLO\runs\detect\train\weights\best.pt,33.06,45.1
C:\Users\User\Documents\AI_Robotics Projects\AAU\Summer\Dataset_YOLO\runs\detect\train\weights\best.pt,36.06,28.2
C:\Users\User\Documents\AI_Robotics Projects\AAU\Summer\Dataset_YOLO\runs\detect\train\weights\best.pt,31.04,52.9
C:\Users\User\Documents\AI_Robotics Projects\AAU\Summer\Dataset_YOLO\runs\detect\train\weights\best.pt,32.82,62.1
C:\Users\User\Documents\AI_Robotics Projects\AAU\Summer\Dataset_YOLO\runs\detect\train\weights\best.pt,32.54,31.4
C:\Users\User\Documents\AI_Robotics Projects\AAU\Summer\Dataset_YOLO\runs\detect\train\weights\best.pt,40.46,38.8
C:\Users\User\Documents\AI_Robotics Projects\AAU\Summer\Dataset_YOLO\runs\detect\train\weights\best.pt,31.78,35.0
C:\Users\User\Documents\AI_Robotics Projects\AAU\Summer\Dataset_YOLO\runs\detect\train\weights\best.pt,33.42,34.5
C:\Users\User\Documents\AI_Robotics Projects\AAU\Summer\Dataset_YOLO\runs\detect\train\weights\best.pt,32.35,40.2
C:\Users\User\Documents\AI_Robotics Projects\AAU\Summer\Dataset_YOLO\runs\detect\train\weights\best.pt,33.63,43.6
C:\Users\User\Documents\AI_Robotics Projects\AAU\Summer\Dataset_YOLO\runs\detect\train\weights\best.pt,32.84,49.2
C:\Users\User\Documents\AI_Robotics Projects\AAU\Summer\Dataset_YOLO\runs\detect\train\weights\best.pt,31.93,42.2
C:\Users\User\Documents\AI_Robotics Projects\AAU\Summer\Dataset_YOLO\runs\detect\train\weights\best.pt,31.95,40.6
C:\Users\User\Documents\AI_Robotics Projects\AAU\Summer\Dataset_YOLO\runs\detect\train\weights\best.pt,33.3,77.2
C:\Users\User\Documents\AI_Robotics Projects\AAU\Summer\Dataset_YOLO\runs\detect\train\weights\best.pt,32.22,41.9
C:\Users\User\Documents\AI_Robotics Projects\AAU\Summer\Dataset_YOLO\runs\detect\train\weights\best.pt,32.44,38.5
C:\Users\User\Documents\AI_Robotics Projects\AAU\Summer\Dataset_YOLO\runs\detect\train\weights\best.pt,33.02,40.4
C:\Users\User\Documents\AI_Robotics Projects\AAU\Summer\Dataset_YOLO\runs\detect\train\weights\best.pt,31.71,38.3
C:\Users\User\Documents\AI_Robotics Projects\AAU\Summer\Dataset_YOLO\runs\detect\train\weights\best.pt,33.21,38.7
C:\Users\User\Documents\AI_Robotics Projects\AAU\Summer\Dataset_YOLO\runs\detect\train\weights\best.pt,32.54,47.1
C:\Users\User\Documents\AI_Robotics Projects\AAU\Summer\Dataset_YOLO\runs\detect\train\weights\best.pt,33.35,42.4
C:\Users\User\Documents\AI_Robotics Projects\AAU\Summer\Dataset_YOLO\runs\detect\train\weights\best.pt,32.75,46.7
C:\Users\User\Documents\AI_Robotics Projects\AAU\Summer\Dataset_YOLO\runs\detect\train\weights\best.pt,33.55,36.0
C:\Users\User\Documents\AI_Robotics Projects\AAU\Summer\Dataset_YOLO\runs\detect\train\weights\best.pt,32.94,48.8
C:\Users\User\Documents\AI_Robotics Projects\AAU\Summer\Dataset_YOLO\runs\detect\train\weights\best.pt,33.25,43.1
C:\Users\User\Documents\AI_Robotics Projects\AAU\Summer\Dataset_YOLO\runs\detect\train\weights\best.pt,32.27,43.7
C:\Users\User\Documents\AI_Robotics Projects\AAU\Summer\Dataset_YOLO\runs\detect\train\weights\best.pt,33.81,41.7
C:\Users\User\Documents\AI_Robotics Projects\AAU\Summer\Dataset_YOLO\runs\detect\train\weights\best.pt,48.71,46.2
C:\Users\User\Documents\AI_Robotics Projects\AAU\Summer\Dataset_YOLO\runs\detect\train\weights\best.pt,47.27,46.4
C:\Users\User\Documents\AI_Robotics Projects\AAU\Summer\Dataset_YOLO\runs\detect\train\weights\best.pt,35.27,45.5
C:\Users\User\Documents\AI_Robotics Projects\AAU\Summer\Dataset_YOLO\runs\detect\train\weights\best.pt,33.56,49.2
C:\Users\User\Documents\AI_Robotics Projects\AAU\Summer\Dataset_YOLO\runs\detect\train\weights\best.pt,32.53,43.1
C:\Users\User\Documents\AI_Robotics Projects\AAU\Summer\Dataset_YOLO\runs\detect\train\weights\best.pt,35.05,49.5
C:\Users\User\Documents\AI_Robotics Projects\AAU\Summer\Dataset_YOLO\runs\detect\train\weights\best.pt,33.63,51.0
C:\Users\User\Documents\AI_Robotics Projects\AAU\Summer\Dataset_YOLO\runs\detect\train\weights\best.pt,33.59,43.9
C:\Users\User\Documents\AI_Robotics Projects\AAU\Summer\Dataset_YOLO\runs\detect\train\weights\best.pt,31.66,30.8
C:\Users\User\Documents\AI_Robotics Projects\AAU\Summer\Dataset_YOLO\runs\detect\train\weights\best.pt,33.33,43.5
C:\Users\User\Documents\AI_Robotics Projects\AAU\Summer\Dataset_YOLO\runs\detect\train\weights\best.pt,33.63,56.2
C:\Users\User\Documents\AI_Robotics Projects\AAU\Summer\Dataset_YOLO\runs\detect\train\weights\best.pt,31.61,52.6
C:\Users\User\Documents\AI_Robotics Projects\AAU\Summer\Dataset_YOLO\runs\detect\train\weights\best.pt,34.13,40.0
C:\Users\User\Documents\AI_Robotics Projects\AAU\Summer\Dataset_YOLO\runs\detect\train\weights\best.pt,33.33,30.4
C:\Users\User\Documents\AI_Robotics Projects\AAU\Summer\Dataset_YOLO\runs\detect\train\weights\best.pt,33.69,47.6
C:\Users\User\Documents\AI_Robotics Projects\AAU\Summer\Dataset_YOLO\runs\detect\train\weights\best.pt,34.66,47.1
C:\Users\User\Documents\AI_Robotics Projects\AAU\Summer\Dataset_YOLO\runs\detect\train\weights\best.pt,33.14,45.5
C:\Users\User\Documents\AI_Robotics Projects\AAU\Summer\Dataset_YOLO\runs\detect\train\weights\best.pt,32.86,46.5
C:\Users\User\Documents\AI_Robotics Projects\AAU\Summer\Dataset_YOLO\runs\detect\train\weights\best.pt,32.38,45.2
C:\Users\User\Documents\AI_Robotics Projects\AAU\Summer\Dataset_YOLO\runs\detect\train\weights\best.pt,33.12,44.6
C:\Users\User\Documents\AI_Robotics Projects\AAU\Summer\Dataset_YOLO\runs\detect\train\weights\best.pt,33.36,52.4
C:\Users\User\Documents\AI_Robotics Projects\AAU\Summer\Dataset_YOLO\runs\detect\train\weights\best.pt,32.92,49.7
C:\Users\User\Documents\AI_Robotics Projects\AAU\Summer\Dataset_YOLO\runs\detect\train\weights\best.pt,32.62,46.0
C:\Users\User\Documents\AI_Robotics Projects\AAU\Summer\Dataset_YOLO\runs\detect\train\weights\best.pt,33.56,49.6
C:\Users\User\Documents\AI_Robotics Projects\AAU\Summer\Dataset_YOLO\runs\detect\train\weights\best.pt,44.05,39.9
C:\Users\User\Documents\AI_Robotics Projects\AAU\Summer\Dataset_YOLO\runs\detect\train\weights\best.pt,34.21,47.8
C:\Users\User\Documents\AI_Robotics Projects\AAU\Summer\Dataset_YOLO\runs\detect\train\weights\best.pt,35.29,44.7
C:\Users\User\Documents\AI_Robotics Projects\AAU\Summer\Dataset_YOLO\runs\detect\train\weights\best.pt,33.83,51.2
C:\Users\User\Documents\AI_Robotics Projects\AAU\Summer\Dataset_YOLO\runs\detect\train\weights\best.pt,33.76,45.0
C:\Users\User\Documents\AI_Robotics Projects\AAU\Summer\Dataset_YOLO\runs\detect\train\weights\best.pt,54.52,46.4
C:\Users\User\Documents\AI_Robotics Projects\AAU\Summer\Dataset_YOLO\runs\detect\train\weights\best.pt,39.38,44.3
C:\Users\User\Documents\AI_Robotics Projects\AAU\Summer\Dataset_YOLO\runs\detect\train\weights\best.pt,30.51,32.9
C:\Users\User\Documents\AI_Robotics Projects\AAU\Summer\Dataset_YOLO\runs\detect\train\weights\best.pt,33.63,39.5
C:\Users\User\Documents\AI_Robotics Projects\AAU\Summer\Dataset_YOLO\runs\detect\train\weights\best.pt,34.73,31.9
C:\Users\User\Documents\AI_Robotics Projects\AAU\Summer\Dataset_YOLO\runs\detect\train\weights\best.pt,33.85,49.9
C:\Users\User\Documents\AI_Robotics Projects\AAU\Summer\Dataset_YOLO\runs\detect\train\weights\best.pt,34.97,42.5
C:\Users\User\Documents\AI_Robotics Projects\AAU\Summer\Dataset_YOLO\runs\detect\train\weights\best.pt,33.29,51.8
C:\Users\User\Documents\AI_Robotics Projects\AAU\Summer\Dataset_YOLO\runs\detect\train\weights\best.pt,35.93,48.4
C:\Users\User\Documents\AI_Robotics Projects\AAU\Summer\Dataset_YOLO\runs\detect\train\weights\best.pt,33.43,44.4
C:\Users\User\Documents\AI_Robotics Projects\AAU\Summer\Dataset_YOLO\runs\detect\train\weights\best.pt,33.2,45.3
C:\Users\User\Documents\AI_Robotics Projects\AAU\Summer\Dataset_YOLO\runs\detect\train\weights\best.pt,33.81,46.7
C:\Users\User\Documents\AI_Robotics Projects\AAU\Summer\Dataset_YOLO\runs\detect\train\weights\best.pt,33.62,42.4
C:\Users\User\Documents\AI_Robotics Projects\AAU\Summer\Dataset_YOLO\runs\detect\train\weights\best.pt,35.76,48.0
C:\Users\User\Documents\AI_Robotics Projects\AAU\Summer\Dataset_YOLO\runs\detect\train\weights\best.pt,33.4,30.5
C:\Users\User\Documents\AI_Robotics Projects\AAU\Summer\Dataset_YOLO\runs\detect\train\weights\best.pt,34.26,45.9
C:\Users\User\Documents\AI_Robotics Projects\AAU\Summer\Dataset_YOLO\runs\detect\train\weights\best.pt,33.95,43.4
C:\Users\User\Documents\AI_Robotics Projects\AAU\Summer\Dataset_YOLO\runs\detect\train\weights\best.pt,42.57,44.8
C:\Users\User\Documents\AI_Robotics Projects\AAU\Summer\Dataset_YOLO\runs\detect\train\weights\best.pt,38.13,58.8
C:\Users\User\Documents\AI_Robotics Projects\AAU\Summer\Dataset_YOLO\runs\detect\train\weights\best.pt,33.39,31.4
C:\Users\User\Documents\AI_Robotics Projects\AAU\Summer\Dataset_YOLO\runs\detect\train\weights\best.pt,34.42,45.1
C:\Users\User\Documents\AI_Robotics Projects\AAU\Summer\Dataset_YOLO\runs\detect\train\weights\best.pt,34.29,36.0
C:\Users\User\Documents\AI_Robotics Projects\AAU\Summer\Dataset_YOLO\runs\detect\train\weights\best.pt,32.53,47.3
C:\Users\User\Documents\AI_Robotics Projects\AAU\Summer\Dataset_YOLO\runs\detect\train\weights\best.pt,34.92,39.1
C:\Users\User\Documents\AI_Robotics Projects\AAU\Summer\Dataset_YOLO\runs\detect\train\weights\best.pt,34.12,46.3
C:\Users\User\Documents\AI_Robotics Projects\AAU\Summer\Dataset_YOLO\runs\detect\train\weights\best.pt,33.79,44.5
C:\Users\User\Documents\AI_Robotics Projects\AAU\Summer\Dataset_YOLO\runs\detect\train\weights\best.pt,33.19,41.0
C:\Users\User\Documents\AI_Robotics Projects\AAU\Summer\Dataset_YOLO\runs\detect\train\weights\best.pt,35.61,44.0
C:\Users\User\Documents\AI_Robotics Projects\AAU\Summer\Dataset_YOLO\runs\detect\train\weights\best.pt,35.69,51.4
C:\Users\User\Documents\AI_Robotics Projects\AAU\Summer\Dataset_YOLO\runs\detect\train\weights\best.pt,51.66,30.1
C:\Users\User\Documents\AI_Robotics Projects\AAU\Summer\Dataset_YOLO\runs\detect\train\weights\best.pt,34.1,72.3
C:\Users\User\Documents\AI_Robotics Projects\AAU\Summer\Dataset_YOLO\runs\detect\train\weights\best.pt,33.09,31.0
C:\Users\User\Documents\AI_Robotics Projects\AAU\Summer\Dataset_YOLO\runs\detect\train\weights\best.pt,34.31,41.6
C:\Users\User\Documents\AI_Robotics Projects\AAU\Summer\Dataset_YOLO\runs\detect\train\weights\best.pt,34.11,42.3
C:\Users\User\Documents\AI_Robotics Projects\AAU\Summer\Dataset_YOLO\runs\detect\train\weights\best.pt,34.36,45.0
C:\Users\User\Documents\AI_Robotics Projects\AAU\Summer\Dataset_YOLO\runs\detect\train\weights\best.pt,34.88,51.3
C:\Users\User\Documents\AI_Robotics Projects\AAU\Summer\Dataset_YOLO\runs\detect\train\weights\best.pt,33.81,30.8
C:\Users\User\Documents\AI_Robotics Projects\AAU\Summer\Dataset_YOLO\runs\detect\train\weights\best.pt,33.07,34.2
C:\Users\User\Documents\AI_Robotics Projects\AAU\Summer\Dataset_YOLO\runs\detect\train\weights\best.pt,40.39,24.8
C:\Users\User\Documents\AI_Robotics Projects\AAU\Summer\Dataset_YOLO\runs\detect\train\weights\best.pt,33.85,38.4
C:\Users\User\Documents\AI_Robotics Projects\AAU\Summer\Dataset_YOLO\runs\detect\train\weights\best.pt,33.75,50.4
C:\Users\User\Documents\AI_Robotics Projects\AAU\Summer\Dataset_YOLO\runs\detect\train\weights\best.pt,33.75,48.6
C:\Users\User\Documents\AI_Robotics Projects\AAU\Summer\Dataset_YOLO\runs\detect\train\weights\best.pt,33.41,27.1
C:\Users\User\Documents\AI_Robotics Projects\AAU\Summer\Dataset_YOLO\runs\detect\train\weights\best.pt,33.73,44.3
C:\Users\User\Documents\AI_Robotics Projects\AAU\Summer\Dataset_YOLO\runs\detect\train\weights\best.pt,34.45,29.4
C:\Users\User\Documents\AI_Robotics Projects\AAU\Summer\Dataset_YOLO\runs\detect\train\weights\best.pt,34.7,60.9
C:\Users\User\Documents\AI_Robotics Projects\AAU\Summer\Dataset_YOLO\runs\detect\train\weights\best.pt,34.82,37.5
C:\Users\User\Documents\AI_Robotics Projects\AAU\Summer\Dataset_YOLO\runs\detect\train\weights\best.pt,33.05,29.5
C:\Users\User\Documents\AI_Robotics Projects\AAU\Summer\Dataset_YOLO\runs\detect\train\weights\best.pt,34.37,72.2
C:\Users\User\Documents\AI_Robotics Projects\AAU\Summer\Dataset_YOLO\runs\detect\train\weights\best.pt,36.29,42.0
C:\Users\User\Documents\AI_Robotics Projects\AAU\Summer\Dataset_YOLO\runs\detect\train\weights\best.pt,33.26,49.2
C:\Users\User\Documents\AI_Robotics Projects\AAU\Summer\Dataset_YOLO\runs\detect\train\weights\best.pt,32.15,53.9
C:\Users\User\Documents\AI_Robotics Projects\AAU\Summer\Dataset_YOLO\runs\detect\train\weights\best.pt,35.38,71.4
C:\Users\User\Documents\AI_Robotics Projects\AAU\Summer\Dataset_YOLO\runs\detect\train\weights\best.pt,34.59,49.4
C:\Users\User\Documents\AI_Robotics Projects\AAU\Summer\Dataset_YOLO\runs\detect\train\weights\best.pt,32.54,46.9
C:\Users\User\Documents\AI_Robotics Projects\AAU\Summer\Dataset_YOLO\runs\detect\train\weights\best.pt,36.76,44.4
C:\Users\User\Documents\AI_Robotics Projects\AAU\Summer\Dataset_YOLO\runs\detect\train\weights\best.pt,34.85,30.0
C:\Users\User\Documents\AI_Robotics Projects\AAU\Summer\Dataset_YOLO\runs\detect\train\weights\best.pt,36.16,43.3
C:\Users\User\Documents\AI_Robotics Projects\AAU\Summer\Dataset_YOLO\runs\detect\train\weights\best.pt,37.42,45.7
C:\Users\User\Documents\AI_Robotics Projects\AAU\Summer\Dataset_YOLO\runs\detect\train\weights\best.pt,58.38,33.6
C:\Users\User\Documents\AI_Robotics Projects\AAU\Summer\Dataset_YOLO\runs\detect\train\weights\best.pt,50.74,47.5
C:\Users\User\Documents\AI_Robotics Projects\AAU\Summer\Dataset_YOLO\runs\detect\train\weights\best.pt,39.51,46.2
C:\Users\User\Documents\AI_Robotics Projects\AAU\Summer\Dataset_YOLO\runs\detect\train\weights\best.pt,33.07,31.3
C:\Users\User\Documents\AI_Robotics Projects\AAU\Summer\Dataset_YOLO\runs\detect\train\weights\best.pt,34.34,42.5
C:\Users\User\Documents\AI_Robotics Projects\AAU\Summer\Dataset_YOLO\runs\detect\train\weights\best.pt,36.42,48.1
C:\Users\User\Documents\AI_Robotics Projects\AAU\Summer\Dataset_YOLO\runs\detect\train\weights\best.pt,33.99,48.9
C:\Users\User\Documents\AI_Robotics Projects\AAU\Summer\Dataset_YOLO\runs\detect\train\weights\best.pt,47.92,48.1
C:\Users\User\Documents\AI_Robotics Projects\AAU\Summer\Dataset_YOLO\runs\detect\train\weights\best.pt,36.4,38.5
C:\Users\User\Documents\AI_Robotics Projects\AAU\Summer\Dataset_YOLO\runs\detect\train\weights\best.pt,34.46,51.4
C:\Users\User\Documents\AI_Robotics Projects\AAU\Summer\Dataset_YOLO\runs\detect\train\weights\best.pt,35.11,28.6
C:\Users\User\Documents\AI_Robotics Projects\AAU\Summer\Dataset_YOLO\runs\detect\train\weights\best.pt,35.01,30.8
C:\Users\User\Documents\AI_Robotics Projects\AAU\Summer\Dataset_YOLO\runs\detect\train\weights\best.pt,32.95,43.1
C:\Users\User\Documents\AI_Robotics Projects\AAU\Summer\Dataset_YOLO\runs\detect\train\weights\best.pt,33.25,40.4
C:\Users\User\Documents\AI_Robotics Projects\AAU\Summer\Dataset_YOLO\runs\detect\train\weights\best.pt,35.32,42.0
C:\Users\User\Documents\AI_Robotics Projects\AAU\Summer\Dataset_YOLO\runs\detect\train\weights\best.pt,34.86,43.3
C:\Users\User\Documents\AI_Robotics Projects\AAU\Summer\Dataset_YOLO\runs\detect\train\weights\best.pt,34.06,53.1
C:\Users\User\Documents\AI_Robotics Projects\AAU\Summer\Dataset_YOLO\runs\detect\train\weights\best.pt,35.36,47.0
C:\Users\User\Documents\AI_Robotics Projects\AAU\Summer\Dataset_YOLO\runs\detect\train\weights\best.pt,34.84,99.3
C:\Users\User\Documents\AI_Robotics Projects\AAU\Summer\Dataset_YOLO\runs\detect\train\weights\best.pt,31.77,54.1
C:\Users\User\Documents\AI_Robotics Projects\AAU\Summer\Dataset_YOLO\runs\detect\train\weights\best.pt,36.1,46.0
C:\Users\User\Documents\AI_Robotics Projects\AAU\Summer\Dataset_YOLO\runs\detect\train\weights\best.pt,37.16,52.1
C:\Users\User\Documents\AI_Robotics Projects\AAU\Summer\Dataset_YOLO\runs\detect\train\weights\best.pt,41.76,28.9
C:\Users\User\Documents\AI_Robotics Projects\AAU\Summer\Dataset_YOLO\runs\detect\train\weights\best.pt,34.06,29.6
C:\Users\User\Documents\AI_Robotics Projects\AAU\Summer\Dataset_YOLO\runs\detect\train\weights\best.pt,34.66,50.2
C:\Users\User\Documents\AI_Robotics Projects\AAU\Summer\Dataset_YOLO\runs\detect\train\weights\best.pt,35.01,43.8
C:\Users\User\Documents\AI_Robotics Projects\AAU\Summer\Dataset_YOLO\runs\detect\train\weights\best.pt,34.14,42.3
C:\Users\User\Documents\AI_Robotics Projects\AAU\Summer\Dataset_YOLO\runs\detect\train\weights\best.pt,35.23,119.4
C:\Users\User\Documents\AI_Robotics Projects\AAU\Summer\Dataset_YOLO\runs\detect\train\weights\best.pt,33.94,163.8
C:\Users\User\Documents\AI_Robotics Projects\AAU\Summer\Dataset_YOLO\runs\detect\train\weights\best.pt,34.48,36.9
C:\Users\User\Documents\AI_Robotics Projects\AAU\Summer\Dataset_YOLO\runs\detect\train\weights\best.pt,58.19,38.3
C:\Users\User\Documents\AI_Robotics Projects\AAU\Summer\Dataset_YOLO\runs\detect\train\weights\best.pt,37.55,43.7
C:\Users\User\Documents\AI_Robotics Projects\AAU\Summer\Dataset_YOLO\runs\detect\train\weights\best.pt,33.47,37.8
C:\Users\User\Documents\AI_Robotics Projects\AAU\Summer\Dataset_YOLO\runs\detect\train\weights\best.pt,35.09,34.2
C:\Users\User\Documents\AI_Robotics Projects\AAU\Summer\Dataset_YOLO\runs\detect\train\weights\best.pt,34.84,30.0
C:\Users\User\Documents\AI_Robotics Projects\AAU\Summer\Dataset_YOLO\runs\detect\train\weights\best.pt,36.84,29.5
C:\Users\User\Documents\AI_Robotics Projects\AAU\Summer\Dataset_YOLO\runs\detect\train\weights\best.pt,33.09,28.7
C:\Users\User\Documents\AI_Robotics Projects\AAU\Summer\Dataset_YOLO\runs\detect\train\weights\best.pt,34.27,43.2
C:\Users\User\Documents\AI_Robotics Projects\AAU\Summer\Dataset_YOLO\runs\detect\train\weights\best.pt,35.2,38.7
C:\Users\User\Documents\AI_Robotics Projects\AAU\Summer\Dataset_YOLO\runs\detect\train\weights\best.pt,35.39,53.0
C:\Users\User\Documents\AI_Robotics Projects\AAU\Summer\Dataset_YOLO\runs\detect\train\weights\best.pt,35.54,47.4
C:\Users\User\Documents\AI_Robotics Projects\AAU\Summer\Dataset_YOLO\runs\detect\train\weights\best.pt,34.36,46.3
C:\Users\User\Documents\AI_Robotics Projects\AAU\Summer\Dataset_YOLO\runs\detect\train\weights\best.pt,41.76,37.6
C:\Users\User\Documents\AI_Robotics Projects\AAU\Summer\Dataset_YOLO\runs\detect\train\weights\best.pt,36.06,43.6
C:\Users\User\Documents\AI_Robotics Projects\AAU\Summer\Dataset_YOLO\runs\detect\train\weights\best.pt,35.89,30.9
C:\Users\User\Documents\AI_Robotics Projects\AAU\Summer\Dataset_YOLO\runs\detect\train\weights\best.pt,35.41,28.5
C:\Users\User\Documents\AI_Robotics Projects\AAU\Summer\Dataset_YOLO\runs\detect\train\weights\best.pt,37.14,49.7
C:\Users\User\Documents\AI_Robotics Projects\AAU\Summer\Dataset_YOLO\runs\detect\train\weights\best.pt,34.56,35.1
C:\Users\User\Documents\AI_Robotics Projects\AAU\Summer\Dataset_YOLO\runs\detect\train\weights\best.pt,35.46,33.4
C:\Users\User\Documents\AI_Robotics Projects\AAU\Summer\Dataset_YOLO\runs\detect\train\weights\best.pt,35.83,49.4
C:\Users\User\Documents\AI_Robotics Projects\AAU\Summer\Dataset_YOLO\runs\detect\train\weights\best.pt,35.7,31.4
C:\Users\User\Documents\AI_Robotics Projects\AAU\Summer\Dataset_YOLO\runs\detect\train\weights\best.pt,32.09,28.6
C:\Users\User\Documents\AI_Robotics Projects\AAU\Summer\Dataset_YOLO\runs\detect\train\weights\best.pt,35.67,43.9
C:\Users\User\Documents\AI_Robotics Projects\AAU\Summer\Dataset_YOLO\runs\detect\train\weights\best.pt,34.85,48.6
C:\Users\User\Documents\AI_Robotics Projects\AAU\Summer\Dataset_YOLO\runs\detect\train\weights\best.pt,35.63,28.4
C:\Users\User\Documents\AI_Robotics Projects\AAU\Summer\Dataset_YOLO\runs\detect\train\weights\best.pt,33.55,30.9
C:\Users\User\Documents\AI_Robotics Projects\AAU\Summer\Dataset_YOLO\runs\detect\train\weights\best.pt,34.86,36.3
C:\Users\User\Documents\AI_Robotics Projects\AAU\Summer\Dataset_YOLO\runs\detect\train\weights\best.pt,45.22,42.5
C:\Users\User\Documents\AI_Robotics Projects\AAU\Summer\Dataset_YOLO\runs\detect\train\weights\best.pt,58.68,28.9
C:\Users\User\Documents\AI_Robotics Projects\AAU\Summer\Dataset_YOLO\runs\detect\train\weights\best.pt,43.66,41.1
C:\Users\User\Documents\AI_Robotics Projects\AAU\Summer\Dataset_YOLO\runs\detect\train\weights\best.pt,37.54,40.5
C:\Users\User\Documents\AI_Robotics Projects\AAU\Summer\Dataset_YOLO\runs\detect\train\weights\best.pt,35.76,33.9
C:\Users\User\Documents\AI_Robotics Projects\AAU\Summer\Dataset_YOLO\runs\detect\train\weights\best.pt,35.11,28.6
C:\Users\User\Documents\AI_Robotics Projects\AAU\Summer\Dataset_YOLO\runs\detect\train\weights\best.pt,42.34,30.1
C:\Users\User\Documents\AI_Robotics Projects\AAU\Summer\Dataset_YOLO\runs\detect\train\weights\best.pt,37.07,40.3
C:\Users\User\Documents\AI_Robotics Projects\AAU\Summer\Dataset_YOLO\runs\detect\train\weights\best.pt,36.14,31.2
C:\Users\User\Documents\AI_Robotics Projects\AAU\Summer\Dataset_YOLO\runs\detect\train\weights\best.pt,34.78,32.3
C:\Users\User\Documents\AI_Robotics Projects\AAU\Summer\Dataset_YOLO\runs\detect\train\weights\best.pt,37.17,50.4
C:\Users\User\Documents\AI_Robotics Projects\AAU\Summer\Dataset_YOLO\runs\detect\train\weights\best.pt,36.05,30.0
C:\Users\User\Documents\AI_Robotics Projects\AAU\Summer\Dataset_YOLO\runs\detect\train\weights\best.pt,36.14,43.4
C:\Users\User\Documents\AI_Robotics Projects\AAU\Summer\Dataset_YOLO\runs\detect\train\weights\best.pt,34.57,29.9
C:\Users\User\Documents\AI_Robotics Projects\AAU\Summer\Dataset_YOLO\runs\detect\train\weights\best.pt,34.0,28.7
C:\Users\User\Documents\AI_Robotics Projects\AAU\Summer\Dataset_YOLO\runs\detect\train\weights\best.pt,33.5,40.0
C:\Users\User\Documents\AI_Robotics Projects\AAU\Summer\Dataset_YOLO\runs\detect\train\weights\best.pt,36.27,33.7
C:\Users\User\Documents\AI_Robotics Projects\AAU\Summer\Dataset_YOLO\runs\detect\train\weights\best.pt,35.34,29.2
C:\Users\User\Documents\AI_Robotics Projects\AAU\Summer\Dataset_YOLO\runs\detect\train\weights\best.pt,35.43,60.5
C:\Users\User\Documents\AI_Robotics Projects\AAU\Summer\Dataset_YOLO\runs\detect\train\weights\best.pt,34.42,39.4
C:\Users\User\Documents\AI_Robotics Projects\AAU\Summer\Dataset_YOLO\runs\detect\train\weights\best.pt,35.98,40.1
C:\Users\User\Documents\AI_Robotics Projects\AAU\Summer\Dataset_YOLO\runs\detect\train\weights\best.pt,37.3,52.4
C:\Users\User\Documents\AI_Robotics Projects\AAU\Summer\Dataset_YOLO\runs\detect\train\weights\best.pt,33.55,32.9
C:\Users\User\Documents\AI_Robotics Projects\AAU\Summer\Dataset_YOLO\runs\detect\train\weights\best.pt,34.36,35.3
C:\Users\User\Documents\AI_Robotics Projects\AAU\Summer\Dataset_YOLO\runs\detect\train\weights\best.pt,36.26,28.8
C:\Users\User\Documents\AI_Robotics Projects\AAU\Summer\Dataset_YOLO\runs\detect\train\weights\best.pt,33.43,31.4
C:\Users\User\Documents\AI_Robotics Projects\AAU\Summer\Dataset_YOLO\runs\detect\train\weights\best.pt,37.71,46.3
C:\Users\User\Documents\AI_Robotics Projects\AAU\Summer\Dataset_YOLO\runs\detect\train\weights\best.pt,41.29,38.2
C:\Users\User\Documents\AI_Robotics Projects\AAU\Summer\Dataset_YOLO\runs\detect\train\weights\best.pt,36.53,34.2
C:\Users\User\Documents\AI_Robotics Projects\AAU\Summer\Dataset_YOLO\runs\detect\train\weights\best.pt,55.57,45.5
C:\Users\User\Documents\AI_Robotics Projects\AAU\Summer\Dataset_YOLO\runs\detect\train\weights\best.pt,38.0,42.5
C:\Users\User\Documents\AI_Robotics Projects\AAU\Summer\Dataset_YOLO\runs\detect\train\weights\best.pt,35.47,52.6
C:\Users\User\Documents\AI_Robotics Projects\AAU\Summer\Dataset_YOLO\runs\detect\train\weights\best.pt,35.83,50.1
C:\Users\User\Documents\AI_Robotics Projects\AAU\Summer\Dataset_YOLO\runs\detect\train\weights\best.pt,32.89,45.5
C:\Users\User\Documents\AI_Robotics Projects\AAU\Summer\Dataset_YOLO\runs\detect\train\weights\best.pt,35.78,45.8
C:\Users\User\Documents\AI_Robotics Projects\AAU\Summer\Dataset_YOLO\runs\detect\train\weights\best.pt,33.94,30.0
C:\Users\User\Documents\AI_Robotics Projects\AAU\Summer\Dataset_YOLO\runs\detect\train\weights\best.pt,36.26,46.9
C:\Users\User\Documents\AI_Robotics Projects\AAU\Summer\Dataset_YOLO\runs\detect\train\weights\best.pt,36.18,29.9
C:\Users\User\Documents\AI_Robotics Projects\AAU\Summer\Dataset_YOLO\runs\detect\train\weights\best.pt,34.61,37.0
C:\Users\User\Documents\AI_Robotics Projects\AAU\Summer\Dataset_YOLO\runs\detect\train\weights\best.pt,38.99,31.6
C:\Users\User\Documents\AI_Robotics Projects\AAU\Summer\Dataset_YOLO\runs\detect\train\weights\best.pt,33.55,29.7
C:\Users\User\Documents\AI_Robotics Projects\AAU\Summer\Dataset_YOLO\runs\detect\train\weights\best.pt,35.97,46.7
C:\Users\User\Documents\AI_Robotics Projects\AAU\Summer\Dataset_YOLO\runs\detect\train\weights\best.pt,36.15,28.3
C:\Users\User\Documents\AI_Robotics Projects\AAU\Summer\Dataset_YOLO\runs\detect\train\weights\best.pt,36.56,30.1
C:\Users\User\Documents\AI_Robotics Projects\AAU\Summer\Dataset_YOLO\runs\detect\train\weights\best.pt,35.87,32.2
C:\Users\User\Documents\AI_Robotics Projects\AAU\Summer\Dataset_YOLO\runs\detect\train\weights\best.pt,33.22,50.3
C:\Users\User\Documents\AI_Robotics Projects\AAU\Summer\Dataset_YOLO\runs\detect\train\weights\best.pt,36.12,43.0
C:\Users\User\Documents\AI_Robotics Projects\AAU\Summer\Dataset_YOLO\runs\detect\train\weights\best.pt,40.1,29.4
C:\Users\User\Documents\AI_Robotics Projects\AAU\Summer\Dataset_YOLO\runs\detect\train\weights\best.pt,39.45,32.4
C:\Users\User\Documents\AI_Robotics Projects\AAU\Summer\Dataset_YOLO\runs\detect\train\weights\best.pt,35.52,40.4
C:\Users\User\Documents\AI_Robotics Projects\AAU\Summer\Dataset_YOLO\runs\detect\train\weights\best.pt,37.11,29.0
C:\Users\User\Documents\AI_Robotics Projects\AAU\Summer\Dataset_YOLO\runs\detect\train\weights\best.pt,35.31,38.1
C:\Users\User\Documents\AI_Robotics Projects\AAU\Summer\Dataset_YOLO\runs\detect\train\weights\best.pt,37.84,50.5
C:\Users\User\Documents\AI_Robotics Projects\AAU\Summer\Dataset_YOLO\runs\detect\train\weights\best.pt,36.19,28.3
C:\Users\User\Documents\AI_Robotics Projects\AAU\Summer\Dataset_YOLO\runs\detect\train\weights\best.pt,34.97,30.5
C:\Users\User\Documents\AI_Robotics Projects\AAU\Summer\Dataset_YOLO\runs\detect\train\weights\best.pt,40.66,26.3
C:\Users\User\Documents\AI_Robotics Projects\AAU\Summer\Dataset_YOLO\runs\detect\train\weights\best.pt,36.19,31.2
C:\Users\User\Documents\AI_Robotics Projects\AAU\Summer\Dataset_YOLO\runs\detect\train\weights\best.pt,34.89,49.0
C:\Users\User\Documents\AI_Robotics Projects\AAU\Summer\Dataset_YOLO\runs\detect\train\weights\best.pt,122.44,26.4
C:\Users\User\Documents\AI_Robotics Projects\AAU\Summer\Dataset_YOLO\runs\detect\train\weights\best.pt,38.08,29.6
C:\Users\User\Documents\AI_Robotics Projects\AAU\Summer\Dataset_YOLO\runs\detect\train\weights\best.pt,35.44,29.2
C:\Users\User\Documents\AI_Robotics Projects\AAU\Summer\Dataset_YOLO\runs\detect\train\weights\best.pt,35.99,29.8
C:\Users\User\Documents\AI_Robotics Projects\AAU\Summer\Dataset_YOLO\runs\detect\train\weights\best.pt,37.14,46.1
C:\Users\User\Documents\AI_Robotics Projects\AAU\Summer\Dataset_YOLO\runs\detect\train\weights\best.pt,37.52,37.2
C:\Users\User\Documents\AI_Robotics Projects\AAU\Summer\Dataset_YOLO\runs\detect\train\weights\best.pt,35.99,30.1
C:\Users\User\Documents\AI_Robotics Projects\AAU\Summer\Dataset_YOLO\runs\detect\train\weights\best.pt,35.9,30.7
C:\Users\User\Documents\AI_Robotics Projects\AAU\Summer\Dataset_YOLO\runs\detect\train\weights\best.pt,56.92,27.0
C:\Users\User\Documents\AI_Robotics Projects\AAU\Summer\Dataset_YOLO\runs\detect\train\weights\best.pt,54.94,44.5
C:\Users\User\Documents\AI_Robotics Projects\AAU\Summer\Dataset_YOLO\runs\detect\train\weights\best.pt,44.92,36.0
C:\Users\User\Documents\AI_Robotics Projects\AAU\Summer\Dataset_YOLO\runs\detect\train\weights\best.pt,40.57,39.1
C:\Users\User\Documents\AI_Robotics Projects\AAU\Summer\Dataset_YOLO\runs\detect\train\weights\best.pt,40.64,43.1
C:\Users\User\Documents\AI_Robotics Projects\AAU\Summer\Dataset_YOLO\runs\detect\train\weights\best.pt,40.28,31.4
C:\Users\User\Documents\AI_Robotics Projects\AAU\Summer\Dataset_YOLO\runs\detect\train\weights\best.pt,43.11,42.1
C:\Users\User\Documents\AI_Robotics Projects\AAU\Summer\Dataset_YOLO\runs\detect\train\weights\best.pt,40.67,27.5
C:\Users\User\Documents\AI_Robotics Projects\AAU\Summer\Dataset_YOLO\runs\detect\train\weights\best.pt,38.58,28.5
C:\Users\User\Documents\AI_Robotics Projects\AAU\Summer\Dataset_YOLO\runs\detect\train\weights\best.pt,39.11,53.4
C:\Users\User\Documents\AI_Robotics Projects\AAU\Summer\Dataset_YOLO\runs\detect\train\weights\best.pt,39.33,41.8
C:\Users\User\Documents\AI_Robotics Projects\AAU\Summer\Dataset_YOLO\runs\detect\train\weights\best.pt,41.55,34.1
C:\Users\User\Documents\AI_Robotics Projects\AAU\Summer\Dataset_YOLO\runs\detect\train\weights\best.pt,39.71,42.7
C:\Users\User\Documents\AI_Robotics Projects\AAU\Summer\Dataset_YOLO\runs\detect\train\weights\best.pt,38.63,30.7
C:\Users\User\Documents\AI_Robotics Projects\AAU\Summer\Dataset_YOLO\runs\detect\train\weights\best.pt,39.4,30.2
C:\Users\User\Documents\AI_Robotics Projects\AAU\Summer\Dataset_YOLO\runs\detect\train\weights\best.pt,37.67,36.2
C:\Users\User\Documents\AI_Robotics Projects\AAU\Summer\Dataset_YOLO\runs\detect\train\weights\best.pt,40.05,43.9
C:\Users\User\Documents\AI_Robotics Projects\AAU\Summer\Dataset_YOLO\runs\detect\train\weights\best.pt,39.82,35.9
C:\Users\User\Documents\AI_Robotics Projects\AAU\Summer\Dataset_YOLO\runs\detect\train\weights\best.pt,39.63,43.6
C:\Users\User\Documents\AI_Robotics Projects\AAU\Summer\Dataset_YOLO\runs\detect\train\weights\best.pt,40.81,44.3
C:\Users\User\Documents\AI_Robotics Projects\AAU\Summer\Dataset_YOLO\runs\detect\train\weights\best.pt,58.54,34.7
C:\Users\User\Documents\AI_Robotics Projects\AAU\Summer\Dataset_YOLO\runs\detect\train\weights\best.pt,68.21,36.8
C:\Users\User\Documents\AI_Robotics Projects\AAU\Summer\Dataset_YOLO\runs\detect\train\weights\best.pt,41.63,40.7
C:\Users\User\Documents\AI_Robotics Projects\AAU\Summer\Dataset_YOLO\runs\detect\train\weights\best.pt,39.38,41.7
C:\Users\User\Documents\AI_Robotics Projects\AAU\Summer\Dataset_YOLO\runs\detect\train\weights\best.pt,41.56,28.2
C:\Users\User\Documents\AI_Robotics Projects\AAU\Summer\Dataset_YOLO\runs\detect\train\weights\best.pt,41.9,36.0
C:\Users\User\Documents\AI_Robotics Projects\AAU\Summer\Dataset_YOLO\runs\detect\train\weights\best.pt,41.53,44.5
C:\Users\User\Documents\AI_Robotics Projects\AAU\Summer\Dataset_YOLO\runs\detect\train\weights\best.pt,40.01,43.9
C:\Users\User\Documents\AI_Robotics Projects\AAU\Summer\Dataset_YOLO\runs\detect\train\weights\best.pt,42.15,33.4
C:\Users\User\Documents\AI_Robotics Projects\AAU\Summer\Dataset_YOLO\runs\detect\train\weights\best.pt,39.35,47.4
C:\Users\User\Documents\AI_Robotics Projects\AAU\Summer\Dataset_YOLO\runs\detect\train\weights\best.pt,40.34,42.9
C:\Users\User\Documents\AI_Robotics Projects\AAU\Summer\Dataset_YOLO\runs\detect\train\weights\best.pt,38.85,47.0
C:\Users\User\Documents\AI_Robotics Projects\AAU\Summer\Dataset_YOLO\runs\detect\train\weights\best.pt,37.67,42.6
C:\Users\User\Documents\AI_Robotics Projects\AAU\Summer\Dataset_YOLO\runs\detect\train\weights\best.pt,37.63,47.1
C:\Users\User\Documents\AI_Robotics Projects\AAU\Summer\Dataset_YOLO\runs\detect\train\weights\best.pt,40.02,33.9
C:\Users\User\Documents\AI_Robotics Projects\AAU\Summer\Dataset_YOLO\runs\detect\train\weights\best.pt,38.95,42.4
C:\Users\User\Documents\AI_Robotics Projects\AAU\Summer\Dataset_YOLO\runs\detect\train\weights\best.pt,39.62,28.4
C:\Users\User\Documents\AI_Robotics Projects\AAU\Summer\Dataset_YOLO\runs\detect\train\weights\best.pt,41.06,34.5
C:\Users\User\Documents\AI_Robotics Projects\AAU\Summer\Dataset_YOLO\runs\detect\train\weights\best.pt,39.65,26.9
C:\Users\User\Documents\AI_Robotics Projects\AAU\Summer\Dataset_YOLO\runs\detect\train\weights\best.pt,40.53,46.5
C:\Users\User\Documents\AI_Robotics Projects\AAU\Summer\Dataset_YOLO\runs\detect\train\weights\best.pt,40.54,40.7
C:\Users\User\Documents\AI_Robotics Projects\AAU\Summer\Dataset_YOLO\runs\detect\train\weights\best.pt,49.42,29.3
C:\Users\User\Documents\AI_Robotics Projects\AAU\Summer\Dataset_YOLO\runs\detect\train\weights\best.pt,47.39,42.8
C:\Users\User\Documents\AI_Robotics Projects\AAU\Summer\Dataset_YOLO\runs\detect\train\weights\best.pt,41.6,40.2
C:\Users\User\Documents\AI_Robotics Projects\AAU\Summer\Dataset_YOLO\runs\detect\train\weights\best.pt,39.8,42.7
C:\Users\User\Documents\AI_Robotics Projects\AAU\Summer\Dataset_YOLO\runs\detect\train\weights\best.pt,41.61,43.8
C:\Users\User\Documents\AI_Robotics Projects\AAU\Summer\Dataset_YOLO\runs\detect\train\weights\best.pt,41.61,33.3
C:\Users\User\Documents\AI_Robotics Projects\AAU\Summer\Dataset_YOLO\runs\detect\train\weights\best.pt,38.81,26.6
C:\Users\User\Documents\AI_Robotics Projects\AAU\Summer\Dataset_YOLO\runs\detect\train\weights\best.pt,44.68,32.0
C:\Users\User\Documents\AI_Robotics Projects\AAU\Summer\Dataset_YOLO\runs\detect\train\weights\best.pt,61.8,29.9
C:\Users\User\Documents\AI_Robotics Projects\AAU\Summer\Dataset_YOLO\runs\detect\train\weights\best.pt,45.2,35.2
C:\Users\User\Documents\AI_Robotics Projects\AAU\Summer\Dataset_YOLO\runs\detect\train\weights\best.pt,39.16,43.8
C:\Users\User\Documents\AI_Robotics Projects\AAU\Summer\Dataset_YOLO\runs\detect\train\weights\best.pt,41.97,48.9
C:\Users\User\Documents\AI_Robotics Projects\AAU\Summer\Dataset_YOLO\runs\detect\train\weights\best.pt,42.92,43.2
C:\Users\User\Documents\AI_Robotics Projects\AAU\Summer\Dataset_YOLO\runs\detect\train\weights\best.pt,42.13,41.2
C:\Users\User\Documents\AI_Robotics Projects\AAU\Summer\Dataset_YOLO\runs\detect\train\weights\best.pt,41.76,43.9
C:\Users\User\Documents\AI_Robotics Projects\AAU\Summer\Dataset_YOLO\runs\detect\train\weights\best.pt,41.04,84.2
C:\Users\User\Documents\AI_Robotics Projects\AAU\Summer\Dataset_YOLO\runs\detect\train\weights\best.pt,42.84,90.5
C:\Users\User\Documents\AI_Robotics Projects\AAU\Summer\Dataset_YOLO\runs\detect\train\weights\best.pt,39.19,81.4
C:\Users\User\Documents\AI_Robotics Projects\AAU\Summer\Dataset_YOLO\runs\detect\train\weights\best.pt,38.3,82.3
C:\Users\User\Documents\AI_Robotics Projects\AAU\Summer\Dataset_YOLO\runs\detect\train\weights\best.pt,40.69,48.1
C:\Users\User\Documents\AI_Robotics Projects\AAU\Summer\Dataset_YOLO\runs\detect\train\weights\best.pt,49.77,81.8
C:\Users\User\Documents\AI_Robotics Projects\AAU\Summer\Dataset_YOLO\runs\detect\train\weights\best.pt,45.61,40.0
C:\Users\User\Documents\AI_Robotics Projects\AAU\Summer\Dataset_YOLO\runs\detect\train\weights\best.pt,41.12,149.2
C:\Users\User\Documents\AI_Robotics Projects\AAU\Summer\Dataset_YOLO\runs\detect\train\weights\best.pt,39.18,82.9
C:\Users\User\Documents\AI_Robotics Projects\AAU\Summer\Dataset_YOLO\runs\detect\train\weights\best.pt,43.14,83.1
C:\Users\User\Documents\AI_Robotics Projects\AAU\Summer\Dataset_YOLO\runs\detect\train\weights\best.pt,41.01,83.0
C:\Users\User\Documents\AI_Robotics Projects\AAU\Summer\Dataset_YOLO\runs\detect\train\weights\best.pt,40.53,43.8
C:\Users\User\Documents\AI_Robotics Projects\AAU\Summer\Dataset_YOLO\runs\detect\train\weights\best.pt,38.83,47.2
C:\Users\User\Documents\AI_Robotics Projects\AAU\Summer\Dataset_YOLO\runs\detect\train\weights\best.pt,42.94,52.4
C:\Users\User\Documents\AI_Robotics Projects\AAU\Summer\Dataset_YOLO\runs\detect\train\weights\best.pt,41.37,75.7
C:\Users\User\Documents\AI_Robotics Projects\AAU\Summer\Dataset_YOLO\runs\detect\train\weights\best.pt,38.44,38.5
C:\Users\User\Documents\AI_Robotics Projects\AAU\Summer\Dataset_YOLO\runs\detect\train\weights\best.pt,40.83,41.1
C:\Users\User\Documents\AI_Robotics Projects\AAU\Summer\Dataset_YOLO\runs\detect\train\weights\best.pt,43.21,82.1
C:\Users\User\Documents\AI_Robotics Projects\AAU\Summer\Dataset_YOLO\runs\detect\train\weights\best.pt,39.79,27.9
C:\Users\User\Documents\AI_Robotics Projects\AAU\Summer\Dataset_YOLO\runs\detect\train\weights\best.pt,42.03,46.4
C:\Users\User\Documents\AI_Robotics Projects\AAU\Summer\Dataset_YOLO\runs\detect\train\weights\best.pt,41.59,45.2
C:\Users\User\Documents\AI_Robotics Projects\AAU\Summer\Dataset_YOLO\runs\detect\train\weights\best.pt,40.57,47.6
C:\Users\User\Documents\AI_Robotics Projects\AAU\Summer\Dataset_YOLO\runs\detect\train\weights\best.pt,40.15,39.9
C:\Users\User\Documents\AI_Robotics Projects\AAU\Summer\Dataset_YOLO\runs\detect\train\weights\best.pt,41.04,29.8
C:\Users\User\Documents\AI_Robotics Projects\AAU\Summer\Dataset_YOLO\runs\detect\train\weights\best.pt,40.99,42.9
C:\Users\User\Documents\AI_Robotics Projects\AAU\Summer\Dataset_YOLO\runs\detect\train\weights\best.pt,65.23,41.0
C:\Users\User\Documents\AI_Robotics Projects\AAU\Summer\Dataset_YOLO\runs\detect\train\weights\best.pt,60.95,33.8
C:\Users\User\Documents\AI_Robotics Projects\AAU\Summer\Dataset_YOLO\runs\detect\train\weights\best.pt,53.12,36.9
C:\Users\User\Documents\AI_Robotics Projects\AAU\Summer\Dataset_YOLO\runs\detect\train\weights\best.pt,40.61,45.4
C:\Users\User\Documents\AI_Robotics Projects\AAU\Summer\Dataset_YOLO\runs\detect\train\weights\best.pt,43.36,94.6
C:\Users\User\Documents\AI_Robotics Projects\AAU\Summer\Dataset_YOLO\runs\detect\train\weights\best.pt,42.13,43.9
C:\Users\User\Documents\AI_Robotics Projects\AAU\Summer\Dataset_YOLO\runs\detect\train\weights\best.pt,42.2,56.1
C:\Users\User\Documents\AI_Robotics Projects\AAU\Summer\Dataset_YOLO\runs\detect\train\weights\best.pt,42.82,42.8
C:\Users\User\Documents\AI_Robotics Projects\AAU\Summer\Dataset_YOLO\runs\detect\train\weights\best.pt,41.22,41.5
C:\Users\User\Documents\AI_Robotics Projects\AAU\Summer\Dataset_YOLO\runs\detect\train\weights\best.pt,40.79,44.8
C:\Users\User\Documents\AI_Robotics Projects\AAU\Summer\Dataset_YOLO\runs\detect\train\weights\best.pt,41.62,40.7
C:\Users\User\Documents\AI_Robotics Projects\AAU\Summer\Dataset_YOLO\runs\detect\train\weights\best.pt,40.99,41.7
C:\Users\User\Documents\AI_Robotics Projects\AAU\Summer\Dataset_YOLO\runs\detect\train\weights\best.pt,40.39,41.0
C:\Users\User\Documents\AI_Robotics Projects\AAU\Summer\Dataset_YOLO\runs\detect\train\weights\best.pt,44.2,42.6
C:\Users\User\Documents\AI_Robotics Projects\AAU\Summer\Dataset_YOLO\runs\detect\train\weights\best.pt,43.39,47.2
C:\Users\User\Documents\AI_Robotics Projects\AAU\Summer\Dataset_YOLO\runs\detect\train\weights\best.pt,41.02,31.1
C:\Users\User\Documents\AI_Robotics Projects\AAU\Summer\Dataset_YOLO\runs\detect\train\weights\best.pt,40.49,44.5
C:\Users\User\Documents\AI_Robotics Projects\AAU\Summer\Dataset_YOLO\runs\detect\train\weights\best.pt,42.88,45.1
C:\Users\User\Documents\AI_Robotics Projects\AAU\Summer\Dataset_YOLO\runs\detect\train\weights\best.pt,42.07,44.7
C:\Users\User\Documents\AI_Robotics Projects\AAU\Summer\Dataset_YOLO\runs\detect\train\weights\best.pt,41.98,42.1
C:\Users\User\Documents\AI_Robotics Projects\AAU\Summer\Dataset_YOLO\runs\detect\train\weights\best.pt,41.18,42.5
C:\Users\User\Documents\AI_Robotics Projects\AAU\Summer\Dataset_YOLO\runs\detect\train\weights\best.pt,42.84,53.8
C:\Users\User\Documents\AI_Robotics Projects\AAU\Summer\Dataset_YOLO\runs\detect\train\weights\best.pt,46.07,45.1
C:\Users\User\Documents\AI_Robotics Projects\AAU\Summer\Dataset_YOLO\runs\detect\train\weights\best.pt,52.42,38.0
C:\Users\User\Documents\AI_Robotics Projects\AAU\Summer\Dataset_YOLO\runs\detect\train\weights\best.pt,44.04,42.9
C:\Users\User\Documents\AI_Robotics Projects\AAU\Summer\Dataset_YOLO\runs\detect\train\weights\best.pt,40.01,43.0
C:\Users\User\Documents\AI_Robotics Projects\AAU\Summer\Dataset_YOLO\runs\detect\train\weights\best.pt,40.89,41.8
C:\Users\User\Documents\AI_Robotics Projects\AAU\Summer\Dataset_YOLO\runs\detect\train\weights\best.pt,40.95,42.2
C:\Users\User\Documents\AI_Robotics Projects\AAU\Summer\Dataset_YOLO\runs\detect\train\weights\best.pt,60.45,27.2
C:\Users\User\Documents\AI_Robotics Projects\AAU\Summer\Dataset_YOLO\runs\detect\train\weights\best.pt,61.11,36.0
C:\Users\User\Documents\AI_Robotics Projects\AAU\Summer\Dataset_YOLO\runs\detect\train\weights\best.pt,47.13,41.1
C:\Users\User\Documents\AI_Robotics Projects\AAU\Summer\Dataset_YOLO\runs\detect\train\weights\best.pt,47.11,34.1
C:\Users\User\Documents\AI_Robotics Projects\AAU\Summer\Dataset_YOLO\runs\detect\train\weights\best.pt,44.74,73.7
C:\Users\User\Documents\AI_Robotics Projects\AAU\Summer\Dataset_YOLO\runs\detect\train\weights\best.pt,42.58,41.5
C:\Users\User\Documents\AI_Robotics Projects\AAU\Summer\Dataset_YOLO\runs\detect\train\weights\best.pt,43.55,41.5
C:\Users\User\Documents\AI_Robotics Projects\AAU\Summer\Dataset_YOLO\runs\detect\train\weights\best.pt,42.3,39.8
C:\Users\User\Documents\AI_Robotics Projects\AAU\Summer\Dataset_YOLO\runs\detect\train\weights\best.pt,43.28,40.3
C:\Users\User\Documents\AI_Robotics Projects\AAU\Summer\Dataset_YOLO\runs\detect\train\weights\best.pt,40.96,43.5
C:\Users\User\Documents\AI_Robotics Projects\AAU\Summer\Dataset_YOLO\runs\detect\train\weights\best.pt,43.64,49.4
C:\Users\User\Documents\AI_Robotics Projects\AAU\Summer\Dataset_YOLO\runs\detect\train\weights\best.pt,41.41,29.0
C:\Users\User\Documents\AI_Robotics Projects\AAU\Summer\Dataset_YOLO\runs\detect\train\weights\best.pt,43.31,40.6
C:\Users\User\Documents\AI_Robotics Projects\AAU\Summer\Dataset_YOLO\runs\detect\train\weights\best.pt,43.09,57.0
C:\Users\User\Documents\AI_Robotics Projects\AAU\Summer\Dataset_YOLO\runs\detect\train\weights\best.pt,43.73,49.1
C:\Users\User\Documents\AI_Robotics Projects\AAU\Summer\Dataset_YOLO\runs\detect\train\weights\best.pt,49.7,36.3
C:\Users\User\Documents\AI_Robotics Projects\AAU\Summer\Dataset_YOLO\runs\detect\train\weights\best.pt,41.58,41.1
C:\Users\User\Documents\AI_Robotics Projects\AAU\Summer\Dataset_YOLO\runs\detect\train\weights\best.pt,43.85,42.8
C:\Users\User\Documents\AI_Robotics Projects\AAU\Summer\Dataset_YOLO\runs\detect\train\weights\best.pt,41.15,40.4
C:\Users\User\Documents\AI_Robotics Projects\AAU\Summer\Dataset_YOLO\runs\detect\train\weights\best.pt,41.74,39.4
C:\Users\User\Documents\AI_Robotics Projects\AAU\Summer\Dataset_YOLO\runs\detect\train\weights\best.pt,41.84,27.7
C:\Users\User\Documents\AI_Robotics Projects\AAU\Summer\Dataset_YOLO\runs\detect\train\weights\best.pt,41.68,45.5
C:\Users\User\Documents\AI_Robotics Projects\AAU\Summer\Dataset_YOLO\runs\detect\train\weights\best.pt,44.98,42.6
C:\Users\User\Documents\AI_Robotics Projects\AAU\Summer\Dataset_YOLO\runs\detect\train\weights\best.pt,40.62,39.3
C:\Users\User\Documents\AI_Robotics Projects\AAU\Summer\Dataset_YOLO\runs\detect\train\weights\best.pt,43.33,42.7
C:\Users\User\Documents\AI_Robotics Projects\AAU\Summer\Dataset_YOLO\runs\detect\train\weights\best.pt,43.04,33.1
C:\Users\User\Documents\AI_Robotics Projects\AAU\Summer\Dataset_YOLO\runs\detect\train\weights\best.pt,44.09,41.6
C:\Users\User\Documents\AI_Robotics Projects\AAU\Summer\Dataset_YOLO\runs\detect\train\weights\best.pt,64.24,48.3
C:\Users\User\Documents\AI_Robotics Projects\AAU\Summer\Dataset_YOLO\runs\detect\train\weights\best.pt,54.04,32.2
C:\Users\User\Documents\AI_Robotics Projects\AAU\Summer\Dataset_YOLO\runs\detect\train\weights\best.pt,45.19,37.9
C:\Users\User\Documents\AI_Robotics Projects\AAU\Summer\Dataset_YOLO\runs\detect\train\weights\best.pt,43.09,38.4
C:\Users\User\Documents\AI_Robotics Projects\AAU\Summer\Dataset_YOLO\runs\detect\train\weights\best.pt,42.61,40.5
C:\Users\User\Documents\AI_Robotics Projects\AAU\Summer\Dataset_YOLO\runs\detect\train\weights\best.pt,43.49,40.1
C:\Users\User\Documents\AI_Robotics Projects\AAU\Summer\Dataset_YOLO\runs\detect\train\weights\best.pt,44.18,40.4
C:\Users\User\Documents\AI_Robotics Projects\AAU\Summer\Dataset_YOLO\runs\detect\train\weights\best.pt,43.19,33.9
C:\Users\User\Documents\AI_Robotics Projects\AAU\Summer\Dataset_YOLO\runs\detect\train\weights\best.pt,50.73,34.7
C:\Users\User\Documents\AI_Robotics Projects\AAU\Summer\Dataset_YOLO\runs\detect\train\weights\best.pt,43.53,40.1
C:\Users\User\Documents\AI_Robotics Projects\AAU\Summer\Dataset_YOLO\runs\detect\train\weights\best.pt,41.86,28.6
C:\Users\User\Documents\AI_Robotics Projects\AAU\Summer\Dataset_YOLO\runs\detect\train\weights\best.pt,43.53,36.6
C:\Users\User\Documents\AI_Robotics Projects\AAU\Summer\Dataset_YOLO\runs\detect\train\weights\best.pt,42.85,44.4
C:\Users\User\Documents\AI_Robotics Projects\AAU\Summer\Dataset_YOLO\runs\detect\train\weights\best.pt,42.14,92.6
C:\Users\User\Documents\AI_Robotics Projects\AAU\Summer\Dataset_YOLO\runs\detect\train\weights\best.pt,43.4,42.1
C:\Users\User\Documents\AI_Robotics Projects\AAU\Summer\Dataset_YOLO\runs\detect\train\weights\best.pt,42.03,55.7
C:\Users\User\Documents\AI_Robotics Projects\AAU\Summer\Dataset_YOLO\runs\detect\train\weights\best.pt,42.43,40.7
C:\Users\User\Documents\AI_Robotics Projects\AAU\Summer\Dataset_YOLO\runs\detect\train\weights\best.pt,41.36,52.4
C:\Users\User\Documents\AI_Robotics Projects\AAU\Summer\Dataset_YOLO\runs\detect\train\weights\best.pt,44.4,41.0
C:\Users\User\Documents\AI_Robotics Projects\AAU\Summer\Dataset_YOLO\runs\detect\train\weights\best.pt,43.89,41.9
C:\Users\User\Documents\AI_Robotics Projects\AAU\Summer\Dataset_YOLO\runs\detect\train\weights\best.pt,42.32,38.4
C:\Users\User\Documents\AI_Robotics Projects\AAU\Summer\Dataset_YOLO\runs\detect\train\weights\best.pt,40.44,40.2
C:\Users\User\Documents\AI_Robotics Projects\AAU\Summer\Dataset_YOLO\runs\detect\train\weights\best.pt,42.44,31.2
C:\Users\User\Documents\AI_Robotics Projects\AAU\Summer\Dataset_YOLO\runs\detect\train\weights\best.pt,42.75,44.1
C:\Users\User\Documents\AI_Robotics Projects\AAU\Summer\Dataset_YOLO\runs\detect\train\weights\best.pt,43.01,40.2
C:\Users\User\Documents\AI_Robotics Projects\AAU\Summer\Dataset_YOLO\runs\detect\train\weights\best.pt,43.44,46.0
C:\Users\User\Documents\AI_Robotics Projects\AAU\Summer\Dataset_YOLO\runs\detect\train\weights\best.pt,50.34,40.0
C:\Users\User\Documents\AI_Robotics Projects\AAU\Summer\Dataset_YOLO\runs\detect\train\weights\best.pt,43.86,43.8
C:\Users\User\Documents\AI_Robotics Projects\AAU\Summer\Dataset_YOLO\runs\detect\train\weights\best.pt,47.38,41.7
C:\Users\User\Documents\AI_Robotics Projects\AAU\Summer\Dataset_YOLO\runs\detect\train\weights\best.pt,65.12,34.8
C:\Users\User\Documents\AI_Robotics Projects\AAU\Summer\Dataset_YOLO\runs\detect\train\weights\best.pt,62.21,33.2
C:\Users\User\Documents\AI_Robotics Projects\AAU\Summer\Dataset_YOLO\runs\detect\train\weights\best.pt,45.9,39.1
C:\Users\User\Documents\AI_Robotics Projects\AAU\Summer\Dataset_YOLO\runs\detect\train\weights\best.pt,41.56,38.5
C:\Users\User\Documents\AI_Robotics Projects\AAU\Summer\Dataset_YOLO\runs\detect\train\weights\best.pt,42.62,99.5
C:\Users\User\Documents\AI_Robotics Projects\AAU\Summer\Dataset_YOLO\runs\detect\train\weights\best.pt,43.68,36.0
C:\Users\User\Documents\AI_Robotics Projects\AAU\Summer\Dataset_YOLO\runs\detect\train\weights\best.pt,42.11,33.9
C:\Users\User\Documents\AI_Robotics Projects\AAU\Summer\Dataset_YOLO\runs\detect\train\weights\best.pt,44.15,43.6
C:\Users\User\Documents\AI_Robotics Projects\AAU\Summer\Dataset_YOLO\runs\detect\train\weights\best.pt,44.38,41.4
C:\Users\User\Documents\AI_Robotics Projects\AAU\Summer\Dataset_YOLO\runs\detect\train\weights\best.pt,45.15,41.2
C:\Users\User\Documents\AI_Robotics Projects\AAU\Summer\Dataset_YOLO\runs\detect\train\weights\best.pt,42.44,39.6
C:\Users\User\Documents\AI_Robotics Projects\AAU\Summer\Dataset_YOLO\runs\detect\train\weights\best.pt,43.41,40.2
C:\Users\User\Documents\AI_Robotics Projects\AAU\Summer\Dataset_YOLO\runs\detect\train\weights\best.pt,44.62,85.0
C:\Users\User\Documents\AI_Robotics Projects\AAU\Summer\Dataset_YOLO\runs\detect\train\weights\best.pt,42.6,41.2
C:\Users\User\Documents\AI_Robotics Projects\AAU\Summer\Dataset_YOLO\runs\detect\train\weights\best.pt,43.11,39.6
C:\Users\User\Documents\AI_Robotics Projects\AAU\Summer\Dataset_YOLO\runs\detect\train\weights\best.pt,40.97,46.0
C:\Users\User\Documents\AI_Robotics Projects\AAU\Summer\Dataset_YOLO\runs\detect\train\weights\best.pt,43.37,78.8
C:\Users\User\Documents\AI_Robotics Projects\AAU\Summer\Dataset_YOLO\runs\detect\train\weights\best.pt,43.2,67.6
C:\Users\User\Documents\AI_Robotics Projects\AAU\Summer\Dataset_YOLO\runs\detect\train\weights\best.pt,41.75,80.1
C:\Users\User\Documents\AI_Robotics Projects\AAU\Summer\Dataset_YOLO\runs\detect\train\weights\best.pt,44.74,70.6
C:\Users\User\Documents\AI_Robotics Projects\AAU\Summer\Dataset_YOLO\runs\detect\train\weights\best.pt,50.61,68.9
C:\Users\User\Documents\AI_Robotics Projects\AAU\Summer\Dataset_YOLO\runs\detect\train\weights\best.pt,44.85,25.8
C:\Users\User\Documents\AI_Robotics Projects\AAU\Summer\Dataset_YOLO\runs\detect\train\weights\best.pt,44.8,38.2
C:\Users\User\Documents\AI_Robotics Projects\AAU\Summer\Dataset_YOLO\runs\detect\train\weights\best.pt,46.5,39.8
C:\Users\User\Documents\AI_Robotics Projects\AAU\Summer\Dataset_YOLO\runs\detect\train\weights\best.pt,42.84,38.9
C:\Users\User\Documents\AI_Robotics Projects\AAU\Summer\Dataset_YOLO\runs\detect\train\weights\best.pt,45.2,39.9
C:\Users\User\Documents\AI_Robotics Projects\AAU\Summer\Dataset_YOLO\runs\detect\train\weights\best.pt,43.62,25.0
C:\Users\User\Documents\AI_Robotics Projects\AAU\Summer\Dataset_YOLO\runs\detect\train\weights\best.pt,43.04,34.7
C:\Users\User\Documents\AI_Robotics Projects\AAU\Summer\Dataset_YOLO\runs\detect\train\weights\best.pt,43.85,83.0
C:\Users\User\Documents\AI_Robotics Projects\AAU\Summer\Dataset_YOLO\runs\detect\train\weights\best.pt,44.77,41.4
C:\Users\User\Documents\AI_Robotics Projects\AAU\Summer\Dataset_YOLO\runs\detect\train\weights\best.pt,45.1,31.0
C:\Users\User\Documents\AI_Robotics Projects\AAU\Summer\Dataset_YOLO\runs\detect\train\weights\best.pt,66.91,39.5
C:\Users\User\Documents\AI_Robotics Projects\AAU\Summer\Dataset_YOLO\runs\detect\train\weights\best.pt,56.0,32.2
C:\Users\User\Documents\AI_Robotics Projects\AAU\Summer\Dataset_YOLO\runs\detect\train\weights\best.pt,45.48,36.5
C:\Users\User\Documents\AI_Robotics Projects\AAU\Summer\Dataset_YOLO\runs\detect\train\weights\best.pt,44.84,42.0
C:\Users\User\Documents\AI_Robotics Projects\AAU\Summer\Dataset_YOLO\runs\detect\train\weights\best.pt,44.24,38.8
C:\Users\User\Documents\AI_Robotics Projects\AAU\Summer\Dataset_YOLO\runs\detect\train\weights\best.pt,45.13,46.9
C:\Users\User\Documents\AI_Robotics Projects\AAU\Summer\Dataset_YOLO\runs\detect\train\weights\best.pt,46.07,37.7
C:\Users\User\Documents\AI_Robotics Projects\AAU\Summer\Dataset_YOLO\runs\detect\train\weights\best.pt,59.33,71.8
C:\Users\User\Documents\AI_Robotics Projects\AAU\Summer\Dataset_YOLO\runs\detect\train\weights\best.pt,55.47,62.9
C:\Users\User\Documents\AI_Robotics Projects\AAU\Summer\Dataset_YOLO\runs\detect\train\weights\best.pt,66.25,20.3
C:\Users\User\Documents\AI_Robotics Projects\AAU\Summer\Dataset_YOLO\runs\detect\train\weights\best.pt,42.82,59.1
C:\Users\User\Documents\AI_Robotics Projects\AAU\Summer\Dataset_YOLO\runs\detect\train\weights\best.pt,35.7,41.4
C:\Users\User\Documents\AI_Robotics Projects\AAU\Summer\Dataset_YOLO\runs\detect\train\weights\best.pt,38.87,42.5
C:\Users\User\Documents\AI_Robotics Projects\AAU\Summer\Dataset_YOLO\runs\detect\train\weights\best.pt,34.97,53.2
C:\Users\User\Documents\AI_Robotics Projects\AAU\Summer\Dataset_YOLO\runs\detect\train\weights\best.pt,42.28,53.4
C:\Users\User\Documents\AI_Robotics Projects\AAU\Summer\Dataset_YOLO\runs\detect\train\weights\best.pt,41.83,37.6
C:\Users\User\Documents\AI_Robotics Projects\AAU\Summer\Dataset_YOLO\runs\detect\train\weights\best.pt,46.95,58.1
C:\Users\User\Documents\AI_Robotics Projects\AAU\Summer\Dataset_YOLO\runs\detect\train\weights\best.pt,43.16,88.5
C:\Users\User\Documents\AI_Robotics Projects\AAU\Summer\Dataset_YOLO\runs\detect\train\weights\best.pt,33.58,58.7
C:\Users\User\Documents\AI_Robotics Projects\AAU\Summer\Dataset_YOLO\runs\detect\train\weights\best.pt,32.82,41.9
C:\Users\User\Documents\AI_Robotics Projects\AAU\Summer\Dataset_YOLO\runs\detect\train\weights\best.pt,32.81,40.5
C:\Users\User\Documents\AI_Robotics Projects\AAU\Summer\Dataset_YOLO\runs\detect\train\weights\best.pt,32.72,113.7
C:\Users\User\Documents\AI_Robotics Projects\AAU\Summer\Dataset_YOLO\runs\detect\train\weights\best.pt,52.2,36.3
C:\Users\User\Documents\AI_Robotics Projects\AAU\Summer\Dataset_YOLO\runs\detect\train\weights\best.pt,43.52,49.0
C:\Users\User\Documents\AI_Robotics Projects\AAU\Summer\Dataset_YOLO\runs\detect\train\weights\best.pt,34.05,34.0
C:\Users\User\Documents\AI_Robotics Projects\AAU\Summer\Dataset_YOLO\runs\detect\train\weights\best.pt,33.24,66.2
C:\Users\User\Documents\AI_Robotics Projects\AAU\Summer\Dataset_YOLO\runs\detect\train\weights\best.pt,32.33,44.2
C:\Users\User\Documents\AI_Robotics Projects\AAU\Summer\Dataset_YOLO\runs\detect\train\weights\best.pt,32.21,39.6
C:\Users\User\Documents\AI_Robotics Projects\AAU\Summer\Dataset_YOLO\runs\detect\train\weights\best.pt,31.98,90.5
C:\Users\User\Documents\AI_Robotics Projects\AAU\Summer\Dataset_YOLO\runs\detect\train\weights\best.pt,36.4,31.6
C:\Users\User\Documents\AI_Robotics Projects\AAU\Summer\Dataset_YOLO\runs\detect\train\weights\best.pt,47.0,44.0
C:\Users\User\Documents\AI_Robotics Projects\AAU\Summer\Dataset_YOLO\runs\detect\train\weights\best.pt,32.36,50.0
C:\Users\User\Documents\AI_Robotics Projects\AAU\Summer\Dataset_YOLO\runs\detect\train\weights\best.pt,32.92,43.5
C:\Users\User\Documents\AI_Robotics Projects\AAU\Summer\Dataset_YOLO\runs\detect\train\weights\best.pt,32.67,41.0
C:\Users\User\Documents\AI_Robotics Projects\AAU\Summer\Dataset_YOLO\runs\detect\train\weights\best.pt,33.21,46.5
C:\Users\User\Documents\AI_Robotics Projects\AAU\Summer\Dataset_YOLO\runs\detect\train\weights\best.pt,39.54,38.4
C:\Users\User\Documents\AI_Robotics Projects\AAU\Summer\Dataset_YOLO\runs\detect\train\weights\best.pt,35.59,38.1
C:\Users\User\Documents\AI_Robotics Projects\AAU\Summer\Dataset_YOLO\runs\detect\train\weights\best.pt,33.85,59.3
C:\Users\User\Documents\AI_Robotics Projects\AAU\Summer\Dataset_YOLO\runs\detect\train\weights\best.pt,32.93,47.5
C:\Users\User\Documents\AI_Robotics Projects\AAU\Summer\Dataset_YOLO\runs\detect\train\weights\best.pt,31.88,33.3
C:\Users\User\Documents\AI_Robotics Projects\AAU\Summer\Dataset_YOLO\runs\detect\train\weights\best.pt,32.11,37.9
C:\Users\User\Documents\AI_Robotics Projects\AAU\Summer\Dataset_YOLO\runs\detect\train\weights\best.pt,33.13,35.7
C:\Users\User\Documents\AI_Robotics Projects\AAU\Summer\Dataset_YOLO\runs\detect\train\weights\best.pt,34.56,43.3
C:\Users\User\Documents\AI_Robotics Projects\AAU\Summer\Dataset_YOLO\runs\detect\train\weights\best.pt,33.15,42.1
C:\Users\User\Documents\AI_Robotics Projects\AAU\Summer\Dataset_YOLO\runs\detect\train\weights\best.pt,30.99,38.6
C:\Users\User\Documents\AI_Robotics Projects\AAU\Summer\Dataset_YOLO\runs\detect\train\weights\best.pt,33.17,32.0
C:\Users\User\Documents\AI_Robotics Projects\AAU\Summer\Dataset_YOLO\runs\detect\train\weights\best.pt,34.29,45.9
C:\Users\User\Documents\AI_Robotics Projects\AAU\Summer\Dataset_YOLO\runs\detect\train\weights\best.pt,32.33,44.4
C:\Users\User\Documents\AI_Robotics Projects\AAU\Summer\Dataset_YOLO\runs\detect\train\weights\best.pt,33.23,43.3
C:\Users\User\Documents\AI_Robotics Projects\AAU\Summer\Dataset_YOLO\runs\detect\train\weights\best.pt,32.03,41.0
C:\Users\User\Documents\AI_Robotics Projects\AAU\Summer\Dataset_YOLO\runs\detect\train\weights\best.pt,34.6,44.4
C:\Users\User\Documents\AI_Robotics Projects\AAU\Summer\Dataset_YOLO\runs\detect\train\weights\best.pt,33.5,40.9
C:\Users\User\Documents\AI_Robotics Projects\AAU\Summer\Dataset_YOLO\runs\detect\train\weights\best.pt,30.49,45.3
C:\Users\User\Documents\AI_Robotics Projects\AAU\Summer\Dataset_YOLO\runs\detect\train\weights\best.pt,33.34,43.2
C:\Users\User\Documents\AI_Robotics Projects\AAU\Summer\Dataset_YOLO\runs\detect\train\weights\best.pt,53.98,41.9
C:\Users\User\Documents\AI_Robotics Projects\AAU\Summer\Dataset_YOLO\runs\detect\train\weights\best.pt,33.04,30.0
C:\Users\User\Documents\AI_Robotics Projects\AAU\Summer\Dataset_YOLO\runs\detect\train\weights\best.pt,34.64,43.8
C:\Users\User\Documents\AI_Robotics Projects\AAU\Summer\Dataset_YOLO\runs\detect\train\weights\best.pt,46.54,42.0
C:\Users\User\Documents\AI_Robotics Projects\AAU\Summer\Dataset_YOLO\runs\detect\train\weights\best.pt,57.63,31.0
C:\Users\User\Documents\AI_Robotics Projects\AAU\Summer\Dataset_YOLO\runs\detect\train\weights\best.pt,45.75,42.4
C:\Users\User\Documents\AI_Robotics Projects\AAU\Summer\Dataset_YOLO\runs\detect\train\weights\best.pt,31.98,30.8
C:\Users\User\Documents\AI_Robotics Projects\AAU\Summer\Dataset_YOLO\runs\detect\train\weights\best.pt,35.42,45.7
C:\Users\User\Documents\AI_Robotics Projects\AAU\Summer\Dataset_YOLO\runs\detect\train\weights\best.pt,45.46,48.3
C:\Users\User\Documents\AI_Robotics Projects\AAU\Summer\Dataset_YOLO\runs\detect\train\weights\best.pt,41.4,46.6
C:\Users\User\Documents\AI_Robotics Projects\AAU\Summer\Dataset_YOLO\runs\detect\train\weights\best.pt,54.62,46.4
C:\Users\User\Documents\AI_Robotics Projects\AAU\Summer\Dataset_YOLO\runs\detect\train\weights\best.pt,41.07,45.7
C:\Users\User\Documents\AI_Robotics Projects\AAU\Summer\Dataset_YOLO\runs\detect\train\weights\best.pt,34.18,40.7
C:\Users\User\Documents\AI_Robotics Projects\AAU\Summer\Dataset_YOLO\runs\detect\train\weights\best.pt,35.48,52.4
C:\Users\User\Documents\AI_Robotics Projects\AAU\Summer\Dataset_YOLO\runs\detect\train\weights\best.pt,34.99,43.9
C:\Users\User\Documents\AI_Robotics Projects\AAU\Summer\Dataset_YOLO\runs\detect\train\weights\best.pt,30.8,49.4
C:\Users\User\Documents\AI_Robotics Projects\AAU\Summer\Dataset_YOLO\runs\detect\train\weights\best.pt,33.82,39.2
C:\Users\User\Documents\AI_Robotics Projects\AAU\Summer\Dataset_YOLO\runs\detect\train\weights\best.pt,32.37,44.8
C:\Users\User\Documents\AI_Robotics Projects\AAU\Summer\Dataset_YOLO\runs\detect\train\weights\best.pt,33.56,52.4
C:\Users\User\Documents\AI_Robotics Projects\AAU\Summer\Dataset_YOLO\runs\detect\train\weights\best.pt,33.76,35.4
C:\Users\User\Documents\AI_Robotics Projects\AAU\Summer\Dataset_YOLO\runs\detect\train\weights\best.pt,33.83,46.9
C:\Users\User\Documents\AI_Robotics Projects\AAU\Summer\Dataset_YOLO\runs\detect\train\weights\best.pt,33.63,44.6
C:\Users\User\Documents\AI_Robotics Projects\AAU\Summer\Dataset_YOLO\runs\detect\train\weights\best.pt,36.64,45.9
C:\Users\User\Documents\AI_Robotics Projects\AAU\Summer\Dataset_YOLO\runs\detect\train\weights\best.pt,42.75,47.8
C:\Users\User\Documents\AI_Robotics Projects\AAU\Summer\Dataset_YOLO\runs\detect\train\weights\best.pt,38.5,29.5
C:\Users\User\Documents\AI_Robotics Projects\AAU\Summer\Dataset_YOLO\runs\detect\train\weights\best.pt,41.66,109.8
C:\Users\User\Documents\AI_Robotics Projects\AAU\Summer\Dataset_YOLO\runs\detect\train\weights\best.pt,34.52,37.1
C:\Users\User\Documents\AI_Robotics Projects\AAU\Summer\Dataset_YOLO\runs\detect\train\weights\best.pt,33.86,43.8
C:\Users\User\Documents\AI_Robotics Projects\AAU\Summer\Dataset_YOLO\runs\detect\train\weights\best.pt,35.11,42.3
C:\Users\User\Documents\AI_Robotics Projects\AAU\Summer\Dataset_YOLO\runs\detect\train\weights\best.pt,33.59,31.7
C:\Users\User\Documents\AI_Robotics Projects\AAU\Summer\Dataset_YOLO\runs\detect\train\weights\best.pt,34.83,39.6
C:\Users\User\Documents\AI_Robotics Projects\AAU\Summer\Dataset_YOLO\runs\detect\train\weights\best.pt,32.84,48.0
C:\Users\User\Documents\AI_Robotics Projects\AAU\Summer\Dataset_YOLO\runs\detect\train\weights\best.pt,34.23,50.6
C:\Users\User\Documents\AI_Robotics Projects\AAU\Summer\Dataset_YOLO\runs\detect\train\weights\best.pt,54.22,32.3
C:\Users\User\Documents\AI_Robotics Projects\AAU\Summer\Dataset_YOLO\runs\detect\train\weights\best.pt,51.86,43.5
C:\Users\User\Documents\AI_Robotics Projects\AAU\Summer\Dataset_YOLO\runs\detect\train\weights\best.pt,35.47,50.4
C:\Users\User\Documents\AI_Robotics Projects\AAU\Summer\Dataset_YOLO\runs\detect\train\weights\best.pt,34.43,32.1
C:\Users\User\Documents\AI_Robotics Projects\AAU\Summer\Dataset_YOLO\runs\detect\train\weights\best.pt,34.62,43.6
C:\Users\User\Documents\AI_Robotics Projects\AAU\Summer\Dataset_YOLO\runs\detect\train\weights\best.pt,34.67,44.8
C:\Users\User\Documents\AI_Robotics Projects\AAU\Summer\Dataset_YOLO\runs\detect\train\weights\best.pt,40.12,42.5
C:\Users\User\Documents\AI_Robotics Projects\AAU\Summer\Dataset_YOLO\runs\detect\train\weights\best.pt,34.65,31.9
C:\Users\User\Documents\AI_Robotics Projects\AAU\Summer\Dataset_YOLO\runs\detect\train\weights\best.pt,34.07,42.2
C:\Users\User\Documents\AI_Robotics Projects\AAU\Summer\Dataset_YOLO\runs\detect\train\weights\best.pt,34.42,53.1
C:\Users\User\Documents\AI_Robotics Projects\AAU\Summer\Dataset_YOLO\runs\detect\train\weights\best.pt,34.78,29.5
C:\Users\User\Documents\AI_Robotics Projects\AAU\Summer\Dataset_YOLO\runs\detect\train\weights\best.pt,36.12,51.2
C:\Users\User\Documents\AI_Robotics Projects\AAU\Summer\Dataset_YOLO\runs\detect\train\weights\best.pt,35.64,63.4
C:\Users\User\Documents\AI_Robotics Projects\AAU\Summer\Dataset_YOLO\runs\detect\train\weights\best.pt,35.86,38.5
C:\Users\User\Documents\AI_Robotics Projects\AAU\Summer\Dataset_YOLO\runs\detect\train\weights\best.pt,39.05,24.6
C:\Users\User\Documents\AI_Robotics Projects\AAU\Summer\Dataset_YOLO\runs\detect\train\weights\best.pt,35.36,32.0
C:\Users\User\Documents\AI_Robotics Projects\AAU\Summer\Dataset_YOLO\runs\detect\train\weights\best.pt,34.81,45.0
C:\Users\User\Documents\AI_Robotics Projects\AAU\Summer\Dataset_YOLO\runs\detect\train\weights\best.pt,34.97,48.9
C:\Users\User\Documents\AI_Robotics Projects\AAU\Summer\Dataset_YOLO\runs\detect\train\weights\best.pt,34.62,28.6
C:\Users\User\Documents\AI_Robotics Projects\AAU\Summer\Dataset_YOLO\runs\detect\train\weights\best.pt,33.08,42.0
C:\Users\User\Documents\AI_Robotics Projects\AAU\Summer\Dataset_YOLO\runs\detect\train\weights\best.pt,35.53,40.3
C:\Users\User\Documents\AI_Robotics Projects\AAU\Summer\Dataset_YOLO\runs\detect\train\weights\best.pt,35.46,50.6
C:\Users\User\Documents\AI_Robotics Projects\AAU\Summer\Dataset_YOLO\runs\detect\train\weights\best.pt,35.82,54.7
C:\Users\User\Documents\AI_Robotics Projects\AAU\Summer\Dataset_YOLO\runs\detect\train\weights\best.pt,34.67,40.3
C:\Users\User\Documents\AI_Robotics Projects\AAU\Summer\Dataset_YOLO\runs\detect\train\weights\best.pt,35.36,50.0
C:\Users\User\Documents\AI_Robotics Projects\AAU\Summer\Dataset_YOLO\runs\detect\train\weights\best.pt,35.66,50.6
C:\Users\User\Documents\AI_Robotics Projects\AAU\Summer\Dataset_YOLO\runs\detect\train\weights\best.pt,36.29,43.3
C:\Users\User\Documents\AI_Robotics Projects\AAU\Summer\Dataset_YOLO\runs\detect\train\weights\best.pt,34.76,27.7
C:\Users\User\Documents\AI_Robotics Projects\AAU\Summer\Dataset_YOLO\runs\detect\train\weights\best.pt,37.67,28.6
C:\Users\User\Documents\AI_Robotics Projects\AAU\Summer\Dataset_YOLO\runs\detect\train\weights\best.pt,57.49,32.7
C:\Users\User\Documents\AI_Robotics Projects\AAU\Summer\Dataset_YOLO\runs\detect\train\weights\best.pt,40.32,38.4
C:\Users\User\Documents\AI_Robotics Projects\AAU\Summer\Dataset_YOLO\runs\detect\train\weights\best.pt,34.44,27.5
C:\Users\User\Documents\AI_Robotics Projects\AAU\Summer\Dataset_YOLO\runs\detect\train\weights\best.pt,34.94,44.8
C:\Users\User\Documents\AI_Robotics Projects\AAU\Summer\Dataset_YOLO\runs\detect\train\weights\best.pt,35.09,42.6
C:\Users\User\Documents\AI_Robotics Projects\AAU\Summer\Dataset_YOLO\runs\detect\train\weights\best.pt,35.46,72.5
C:\Users\User\Documents\AI_Robotics Projects\AAU\Summer\Dataset_YOLO\runs\detect\train\weights\best.pt,42.08,29.4
C:\Users\User\Documents\AI_Robotics Projects\AAU\Summer\Dataset_YOLO\runs\detect\train\weights\best.pt,34.73,30.0
C:\Users\User\Documents\AI_Robotics Projects\AAU\Summer\Dataset_YOLO\runs\detect\train\weights\best.pt,34.28,49.7
C:\Users\User\Documents\AI_Robotics Projects\AAU\Summer\Dataset_YOLO\runs\detect\train\weights\best.pt,34.89,45.3
C:\Users\User\Documents\AI_Robotics Projects\AAU\Summer\Dataset_YOLO\runs\detect\train\weights\best.pt,34.83,44.8
C:\Users\User\Documents\AI_Robotics Projects\AAU\Summer\Dataset_YOLO\runs\detect\train\weights\best.pt,34.83,49.7
C:\Users\User\Documents\AI_Robotics Projects\AAU\Summer\Dataset_YOLO\runs\detect\train\weights\best.pt,34.2,62.7
C:\Users\User\Documents\AI_Robotics Projects\AAU\Summer\Dataset_YOLO\runs\detect\train\weights\best.pt,33.95,39.3
C:\Users\User\Documents\AI_Robotics Projects\AAU\Summer\Dataset_YOLO\runs\detect\train\weights\best.pt,34.52,41.1
C:\Users\User\Documents\AI_Robotics Projects\AAU\Summer\Dataset_YOLO\runs\detect\train\weights\best.pt,35.66,44.2
C:\Users\User\Documents\AI_Robotics Projects\AAU\Summer\Dataset_YOLO\runs\detect\train\weights\best.pt,35.27,26.9
C:\Users\User\Documents\AI_Robotics Projects\AAU\Summer\Dataset_YOLO\runs\detect\train\weights\best.pt,36.74,42.7
C:\Users\User\Documents\AI_Robotics Projects\AAU\Summer\Dataset_YOLO\runs\detect\train\weights\best.pt,34.33,31.5
C:\Users\User\Documents\AI_Robotics Projects\AAU\Summer\Dataset_YOLO\runs\detect\train\weights\best.pt,35.51,39.9
C:\Users\User\Documents\AI_Robotics Projects\AAU\Summer\Dataset_YOLO\runs\detect\train\weights\best.pt,34.56,32.0
C:\Users\User\Documents\AI_Robotics Projects\AAU\Summer\Dataset_YOLO\runs\detect\train\weights\best.pt,35.33,27.7
C:\Users\User\Documents\AI_Robotics Projects\AAU\Summer\Dataset_YOLO\runs\detect\train\weights\best.pt,35.93,77.6
C:\Users\User\Documents\AI_Robotics Projects\AAU\Summer\Dataset_YOLO\runs\detect\train\weights\best.pt,36.45,56.4
C:\Users\User\Documents\AI_Robotics Projects\AAU\Summer\Dataset_YOLO\runs\detect\train\weights\best.pt,33.99,41.0
C:\Users\User\Documents\AI_Robotics Projects\AAU\Summer\Dataset_YOLO\runs\detect\train\weights\best.pt,36.03,42.0
C:\Users\User\Documents\AI_Robotics Projects\AAU\Summer\Dataset_YOLO\runs\detect\train\weights\best.pt,34.32,43.3
C:\Users\User\Documents\AI_Robotics Projects\AAU\Summer\Dataset_YOLO\runs\detect\train\weights\best.pt,44.35,44.7
C:\Users\User\Documents\AI_Robotics Projects\AAU\Summer\Dataset_YOLO\runs\detect\train\weights\best.pt,53.63,48.8
C:\Users\User\Documents\AI_Robotics Projects\AAU\Summer\Dataset_YOLO\runs\detect\train\weights\best.pt,56.3,75.7
C:\Users\User\Documents\AI_Robotics Projects\AAU\Summer\Dataset_YOLO\runs\detect\train\weights\best.pt,36.22,45.8
C:\Users\User\Documents\AI_Robotics Projects\AAU\Summer\Dataset_YOLO\runs\detect\train\weights\best.pt,39.42,28.1
C:\Users\User\Documents\AI_Robotics Projects\AAU\Summer\Dataset_YOLO\runs\detect\train\weights\best.pt,35.34,49.5
C:\Users\User\Documents\AI_Robotics Projects\AAU\Summer\Dataset_YOLO\runs\detect\train\weights\best.pt,37.07,51.1
C:\Users\User\Documents\AI_Robotics Projects\AAU\Summer\Dataset_YOLO\runs\detect\train\weights\best.pt,34.6,29.7
C:\Users\User\Documents\AI_Robotics Projects\AAU\Summer\Dataset_YOLO\runs\detect\train\weights\best.pt,35.91,30.2
C:\Users\User\Documents\AI_Robotics Projects\AAU\Summer\Dataset_YOLO\runs\detect\train\weights\best.pt,35.2,28.2
C:\Users\User\Documents\AI_Robotics Projects\AAU\Summer\Dataset_YOLO\runs\detect\train\weights\best.pt,34.1,46.7
C:\Users\User\Documents\AI_Robotics Projects\AAU\Summer\Dataset_YOLO\runs\detect\train\weights\best.pt,36.13,48.9
C:\Users\User\Documents\AI_Robotics Projects\AAU\Summer\Dataset_YOLO\runs\detect\train\weights\best.pt,34.79,40.8
C:\Users\User\Documents\AI_Robotics Projects\AAU\Summer\Dataset_YOLO\runs\detect\train\weights\best.pt,36.12,45.3
C:\Users\User\Documents\AI_Robotics Projects\AAU\Summer\Dataset_YOLO\runs\detect\train\weights\best.pt,35.12,36.9
C:\Users\User\Documents\AI_Robotics Projects\AAU\Summer\Dataset_YOLO\runs\detect\train\weights\best.pt,35.25,32.0
C:\Users\User\Documents\AI_Robotics Projects\AAU\Summer\Dataset_YOLO\runs\detect\train\weights\best.pt,34.53,31.9
C:\Users\User\Documents\AI_Robotics Projects\AAU\Summer\Dataset_YOLO\runs\detect\train\weights\best.pt,34.52,85.1
C:\Users\User\Documents\AI_Robotics Projects\AAU\Summer\Dataset_YOLO\runs\detect\train\weights\best.pt,34.63,73.5
C:\Users\User\Documents\AI_Robotics Projects\AAU\Summer\Dataset_YOLO\runs\detect\train\weights\best.pt,35.36,30.2
C:\Users\User\Documents\AI_Robotics Projects\AAU\Summer\Dataset_YOLO\runs\detect\train\weights\best.pt,36.22,79.6
C:\Users\User\Documents\AI_Robotics Projects\AAU\Summer\Dataset_YOLO\runs\detect\train\weights\best.pt,35.86,35.1
C:\Users\User\Documents\AI_Robotics Projects\AAU\Summer\Dataset_YOLO\runs\detect\train\weights\best.pt,40.22,33.7
C:\Users\User\Documents\AI_Robotics Projects\AAU\Summer\Dataset_YOLO\runs\detect\train\weights\best.pt,38.99,39.6
C:\Users\User\Documents\AI_Robotics Projects\AAU\Summer\Dataset_YOLO\runs\detect\train\weights\best.pt,35.99,41.0
C:\Users\User\Documents\AI_Robotics Projects\AAU\Summer\Dataset_YOLO\runs\detect\train\weights\best.pt,34.59,31.0
C:\Users\User\Documents\AI_Robotics Projects\AAU\Summer\Dataset_YOLO\runs\detect\train\weights\best.pt,35.74,29.6
C:\Users\User\Documents\AI_Robotics Projects\AAU\Summer\Dataset_YOLO\runs\detect\train\weights\best.pt,36.54,39.0
C:\Users\User\Documents\AI_Robotics Projects\AAU\Summer\Dataset_YOLO\runs\detect\train\weights\best.pt,36.87,52.4
C:\Users\User\Documents\AI_Robotics Projects\AAU\Summer\Dataset_YOLO\runs\detect\train\weights\best.pt,34.4,32.1
C:\Users\User\Documents\AI_Robotics Projects\AAU\Summer\Dataset_YOLO\runs\detect\train\weights\best.pt,34.21,52.7
C:\Users\User\Documents\AI_Robotics Projects\AAU\Summer\Dataset_YOLO\runs\detect\train\weights\best.pt,37.09,75.8
C:\Users\User\Documents\AI_Robotics Projects\AAU\Summer\Dataset_YOLO\runs\detect\train\weights\best.pt,36.65,46.0
C:\Users\User\Documents\AI_Robotics Projects\AAU\Summer\Dataset_YOLO\runs\detect\train\weights\best.pt,36.31,41.1
C:\Users\User\Documents\AI_Robotics Projects\AAU\Summer\Dataset_YOLO\runs\detect\train\weights\best.pt,35.14,53.1
C:\Users\User\Documents\AI_Robotics Projects\AAU\Summer\Dataset_YOLO\runs\detect\train\weights\best.pt,36.3,45.8
C:\Users\User\Documents\AI_Robotics Projects\AAU\Summer\Dataset_YOLO\runs\detect\train\weights\best.pt,35.24,39.8
C:\Users\User\Documents\AI_Robotics Projects\AAU\Summer\Dataset_YOLO\runs\detect\train\weights\best.pt,52.35,49.4
C:\Users\User\Documents\AI_Robotics Projects\AAU\Summer\Dataset_YOLO\runs\detect\train\weights\best.pt,51.14,35.2
C:\Users\User\Documents\AI_Robotics Projects\AAU\Summer\Dataset_YOLO\runs\detect\train\weights\best.pt,33.56,81.5
C:\Users\User\Documents\AI_Robotics Projects\AAU\Summer\Dataset_YOLO\runs\detect\train\weights\best.pt,36.71,46.8
C:\Users\User\Documents\AI_Robotics Projects\AAU\Summer\Dataset_YOLO\runs\detect\train\weights\best.pt,34.53,51.4
C:\Users\User\Documents\AI_Robotics Projects\AAU\Summer\Dataset_YOLO\runs\detect\train\weights\best.pt,35.25,40.8
C:\Users\User\Documents\AI_Robotics Projects\AAU\Summer\Dataset_YOLO\runs\detect\train\weights\best.pt,35.47,111.6
C:\Users\User\Documents\AI_Robotics Projects\AAU\Summer\Dataset_YOLO\runs\detect\train\weights\best.pt,58.35,50.7
C:\Users\User\Documents\AI_Robotics Projects\AAU\Summer\Dataset_YOLO\runs\detect\train\weights\best.pt,58.73,23.7
C:\Users\User\Documents\AI_Robotics Projects\AAU\Summer\Dataset_YOLO\runs\detect\train\weights\best.pt,59.59,72.2
C:\Users\User\Documents\AI_Robotics Projects\AAU\Summer\Dataset_YOLO\runs\detect\train\weights\best.pt,51.35,48.8
C:\Users\User\Documents\AI_Robotics Projects\AAU\Summer\Dataset_YOLO\runs\detect\train\weights\best.pt,48.91,87.6
C:\Users\User\Documents\AI_Robotics Projects\AAU\Summer\Dataset_YOLO\runs\detect\train\weights\best.pt,46.66,65.1
C:\Users\User\Documents\AI_Robotics Projects\AAU\Summer\Dataset_YOLO\runs\detect\train\weights\best.pt,42.41,91.5
C:\Users\User\Documents\AI_Robotics Projects\AAU\Summer\Dataset_YOLO\runs\detect\train\weights\best.pt,44.87,65.5
C:\Users\User\Documents\AI_Robotics Projects\AAU\Summer\Dataset_YOLO\runs\detect\train\weights\best.pt,51.91,72.3
C:\Users\User\Documents\AI_Robotics Projects\AAU\Summer\Dataset_YOLO\runs\detect\train\weights\best.pt,39.97,63.7
C:\Users\User\Documents\AI_Robotics Projects\AAU\Summer\Dataset_YOLO\runs\detect\train\weights\best.pt,41.11,79.4
C:\Users\User\Documents\AI_Robotics Projects\AAU\Summer\Dataset_YOLO\runs\detect\train\weights\best.pt,40.67,84.7
C:\Users\User\Documents\AI_Robotics Projects\AAU\Summer\Dataset_YOLO\runs\detect\train\weights\best.pt,40.57,201.0
C:\Users\User\Documents\AI_Robotics Projects\AAU\Summer\Dataset_YOLO\runs\detect\train\weights\best.pt,40.85,109.2
C:\Users\User\Documents\AI_Robotics Projects\AAU\Summer\Dataset_YOLO\runs\detect\train\weights\best.pt,40.82,83.3
C:\Users\User\Documents\AI_Robotics Projects\AAU\Summer\Dataset_YOLO\runs\detect\train\weights\best.pt,41.59,37.8
C:\Users\User\Documents\AI_Robotics Projects\AAU\Summer\Dataset_YOLO\runs\detect\train\weights\best.pt,40.27,51.1
C:\Users\User\Documents\AI_Robotics Projects\AAU\Summer\Dataset_YOLO\runs\detect\train\weights\best.pt,43.82,54.1
C:\Users\User\Documents\AI_Robotics Projects\AAU\Summer\Dataset_YOLO\runs\detect\train\weights\best.pt,41.27,37.6
C:\Users\User\Documents\AI_Robotics Projects\AAU\Summer\Dataset_YOLO\runs\detect\train\weights\best.pt,41.78,47.5
C:\Users\User\Documents\AI_Robotics Projects\AAU\Summer\Dataset_YOLO\runs\detect\train\weights\best.pt,41.16,38.2
C:\Users\User\Documents\AI_Robotics Projects\AAU\Summer\Dataset_YOLO\runs\detect\train\weights\best.pt,52.05,89.9
C:\Users\User\Documents\AI_Robotics Projects\AAU\Summer\Dataset_YOLO\runs\detect\train\weights\best.pt,40.98,87.9
C:\Users\User\Documents\AI_Robotics Projects\AAU\Summer\Dataset_YOLO\runs\detect\train\weights\best.pt,37.34,68.5
C:\Users\User\Documents\AI_Robotics Projects\AAU\Summer\Dataset_YOLO\runs\detect\train\weights\best.pt,41.58,62.4
C:\Users\User\Documents\AI_Robotics Projects\AAU\Summer\Dataset_YOLO\runs\detect\train\weights\best.pt,38.87,44.8
C:\Users\User\Documents\AI_Robotics Projects\AAU\Summer\Dataset_YOLO\runs\detect\train\weights\best.pt,41.53,114.2
C:\Users\User\Documents\AI_Robotics Projects\AAU\Summer\Dataset_YOLO\runs\detect\train\weights\best.pt,41.59,40.7
C:\Users\User\Documents\AI_Robotics Projects\AAU\Summer\Dataset_YOLO\runs\detect\train\weights\best.pt,85.13,40.2
C:\Users\User\Documents\AI_Robotics Projects\AAU\Summer\Synthetic_Dataset_YOLO_50\runs\detect\train-2\weights\best.pt,70.36,78.9
C:\Users\User\Documents\AI_Robotics Projects\AAU\Summer\Synthetic_Dataset_YOLO_50\runs\detect\train-2\weights\best.pt,40.92,50.3
C:\Users\User\Documents\AI_Robotics Projects\AAU\Summer\Synthetic_Dataset_YOLO_50\runs\detect\train-2\weights\best.pt,39.01,30.4
C:\Users\User\Documents\AI_Robotics Projects\AAU\Summer\Synthetic_Dataset_YOLO_50\runs\detect\train-2\weights\best.pt,49.28,30.8
C:\Users\User\Documents\AI_Robotics Projects\AAU\Summer\Synthetic_Dataset_YOLO_50\runs\detect\train-2\weights\best.pt,38.65,46.1
C:\Users\User\Documents\AI_Robotics Projects\AAU\Summer\Synthetic_Dataset_YOLO_50\runs\detect\train-2\weights\best.pt,36.0,30.5
C:\Users\User\Documents\AI_Robotics Projects\AAU\Summer\Synthetic_Dataset_YOLO_50\runs\detect\train-2\weights\best.pt,35.75,43.4
C:\Users\User\Documents\AI_Robotics Projects\AAU\Summer\Synthetic_Dataset_YOLO_50\runs\detect\train-2\weights\best.pt,33.68,46.1
C:\Users\User\Documents\AI_Robotics Projects\AAU\Summer\Synthetic_Dataset_YOLO_50\runs\detect\train-2\weights\best.pt,35.55,63.1
C:\Users\User\Documents\AI_Robotics Projects\AAU\Summer\Synthetic_Dataset_YOLO_50\runs\detect\train-2\weights\best.pt,37.02,45.5
C:\Users\User\Documents\AI_Robotics Projects\AAU\Summer\Synthetic_Dataset_YOLO_50\runs\detect\train-2\weights\best.pt,35.15,129.0
C:\Users\User\Documents\AI_Robotics Projects\AAU\Summer\Synthetic_Dataset_YOLO_50\runs\detect\train-2\weights\best.pt,33.82,64.4
C:\Users\User\Documents\AI_Robotics Projects\AAU\Summer\Synthetic_Dataset_YOLO_50\runs\detect\train-2\weights\best.pt,36.35,41.9
C:\Users\User\Documents\AI_Robotics Projects\AAU\Summer\Synthetic_Dataset_YOLO_50\runs\detect\train-2\weights\best.pt,31.04,46.7
C:\Users\User\Documents\AI_Robotics Projects\AAU\Summer\Synthetic_Dataset_YOLO_50\runs\detect\train-2\weights\best.pt,35.26,39.0
C:\Users\User\Documents\AI_Robotics Projects\AAU\Summer\Synthetic_Dataset_YOLO_50\runs\detect\train-2\weights\best.pt,31.99,37.1
C:\Users\User\Documents\AI_Robotics Projects\AAU\Summer\Synthetic_Dataset_YOLO_50\runs\detect\train-2\weights\best.pt,37.63,36.0
C:\Users\User\Documents\AI_Robotics Projects\AAU\Summer\Synthetic_Dataset_YOLO_50\runs\detect\train-2\weights\best.pt,32.65,38.0
C:\Users\User\Documents\AI_Robotics Projects\AAU\Summer\Synthetic_Dataset_YOLO_50\runs\detect\train-2\weights\best.pt,33.37,80.8
C:\Users\User\Documents\AI_Robotics Projects\AAU\Summer\Synthetic_Dataset_YOLO_50\runs\detect\train-2\weights\best.pt,34.52,49.9
C:\Users\User\Documents\AI_Robotics Projects\AAU\Summer\Synthetic_Dataset_YOLO_50\runs\detect\train-2\weights\best.pt,45.88,46.0
C:\Users\User\Documents\AI_Robotics Projects\AAU\Summer\Synthetic_Dataset_YOLO_50\runs\detect\train-2\weights\best.pt,32.47,37.6
C:\Users\User\Documents\AI_Robotics Projects\AAU\Summer\Synthetic_Dataset_YOLO_50\runs\detect\train-2\weights\best.pt,37.17,70.1
C:\Users\User\Documents\AI_Robotics Projects\AAU\Summer\Synthetic_Dataset_YOLO_50\runs\detect\train-2\weights\best.pt,44.01,33.2
C:\Users\User\Documents\AI_Robotics Projects\AAU\Summer\Synthetic_Dataset_YOLO_50\runs\detect\train-2\weights\best.pt,55.87,44.6
C:\Users\User\Documents\AI_Robotics Projects\AAU\Summer\Synthetic_Dataset_YOLO_50\runs\detect\train-2\weights\best.pt,49.42,44.2
C:\Users\User\Documents\AI_Robotics Projects\AAU\Summer\Synthetic_Dataset_YOLO_50\runs\detect\train-2\weights\best.pt,41.27,51.6
C:\Users\User\Documents\AI_Robotics Projects\AAU\Summer\Synthetic_Dataset_YOLO_50\runs\detect\train-2\weights\best.pt,41.18,35.9
C:\Users\User\Documents\AI_Robotics Projects\AAU\Summer\Synthetic_Dataset_YOLO_50\runs\detect\train-2\weights\best.pt,36.59,43.4
C:\Users\User\Documents\AI_Robotics Projects\AAU\Summer\Synthetic_Dataset_YOLO_50\runs\detect\train-2\weights\best.pt,32.95,31.8
C:\Users\User\Documents\AI_Robotics Projects\AAU\Summer\Synthetic_Dataset_YOLO_50\runs\detect\train-2\weights\best.pt,33.74,42.4
C:\Users\User\Documents\AI_Robotics Projects\AAU\Summer\Synthetic_Dataset_YOLO_50\runs\detect\train-2\weights\best.pt,46.04,38.8
C:\Users\User\Documents\AI_Robotics Projects\AAU\Summer\Synthetic_Dataset_YOLO_50\runs\detect\train-2\weights\best.pt,45.3,43.1
C:\Users\User\Documents\AI_Robotics Projects\AAU\Summer\Synthetic_Dataset_YOLO_50\runs\detect\train-2\weights\best.pt,32.91,38.7
C:\Users\User\Documents\AI_Robotics Projects\AAU\Summer\Synthetic_Dataset_YOLO_50\runs\detect\train-2\weights\best.pt,32.41,51.4
C:\Users\User\Documents\AI_Robotics Projects\AAU\Summer\Synthetic_Dataset_YOLO_50\runs\detect\train-2\weights\best.pt,32.67,47.8
C:\Users\User\Documents\AI_Robotics Projects\AAU\Summer\Synthetic_Dataset_YOLO_50\runs\detect\train-2\weights\best.pt,32.14,46.8
C:\Users\User\Documents\AI_Robotics Projects\AAU\Summer\Synthetic_Dataset_YOLO_50\runs\detect\train-2\weights\best.pt,32.77,44.1
C:\Users\User\Documents\AI_Robotics Projects\AAU\Summer\Synthetic_Dataset_YOLO_50\runs\detect\train-2\weights\best.pt,31.93,51.6
C:\Users\User\Documents\AI_Robotics Projects\AAU\Summer\Synthetic_Dataset_YOLO_50\runs\detect\train-2\weights\best.pt,33.64,56.9
C:\Users\User\Documents\AI_Robotics Projects\AAU\Summer\Synthetic_Dataset_YOLO_50\runs\detect\train-2\weights\best.pt,35.3,50.1
C:\Users\User\Documents\AI_Robotics Projects\AAU\Summer\Synthetic_Dataset_YOLO_50\runs\detect\train-2\weights\best.pt,53.02,28.9
C:\Users\User\Documents\AI_Robotics Projects\AAU\Summer\Synthetic_Dataset_YOLO_50\runs\detect\train-2\weights\best.pt,56.48,37.3
C:\Users\User\Documents\AI_Robotics Projects\AAU\Summer\Synthetic_Dataset_YOLO_50\runs\detect\train-2\weights\best.pt,52.93,40.8
C:\Users\User\Documents\AI_Robotics Projects\AAU\Summer\Synthetic_Dataset_YOLO_50\runs\detect\train-2\weights\best.pt,52.96,32.7
C:\Users\User\Documents\AI_Robotics Projects\AAU\Summer\Synthetic_Dataset_YOLO_50\runs\detect\train-2\weights\best.pt,51.82,43.6
C:\Users\User\Documents\AI_Robotics Projects\AAU\Summer\Synthetic_Dataset_YOLO_50\runs\detect\train-2\weights\best.pt,53.35,43.2
C:\Users\User\Documents\AI_Robotics Projects\AAU\Summer\Synthetic_Dataset_YOLO_50\runs\detect\train-2\weights\best.pt,51.46,45.8
C:\Users\User\Documents\AI_Robotics Projects\AAU\Summer\Synthetic_Dataset_YOLO_50\runs\detect\train-2\weights\best.pt,52.08,29.1
C:\Users\User\Documents\AI_Robotics Projects\AAU\Summer\Synthetic_Dataset_YOLO_50\runs\detect\train-2\weights\best.pt,58.53,41.9
C:\Users\User\Documents\AI_Robotics Projects\AAU\Summer\Synthetic_Dataset_YOLO_50\runs\detect\train-2\weights\best.pt,53.09,38.8
C:\Users\User\Documents\AI_Robotics Projects\AAU\Summer\Synthetic_Dataset_YOLO_50\runs\detect\train-2\weights\best.pt,54.32,44.0
C:\Users\User\Documents\AI_Robotics Projects\AAU\Summer\Synthetic_Dataset_YOLO_50\runs\detect\train-2\weights\best.pt,50.77,39.3
C:\Users\User\Documents\AI_Robotics Projects\AAU\Summer\Synthetic_Dataset_YOLO_50\runs\detect\train-2\weights\best.pt,54.47,42.1
C:\Users\User\Documents\AI_Robotics Projects\AAU\Summer\Synthetic_Dataset_YOLO_50\runs\detect\train-2\weights\best.pt,48.81,45.4
C:\Users\User\Documents\AI_Robotics Projects\AAU\Summer\Synthetic_Dataset_YOLO_50\runs\detect\train-2\weights\best.pt,47.82,41.2
C:\Users\User\Documents\AI_Robotics Projects\AAU\Summer\Synthetic_Dataset_YOLO_50\runs\detect\train-2\weights\best.pt,44.07,41.7
C:\Users\User\Documents\AI_Robotics Projects\AAU\Summer\Synthetic_Dataset_YOLO_50\runs\detect\train-2\weights\best.pt,40.19,39.5
C:\Users\User\Documents\AI_Robotics Projects\AAU\Summer\Synthetic_Dataset_YOLO_50\runs\detect\train-2\weights\best.pt,39.73,45.9
C:\Users\User\Documents\AI_Robotics Projects\AAU\Summer\Synthetic_Dataset_YOLO_50\runs\detect\train-2\weights\best.pt,38.34,46.0
C:\Users\User\Documents\AI_Robotics Projects\AAU\Summer\Synthetic_Dataset_YOLO_50\runs\detect\train-2\weights\best.pt,56.77,43.3
C:\Users\User\Documents\AI_Robotics Projects\AAU\Summer\Synthetic_Dataset_YOLO_50\runs\detect\train-2\weights\best.pt,41.2,48.1
C:\Users\User\Documents\AI_Robotics Projects\AAU\Summer\Synthetic_Dataset_YOLO_50\runs\detect\train-2\weights\best.pt,54.03,44.1
C:\Users\User\Documents\AI_Robotics Projects\AAU\Summer\Synthetic_Dataset_YOLO_50\runs\detect\train-2\weights\best.pt,50.79,43.7
C:\Users\User\Documents\AI_Robotics Projects\AAU\Summer\Synthetic_Dataset_YOLO_50\runs\detect\train-2\weights\best.pt,46.14,27.5
C:\Users\User\Documents\AI_Robotics Projects\AAU\Summer\Synthetic_Dataset_YOLO_50\runs\detect\train-2\weights\best.pt,52.56,34.2
C:\Users\User\Documents\AI_Robotics Projects\AAU\Summer\Synthetic_Dataset_YOLO_50\runs\detect\train-2\weights\best.pt,51.2,42.8
C:\Users\User\Documents\AI_Robotics Projects\AAU\Summer\Synthetic_Dataset_YOLO_50\runs\detect\train-2\weights\best.pt,41.04,39.1
C:\Users\User\Documents\AI_Robotics Projects\AAU\Summer\Synthetic_Dataset_YOLO_50\runs\detect\train-2\weights\best.pt,37.25,37.0
C:\Users\User\Documents\AI_Robotics Projects\AAU\Summer\Synthetic_Dataset_YOLO_50\runs\detect\train-2\weights\best.pt,34.04,37.7
C:\Users\User\Documents\AI_Robotics Projects\AAU\Summer\Synthetic_Dataset_YOLO_50\runs\detect\train-2\weights\best.pt,31.83,27.1
C:\Users\User\Documents\AI_Robotics Projects\AAU\Summer\Synthetic_Dataset_YOLO_50\runs\detect\train-2\weights\best.pt,34.03,45.8
C:\Users\User\Documents\AI_Robotics Projects\AAU\Summer\Synthetic_Dataset_YOLO_50\runs\detect\train-2\weights\best.pt,36.36,30.6
C:\Users\User\Documents\AI_Robotics Projects\AAU\Summer\Synthetic_Dataset_YOLO_50\runs\detect\train-2\weights\best.pt,33.72,30.5
C:\Users\User\Documents\AI_Robotics Projects\AAU\Summer\Synthetic_Dataset_YOLO_50\runs\detect\train-2\weights\best.pt,31.86,29.3
C:\Users\User\Documents\AI_Robotics Projects\AAU\Summer\Synthetic_Dataset_YOLO_50\runs\detect\train-2\weights\best.pt,34.96,41.2
C:\Users\User\Documents\AI_Robotics Projects\AAU\Summer\Synthetic_Dataset_YOLO_50\runs\detect\train-2\weights\best.pt,35.11,43.3
C:\Users\User\Documents\AI_Robotics Projects\AAU\Summer\Synthetic_Dataset_YOLO_50\runs\detect\train-2\weights\best.pt,33.18,29.4
C:\Users\User\Documents\AI_Robotics Projects\AAU\Summer\Synthetic_Dataset_YOLO_50\runs\detect\train-2\weights\best.pt,34.38,46.3
C:\Users\User\Documents\AI_Robotics Projects\AAU\Summer\Synthetic_Dataset_YOLO_50\runs\detect\train-2\weights\best.pt,36.41,42.7
C:\Users\User\Documents\AI_Robotics Projects\AAU\Summer\Synthetic_Dataset_YOLO_50\runs\detect\train-2\weights\best.pt,33.77,32.3
C:\Users\User\Documents\AI_Robotics Projects\AAU\Summer\Synthetic_Dataset_YOLO_50\runs\detect\train-2\weights\best.pt,32.35,37.8
C:\Users\User\Documents\AI_Robotics Projects\AAU\Summer\Synthetic_Dataset_YOLO_50\runs\detect\train-2\weights\best.pt,34.43,37.7
C:\Users\User\Documents\AI_Robotics Projects\AAU\Summer\Synthetic_Dataset_YOLO_50\runs\detect\train-2\weights\best.pt,43.12,49.9
C:\Users\User\Documents\AI_Robotics Projects\AAU\Summer\Synthetic_Dataset_YOLO_50\runs\detect\train-2\weights\best.pt,33.81,49.0
C:\Users\User\Documents\AI_Robotics Projects\AAU\Summer\Synthetic_Dataset_YOLO_50\runs\detect\train-2\weights\best.pt,35.34,41.8
C:\Users\User\Documents\AI_Robotics Projects\AAU\Summer\Synthetic_Dataset_YOLO_50\runs\detect\train-2\weights\best.pt,34.68,56.7
C:\Users\User\Documents\AI_Robotics Projects\AAU\Summer\Synthetic_Dataset_YOLO_50\runs\detect\train-2\weights\best.pt,38.03,40.9
C:\Users\User\Documents\AI_Robotics Projects\AAU\Summer\Synthetic_Dataset_YOLO_50\runs\detect\train-2\weights\best.pt,34.1,30.9
C:\Users\User\Documents\AI_Robotics Projects\AAU\Summer\Synthetic_Dataset_YOLO_50\runs\detect\train-2\weights\best.pt,35.51,43.7
C:\Users\User\Documents\AI_Robotics Projects\AAU\Summer\Synthetic_Dataset_YOLO_50\runs\detect\train-2\weights\best.pt,54.36,46.9
C:\Users\User\Documents\AI_Robotics Projects\AAU\Summer\Synthetic_Dataset_YOLO_50\runs\detect\train-2\weights\best.pt,48.47,41.3
C:\Users\User\Documents\AI_Robotics Projects\AAU\Summer\Synthetic_Dataset_YOLO_50\runs\detect\train-2\weights\best.pt,33.52,46.2
C:\Users\User\Documents\AI_Robotics Projects\AAU\Summer\Synthetic_Dataset_YOLO_50\runs\detect\train-2\weights\best.pt,33.82,44.8
C:\Users\User\Documents\AI_Robotics Projects\AAU\Summer\Synthetic_Dataset_YOLO_50\runs\detect\train-2\weights\best.pt,35.04,35.2
C:\Users\User\Documents\AI_Robotics Projects\AAU\Summer\Synthetic_Dataset_YOLO_50\runs\detect\train-2\weights\best.pt,33.58,44.9
C:\Users\User\Documents\AI_Robotics Projects\AAU\Summer\Synthetic_Dataset_YOLO_50\runs\detect\train-2\weights\best.pt,54.89,37.0
C:\Users\User\Documents\AI_Robotics Projects\AAU\Summer\Synthetic_Dataset_YOLO_50\runs\detect\train-2\weights\best.pt,54.53,43.8
C:\Users\User\Documents\AI_Robotics Projects\AAU\Summer\Synthetic_Dataset_YOLO_50\runs\detect\train-2\weights\best.pt,47.77,40.6
C:\Users\User\Documents\AI_Robotics Projects\AAU\Summer\Synthetic_Dataset_YOLO_50\runs\detect\train-2\weights\best.pt,38.03,27.9
C:\Users\User\Documents\AI_Robotics Projects\AAU\Summer\Synthetic_Dataset_YOLO_50\runs\detect\train-2\weights\best.pt,36.42,30.8
C:\Users\User\Documents\AI_Robotics Projects\AAU\Summer\Synthetic_Dataset_YOLO_50\runs\detect\train-2\weights\best.pt,36.87,45.3
C:\Users\User\Documents\AI_Robotics Projects\AAU\Summer\Synthetic_Dataset_YOLO_50\runs\detect\train-2\weights\best.pt,37.13,32.1
C:\Users\User\Documents\AI_Robotics Projects\AAU\Summer\Synthetic_Dataset_YOLO_50\runs\detect\train-2\weights\best.pt,49.71,46.9
C:\Users\User\Documents\AI_Robotics Projects\AAU\Summer\Synthetic_Dataset_YOLO_50\runs\detect\train-2\weights\best.pt,57.83,27.4
C:\Users\User\Documents\AI_Robotics Projects\AAU\Summer\Synthetic_Dataset_YOLO_50\runs\detect\train-2\weights\best.pt,39.88,36.6
C:\Users\User\Documents\AI_Robotics Projects\AAU\Summer\Synthetic_Dataset_YOLO_50\runs\detect\train-2\weights\best.pt,45.93,29.9
C:\Users\User\Documents\AI_Robotics Projects\AAU\Summer\Synthetic_Dataset_YOLO_50\runs\detect\train-2\weights\best.pt,33.3,34.3
C:\Users\User\Documents\AI_Robotics Projects\AAU\Summer\Synthetic_Dataset_YOLO_50\runs\detect\train-2\weights\best.pt,34.77,41.4
C:\Users\User\Documents\AI_Robotics Projects\AAU\Summer\Synthetic_Dataset_YOLO_50\runs\detect\train-2\weights\best.pt,35.9,50.7
C:\Users\User\Documents\AI_Robotics Projects\AAU\Summer\Synthetic_Dataset_YOLO_50\runs\detect\train-2\weights\best.pt,36.62,42.8
C:\Users\User\Documents\AI_Robotics Projects\AAU\Summer\Synthetic_Dataset_YOLO_50\runs\detect\train-2\weights\best.pt,34.53,29.6
C:\Users\User\Documents\AI_Robotics Projects\AAU\Summer\Synthetic_Dataset_YOLO_50\runs\detect\train-2\weights\best.pt,34.32,44.4
C:\Users\User\Documents\AI_Robotics Projects\AAU\Summer\Synthetic_Dataset_YOLO_50\runs\detect\train-2\weights\best.pt,35.53,43.1
C:\Users\User\Documents\AI_Robotics Projects\AAU\Summer\Synthetic_Dataset_YOLO_50\runs\detect\train-2\weights\best.pt,35.73,43.8
C:\Users\User\Documents\AI_Robotics Projects\AAU\Summer\Synthetic_Dataset_YOLO_50\runs\detect\train-2\weights\best.pt,39.17,48.6
C:\Users\User\Documents\AI_Robotics Projects\AAU\Summer\Synthetic_Dataset_YOLO_50\runs\detect\train-2\weights\best.pt,34.97,32.3
C:\Users\User\Documents\AI_Robotics Projects\AAU\Summer\Synthetic_Dataset_YOLO_50\runs\detect\train-2\weights\best.pt,56.16,82.8
C:\Users\User\Documents\AI_Robotics Projects\AAU\Summer\Synthetic_Dataset_YOLO_50\runs\detect\train-2\weights\best.pt,56.46,42.5
C:\Users\User\Documents\AI_Robotics Projects\AAU\Summer\Synthetic_Dataset_YOLO_50\runs\detect\train-2\weights\best.pt,57.84,41.9
C:\Users\User\Documents\AI_Robotics Projects\AAU\Summer\Synthetic_Dataset_YOLO_50\runs\detect\train-2\weights\best.pt,55.62,39.2
C:\Users\User\Documents\AI_Robotics Projects\AAU\Summer\Synthetic_Dataset_YOLO_50\runs\detect\train-2\weights\best.pt,53.36,40.4
C:\Users\User\Documents\AI_Robotics Projects\AAU\Summer\Synthetic_Dataset_YOLO_50\runs\detect\train-2\weights\best.pt,41.08,49.8
C:\Users\User\Documents\AI_Robotics Projects\AAU\Summer\Synthetic_Dataset_YOLO_50\runs\detect\train-2\weights\best.pt,46.75,29.1
C:\Users\User\Documents\AI_Robotics Projects\AAU\Summer\Synthetic_Dataset_YOLO_50\runs\detect\train-2\weights\best.pt,36.44,81.5
C:\Users\User\Documents\AI_Robotics Projects\AAU\Summer\Synthetic_Dataset_YOLO_50\runs\detect\train-2\weights\best.pt,37.1,41.9
C:\Users\User\Documents\AI_Robotics Projects\AAU\Summer\Synthetic_Dataset_YOLO_50\runs\detect\train-2\weights\best.pt,38.88,28.5
C:\Users\User\Documents\AI_Robotics Projects\AAU\Summer\Synthetic_Dataset_YOLO_50\runs\detect\train-2\weights\best.pt,49.53,54.1
C:\Users\User\Documents\AI_Robotics Projects\AAU\Summer\Synthetic_Dataset_YOLO_50\runs\detect\train-2\weights\best.pt,35.26,39.6
C:\Users\User\Documents\AI_Robotics Projects\AAU\Summer\Synthetic_Dataset_YOLO_50\runs\detect\train-2\weights\best.pt,34.13,30.3
C:\Users\User\Documents\AI_Robotics Projects\AAU\Summer\Synthetic_Dataset_YOLO_50\runs\detect\train-2\weights\best.pt,34.65,47.9
C:\Users\User\Documents\AI_Robotics Projects\AAU\Summer\Synthetic_Dataset_YOLO_50\runs\detect\train-2\weights\best.pt,34.93,46.1
C:\Users\User\Documents\AI_Robotics Projects\AAU\Summer\Synthetic_Dataset_YOLO_50\runs\detect\train-2\weights\best.pt,36.01,45.1
C:\Users\User\Documents\AI_Robotics Projects\AAU\Summer\Synthetic_Dataset_YOLO_50\runs\detect\train-2\weights\best.pt,34.38,47.4
C:\Users\User\Documents\AI_Robotics Projects\AAU\Summer\Synthetic_Dataset_YOLO_50\runs\detect\train-2\weights\best.pt,35.97,46.6
C:\Users\User\Documents\AI_Robotics Projects\AAU\Summer\Synthetic_Dataset_YOLO_50\runs\detect\train-2\weights\best.pt,38.8,46.1
C:\Users\User\Documents\AI_Robotics Projects\AAU\Summer\Synthetic_Dataset_YOLO_50\runs\detect\train-2\weights\best.pt,36.11,40.0
C:\Users\User\Documents\AI_Robotics Projects\AAU\Summer\Synthetic_Dataset_YOLO_50\runs\detect\train-2\weights\best.pt,34.86,46.0
C:\Users\User\Documents\AI_Robotics Projects\AAU\Summer\Synthetic_Dataset_YOLO_50\runs\detect\train-2\weights\best.pt,35.08,31.6
C:\Users\User\Documents\AI_Robotics Projects\AAU\Summer\Synthetic_Dataset_YOLO_50\runs\detect\train-2\weights\best.pt,34.46,45.5
C:\Users\User\Documents\AI_Robotics Projects\AAU\Summer\Synthetic_Dataset_YOLO_50\runs\detect\train-2\weights\best.pt,35.86,42.3
C:\Users\User\Documents\AI_Robotics Projects\AAU\Summer\Synthetic_Dataset_YOLO_50\runs\detect\train-2\weights\best.pt,34.5,44.6
C:\Users\User\Documents\AI_Robotics Projects\AAU\Summer\Synthetic_Dataset_YOLO_50\runs\detect\train-2\weights\best.pt,38.02,52.6
C:\Users\User\Documents\AI_Robotics Projects\AAU\Summer\Synthetic_Dataset_YOLO_50\runs\detect\train-2\weights\best.pt,35.66,28.5
C:\Users\User\Documents\AI_Robotics Projects\AAU\Summer\Synthetic_Dataset_YOLO_50\runs\detect\train-2\weights\best.pt,35.14,35.4
C:\Users\User\Documents\AI_Robotics Projects\AAU\Summer\Synthetic_Dataset_YOLO_50\runs\detect\train-2\weights\best.pt,44.56,47.7
C:\Users\User\Documents\AI_Robotics Projects\AAU\Summer\Synthetic_Dataset_YOLO_50\runs\detect\train-2\weights\best.pt,35.77,47.0
C:\Users\User\Documents\AI_Robotics Projects\AAU\Summer\Synthetic_Dataset_YOLO_50\runs\detect\train-2\weights\best.pt,35.41,35.6
C:\Users\User\Documents\AI_Robotics Projects\AAU\Summer\Synthetic_Dataset_YOLO_50\runs\detect\train-2\weights\best.pt,55.88,46.9
C:\Users\User\Documents\AI_Robotics Projects\AAU\Summer\Synthetic_Dataset_YOLO_50\runs\detect\train-2\weights\best.pt,48.23,40.5
C:\Users\User\Documents\AI_Robotics Projects\AAU\Summer\Synthetic_Dataset_YOLO_50\runs\detect\train-2\weights\best.pt,34.04,31.2
C:\Users\User\Documents\AI_Robotics Projects\AAU\Summer\Synthetic_Dataset_YOLO_50\runs\detect\train-2\weights\best.pt,36.85,38.4
C:\Users\User\Documents\AI_Robotics Projects\AAU\Summer\Synthetic_Dataset_YOLO_50\runs\detect\train-2\weights\best.pt,35.18,30.5
C:\Users\User\Documents\AI_Robotics Projects\AAU\Summer\Synthetic_Dataset_YOLO_50\runs\detect\train-2\weights\best.pt,34.88,50.1
C:\Users\User\Documents\AI_Robotics Projects\AAU\Summer\Synthetic_Dataset_YOLO_50\runs\detect\train-2\weights\best.pt,35.3,46.4
C:\Users\User\Documents\AI_Robotics Projects\AAU\Summer\Synthetic_Dataset_YOLO_50\runs\detect\train-2\weights\best.pt,37.31,45.3
C:\Users\User\Documents\AI_Robotics Projects\AAU\Summer\Synthetic_Dataset_YOLO_50\runs\detect\train-2\weights\best.pt,36.95,30.2
C:\Users\User\Documents\AI_Robotics Projects\AAU\Summer\Synthetic_Dataset_YOLO_50\runs\detect\train-2\weights\best.pt,34.84,37.4
C:\Users\User\Documents\AI_Robotics Projects\AAU\Summer\Synthetic_Dataset_YOLO_50\runs\detect\train-2\weights\best.pt,37.95,46.3
C:\Users\User\Documents\AI_Robotics Projects\AAU\Summer\Synthetic_Dataset_YOLO_50\runs\detect\train-2\weights\best.pt,34.51,35.4
C:\Users\User\Documents\AI_Robotics Projects\AAU\Summer\Synthetic_Dataset_YOLO_50\runs\detect\train-2\weights\best.pt,35.72,46.6
C:\Users\User\Documents\AI_Robotics Projects\AAU\Summer\Synthetic_Dataset_YOLO_50\runs\detect\train-2\weights\best.pt,33.69,50.8
C:\Users\User\Documents\AI_Robotics Projects\AAU\Summer\Synthetic_Dataset_YOLO_50\runs\detect\train-2\weights\best.pt,36.35,45.9
C:\Users\User\Documents\AI_Robotics Projects\AAU\Summer\Synthetic_Dataset_YOLO_50\runs\detect\train-2\weights\best.pt,37.98,27.2
C:\Users\User\Documents\AI_Robotics Projects\AAU\Summer\Synthetic_Dataset_YOLO_50\runs\detect\train-2\weights\best.pt,38.38,52.8
C:\Users\User\Documents\AI_Robotics Projects\AAU\Summer\Synthetic_Dataset_YOLO_50\runs\detect\train-2\weights\best.pt,34.65,33.9
C:\Users\User\Documents\AI_Robotics Projects\AAU\Summer\Synthetic_Dataset_YOLO_50\runs\detect\train-2\weights\best.pt,50.0,35.1
C:\Users\User\Documents\AI_Robotics Projects\AAU\Summer\Synthetic_Dataset_YOLO_50\runs\detect\train-2\weights\best.pt,41.81,40.2
C:\Users\User\Documents\AI_Robotics Projects\AAU\Summer\Synthetic_Dataset_YOLO_50\runs\detect\train-2\weights\best.pt,39.12,26.9
C:\Users\User\Documents\AI_Robotics Projects\AAU\Summer\Synthetic_Dataset_YOLO_50\runs\detect\train-2\weights\best.pt,38.08,38.9
C:\Users\User\Documents\AI_Robotics Projects\AAU\Summer\Synthetic_Dataset_YOLO_50\runs\detect\train-2\weights\best.pt,39.75,33.1
C:\Users\User\Documents\AI_Robotics Projects\AAU\Summer\Synthetic_Dataset_YOLO_50\runs\detect\train-2\weights\best.pt,42.23,53.2
C:\Users\User\Documents\AI_Robotics Projects\AAU\Summer\Synthetic_Dataset_YOLO_50\runs\detect\train-2\weights\best.pt,42.33,46.9
C:\Users\User\Documents\AI_Robotics Projects\AAU\Summer\Synthetic_Dataset_YOLO_50\runs\detect\train-2\weights\best.pt,44.39,51.5
C:\Users\User\Documents\AI_Robotics Projects\AAU\Summer\Synthetic_Dataset_YOLO_50\runs\detect\train-2\weights\best.pt,40.8,38.2
C:\Users\User\Documents\AI_Robotics Projects\AAU\Summer\Synthetic_Dataset_YOLO_50\runs\detect\train-2\weights\best.pt,39.98,48.9
C:\Users\User\Documents\AI_Robotics Projects\AAU\Summer\Synthetic_Dataset_YOLO_50\runs\detect\train-2\weights\best.pt,40.37,40.7
C:\Users\User\Documents\AI_Robotics Projects\AAU\Summer\Synthetic_Dataset_YOLO_50\runs\detect\train-2\weights\best.pt,60.46,32.6
C:\Users\User\Documents\AI_Robotics Projects\AAU\Summer\Synthetic_Dataset_YOLO_50\runs\detect\train-2\weights\best.pt,49.72,36.1
C:\Users\User\Documents\AI_Robotics Projects\AAU\Summer\Synthetic_Dataset_YOLO_50\runs\detect\train-2\weights\best.pt,43.42,50.8
C:\Users\User\Documents\AI_Robotics Projects\AAU\Summer\Synthetic_Dataset_YOLO_50\runs\detect\train-2\weights\best.pt,41.96,44.8
C:\Users\User\Documents\AI_Robotics Projects\AAU\Summer\Synthetic_Dataset_YOLO_50\runs\detect\train-2\weights\best.pt,40.62,49.8
C:\Users\User\Documents\AI_Robotics Projects\AAU\Summer\Synthetic_Dataset_YOLO_50\runs\detect\train-2\weights\best.pt,40.2,42.3
C:\Users\User\Documents\AI_Robotics Projects\AAU\Summer\Synthetic_Dataset_YOLO_50\runs\detect\train-2\weights\best.pt,39.85,37.3
C:\Users\User\Documents\AI_Robotics Projects\AAU\Summer\Synthetic_Dataset_YOLO_50\runs\detect\train-2\weights\best.pt,40.05,50.0
C:\Users\User\Documents\AI_Robotics Projects\AAU\Summer\Synthetic_Dataset_YOLO_50\runs\detect\train-2\weights\best.pt,39.27,48.7
C:\Users\User\Documents\AI_Robotics Projects\AAU\Summer\Synthetic_Dataset_YOLO_50\runs\detect\train-2\weights\best.pt,40.76,48.6
C:\Users\User\Documents\AI_Robotics Projects\AAU\Summer\Synthetic_Dataset_YOLO_50\runs\detect\train-2\weights\best.pt,50.32,47.9
C:\Users\User\Documents\AI_Robotics Projects\AAU\Summer\Synthetic_Dataset_YOLO_50\runs\detect\train-2\weights\best.pt,44.95,40.9
C:\Users\User\Documents\AI_Robotics Projects\AAU\Summer\Synthetic_Dataset_YOLO_50\runs\detect\train-2\weights\best.pt,43.69,44.4
C:\Users\User\Documents\AI_Robotics Projects\AAU\Summer\Synthetic_Dataset_YOLO_50\runs\detect\train-2\weights\best.pt,41.57,41.7
C:\Users\User\Documents\AI_Robotics Projects\AAU\Summer\Synthetic_Dataset_YOLO_50\runs\detect\train-2\weights\best.pt,39.95,47.5
C:\Users\User\Documents\AI_Robotics Projects\AAU\Summer\Synthetic_Dataset_YOLO_50\runs\detect\train-2\weights\best.pt,41.1,34.7
C:\Users\User\Documents\AI_Robotics Projects\AAU\Summer\Synthetic_Dataset_YOLO_50\runs\detect\train-2\weights\best.pt,38.82,45.3
C:\Users\User\Documents\AI_Robotics Projects\AAU\Summer\Synthetic_Dataset_YOLO_50\runs\detect\train-2\weights\best.pt,40.03,42.1
C:\Users\User\Documents\AI_Robotics Projects\AAU\Summer\Synthetic_Dataset_YOLO_50\runs\detect\train-2\weights\best.pt,39.96,46.7
C:\Users\User\Documents\AI_Robotics Projects\AAU\Summer\Synthetic_Dataset_YOLO_50\runs\detect\train-2\weights\best.pt,42.42,45.7
C:\Users\User\Documents\AI_Robotics Projects\AAU\Summer\Synthetic_Dataset_YOLO_50\runs\detect\train-2\weights\best.pt,40.03,45.6
C:\Users\User\Documents\AI_Robotics Projects\AAU\Summer\Synthetic_Dataset_YOLO_50\runs\detect\train-2\weights\best.pt,42.45,44.5
C:\Users\User\Documents\AI_Robotics Projects\AAU\Summer\Synthetic_Dataset_YOLO_50\runs\detect\train-2\weights\best.pt,40.77,45.9
C:\Users\User\Documents\AI_Robotics Projects\AAU\Summer\Synthetic_Dataset_YOLO_50\runs\detect\train-2\weights\best.pt,42.15,42.3
C:\Users\User\Documents\AI_Robotics Projects\AAU\Summer\Synthetic_Dataset_YOLO_50\runs\detect\train-2\weights\best.pt,40.64,45.7
C:\Users\User\Documents\AI_Robotics Projects\AAU\Summer\Synthetic_Dataset_YOLO_50\runs\detect\train-2\weights\best.pt,41.39,45.4
C:\Users\User\Documents\AI_Robotics Projects\AAU\Summer\Synthetic_Dataset_YOLO_50\runs\detect\train-2\weights\best.pt,39.85,35.6
C:\Users\User\Documents\AI_Robotics Projects\AAU\Summer\Synthetic_Dataset_YOLO_50\runs\detect\train-2\weights\best.pt,38.67,61.2
C:\Users\User\Documents\AI_Robotics Projects\AAU\Summer\Synthetic_Dataset_YOLO_50\runs\detect\train-2\weights\best.pt,39.8,44.6
C:\Users\User\Documents\AI_Robotics Projects\AAU\Summer\Synthetic_Dataset_YOLO_50\runs\detect\train-2\weights\best.pt,43.11,48.4
C:\Users\User\Documents\AI_Robotics Projects\AAU\Summer\Synthetic_Dataset_YOLO_50\runs\detect\train-2\weights\best.pt,66.2,34.7
C:\Users\User\Documents\AI_Robotics Projects\AAU\Summer\Synthetic_Dataset_YOLO_50\runs\detect\train-2\weights\best.pt,46.87,39.5
C:\Users\User\Documents\AI_Robotics Projects\AAU\Summer\Synthetic_Dataset_YOLO_50\runs\detect\train-2\weights\best.pt,54.32,66.4
C:\Users\User\Documents\AI_Robotics Projects\AAU\Summer\Synthetic_Dataset_YOLO_50\runs\detect\train-2\weights\best.pt,41.6,84.9
C:\Users\User\Documents\AI_Robotics Projects\AAU\Summer\Synthetic_Dataset_YOLO_50\runs\detect\train-2\weights\best.pt,43.66,65.3
C:\Users\User\Documents\AI_Robotics Projects\AAU\Summer\Synthetic_Dataset_YOLO_50\runs\detect\train-2\weights\best.pt,39.91,48.9
C:\Users\User\Documents\AI_Robotics Projects\AAU\Summer\Synthetic_Dataset_YOLO_50\runs\detect\train-2\weights\best.pt,41.87,92.5
C:\Users\User\Documents\AI_Robotics Projects\AAU\Summer\Synthetic_Dataset_YOLO_50\runs\detect\train-2\weights\best.pt,40.17,73.2
C:\Users\User\Documents\AI_Robotics Projects\AAU\Summer\Synthetic_Dataset_YOLO_50\runs\detect\train-2\weights\best.pt,41.03,46.2
C:\Users\User\Documents\AI_Robotics Projects\AAU\Summer\Synthetic_Dataset_YOLO_50\runs\detect\train-2\weights\best.pt,41.32,45.9
C:\Users\User\Documents\AI_Robotics Projects\AAU\Summer\Synthetic_Dataset_YOLO_50\runs\detect\train-2\weights\best.pt,45.66,42.7
C:\Users\User\Documents\AI_Robotics Projects\AAU\Summer\Synthetic_Dataset_YOLO_50\runs\detect\train-2\weights\best.pt,42.76,53.6
C:\Users\User\Documents\AI_Robotics Projects\AAU\Summer\Synthetic_Dataset_YOLO_50\runs\detect\train-2\weights\best.pt,44.09,44.6
C:\Users\User\Documents\AI_Robotics Projects\AAU\Summer\Synthetic_Dataset_YOLO_50\runs\detect\train-2\weights\best.pt,41.25,44.2
C:\Users\User\Documents\AI_Robotics Projects\AAU\Summer\Synthetic_Dataset_YOLO_50\runs\detect\train-2\weights\best.pt,38.09,44.7
C:\Users\User\Documents\AI_Robotics Projects\AAU\Summer\Synthetic_Dataset_YOLO_50\runs\detect\train-2\weights\best.pt,42.42,31.4
C:\Users\User\Documents\AI_Robotics Projects\AAU\Summer\Synthetic_Dataset_YOLO_50\runs\detect\train-2\weights\best.pt,40.23,44.2
C:\Users\User\Documents\AI_Robotics Projects\AAU\Summer\Synthetic_Dataset_YOLO_50\runs\detect\train-2\weights\best.pt,39.84,49.8
C:\Users\User\Documents\AI_Robotics Projects\AAU\Summer\Synthetic_Dataset_YOLO_50\runs\detect\train-2\weights\best.pt,53.53,40.8
C:\Users\User\Documents\AI_Robotics Projects\AAU\Summer\Synthetic_Dataset_YOLO_50\runs\detect\train-2\weights\best.pt,42.72,43.3
C:\Users\User\Documents\AI_Robotics Projects\AAU\Summer\Synthetic_Dataset_YOLO_50\runs\detect\train-2\weights\best.pt,40.71,27.4
C:\Users\User\Documents\AI_Robotics Projects\AAU\Summer\Synthetic_Dataset_YOLO_50\runs\detect\train-2\weights\best.pt,53.0,43.7
C:\Users\User\Documents\AI_Robotics Projects\AAU\Summer\Synthetic_Dataset_YOLO_50\runs\detect\train-2\weights\best.pt,45.9,48.8
C:\Users\User\Documents\AI_Robotics Projects\AAU\Summer\Synthetic_Dataset_YOLO_50\runs\detect\train-2\weights\best.pt,43.74,32.1
C:\Users\User\Documents\AI_Robotics Projects\AAU\Summer\Synthetic_Dataset_YOLO_50\runs\detect\train-2\weights\best.pt,42.6,47.1
C:\Users\User\Documents\AI_Robotics Projects\AAU\Summer\Synthetic_Dataset_YOLO_50\runs\detect\train-2\weights\best.pt,42.49,45.0
C:\Users\User\Documents\AI_Robotics Projects\AAU\Summer\Synthetic_Dataset_YOLO_50\runs\detect\train-2\weights\best.pt,39.31,44.7
C:\Users\User\Documents\AI_Robotics Projects\AAU\Summer\Synthetic_Dataset_YOLO_50\runs\detect\train-2\weights\best.pt,42.65,45.8
C:\Users\User\Documents\AI_Robotics Projects\AAU\Summer\Synthetic_Dataset_YOLO_50\runs\detect\train-2\weights\best.pt,42.58,40.2
C:\Users\User\Documents\AI_Robotics Projects\AAU\Summer\Synthetic_Dataset_YOLO_50\runs\detect\train-2\weights\best.pt,39.55,43.8
C:\Users\User\Documents\AI_Robotics Projects\AAU\Summer\Synthetic_Dataset_YOLO_50\runs\detect\train-2\weights\best.pt,63.11,38.2
C:\Users\User\Documents\AI_Robotics Projects\AAU\Summer\Synthetic_Dataset_YOLO_50\runs\detect\train-2\weights\best.pt,44.17,42.5
C:\Users\User\Documents\AI_Robotics Projects\AAU\Summer\Synthetic_Dataset_YOLO_50\runs\detect\train-2\weights\best.pt,41.08,40.9
C:\Users\User\Documents\AI_Robotics Projects\AAU\Summer\Synthetic_Dataset_YOLO_50\runs\detect\train-2\weights\best.pt,52.15,42.2
C:\Users\User\Documents\AI_Robotics Projects\AAU\Summer\Synthetic_Dataset_YOLO_50\runs\detect\train-2\weights\best.pt,41.49,45.1
C:\Users\User\Documents\AI_Robotics Projects\AAU\Summer\Synthetic_Dataset_YOLO_50\runs\detect\train-2\weights\best.pt,41.48,46.0
C:\Users\User\Documents\AI_Robotics Projects\AAU\Summer\Synthetic_Dataset_YOLO_50\runs\detect\train-2\weights\best.pt,69.84,37.5
C:\Users\User\Documents\AI_Robotics Projects\AAU\Summer\Synthetic_Dataset_YOLO_50\runs\detect\train-2\weights\best.pt,61.54,38.3
C:\Users\User\Documents\AI_Robotics Projects\AAU\Summer\Synthetic_Dataset_YOLO_50\runs\detect\train-2\weights\best.pt,68.53,36.9
C:\Users\User\Documents\AI_Robotics Projects\AAU\Summer\Synthetic_Dataset_YOLO_50\runs\detect\train-2\weights\best.pt,70.03,37.2
C:\Users\User\Documents\AI_Robotics Projects\AAU\Summer\Synthetic_Dataset_YOLO_50\runs\detect\train-2\weights\best.pt,71.99,34.7
C:\Users\User\Documents\AI_Robotics Projects\AAU\Summer\Synthetic_Dataset_YOLO_50\runs\detect\train-2\weights\best.pt,70.23,37.0
C:\Users\User\Documents\AI_Robotics Projects\AAU\Summer\Synthetic_Dataset_YOLO_50\runs\detect\train-2\weights\best.pt,77.63,37.2
C:\Users\User\Documents\AI_Robotics Projects\AAU\Summer\Synthetic_Dataset_YOLO_50\runs\detect\train-2\weights\best.pt,74.02,34.6
C:\Users\User\Documents\AI_Robotics Projects\AAU\Summer\Synthetic_Dataset_YOLO_50\runs\detect\train-2\weights\best.pt,71.37,35.8
C:\Users\User\Documents\AI_Robotics Projects\AAU\Summer\Synthetic_Dataset_YOLO_50\runs\detect\train-2\weights\best.pt,72.58,36.3
C:\Users\User\Documents\AI_Robotics Projects\AAU\Summer\Synthetic_Dataset_YOLO_50\runs\detect\train-2\weights\best.pt,78.26,33.9
C:\Users\User\Documents\AI_Robotics Projects\AAU\Summer\Synthetic_Dataset_YOLO_50\runs\detect\train-2\weights\best.pt,81.27,34.7
C:\Users\User\Documents\AI_Robotics Projects\AAU\Summer\Synthetic_Dataset_YOLO_50\runs\detect\train-2\weights\best.pt,79.17,33.7
C:\Users\User\Documents\AI_Robotics Projects\AAU\Summer\Synthetic_Dataset_YOLO_50\runs\detect\train-2\weights\best.pt,81.27,33.7
C:\Users\User\Documents\AI_Robotics Projects\AAU\Summer\Synthetic_Dataset_YOLO_50\runs\detect\train-2\weights\best.pt,73.74,34.2
C:\Users\User\Documents\AI_Robotics Projects\AAU\Summer\Synthetic_Dataset_YOLO_50\runs\detect\train-2\weights\best.pt,53.12,38.4
C:\Users\User\Documents\AI_Robotics Projects\AAU\Summer\Synthetic_Dataset_YOLO_50\runs\detect\train-2\weights\best.pt,51.41,35.7
C:\Users\User\Documents\AI_Robotics Projects\AAU\Summer\Synthetic_Dataset_YOLO_50\runs\detect\train-2\weights\best.pt,65.83,36.0
C:\Users\User\Documents\AI_Robotics Projects\AAU\Summer\Synthetic_Dataset_YOLO_50\runs\detect\train-2\weights\best.pt,54.79,36.8
C:\Users\User\Documents\AI_Robotics Projects\AAU\Summer\Synthetic_Dataset_YOLO_50\runs\detect\train-2\weights\best.pt,44.88,39.4
C:\Users\User\Documents\AI_Robotics Projects\AAU\Summer\Synthetic_Dataset_YOLO_50\runs\detect\train-2\weights\best.pt,47.3,44.6
C:\Users\User\Documents\AI_Robotics Projects\AAU\Summer\Synthetic_Dataset_YOLO_50\runs\detect\train-2\weights\best.pt,42.65,40.8
C:\Users\User\Documents\AI_Robotics Projects\AAU\Summer\Synthetic_Dataset_YOLO_50\runs\detect\train-2\weights\best.pt,45.36,42.4
C:\Users\User\Documents\AI_Robotics Projects\AAU\Summer\Synthetic_Dataset_YOLO_50\runs\detect\train-2\weights\best.pt,53.07,43.6
C:\Users\User\Documents\AI_Robotics Projects\AAU\Summer\Synthetic_Dataset_YOLO_50\runs\detect\train-2\weights\best.pt,45.96,44.2
C:\Users\User\Documents\AI_Robotics Projects\AAU\Summer\Synthetic_Dataset_YOLO_50\runs\detect\train-2\weights\best.pt,43.39,44.5
C:\Users\User\Documents\AI_Robotics Projects\AAU\Summer\Synthetic_Dataset_YOLO_50\runs\detect\train-2\weights\best.pt,45.49,40.8
C:\Users\User\Documents\AI_Robotics Projects\AAU\Summer\Synthetic_Dataset_YOLO_50\runs\detect\train-2\weights\best.pt,44.5,48.1
C:\Users\User\Documents\AI_Robotics Projects\AAU\Summer\Synthetic_Dataset_YOLO_50\runs\detect\train-2\weights\best.pt,42.92,44.0
C:\Users\User\Documents\AI_Robotics Projects\AAU\Summer\Synthetic_Dataset_YOLO_50\runs\detect\train-2\weights\best.pt,41.84,41.2
C:\Users\User\Documents\AI_Robotics Projects\AAU\Summer\Synthetic_Dataset_YOLO_50\runs\detect\train-2\weights\best.pt,41.64,37.1
C:\Users\User\Documents\AI_Robotics Projects\AAU\Summer\Synthetic_Dataset_YOLO_50\runs\detect\train-2\weights\best.pt,62.21,42.6
C:\Users\User\Documents\AI_Robotics Projects\AAU\Summer\Synthetic_Dataset_YOLO_50\runs\detect\train-2\weights\best.pt,51.08,36.9
C:\Users\User\Documents\AI_Robotics Projects\AAU\Summer\Synthetic_Dataset_YOLO_50\runs\detect\train-2\weights\best.pt,55.56,37.9
C:\Users\User\Documents\AI_Robotics Projects\AAU\Summer\Synthetic_Dataset_YOLO_50\runs\detect\train-2\weights\best.pt,63.71,71.2
C:\Users\User\Documents\AI_Robotics Projects\AAU\Summer\Synthetic_Dataset_YOLO_50\runs\detect\train-2\weights\best.pt,60.06,72.5
C:\Users\User\Documents\AI_Robotics Projects\AAU\Summer\Synthetic_Dataset_YOLO_50\runs\detect\train-2\weights\best.pt,55.91,71.1
C:\Users\User\Documents\AI_Robotics Projects\AAU\Summer\Synthetic_Dataset_YOLO_50\runs\detect\train-2\weights\best.pt,67.9,71.9
C:\Users\User\Documents\AI_Robotics Projects\AAU\Summer\Synthetic_Dataset_YOLO_50\runs\detect\train-2\weights\best.pt,57.26,67.8
C:\Users\User\Documents\AI_Robotics Projects\AAU\Summer\Synthetic_Dataset_YOLO_50\runs\detect\train-2\weights\best.pt,58.35,75.9
C:\Users\User\Documents\AI_Robotics Projects\AAU\Summer\Synthetic_Dataset_YOLO_50\runs\detect\train-2\weights\best.pt,57.88,60.1
C:\Users\User\Documents\AI_Robotics Projects\AAU\Summer\Synthetic_Dataset_YOLO_50\runs\detect\train-2\weights\best.pt,63.13,32.3
C:\Users\User\Documents\AI_Robotics Projects\AAU\Summer\Synthetic_Dataset_YOLO_50\runs\detect\train-2\weights\best.pt,60.62,59.2
C:\Users\User\Documents\AI_Robotics Projects\AAU\Summer\Synthetic_Dataset_YOLO_50\runs\detect\train-2\weights\best.pt,56.64,64.8
C:\Users\User\Documents\AI_Robotics Projects\AAU\Summer\Synthetic_Dataset_YOLO_50\runs\detect\train-2\weights\best.pt,57.48,62.5
C:\Users\User\Documents\AI_Robotics Projects\AAU\Summer\Synthetic_Dataset_YOLO_50\runs\detect\train-2\weights\best.pt,74.11,65.6
C:\Users\User\Documents\AI_Robotics Projects\AAU\Summer\Synthetic_Dataset_YOLO_50\runs\detect\train-2\weights\best.pt,60.78,62.8
C:\Users\User\Documents\AI_Robotics Projects\AAU\Summer\Synthetic_Dataset_YOLO_50\runs\detect\train-2\weights\best.pt,82.91,54.6
C:\Users\User\Documents\AI_Robotics Projects\AAU\Summer\Synthetic_Dataset_YOLO_50\runs\detect\train-2\weights\best.pt,44.04,61.2
C:\Users\User\Documents\AI_Robotics Projects\AAU\Summer\Synthetic_Dataset_YOLO_50\runs\detect\train-2\weights\best.pt,36.7,66.5
C:\Users\User\Documents\AI_Robotics Projects\AAU\Summer\Synthetic_Dataset_YOLO_50\runs\detect\train-2\weights\best.pt,43.8,86.8
C:\Users\User\Documents\AI_Robotics Projects\AAU\Summer\Synthetic_Dataset_YOLO_50\runs\detect\train-2\weights\best.pt,35.84,86.9
C:\Users\User\Documents\AI_Robotics Projects\AAU\Summer\Synthetic_Dataset_YOLO_50\runs\detect\train-2\weights\best.pt,36.32,64.4
C:\Users\User\Documents\AI_Robotics Projects\AAU\Summer\Synthetic_Dataset_YOLO_50\runs\detect\train-2\weights\best.pt,37.47,70.7
C:\Users\User\Documents\AI_Robotics Projects\AAU\Summer\Synthetic_Dataset_YOLO_50\runs\detect\train-2\weights\best.pt,34.67,55.8
C:\Users\User\Documents\AI_Robotics Projects\AAU\Summer\Synthetic_Dataset_YOLO_50\runs\detect\train-2\weights\best.pt,36.43,65.1
C:\Users\User\Documents\AI_Robotics Projects\AAU\Summer\Synthetic_Dataset_YOLO_50\runs\detect\train-2\weights\best.pt,36.04,79.7
C:\Users\User\Documents\AI_Robotics Projects\AAU\Summer\Synthetic_Dataset_YOLO_50\runs\detect\train-2\weights\best.pt,32.62,53.3
C:\Users\User\Documents\AI_Robotics Projects\AAU\Summer\Synthetic_Dataset_YOLO_50\runs\detect\train-2\weights\best.pt,37.87,45.4
C:\Users\User\Documents\AI_Robotics Projects\AAU\Summer\Synthetic_Dataset_YOLO_50\runs\detect\train-2\weights\best.pt,36.77,37.9
C:\Users\User\Documents\AI_Robotics Projects\AAU\Summer\Synthetic_Dataset_YOLO_50\runs\detect\train-2\weights\best.pt,38.71,24.9
C:\Users\User\Documents\AI_Robotics Projects\AAU\Summer\Synthetic_Dataset_YOLO_50\runs\detect\train-2\weights\best.pt,39.39,22.9
C:\Users\User\Documents\AI_Robotics Projects\AAU\Summer\Synthetic_Dataset_YOLO_50\runs\detect\train-2\weights\best.pt,36.84,26.1
C:\Users\User\Documents\AI_Robotics Projects\AAU\Summer\Synthetic_Dataset_YOLO_50\runs\detect\train-2\weights\best.pt,37.48,45.6
C:\Users\User\Documents\AI_Robotics Projects\AAU\Summer\Synthetic_Dataset_YOLO_50\runs\detect\train-2\weights\best.pt,36.4,54.5
C:\Users\User\Documents\AI_Robotics Projects\AAU\Summer\Synthetic_Dataset_YOLO_50\runs\detect\train-2\weights\best.pt,53.17,73.0
C:\Users\User\Documents\AI_Robotics Projects\AAU\Summer\Synthetic_Dataset_YOLO_50\runs\detect\train-2\weights\best.pt,36.48,43.1
C:\Users\User\Documents\AI_Robotics Projects\AAU\Summer\Synthetic_Dataset_YOLO_50\runs\detect\train-2\weights\best.pt,40.67,40.3
C:\Users\User\Documents\AI_Robotics Projects\AAU\Summer\Synthetic_Dataset_YOLO_50\runs\detect\train-2\weights\best.pt,49.31,66.1
C:\Users\User\Documents\AI_Robotics Projects\AAU\Summer\Synthetic_Dataset_YOLO_50\runs\detect\train-2\weights\best.pt,36.56,46.1
C:\Users\User\Documents\AI_Robotics Projects\AAU\Summer\Synthetic_Dataset_YOLO_50\runs\detect\train-2\weights\best.pt,36.92,81.2
C:\Users\User\Documents\AI_Robotics Projects\AAU\Summer\Synthetic_Dataset_YOLO_50\runs\detect\train-2\weights\best.pt,37.33,56.3
C:\Users\User\Documents\AI_Robotics Projects\AAU\Summer\Synthetic_Dataset_YOLO_50\runs\detect\train-2\weights\best.pt,36.71,87.0
C:\Users\User\Documents\AI_Robotics Projects\AAU\Summer\Synthetic_Dataset_YOLO_50\runs\detect\train-2\weights\best.pt,37.01,70.8
C:\Users\User\Documents\AI_Robotics Projects\AAU\Summer\Synthetic_Dataset_YOLO_50\runs\detect\train-2\weights\best.pt,36.45,65.4
C:\Users\User\Documents\AI_Robotics Projects\AAU\Summer\Synthetic_Dataset_YOLO_50\runs\detect\train-2\weights\best.pt,36.13,98.2
C:\Users\User\Documents\AI_Robotics Projects\AAU\Summer\Synthetic_Dataset_YOLO_50\runs\detect\train-2\weights\best.pt,37.61,42.0
C:\Users\User\Documents\AI_Robotics Projects\AAU\Summer\Synthetic_Dataset_YOLO_50\runs\detect\train-2\weights\best.pt,39.34,65.8
C:\Users\User\Documents\AI_Robotics Projects\AAU\Summer\Synthetic_Dataset_YOLO_50\runs\detect\train-2\weights\best.pt,36.55,35.7
C:\Users\User\Documents\AI_Robotics Projects\AAU\Summer\Synthetic_Dataset_YOLO_50\runs\detect\train-2\weights\best.pt,35.23,32.4
C:\Users\User\Documents\AI_Robotics Projects\AAU\Summer\Synthetic_Dataset_YOLO_50\runs\detect\train-2\weights\best.pt,39.69,24.6
C:\Users\User\Documents\AI_Robotics Projects\AAU\Summer\Synthetic_Dataset_YOLO_50\runs\detect\train-2\weights\best.pt,35.62,55.6
C:\Users\User\Documents\AI_Robotics Projects\AAU\Summer\Synthetic_Dataset_YOLO_50\runs\detect\train-2\weights\best.pt,36.01,24.5
C:\Users\User\Documents\AI_Robotics Projects\AAU\Summer\Synthetic_Dataset_YOLO_50\runs\detect\train-2\weights\best.pt,34.26,20.9
C:\Users\User\Documents\AI_Robotics Projects\AAU\Summer\Synthetic_Dataset_YOLO_50\runs\detect\train-2\weights\best.pt,46.91,22.2
C:\Users\User\Documents\AI_Robotics Projects\AAU\Summer\Synthetic_Dataset_YOLO_50\runs\detect\train-2\weights\best.pt,38.4,21.5
C:\Users\User\Documents\AI_Robotics Projects\AAU\Summer\Synthetic_Dataset_YOLO_50\runs\detect\train-2\weights\best.pt,36.8,23.8
C:\Users\User\Documents\AI_Robotics Projects\AAU\Summer\Synthetic_Dataset_YOLO_50\runs\detect\train-2\weights\best.pt,35.05,22.3
C:\Users\User\Documents\AI_Robotics Projects\AAU\Summer\Synthetic_Dataset_YOLO_50\runs\detect\train-2\weights\best.pt,35.01,27.7
C:\Users\User\Documents\AI_Robotics Projects\AAU\Summer\Synthetic_Dataset_YOLO_50\runs\detect\train-2\weights\best.pt,34.91,20.9
C:\Users\User\Documents\AI_Robotics Projects\AAU\Summer\Synthetic_Dataset_YOLO_50\runs\detect\train-2\weights\best.pt,37.92,24.0
C:\Users\User\Documents\AI_Robotics Projects\AAU\Summer\Synthetic_Dataset_YOLO_50\runs\detect\train-2\weights\best.pt,37.3,28.0
C:\Users\User\Documents\AI_Robotics Projects\AAU\Summer\Synthetic_Dataset_YOLO_50\runs\detect\train-2\weights\best.pt,47.13,23.9
C:\Users\User\Documents\AI_Robotics Projects\AAU\Summer\Synthetic_Dataset_YOLO_50\runs\detect\train-2\weights\best.pt,37.24,26.3
C:\Users\User\Documents\AI_Robotics Projects\AAU\Summer\Synthetic_Dataset_YOLO_50\runs\detect\train-2\weights\best.pt,35.79,21.2
C:\Users\User\Documents\AI_Robotics Projects\AAU\Summer\Synthetic_Dataset_YOLO_50\runs\detect\train-2\weights\best.pt,48.31,27.2
C:\Users\User\Documents\AI_Robotics Projects\AAU\Summer\Synthetic_Dataset_YOLO_50\runs\detect\train-2\weights\best.pt,56.27,21.2
C:\Users\User\Documents\AI_Robotics Projects\AAU\Summer\Synthetic_Dataset_YOLO_50\runs\detect\train-2\weights\best.pt,50.34,30.4
C:\Users\User\Documents\AI_Robotics Projects\AAU\Summer\Synthetic_Dataset_YOLO_50\runs\detect\train-2\weights\best.pt,46.78,27.7
C:\Users\User\Documents\AI_Robotics Projects\AAU\Summer\Synthetic_Dataset_YOLO_50\runs\detect\train-2\weights\best.pt,40.96,23.8
C:\Users\User\Documents\AI_Robotics Projects\AAU\Summer\Synthetic_Dataset_YOLO_50\runs\detect\train-2\weights\best.pt,39.02,24.0
C:\Users\User\Documents\AI_Robotics Projects\AAU\Summer\Synthetic_Dataset_YOLO_50\runs\detect\train-2\weights\best.pt,35.02,32.8
C:\Users\User\Documents\AI_Robotics Projects\AAU\Summer\Synthetic_Dataset_YOLO_50\runs\detect\train-2\weights\best.pt,37.81,28.9
C:\Users\User\Documents\AI_Robotics Projects\AAU\Summer\Synthetic_Dataset_YOLO_50\runs\detect\train-2\weights\best.pt,36.53,22.6
C:\Users\User\Documents\AI_Robotics Projects\AAU\Summer\Synthetic_Dataset_YOLO_50\runs\detect\train-2\weights\best.pt,36.5,33.0
C:\Users\User\Documents\AI_Robotics Projects\AAU\Summer\Synthetic_Dataset_YOLO_50\runs\detect\train-2\weights\best.pt,36.41,26.8
C:\Users\User\Documents\AI_Robotics Projects\AAU\Summer\Synthetic_Dataset_YOLO_50\runs\detect\train-2\weights\best.pt,41.56,28.8
C:\Users\User\Documents\AI_Robotics Projects\AAU\Summer\Synthetic_Dataset_YOLO_50\runs\detect\train-2\weights\best.pt,36.1,29.8
C:\Users\User\Documents\AI_Robotics Projects\AAU\Summer\Synthetic_Dataset_YOLO_50\runs\detect\train-2\weights\best.pt,35.24,31.5
C:\Users\User\Documents\AI_Robotics Projects\AAU\Summer\Synthetic_Dataset_YOLO_50\runs\detect\train-2\weights\best.pt,43.33,32.8
C:\Users\User\Documents\AI_Robotics Projects\AAU\Summer\Synthetic_Dataset_YOLO_50\runs\detect\train-2\weights\best.pt,38.41,27.4
C:\Users\User\Documents\AI_Robotics Projects\AAU\Summer\Synthetic_Dataset_YOLO_50\runs\detect\train-2\weights\best.pt,37.19,33.4
C:\Users\User\Documents\AI_Robotics Projects\AAU\Summer\Synthetic_Dataset_YOLO_50\runs\detect\train-2\weights\best.pt,35.87,30.0
C:\Users\User\Documents\AI_Robotics Projects\AAU\Summer\Synthetic_Dataset_YOLO_50\runs\detect\train-2\weights\best.pt,36.59,32.1
C:\Users\User\Documents\AI_Robotics Projects\AAU\Summer\Synthetic_Dataset_YOLO_50\runs\detect\train-2\weights\best.pt,46.81,28.1
C:\Users\User\Documents\AI_Robotics Projects\AAU\Summer\Synthetic_Dataset_YOLO_50\runs\detect\train-2\weights\best.pt,44.24,28.5
C:\Users\User\Documents\AI_Robotics Projects\AAU\Summer\Synthetic_Dataset_YOLO_50\runs\detect\train-2\weights\best.pt,44.05,31.4
C:\Users\User\Documents\AI_Robotics Projects\AAU\Summer\Synthetic_Dataset_YOLO_50\runs\detect\train-2\weights\best.pt,41.07,29.3
C:\Users\User\Documents\AI_Robotics Projects\AAU\Summer\Synthetic_Dataset_YOLO_50\runs\detect\train-2\weights\best.pt,39.13,28.1
C:\Users\User\Documents\AI_Robotics Projects\AAU\Summer\Synthetic_Dataset_YOLO_50\runs\detect\train-2\weights\best.pt,39.43,32.6
C:\Users\User\Documents\AI_Robotics Projects\AAU\Summer\Synthetic_Dataset_YOLO_50\runs\detect\train-2\weights\best.pt,33.97,34.3
C:\Users\User\Documents\AI_Robotics Projects\AAU\Summer\Synthetic_Dataset_YOLO_50\runs\detect\train-2\weights\best.pt,34.85,31.0
C:\Users\User\Documents\AI_Robotics Projects\AAU\Summer\Synthetic_Dataset_YOLO_50\runs\detect\train-2\weights\best.pt,38.15,27.3
C:\Users\User\Documents\AI_Robotics Projects\AAU\Summer\Synthetic_Dataset_YOLO_50\runs\detect\train-2\weights\best.pt,34.29,29.3
C:\Users\User\Documents\AI_Robotics Projects\AAU\Summer\Synthetic_Dataset_YOLO_50\runs\detect\train-2\weights\best.pt,34.14,31.8
C:\Users\User\Documents\AI_Robotics Projects\AAU\Summer\Synthetic_Dataset_YOLO_50\runs\detect\train-2\weights\best.pt,35.79,26.6
C:\Users\User\Documents\AI_Robotics Projects\AAU\Summer\Synthetic_Dataset_YOLO_50\runs\detect\train-2\weights\best.pt,36.08,29.1
C:\Users\User\Documents\AI_Robotics Projects\AAU\Summer\Synthetic_Dataset_YOLO_50\runs\detect\train-2\weights\best.pt,35.46,29.0
C:\Users\User\Documents\AI_Robotics Projects\AAU\Summer\Synthetic_Dataset_YOLO_50\runs\detect\train-2\weights\best.pt,36.33,31.2
C:\Users\User\Documents\AI_Robotics Projects\AAU\Summer\Synthetic_Dataset_YOLO_50\runs\detect\train-2\weights\best.pt,34.79,28.0
C:\Users\User\Documents\AI_Robotics Projects\AAU\Summer\Synthetic_Dataset_YOLO_50\runs\detect\train-2\weights\best.pt,33.42,30.0
C:\Users\User\Documents\AI_Robotics Projects\AAU\Summer\Synthetic_Dataset_YOLO_50\runs\detect\train-2\weights\best.pt,34.97,27.2
C:\Users\User\Documents\AI_Robotics Projects\AAU\Summer\Synthetic_Dataset_YOLO_50\runs\detect\train-2\weights\best.pt,36.03,30.4
C:\Users\User\Documents\AI_Robotics Projects\AAU\Summer\Synthetic_Dataset_YOLO_50\runs\detect\train-2\weights\best.pt,35.41,25.9
C:\Users\User\Documents\AI_Robotics Projects\AAU\Summer\Synthetic_Dataset_YOLO_50\runs\detect\train-2\weights\best.pt,35.27,32.8
C:\Users\User\Documents\AI_Robotics Projects\AAU\Summer\Synthetic_Dataset_YOLO_50\runs\detect\train-2\weights\best.pt,35.9,37.4
C:\Users\User\Documents\AI_Robotics Projects\AAU\Summer\Synthetic_Dataset_YOLO_50\runs\detect\train-2\weights\best.pt,34.82,33.3
C:\Users\User\Documents\AI_Robotics Projects\AAU\Summer\Synthetic_Dataset_YOLO_50\runs\detect\train-2\weights\best.pt,34.2,26.2
C:\Users\User\Documents\AI_Robotics Projects\AAU\Summer\Synthetic_Dataset_YOLO_50\runs\detect\train-2\weights\best.pt,35.67,26.6
C:\Users\User\Documents\AI_Robotics Projects\AAU\Summer\Synthetic_Dataset_YOLO_50\runs\detect\train-2\weights\best.pt,34.92,31.2
C:\Users\User\Documents\AI_Robotics Projects\AAU\Summer\Synthetic_Dataset_YOLO_50\runs\detect\train-2\weights\best.pt,52.64,28.1
C:\Users\User\Documents\AI_Robotics Projects\AAU\Summer\Synthetic_Dataset_YOLO_50\runs\detect\train-2\weights\best.pt,42.73,30.5
C:\Users\User\Documents\AI_Robotics Projects\AAU\Summer\Synthetic_Dataset_YOLO_50\runs\detect\train-2\weights\best.pt,53.99,29.0
C:\Users\User\Documents\AI_Robotics Projects\AAU\Summer\Synthetic_Dataset_YOLO_50\runs\detect\train-2\weights\best.pt,41.7,24.2
C:\Users\User\Documents\AI_Robotics Projects\AAU\Summer\Synthetic_Dataset_YOLO_50\runs\detect\train-2\weights\best.pt,36.33,41.4
C:\Users\User\Documents\AI_Robotics Projects\AAU\Summer\Synthetic_Dataset_YOLO_50\runs\detect\train-2\weights\best.pt,37.74,32.4
C:\Users\User\Documents\AI_Robotics Projects\AAU\Summer\Synthetic_Dataset_YOLO_50\runs\detect\train-2\weights\best.pt,37.36,30.3
C:\Users\User\Documents\AI_Robotics Projects\AAU\Summer\Synthetic_Dataset_YOLO_50\runs\detect\train-2\weights\best.pt,44.81,23.4
C:\Users\User\Documents\AI_Robotics Projects\AAU\Summer\Synthetic_Dataset_YOLO_50\runs\detect\train-2\weights\best.pt,46.0,29.8
C:\Users\User\Documents\AI_Robotics Projects\AAU\Summer\Synthetic_Dataset_YOLO_50\runs\detect\train-2\weights\best.pt,41.91,29.3
C:\Users\User\Documents\AI_Robotics Projects\AAU\Summer\Synthetic_Dataset_YOLO_50\runs\detect\train-2\weights\best.pt,41.83,28.6
C:\Users\User\Documents\AI_Robotics Projects\AAU\Summer\Synthetic_Dataset_YOLO_50\runs\detect\train-2\weights\best.pt,35.51,33.1
C:\Users\User\Documents\AI_Robotics Projects\AAU\Summer\Synthetic_Dataset_YOLO_50\runs\detect\train-2\weights\best.pt,35.4,28.4
C:\Users\User\Documents\AI_Robotics Projects\AAU\Summer\Synthetic_Dataset_YOLO_50\runs\detect\train-2\weights\best.pt,38.37,26.3
C:\Users\User\Documents\AI_Robotics Projects\AAU\Summer\Synthetic_Dataset_YOLO_50\runs\detect\train-2\weights\best.pt,34.56,33.2
C:\Users\User\Documents\AI_Robotics Projects\AAU\Summer\Synthetic_Dataset_YOLO_50\runs\detect\train-2\weights\best.pt,34.46,41.5
C:\Users\User\Documents\AI_Robotics Projects\AAU\Summer\Synthetic_Dataset_YOLO_50\runs\detect\train-2\weights\best.pt,34.45,46.4
C:\Users\User\Documents\AI_Robotics Projects\AAU\Summer\Synthetic_Dataset_YOLO_50\runs\detect\train-2\weights\best.pt,36.09,32.1
C:\Users\User\Documents\AI_Robotics Projects\AAU\Summer\Synthetic_Dataset_YOLO_50\runs\detect\train-2\weights\best.pt,36.84,36.6
C:\Users\User\Documents\AI_Robotics Projects\AAU\Summer\Synthetic_Dataset_YOLO_50\runs\detect\train-2\weights\best.pt,35.73,33.8
C:\Users\User\Documents\AI_Robotics Projects\AAU\Summer\Synthetic_Dataset_YOLO_50\runs\detect\train-2\weights\best.pt,35.67,32.6
C:\Users\User\Documents\AI_Robotics Projects\AAU\Summer\Synthetic_Dataset_YOLO_50\runs\detect\train-2\weights\best.pt,38.58,25.4
C:\Users\User\Documents\AI_Robotics Projects\AAU\Summer\Synthetic_Dataset_YOLO_50\runs\detect\train-2\weights\best.pt,37.95,32.3
C:\Users\User\Documents\AI_Robotics Projects\AAU\Summer\Synthetic_Dataset_YOLO_50\runs\detect\train-2\weights\best.pt,53.75,25.5
C:\Users\User\Documents\AI_Robotics Projects\AAU\Summer\Synthetic_Dataset_YOLO_50\runs\detect\train-2\weights\best.pt,36.1,29.5
C:\Users\User\Documents\AI_Robotics Projects\AAU\Summer\Synthetic_Dataset_YOLO_50\runs\detect\train-2\weights\best.pt,35.24,27.7
C:\Users\User\Documents\AI_Robotics Projects\AAU\Summer\Synthetic_Dataset_YOLO_50\runs\detect\train-2\weights\best.pt,34.91,27.8
C:\Users\User\Documents\AI_Robotics Projects\AAU\Summer\Synthetic_Dataset_YOLO_50\runs\detect\train-2\weights\best.pt,35.79,23.8
C:\Users\User\Documents\AI_Robotics Projects\AAU\Summer\Synthetic_Dataset_YOLO_50\runs\detect\train-2\weights\best.pt,34.04,29.9
C:\Users\User\Documents\AI_Robotics Projects\AAU\Summer\Synthetic_Dataset_YOLO_50\runs\detect\train-2\weights\best.pt,35.92,24.9
C:\Users\User\Documents\AI_Robotics Projects\AAU\Summer\Synthetic_Dataset_YOLO_50\runs\detect\train-2\weights\best.pt,37.27,23.7
C:\Users\User\Documents\AI_Robotics Projects\AAU\Summer\Synthetic_Dataset_YOLO_50\runs\detect\train-2\weights\best.pt,35.46,31.3
C:\Users\User\Documents\AI_Robotics Projects\AAU\Summer\Synthetic_Dataset_YOLO_50\runs\detect\train-2\weights\best.pt,37.63,22.9
C:\Users\User\Documents\AI_Robotics Projects\AAU\Summer\Synthetic_Dataset_YOLO_50\runs\detect\train-2\weights\best.pt,35.73,27.7
C:\Users\User\Documents\AI_Robotics Projects\AAU\Summer\Synthetic_Dataset_YOLO_50\runs\detect\train-2\weights\best.pt,35.06,27.5
C:\Users\User\Documents\AI_Robotics Projects\AAU\Summer\Synthetic_Dataset_YOLO_50\runs\detect\train-2\weights\best.pt,35.92,29.8
C:\Users\User\Documents\AI_Robotics Projects\AAU\Summer\Synthetic_Dataset_YOLO_50\runs\detect\train-2\weights\best.pt,42.1,29.6
C:\Users\User\Documents\AI_Robotics Projects\AAU\Summer\Synthetic_Dataset_YOLO_50\runs\detect\train-2\weights\best.pt,38.48,33.3
C:\Users\User\Documents\AI_Robotics Projects\AAU\Summer\Synthetic_Dataset_YOLO_50\runs\detect\train-2\weights\best.pt,35.77,31.7
C:\Users\User\Documents\AI_Robotics Projects\AAU\Summer\Synthetic_Dataset_YOLO_50\runs\detect\train-2\weights\best.pt,35.26,29.7
C:\Users\User\Documents\AI_Robotics Projects\AAU\Summer\Synthetic_Dataset_YOLO_50\runs\detect\train-2\weights\best.pt,35.57,35.3
C:\Users\User\Documents\AI_Robotics Projects\AAU\Summer\Synthetic_Dataset_YOLO_50\runs\detect\train-2\weights\best.pt,34.75,22.8
C:\Users\User\Documents\AI_Robotics Projects\AAU\Summer\Synthetic_Dataset_YOLO_50\runs\detect\train-2\weights\best.pt,43.96,27.1
C:\Users\User\Documents\AI_Robotics Projects\AAU\Summer\Synthetic_Dataset_YOLO_50\runs\detect\train-2\weights\best.pt,38.18,25.9
C:\Users\User\Documents\AI_Robotics Projects\AAU\Summer\Synthetic_Dataset_YOLO_50\runs\detect\train-2\weights\best.pt,33.32,35.7
C:\Users\User\Documents\AI_Robotics Projects\AAU\Summer\Synthetic_Dataset_YOLO_50\runs\detect\train-2\weights\best.pt,44.23,24.0
C:\Users\User\Documents\AI_Robotics Projects\AAU\Summer\Synthetic_Dataset_YOLO_50\runs\detect\train-2\weights\best.pt,38.96,32.6
C:\Users\User\Documents\AI_Robotics Projects\AAU\Summer\Synthetic_Dataset_YOLO_50\runs\detect\train-2\weights\best.pt,41.21,32.9
C:\Users\User\Documents\AI_Robotics Projects\AAU\Summer\Synthetic_Dataset_YOLO_50\runs\detect\train-2\weights\best.pt,35.59,28.6
C:\Users\User\Documents\AI_Robotics Projects\AAU\Summer\Synthetic_Dataset_YOLO_50\runs\detect\train-2\weights\best.pt,52.58,28.9
C:\Users\User\Documents\AI_Robotics Projects\AAU\Summer\Synthetic_Dataset_YOLO_50\runs\detect\train-2\weights\best.pt,42.63,25.5
C:\Users\User\Documents\AI_Robotics Projects\AAU\Summer\Synthetic_Dataset_YOLO_50\runs\detect\train-2\weights\best.pt,36.24,28.6
C:\Users\User\Documents\AI_Robotics Projects\AAU\Summer\Synthetic_Dataset_YOLO_50\runs\detect\train-2\weights\best.pt,37.0,28.1
C:\Users\User\Documents\AI_Robotics Projects\AAU\Summer\Synthetic_Dataset_YOLO_50\runs\detect\train-2\weights\best.pt,38.47,29.5
C:\Users\User\Documents\AI_Robotics Projects\AAU\Summer\Synthetic_Dataset_YOLO_50\runs\detect\train-2\weights\best.pt,38.57,21.4
C:\Users\User\Documents\AI_Robotics Projects\AAU\Summer\Synthetic_Dataset_YOLO_50\runs\detect\train-2\weights\best.pt,39.99,23.7
C:\Users\User\Documents\AI_Robotics Projects\AAU\Summer\Synthetic_Dataset_YOLO_50\runs\detect\train-2\weights\best.pt,38.51,28.8
C:\Users\User\Documents\AI_Robotics Projects\AAU\Summer\Synthetic_Dataset_YOLO_50\runs\detect\train-2\weights\best.pt,34.37,25.3
C:\Users\User\Documents\AI_Robotics Projects\AAU\Summer\Synthetic_Dataset_YOLO_50\runs\detect\train-2\weights\best.pt,41.7,32.1
C:\Users\User\Documents\AI_Robotics Projects\AAU\Summer\Synthetic_Dataset_YOLO_50\runs\detect\train-2\weights\best.pt,34.89,37.5
C:\Users\User\Documents\AI_Robotics Projects\AAU\Summer\Synthetic_Dataset_YOLO_50\runs\detect\train-2\weights\best.pt,39.84,31.3
C:\Users\User\Documents\AI_Robotics Projects\AAU\Summer\Synthetic_Dataset_YOLO_50\runs\detect\train-2\weights\best.pt,36.03,32.0
C:\Users\User\Documents\AI_Robotics Projects\AAU\Summer\Synthetic_Dataset_YOLO_50\runs\detect\train-2\weights\best.pt,36.51,45.6
C:\Users\User\Documents\AI_Robotics Projects\AAU\Summer\Synthetic_Dataset_YOLO_50\runs\detect\train-2\weights\best.pt,36.33,26.0
C:\Users\User\Documents\AI_Robotics Projects\AAU\Summer\Synthetic_Dataset_YOLO_50\runs\detect\train-2\weights\best.pt,38.6,27.8
C:\Users\User\Documents\AI_Robotics Projects\AAU\Summer\Synthetic_Dataset_YOLO_50\runs\detect\train-2\weights\best.pt,40.86,30.0
C:\Users\User\Documents\AI_Robotics Projects\AAU\Summer\Synthetic_Dataset_YOLO_50\runs\detect\train-2\weights\best.pt,37.06,38.9
C:\Users\User\Documents\AI_Robotics Projects\AAU\Summer\Synthetic_Dataset_YOLO_50\runs\detect\train-2\weights\best.pt,36.28,25.1
C:\Users\User\Documents\AI_Robotics Projects\AAU\Summer\Synthetic_Dataset_YOLO_50\runs\detect\train-2\weights\best.pt,34.84,27.2
C:\Users\User\Documents\AI_Robotics Projects\AAU\Summer\Synthetic_Dataset_YOLO_50\runs\detect\train-2\weights\best.pt,34.62,33.4
C:\Users\User\Documents\AI_Robotics Projects\AAU\Summer\Synthetic_Dataset_YOLO_50\runs\detect\train-2\weights\best.pt,39.42,28.2
C:\Users\User\Documents\AI_Robotics Projects\AAU\Summer\Synthetic_Dataset_YOLO_50\runs\detect\train-2\weights\best.pt,38.98,32.4
C:\Users\User\Documents\AI_Robotics Projects\AAU\Summer\Synthetic_Dataset_YOLO_50\runs\detect\train-2\weights\best.pt,43.72,25.6
C:\Users\User\Documents\AI_Robotics Projects\AAU\Summer\Synthetic_Dataset_YOLO_50\runs\detect\train-2\weights\best.pt,39.81,20.7
C:\Users\User\Documents\AI_Robotics Projects\AAU\Summer\Synthetic_Dataset_YOLO_50\runs\detect\train-2\weights\best.pt,61.96,24.7
C:\Users\User\Documents\AI_Robotics Projects\AAU\Summer\Synthetic_Dataset_YOLO_50\runs\detect\train-2\weights\best.pt,39.12,23.6
C:\Users\User\Documents\AI_Robotics Projects\AAU\Summer\Synthetic_Dataset_YOLO_50\runs\detect\train-2\weights\best.pt,40.3,29.4
C:\Users\User\Documents\AI_Robotics Projects\AAU\Summer\Synthetic_Dataset_YOLO_50\runs\detect\train-2\weights\best.pt,39.35,19.9
C:\Users\User\Documents\AI_Robotics Projects\AAU\Summer\Synthetic_Dataset_YOLO_50\runs\detect\train-2\weights\best.pt,38.63,20.3
C:\Users\User\Documents\AI_Robotics Projects\AAU\Summer\Synthetic_Dataset_YOLO_50\runs\detect\train-2\weights\best.pt,50.2,26.7
C:\Users\User\Documents\AI_Robotics Projects\AAU\Summer\Synthetic_Dataset_YOLO_50\runs\detect\train-2\weights\best.pt,42.53,31.4
C:\Users\User\Documents\AI_Robotics Projects\AAU\Summer\Synthetic_Dataset_YOLO_50\runs\detect\train-2\weights\best.pt,44.56,23.3
C:\Users\User\Documents\AI_Robotics Projects\AAU\Summer\Synthetic_Dataset_YOLO_50\runs\detect\train-2\weights\best.pt,39.59,86.3
C:\Users\User\Documents\AI_Robotics Projects\AAU\Summer\Synthetic_Dataset_YOLO_50\runs\detect\train-2\weights\best.pt,40.42,76.3
C:\Users\User\Documents\AI_Robotics Projects\AAU\Summer\Synthetic_Dataset_YOLO_50\runs\detect\train-2\weights\best.pt,43.64,77.2
C:\Users\User\Documents\AI_Robotics Projects\AAU\Summer\Synthetic_Dataset_YOLO_50\runs\detect\train-2\weights\best.pt,39.67,78.1
C:\Users\User\Documents\AI_Robotics Projects\AAU\Summer\Synthetic_Dataset_YOLO_50\runs\detect\train-2\weights\best.pt,40.83,38.7
C:\Users\User\Documents\AI_Robotics Projects\AAU\Summer\Synthetic_Dataset_YOLO_50\runs\detect\train-2\weights\best.pt,41.91,85.2
C:\Users\User\Documents\AI_Robotics Projects\AAU\Summer\Synthetic_Dataset_YOLO_50\runs\detect\train-2\weights\best.pt,39.69,87.8
C:\Users\User\Documents\AI_Robotics Projects\AAU\Summer\Synthetic_Dataset_YOLO_50\runs\detect\train-2\weights\best.pt,39.22,57.0
C:\Users\User\Documents\AI_Robotics Projects\AAU\Summer\Synthetic_Dataset_YOLO_50\runs\detect\train-2\weights\best.pt,40.25,76.3
C:\Users\User\Documents\AI_Robotics Projects\AAU\Summer\Synthetic_Dataset_YOLO_50\runs\detect\train-2\weights\best.pt,40.18,81.1
C:\Users\User\Documents\AI_Robotics Projects\AAU\Summer\Synthetic_Dataset_YOLO_50\runs\detect\train-2\weights\best.pt,39.59,27.8
C:\Users\User\Documents\AI_Robotics Projects\AAU\Summer\Synthetic_Dataset_YOLO_50\runs\detect\train-2\weights\best.pt,38.93,34.3
C:\Users\User\Documents\AI_Robotics Projects\AAU\Summer\Synthetic_Dataset_YOLO_50\runs\detect\train-2\weights\best.pt,40.53,33.2
C:\Users\User\Documents\AI_Robotics Projects\AAU\Summer\Synthetic_Dataset_YOLO_50\runs\detect\train-2\weights\best.pt,51.59,32.1
C:\Users\User\Documents\AI_Robotics Projects\AAU\Summer\Synthetic_Dataset_YOLO_50\runs\detect\train-2\weights\best.pt,41.19,31.9
C:\Users\User\Documents\AI_Robotics Projects\AAU\Summer\Synthetic_Dataset_YOLO_50\runs\detect\train-2\weights\best.pt,40.73,34.3
C:\Users\User\Documents\AI_Robotics Projects\AAU\Summer\Synthetic_Dataset_YOLO_50\runs\detect\train-2\weights\best.pt,41.18,33.2
C:\Users\User\Documents\AI_Robotics Projects\AAU\Summer\Synthetic_Dataset_YOLO_50\runs\detect\train-2\weights\best.pt,41.2,33.0
C:\Users\User\Documents\AI_Robotics Projects\AAU\Summer\Synthetic_Dataset_YOLO_50\runs\detect\train-2\weights\best.pt,57.46,28.8
C:\Users\User\Documents\AI_Robotics Projects\AAU\Summer\Synthetic_Dataset_YOLO_50\runs\detect\train-2\weights\best.pt,40.47,33.9
C:\Users\User\Documents\AI_Robotics Projects\AAU\Summer\Synthetic_Dataset_YOLO_50\runs\detect\train-2\weights\best.pt,40.69,38.8
C:\Users\User\Documents\AI_Robotics Projects\AAU\Summer\Synthetic_Dataset_YOLO_50\runs\detect\train-2\weights\best.pt,42.82,34.6
C:\Users\User\Documents\AI_Robotics Projects\AAU\Summer\Synthetic_Dataset_YOLO_50\runs\detect\train-2\weights\best.pt,39.95,33.8
C:\Users\User\Documents\AI_Robotics Projects\AAU\Summer\Synthetic_Dataset_YOLO_50\runs\detect\train-2\weights\best.pt,40.58,23.9
C:\Users\User\Documents\AI_Robotics Projects\AAU\Summer\Synthetic_Dataset_YOLO_50\runs\detect\train-2\weights\best.pt,44.11,31.7
C:\Users\User\Documents\AI_Robotics Projects\AAU\Summer\Synthetic_Dataset_YOLO_50\runs\detect\train-2\weights\best.pt,40.56,33.0
C:\Users\User\Documents\AI_Robotics Projects\AAU\Summer\Synthetic_Dataset_YOLO_50\runs\detect\train-2\weights\best.pt,51.25,31.3
C:\Users\User\Documents\AI_Robotics Projects\AAU\Summer\Synthetic_Dataset_YOLO_50\runs\detect\train-2\weights\best.pt,42.04,33.1
C:\Users\User\Documents\AI_Robotics Projects\AAU\Summer\Synthetic_Dataset_YOLO_50\runs\detect\train-2\weights\best.pt,40.65,33.8
C:\Users\User\Documents\AI_Robotics Projects\AAU\Summer\Synthetic_Dataset_YOLO_50\runs\detect\train-2\weights\best.pt,41.2,39.0
C:\Users\User\Documents\AI_Robotics Projects\AAU\Summer\Synthetic_Dataset_YOLO_50\runs\detect\train-2\weights\best.pt,41.43,31.9
C:\Users\User\Documents\AI_Robotics Projects\AAU\Summer\Synthetic_Dataset_YOLO_50\runs\detect\train-2\weights\best.pt,43.83,32.9
C:\Users\User\Documents\AI_Robotics Projects\AAU\Summer\Synthetic_Dataset_YOLO_50\runs\detect\train-2\weights\best.pt,48.06,26.4
C:\Users\User\Documents\AI_Robotics Projects\AAU\Summer\Synthetic_Dataset_YOLO_50\runs\detect\train-2\weights\best.pt,41.22,33.9
C:\Users\User\Documents\AI_Robotics Projects\AAU\Summer\Synthetic_Dataset_YOLO_50\runs\detect\train-2\weights\best.pt,43.11,33.4
C:\Users\User\Documents\AI_Robotics Projects\AAU\Summer\Synthetic_Dataset_YOLO_50\runs\detect\train-2\weights\best.pt,41.17,35.4
C:\Users\User\Documents\AI_Robotics Projects\AAU\Summer\Synthetic_Dataset_YOLO_50\runs\detect\train-2\weights\best.pt,41.86,31.7
C:\Users\User\Documents\AI_Robotics Projects\AAU\Summer\Synthetic_Dataset_YOLO_50\runs\detect\train-2\weights\best.pt,42.2,35.3
C:\Users\User\Documents\AI_Robotics Projects\AAU\Summer\Synthetic_Dataset_YOLO_50\runs\detect\train-2\weights\best.pt,41.52,35.8
C:\Users\User\Documents\AI_Robotics Projects\AAU\Summer\Synthetic_Dataset_YOLO_50\runs\detect\train-2\weights\best.pt,47.34,30.9
C:\Users\User\Documents\AI_Robotics Projects\AAU\Summer\Synthetic_Dataset_YOLO_50\runs\detect\train-2\weights\best.pt,42.35,33.1
C:\Users\User\Documents\AI_Robotics Projects\AAU\Summer\Synthetic_Dataset_YOLO_50\runs\detect\train-2\weights\best.pt,43.38,37.3
C:\Users\User\Documents\AI_Robotics Projects\AAU\Summer\Synthetic_Dataset_YOLO_50\runs\detect\train-2\weights\best.pt,41.4,32.9
C:\Users\User\Documents\AI_Robotics Projects\AAU\Summer\Synthetic_Dataset_YOLO_50\runs\detect\train-2\weights\best.pt,53.62,27.2
C:\Users\User\Documents\AI_Robotics Projects\AAU\Summer\Synthetic_Dataset_YOLO_50\runs\detect\train-2\weights\best.pt,42.02,31.5
C:\Users\User\Documents\AI_Robotics Projects\AAU\Summer\Synthetic_Dataset_YOLO_50\runs\detect\train-2\weights\best.pt,42.46,32.9
C:\Users\User\Documents\AI_Robotics Projects\AAU\Summer\Synthetic_Dataset_YOLO_50\runs\detect\train-2\weights\best.pt,41.52,33.2
C:\Users\User\Documents\AI_Robotics Projects\AAU\Summer\Synthetic_Dataset_YOLO_50\runs\detect\train-2\weights\best.pt,41.47,33.2
C:\Users\User\Documents\AI_Robotics Projects\AAU\Summer\Synthetic_Dataset_YOLO_50\runs\detect\train-2\weights\best.pt,39.88,33.8
C:\Users\User\Documents\AI_Robotics Projects\AAU\Summer\Synthetic_Dataset_YOLO_50\runs\detect\train-2\weights\best.pt,39.87,32.1
C:\Users\User\Documents\AI_Robotics Projects\AAU\Summer\Synthetic_Dataset_YOLO_50\runs\detect\train-2\weights\best.pt,42.08,33.0
C:\Users\User\Documents\AI_Robotics Projects\AAU\Summer\Synthetic_Dataset_YOLO_50\runs\detect\train-2\weights\best.pt,41.38,40.0
C:\Users\User\Documents\AI_Robotics Projects\AAU\Summer\Synthetic_Dataset_YOLO_50\runs\detect\train-2\weights\best.pt,51.69,26.3
C:\Users\User\Documents\AI_Robotics Projects\AAU\Summer\Synthetic_Dataset_YOLO_50\runs\detect\train-2\weights\best.pt,43.4,32.4
C:\Users\User\Documents\AI_Robotics Projects\AAU\Summer\Synthetic_Dataset_YOLO_50\runs\detect\train-2\weights\best.pt,41.04,30.6
C:\Users\User\Documents\AI_Robotics Projects\AAU\Summer\Synthetic_Dataset_YOLO_50\runs\detect\train-2\weights\best.pt,42.34,32.7
C:\Users\User\Documents\AI_Robotics Projects\AAU\Summer\Synthetic_Dataset_YOLO_50\runs\detect\train-2\weights\best.pt,42.01,31.5
C:\Users\User\Documents\AI_Robotics Projects\AAU\Summer\Synthetic_Dataset_YOLO_50\runs\detect\train-2\weights\best.pt,42.39,25.0
C:\Users\User\Documents\AI_Robotics Projects\AAU\Summer\Synthetic_Dataset_YOLO_50\runs\detect\train-2\weights\best.pt,41.69,31.8
C:\Users\User\Documents\AI_Robotics Projects\AAU\Summer\Synthetic_Dataset_YOLO_50\runs\detect\train-2\weights\best.pt,40.72,36.9
C:\Users\User\Documents\AI_Robotics Projects\AAU\Summer\Synthetic_Dataset_YOLO_50\runs\detect\train-2\weights\best.pt,40.7,32.6
C:\Users\User\Documents\AI_Robotics Projects\AAU\Summer\Synthetic_Dataset_YOLO_50\runs\detect\train-2\weights\best.pt,43.53,23.7
C:\Users\User\Documents\AI_Robotics Projects\AAU\Summer\Synthetic_Dataset_YOLO_50\runs\detect\train-2\weights\best.pt,41.51,34.3
C:\Users\User\Documents\AI_Robotics Projects\AAU\Summer\Synthetic_Dataset_YOLO_50\runs\detect\train-2\weights\best.pt,41.32,21.8
C:\Users\User\Documents\AI_Robotics Projects\AAU\Summer\Synthetic_Dataset_YOLO_50\runs\detect\train-2\weights\best.pt,43.04,31.8
C:\Users\User\Documents\AI_Robotics Projects\AAU\Summer\Synthetic_Dataset_YOLO_50\runs\detect\train-2\weights\best.pt,49.31,27.8
C:\Users\User\Documents\AI_Robotics Projects\AAU\Summer\Synthetic_Dataset_YOLO_50\runs\detect\train-2\weights\best.pt,57.67,29.3
C:\Users\User\Documents\AI_Robotics Projects\AAU\Summer\Synthetic_Dataset_YOLO_50\runs\detect\train-2\weights\best.pt,45.77,32.2
C:\Users\User\Documents\AI_Robotics Projects\AAU\Summer\Synthetic_Dataset_YOLO_50\runs\detect\train-2\weights\best.pt,43.24,31.6
C:\Users\User\Documents\AI_Robotics Projects\AAU\Summer\Synthetic_Dataset_YOLO_50\runs\detect\train-2\weights\best.pt,41.29,31.0
C:\Users\User\Documents\AI_Robotics Projects\AAU\Summer\Synthetic_Dataset_YOLO_50\runs\detect\train-2\weights\best.pt,42.66,34.3
C:\Users\User\Documents\AI_Robotics Projects\AAU\Summer\Synthetic_Dataset_YOLO_50\runs\detect\train-2\weights\best.pt,42.14,30.6
C:\Users\User\Documents\AI_Robotics Projects\AAU\Summer\Synthetic_Dataset_YOLO_50\runs\detect\train-2\weights\best.pt,39.01,31.5
C:\Users\User\Documents\AI_Robotics Projects\AAU\Summer\Synthetic_Dataset_YOLO_50\runs\detect\train-2\weights\best.pt,43.56,36.4
C:\Users\User\Documents\AI_Robotics Projects\AAU\Summer\Synthetic_Dataset_YOLO_50\runs\detect\train-2\weights\best.pt,43.97,30.4
C:\Users\User\Documents\AI_Robotics Projects\AAU\Summer\Synthetic_Dataset_YOLO_50\runs\detect\train-2\weights\best.pt,42.73,23.4
C:\Users\User\Documents\AI_Robotics Projects\AAU\Summer\Synthetic_Dataset_YOLO_50\runs\detect\train-2\weights\best.pt,43.59,30.2
C:\Users\User\Documents\AI_Robotics Projects\AAU\Summer\Synthetic_Dataset_YOLO_50\runs\detect\train-2\weights\best.pt,53.52,30.3
C:\Users\User\Documents\AI_Robotics Projects\AAU\Summer\Synthetic_Dataset_YOLO_50\runs\detect\train-2\weights\best.pt,44.85,30.6
C:\Users\User\Documents\AI_Robotics Projects\AAU\Summer\Synthetic_Dataset_YOLO_50\runs\detect\train-2\weights\best.pt,42.07,31.2
C:\Users\User\Documents\AI_Robotics Projects\AAU\Summer\Synthetic_Dataset_YOLO_50\runs\detect\train-2\weights\best.pt,41.47,32.4
C:\Users\User\Documents\AI_Robotics Projects\AAU\Summer\Synthetic_Dataset_YOLO_50\runs\detect\train-2\weights\best.pt,43.99,32.0
C:\Users\User\Documents\AI_Robotics Projects\AAU\Summer\Synthetic_Dataset_YOLO_50\runs\detect\train-2\weights\best.pt,48.73,29.1
C:\Users\User\Documents\AI_Robotics Projects\AAU\Summer\Synthetic_Dataset_YOLO_50\runs\detect\train-2\weights\best.pt,57.53,43.9
C:\Users\User\Documents\AI_Robotics Projects\AAU\Summer\Synthetic_Dataset_YOLO_50\runs\detect\train-2\weights\best.pt,44.65,29.4
C:\Users\User\Documents\AI_Robotics Projects\AAU\Summer\Synthetic_Dataset_YOLO_50\runs\detect\train-2\weights\best.pt,41.71,28.6
C:\Users\User\Documents\AI_Robotics Projects\AAU\Summer\Synthetic_Dataset_YOLO_50\runs\detect\train-2\weights\best.pt,44.93,50.5
C:\Users\User\Documents\AI_Robotics Projects\AAU\Summer\Synthetic_Dataset_YOLO_50\runs\detect\train-2\weights\best.pt,45.14,44.0
C:\Users\User\Documents\AI_Robotics Projects\AAU\Summer\Synthetic_Dataset_YOLO_50\runs\detect\train-2\weights\best.pt,41.94,42.6
C:\Users\User\Documents\AI_Robotics Projects\AAU\Summer\Synthetic_Dataset_YOLO_50\runs\detect\train-2\weights\best.pt,44.84,24.3
C:\Users\User\Documents\AI_Robotics Projects\AAU\Summer\Synthetic_Dataset_YOLO_50\runs\detect\train-2\weights\best.pt,64.88,36.1
C:\Users\User\Documents\AI_Robotics Projects\AAU\Summer\Synthetic_Dataset_YOLO_50\runs\detect\train-2\weights\best.pt,53.15,34.9
C:\Users\User\Documents\AI_Robotics Projects\AAU\Summer\Synthetic_Dataset_YOLO_50\runs\detect\train-2\weights\best.pt,47.24,34.6
C:\Users\User\Documents\AI_Robotics Projects\AAU\Summer\Synthetic_Dataset_YOLO_50\runs\detect\train-2\weights\best.pt,42.45,37.1
C:\Users\User\Documents\AI_Robotics Projects\AAU\Summer\Synthetic_Dataset_YOLO_50\runs\detect\train-2\weights\best.pt,42.79,36.4
C:\Users\User\Documents\AI_Robotics Projects\AAU\Summer\Synthetic_Dataset_YOLO_50\runs\detect\train-2\weights\best.pt,44.57,36.2
C:\Users\User\Documents\AI_Robotics Projects\AAU\Summer\Synthetic_Dataset_YOLO_50\runs\detect\train-2\weights\best.pt,46.15,35.9
C:\Users\User\Documents\AI_Robotics Projects\AAU\Summer\Synthetic_Dataset_YOLO_50\runs\detect\train-2\weights\best.pt,71.97,32.1
C:\Users\User\Documents\AI_Robotics Projects\AAU\Summer\Synthetic_Dataset_YOLO_50\runs\detect\train-2\weights\best.pt,50.85,36.1
C:\Users\User\Documents\AI_Robotics Projects\AAU\Summer\Synthetic_Dataset_YOLO_50\runs\detect\train-2\weights\best.pt,47.61,35.2
C:\Users\User\Documents\AI_Robotics Projects\AAU\Summer\Synthetic_Dataset_YOLO_50\runs\detect\train-2\weights\best.pt,43.77,37.2
C:\Users\User\Documents\AI_Robotics Projects\AAU\Summer\Synthetic_Dataset_YOLO_50\runs\detect\train-2\weights\best.pt,45.07,35.4
C:\Users\User\Documents\AI_Robotics Projects\AAU\Summer\Synthetic_Dataset_YOLO_50\runs\detect\train-2\weights\best.pt,41.27,34.1
C:\Users\User\Documents\AI_Robotics Projects\AAU\Summer\Synthetic_Dataset_YOLO_50\runs\detect\train-2\weights\best.pt,43.35,30.8
C:\Users\User\Documents\AI_Robotics Projects\AAU\Summer\Synthetic_Dataset_YOLO_50\runs\detect\train-2\weights\best.pt,48.49,30.9
C:\Users\User\Documents\AI_Robotics Projects\AAU\Summer\Synthetic_Dataset_YOLO_50\runs\detect\train-2\weights\best.pt,44.85,27.8
C:\Users\User\Documents\AI_Robotics Projects\AAU\Summer\Synthetic_Dataset_YOLO_50\runs\detect\train-2\weights\best.pt,44.63,32.9
C:\Users\User\Documents\AI_Robotics Projects\AAU\Summer\Synthetic_Dataset_YOLO_50\runs\detect\train-2\weights\best.pt,52.03,33.9
C:\Users\User\Documents\AI_Robotics Projects\AAU\Summer\Synthetic_Dataset_YOLO_50\runs\detect\train-2\weights\best.pt,41.81,32.9
C:\Users\User\Documents\AI_Robotics Projects\AAU\Summer\Synthetic_Dataset_YOLO_50\runs\detect\train-2\weights\best.pt,48.74,38.5
C:\Users\User\Documents\AI_Robotics Projects\AAU\Summer\Synthetic_Dataset_YOLO_50\runs\detect\train-2\weights\best.pt,46.56,33.8
C:\Users\User\Documents\AI_Robotics Projects\AAU\Summer\Synthetic_Dataset_YOLO_50\runs\detect\train-2\weights\best.pt,49.2,31.2
C:\Users\User\Documents\AI_Robotics Projects\AAU\Summer\Synthetic_Dataset_YOLO_50\runs\detect\train-2\weights\best.pt,46.07,31.0
C:\Users\User\Documents\AI_Robotics Projects\AAU\Summer\Synthetic_Dataset_YOLO_50\runs\detect\train-2\weights\best.pt,49.34,32.4
C:\Users\User\Documents\AI_Robotics Projects\AAU\Summer\Synthetic_Dataset_YOLO_50\runs\detect\train-2\weights\best.pt,61.07,32.1
C:\Users\User\Documents\AI_Robotics Projects\AAU\Summer\Synthetic_Dataset_YOLO_50\runs\detect\train-2\weights\best.pt,47.79,32.0
C:\Users\User\Documents\AI_Robotics Projects\AAU\Summer\Synthetic_Dataset_YOLO_50\runs\detect\train-2\weights\best.pt,44.11,31.9
C:\Users\User\Documents\AI_Robotics Projects\AAU\Summer\Synthetic_Dataset_YOLO_50\runs\detect\train-2\weights\best.pt,53.29,32.1
C:\Users\User\Documents\AI_Robotics Projects\AAU\Summer\Synthetic_Dataset_YOLO_50\runs\detect\train-2\weights\best.pt,49.85,30.8
C:\Users\User\Documents\AI_Robotics Projects\AAU\Summer\Synthetic_Dataset_YOLO_50\runs\detect\train-2\weights\best.pt,51.51,30.5
C:\Users\User\Documents\AI_Robotics Projects\AAU\Summer\Synthetic_Dataset_YOLO_50\runs\detect\train-2\weights\best.pt,45.09,33.9
C:\Users\User\Documents\AI_Robotics Projects\AAU\Summer\Synthetic_Dataset_YOLO_50\runs\detect\train-2\weights\best.pt,42.08,34.1
C:\Users\User\Documents\AI_Robotics Projects\AAU\Summer\Synthetic_Dataset_YOLO_50\runs\detect\train-2\weights\best.pt,43.8,33.5
C:\Users\User\Documents\AI_Robotics Projects\AAU\Summer\Synthetic_Dataset_YOLO_50\runs\detect\train-2\weights\best.pt,45.49,34.3
C:\Users\User\Documents\AI_Robotics Projects\AAU\Summer\Synthetic_Dataset_YOLO_50\runs\detect\train-2\weights\best.pt,44.16,35.5
C:\Users\User\Documents\AI_Robotics Projects\AAU\Summer\Synthetic_Dataset_YOLO_50\runs\detect\train-2\weights\best.pt,44.19,29.7
C:\Users\User\Documents\AI_Robotics Projects\AAU\Summer\Synthetic_Dataset_YOLO_50\runs\detect\train-2\weights\best.pt,45.43,34.1
C:\Users\User\Documents\AI_Robotics Projects\AAU\Summer\Synthetic_Dataset_YOLO_50\runs\detect\train-2\weights\best.pt,47.37,32.3
C:\Users\User\Documents\AI_Robotics Projects\AAU\Summer\Synthetic_Dataset_YOLO_50\runs\detect\train-2\weights\best.pt,42.92,35.8
C:\Users\User\Documents\AI_Robotics Projects\AAU\Summer\Synthetic_Dataset_YOLO_50\runs\detect\train-2\weights\best.pt,42.91,34.5
C:\Users\User\Documents\AI_Robotics Projects\AAU\Summer\Synthetic_Dataset_YOLO_50\runs\detect\train-2\weights\best.pt,55.72,34.7
C:\Users\User\Documents\AI_Robotics Projects\AAU\Summer\Synthetic_Dataset_YOLO_50\runs\detect\train-2\weights\best.pt,44.88,39.9
C:\Users\User\Documents\AI_Robotics Projects\AAU\Summer\Synthetic_Dataset_YOLO_50\runs\detect\train-2\weights\best.pt,44.49,34.9
C:\Users\User\Documents\AI_Robotics Projects\AAU\Summer\Synthetic_Dataset_YOLO_50\runs\detect\train-2\weights\best.pt,43.8,30.2
C:\Users\User\Documents\AI_Robotics Projects\AAU\Summer\Synthetic_Dataset_YOLO_50\runs\detect\train-2\weights\best.pt,44.59,37.5
C:\Users\User\Documents\AI_Robotics Projects\AAU\Summer\Synthetic_Dataset_YOLO_50\runs\detect\train-2\weights\best.pt,48.14,35.2
C:\Users\User\Documents\AI_Robotics Projects\AAU\Summer\Synthetic_Dataset_YOLO_50\runs\detect\train-2\weights\best.pt,43.81,34.8
C:\Users\User\Documents\AI_Robotics Projects\AAU\Summer\Synthetic_Dataset_YOLO_50\runs\detect\train-2\weights\best.pt,47.37,33.3
C:\Users\User\Documents\AI_Robotics Projects\AAU\Summer\Synthetic_Dataset_YOLO_50\runs\detect\train-2\weights\best.pt,56.53,28.7
C:\Users\User\Documents\AI_Robotics Projects\AAU\Summer\Synthetic_Dataset_YOLO_50\runs\detect\train-2\weights\best.pt,45.69,33.5
C:\Users\User\Documents\AI_Robotics Projects\AAU\Summer\Synthetic_Dataset_YOLO_50\runs\detect\train-2\weights\best.pt,46.5,35.8
C:\Users\User\Documents\AI_Robotics Projects\AAU\Summer\Synthetic_Dataset_YOLO_50\runs\detect\train-2\weights\best.pt,46.17,34.5
C:\Users\User\Documents\AI_Robotics Projects\AAU\Summer\Synthetic_Dataset_YOLO_50\runs\detect\train-2\weights\best.pt,44.52,34.5
C:\Users\User\Documents\AI_Robotics Projects\AAU\Summer\Synthetic_Dataset_YOLO_50\runs\detect\train-2\weights\best.pt,58.45,29.2
C:\Users\User\Documents\AI_Robotics Projects\AAU\Summer\Synthetic_Dataset_YOLO_50\runs\detect\train-2\weights\best.pt,47.63,23.1
C:\Users\User\Documents\AI_Robotics Projects\AAU\Summer\Synthetic_Dataset_YOLO_50\runs\detect\train-2\weights\best.pt,48.22,33.8
C:\Users\User\Documents\AI_Robotics Projects\AAU\Summer\Synthetic_Dataset_YOLO_50\runs\detect\train-2\weights\best.pt,47.23,34.4
C:\Users\User\Documents\AI_Robotics Projects\AAU\Summer\Synthetic_Dataset_YOLO_50\runs\detect\train-2\weights\best.pt,46.07,33.2
C:\Users\User\Documents\AI_Robotics Projects\AAU\Summer\Synthetic_Dataset_YOLO_50\runs\detect\train-2\weights\best.pt,44.64,34.9
C:\Users\User\Documents\AI_Robotics Projects\AAU\Summer\Synthetic_Dataset_YOLO_50\runs\detect\train-2\weights\best.pt,42.17,26.7
C:\Users\User\Documents\AI_Robotics Projects\AAU\Summer\Synthetic_Dataset_YOLO_50\runs\detect\train-2\weights\best.pt,45.71,33.3
C:\Users\User\Documents\AI_Robotics Projects\AAU\Summer\Synthetic_Dataset_YOLO_50\runs\detect\train-2\weights\best.pt,42.78,36.7
C:\Users\User\Documents\AI_Robotics Projects\AAU\Summer\Synthetic_Dataset_YOLO_50\runs\detect\train-2\weights\best.pt,44.33,35.5
C:\Users\User\Documents\AI_Robotics Projects\AAU\Summer\Synthetic_Dataset_YOLO_50\runs\detect\train-2\weights\best.pt,46.77,33.5
C:\Users\User\Documents\AI_Robotics Projects\AAU\Summer\Synthetic_Dataset_YOLO_50\runs\detect\train-2\weights\best.pt,45.1,33.5
C:\Users\User\Documents\AI_Robotics Projects\AAU\Summer\Synthetic_Dataset_YOLO_50\runs\detect\train-2\weights\best.pt,46.29,38.1
C:\Users\User\Documents\AI_Robotics Projects\AAU\Summer\Synthetic_Dataset_YOLO_50\runs\detect\train-2\weights\best.pt,53.88,34.9
C:\Users\User\Documents\AI_Robotics Projects\AAU\Summer\Synthetic_Dataset_YOLO_50\runs\detect\train-2\weights\best.pt,46.94,34.5
C:\Users\User\Documents\AI_Robotics Projects\AAU\Summer\Synthetic_Dataset_YOLO_50\runs\detect\train-2\weights\best.pt,45.63,42.7
C:\Users\User\Documents\AI_Robotics Projects\AAU\Summer\Synthetic_Dataset_YOLO_50\runs\detect\train-2\weights\best.pt,45.35,42.0
C:\Users\User\Documents\AI_Robotics Projects\AAU\Summer\Synthetic_Dataset_YOLO_50\runs\detect\train-2\weights\best.pt,44.88,39.6
C:\Users\User\Documents\AI_Robotics Projects\AAU\Summer\Synthetic_Dataset_YOLO_50\runs\detect\train-2\weights\best.pt,43.67,67.5
C:\Users\User\Documents\AI_Robotics Projects\AAU\Summer\Synthetic_Dataset_YOLO_50\runs\detect\train-2\weights\best.pt,55.48,29.5
C:\Users\User\Documents\AI_Robotics Projects\AAU\Summer\Synthetic_Dataset_YOLO_50\runs\detect\train-2\weights\best.pt,55.65,33.8
C:\Users\User\Documents\AI_Robotics Projects\AAU\Summer\Synthetic_Dataset_YOLO_50\runs\detect\train-2\weights\best.pt,60.19,66.9
C:\Users\User\Documents\AI_Robotics Projects\AAU\Summer\Synthetic_Dataset_YOLO_50\runs\detect\train-2\weights\best.pt,57.82,32.6
C:\Users\User\Documents\AI_Robotics Projects\AAU\Summer\Synthetic_Dataset_YOLO_50\runs\detect\train-2\weights\best.pt,58.87,62.5
C:\Users\User\Documents\AI_Robotics Projects\AAU\Summer\Synthetic_Dataset_YOLO_50\runs\detect\train-2\weights\best.pt,55.67,29.1
C:\Users\User\Documents\AI_Robotics Projects\AAU\Summer\Synthetic_Dataset_YOLO_50\runs\detect\train-2\weights\best.pt,69.63,62.0
C:\Users\User\Documents\AI_Robotics Projects\AAU\Summer\Synthetic_Dataset_YOLO_50\runs\detect\train-2\weights\best.pt,61.42,60.7
C:\Users\User\Documents\AI_Robotics Projects\AAU\Summer\Synthetic_Dataset_YOLO_50\runs\detect\train-2\weights\best.pt,50.34,53.7
C:\Users\User\Documents\AI_Robotics Projects\AAU\Summer\Synthetic_Dataset_YOLO_50\runs\detect\train-2\weights\best.pt,54.69,63.0
C:\Users\User\Documents\AI_Robotics Projects\AAU\Summer\Synthetic_Dataset_YOLO_50\runs\detect\train-2\weights\best.pt,67.85,63.7
C:\Users\User\Documents\AI_Robotics Projects\AAU\Summer\Synthetic_Dataset_YOLO_50\runs\detect\train-2\weights\best.pt,48.65,65.1
C:\Users\User\Documents\AI_Robotics Projects\AAU\Summer\Synthetic_Dataset_YOLO_50\runs\detect\train-2\weights\best.pt,48.4,53.8
C:\Users\User\Documents\AI_Robotics Projects\AAU\Summer\Synthetic_Dataset_YOLO_50\runs\detect\train-2\weights\best.pt,49.49,32.4
C:\Users\User\Documents\AI_Robotics Projects\AAU\Summer\Synthetic_Dataset_YOLO_50\runs\detect\train-2\weights\best.pt,49.09,34.1
C:\Users\User\Documents\AI_Robotics Projects\AAU\Summer\Synthetic_Dataset_YOLO_50\runs\detect\train-2\weights\best.pt,45.47,36.0
C:\Users\User\Documents\AI_Robotics Projects\AAU\Summer\Synthetic_Dataset_YOLO_50\runs\detect\train-2\weights\best.pt,45.87,34.0
C:\Users\User\Documents\AI_Robotics Projects\AAU\Summer\Synthetic_Dataset_YOLO_50\runs\detect\train-2\weights\best.pt,46.15,33.1
C:\Users\User\Documents\AI_Robotics Projects\AAU\Summer\Synthetic_Dataset_YOLO_50\runs\detect\train-2\weights\best.pt,48.18,35.0
C:\Users\User\Documents\AI_Robotics Projects\AAU\Summer\Synthetic_Dataset_YOLO_50\runs\detect\train-2\weights\best.pt,49.13,36.8
C:\Users\User\Documents\AI_Robotics Projects\AAU\Summer\Synthetic_Dataset_YOLO_50\runs\detect\train-2\weights\best.pt,45.15,33.4
C:\Users\User\Documents\AI_Robotics Projects\AAU\Summer\Synthetic_Dataset_YOLO_50\runs\detect\train-2\weights\best.pt,47.74,33.3
C:\Users\User\Documents\AI_Robotics Projects\AAU\Summer\Synthetic_Dataset_YOLO_50\runs\detect\train-2\weights\best.pt,45.95,34.5
C:\Users\User\Documents\AI_Robotics Projects\AAU\Summer\Synthetic_Dataset_YOLO_50\runs\detect\train-2\weights\best.pt,51.53,31.3
C:\Users\User\Documents\AI_Robotics Projects\AAU\Summer\Synthetic_Dataset_YOLO_50\runs\detect\train-2\weights\best.pt,67.42,28.5
C:\Users\User\Documents\AI_Robotics Projects\AAU\Summer\Synthetic_Dataset_YOLO_50\runs\detect\train-2\weights\best.pt,77.65,30.2
C:\Users\User\Documents\AI_Robotics Projects\AAU\Summer\Synthetic_Dataset_YOLO_50\runs\detect\train-2\weights\best.pt,75.75,27.5
C:\Users\User\Documents\AI_Robotics Projects\AAU\Summer\Synthetic_Dataset_YOLO_50\runs\detect\train-2\weights\best.pt,74.8,27.3
C:\Users\User\Documents\AI_Robotics Projects\AAU\Summer\Synthetic_Dataset_YOLO_50\runs\detect\train-2\weights\best.pt,63.49,27.4
C:\Users\User\Documents\AI_Robotics Projects\AAU\Summer\Synthetic_Dataset_YOLO_50\runs\detect\train-2\weights\best.pt,72.99,30.7
C:\Users\User\Documents\AI_Robotics Projects\AAU\Summer\Synthetic_Dataset_YOLO_50\runs\detect\train-2\weights\best.pt,75.6,58.2
C:\Users\User\Documents\AI_Robotics Projects\AAU\Summer\Synthetic_Dataset_YOLO_50\runs\detect\train-2\weights\best.pt,69.28,57.5
C:\Users\User\Documents\AI_Robotics Projects\AAU\Summer\Synthetic_Dataset_YOLO_50\runs\detect\train-2\weights\best.pt,56.87,51.3
C:\Users\User\Documents\AI_Robotics Projects\AAU\Summer\Synthetic_Dataset_YOLO_50\runs\detect\train-2\weights\best.pt,78.14,56.6
C:\Users\User\Documents\AI_Robotics Projects\AAU\Summer\Synthetic_Dataset_YOLO_50\runs\detect\train-2\weights\best.pt,69.56,50.5
C:\Users\User\Documents\AI_Robotics Projects\AAU\Summer\Synthetic_Dataset_YOLO_50\runs\detect\train-2\weights\best.pt,58.14,54.2
C:\Users\User\Documents\AI_Robotics Projects\AAU\Summer\Synthetic_Dataset_YOLO_50\runs\detect\train-2\weights\best.pt,67.5,59.3
C:\Users\User\Documents\AI_Robotics Projects\AAU\Summer\Synthetic_Dataset_YOLO_50\runs\detect\train-2\weights\best.pt,46.91,60.5
C:\Users\User\Documents\AI_Robotics Projects\AAU\Summer\Synthetic_Dataset_YOLO_50\runs\detect\train-2\weights\best.pt,48.93,66.3
C:\Users\User\Documents\AI_Robotics Projects\AAU\Summer\Synthetic_Dataset_YOLO_50\runs\detect\train-2\weights\best.pt,53.45,68.1
C:\Users\User\Documents\AI_Robotics Projects\AAU\Summer\Synthetic_Dataset_YOLO_50\runs\detect\train-2\weights\best.pt,65.87,57.2
C:\Users\User\Documents\AI_Robotics Projects\AAU\Summer\Synthetic_Dataset_YOLO_50\runs\detect\train-2\weights\best.pt,55.03,60.6
C:\Users\User\Documents\AI_Robotics Projects\AAU\Summer\Synthetic_Dataset_YOLO_50\runs\detect\train-2\weights\best.pt,54.15,57.1
C:\Users\User\Documents\AI_Robotics Projects\AAU\Summer\Synthetic_Dataset_YOLO_50\runs\detect\train-2\weights\best.pt,51.63,57.5
C:\Users\User\Documents\AI_Robotics Projects\AAU\Summer\Synthetic_Dataset_YOLO_50\runs\detect\train-2\weights\best.pt,51.42,54.6
C:\Users\User\Documents\AI_Robotics Projects\AAU\Summer\Synthetic_Dataset_YOLO_50\runs\detect\train-2\weights\best.pt,47.75,62.2
C:\Users\User\Documents\AI_Robotics Projects\AAU\Summer\Synthetic_Dataset_YOLO_50\runs\detect\train-2\weights\best.pt,47.2,66.8
C:\Users\User\Documents\AI_Robotics Projects\AAU\Summer\Synthetic_Dataset_YOLO_50\runs\detect\train-2\weights\best.pt,46.94,63.8
C:\Users\User\Documents\AI_Robotics Projects\AAU\Summer\Synthetic_Dataset_YOLO_50\runs\detect\train-2\weights\best.pt,48.08,65.7
C:\Users\User\Documents\AI_Robotics Projects\AAU\Summer\Synthetic_Dataset_YOLO_50\runs\detect\train-2\weights\best.pt,53.28,61.9
C:\Users\User\Documents\AI_Robotics Projects\AAU\Summer\Synthetic_Dataset_YOLO_50\runs\detect\train-2\weights\best.pt,58.3,64.6
C:\Users\User\Documents\AI_Robotics Projects\AAU\Summer\Synthetic_Dataset_YOLO_50\runs\detect\train-2\weights\best.pt,51.72,60.7
C:\Users\User\Documents\AI_Robotics Projects\AAU\Summer\Synthetic_Dataset_YOLO_50\runs\detect\train-2\weights\best.pt,70.74,55.4
C:\Users\User\Documents\AI_Robotics Projects\AAU\Summer\Synthetic_Dataset_YOLO_50\runs\detect\train-2\weights\best.pt,48.83,60.4
C:\Users\User\Documents\AI_Robotics Projects\AAU\Summer\Synthetic_Dataset_YOLO_50\runs\detect\train-2\weights\best.pt,48.02,64.1
C:\Users\User\Documents\AI_Robotics Projects\AAU\Summer\Synthetic_Dataset_YOLO_50\runs\detect\train-2\weights\best.pt,46.89,63.2
C:\Users\User\Documents\AI_Robotics Projects\AAU\Summer\Synthetic_Dataset_YOLO_50\runs\detect\train-2\weights\best.pt,47.74,60.8
C:\Users\User\Documents\AI_Robotics Projects\AAU\Summer\Synthetic_Dataset_YOLO_50\runs\detect\train-2\weights\best.pt,46.13,65.0
C:\Users\User\Documents\AI_Robotics Projects\AAU\Summer\Synthetic_Dataset_YOLO_50\runs\detect\train-2\weights\best.pt,45.37,66.4
C:\Users\User\Documents\AI_Robotics Projects\AAU\Summer\Synthetic_Dataset_YOLO_50\runs\detect\train-2\weights\best.pt,45.72,61.1
C:\Users\User\Documents\AI_Robotics Projects\AAU\Summer\Synthetic_Dataset_YOLO_50\runs\detect\train-2\weights\best.pt,45.7,68.3
C:\Users\User\Documents\AI_Robotics Projects\AAU\Summer\Synthetic_Dataset_YOLO_50\runs\detect\train-2\weights\best.pt,44.63,64.2
C:\Users\User\Documents\AI_Robotics Projects\AAU\Summer\Synthetic_Dataset_YOLO_50\runs\detect\train-2\weights\best.pt,46.17,42.4
C:\Users\User\Documents\AI_Robotics Projects\AAU\Summer\Synthetic_Dataset_YOLO_50\runs\detect\train-2\weights\best.pt,45.17,31.2
C:\Users\User\Documents\AI_Robotics Projects\AAU\Summer\Synthetic_Dataset_YOLO_50\runs\detect\train-2\weights\best.pt,45.02,48.1
C:\Users\User\Documents\AI_Robotics Projects\AAU\Summer\Synthetic_Dataset_YOLO_50\runs\detect\train-2\weights\best.pt,54.28,61.2
C:\Users\User\Documents\AI_Robotics Projects\AAU\Summer\Synthetic_Dataset_YOLO_50\runs\detect\train-2\weights\best.pt,70.48,62.6
C:\Users\User\Documents\AI_Robotics Projects\AAU\Summer\Synthetic_Dataset_YOLO_50\runs\detect\train-2\weights\best.pt,54.86,64.4
C:\Users\User\Documents\AI_Robotics Projects\AAU\Summer\Synthetic_Dataset_YOLO_50\runs\detect\train-2\weights\best.pt,52.88,59.8
C:\Users\User\Documents\AI_Robotics Projects\AAU\Summer\Synthetic_Dataset_YOLO_50\runs\detect\train-2\weights\best.pt,55.21,65.7
C:\Users\User\Documents\AI_Robotics Projects\AAU\Summer\Synthetic_Dataset_YOLO_50\runs\detect\train-2\weights\best.pt,54.63,59.9
C:\Users\User\Documents\AI_Robotics Projects\AAU\Summer\Synthetic_Dataset_YOLO_50\runs\detect\train-2\weights\best.pt,55.63,63.6
C:\Users\User\Documents\AI_Robotics Projects\AAU\Summer\Synthetic_Dataset_YOLO_50\runs\detect\train-2\weights\best.pt,55.4,62.6
C:\Users\User\Documents\AI_Robotics Projects\AAU\Summer\Synthetic_Dataset_YOLO_50\runs\detect\train-2\weights\best.pt,54.64,60.8
C:\Users\User\Documents\AI_Robotics Projects\AAU\Summer\Synthetic_Dataset_YOLO_50\runs\detect\train-2\weights\best.pt,54.53,60.4
C:\Users\User\Documents\AI_Robotics Projects\AAU\Summer\Synthetic_Dataset_YOLO_50\runs\detect\train-2\weights\best.pt,53.1,63.2
C:\Users\User\Documents\AI_Robotics Projects\AAU\Summer\Synthetic_Dataset_YOLO_50\runs\detect\train-2\weights\best.pt,54.23,64.6
C:\Users\User\Documents\AI_Robotics Projects\AAU\Summer\Synthetic_Dataset_YOLO_50\runs\detect\train-2\weights\best.pt,53.38,62.4
C:\Users\User\Documents\AI_Robotics Projects\AAU\Summer\Synthetic_Dataset_YOLO_50\runs\detect\train-2\weights\best.pt,57.38,65.4
C:\Users\User\Documents\AI_Robotics Projects\AAU\Summer\Synthetic_Dataset_YOLO_50\runs\detect\train-2\weights\best.pt,54.91,36.4
C:\Users\User\Documents\AI_Robotics Projects\AAU\Summer\Synthetic_Dataset_YOLO_50\runs\detect\train-2\weights\best.pt,61.49,33.3
C:\Users\User\Documents\AI_Robotics Projects\AAU\Summer\Synthetic_Dataset_YOLO_50\runs\detect\train-2\weights\best.pt,71.32,31.6
C:\Users\User\Documents\AI_Robotics Projects\AAU\Summer\Synthetic_Dataset_YOLO_50\runs\detect\train-2\weights\best.pt,52.34,65.7
C:\Users\User\Documents\AI_Robotics Projects\AAU\Summer\Synthetic_Dataset_YOLO_50\runs\detect\train-2\weights\best.pt,53.42,31.4
C:\Users\User\Documents\AI_Robotics Projects\AAU\Summer\Synthetic_Dataset_YOLO_50\runs\detect\train-2\weights\best.pt,56.38,66.3
C:\Users\User\Documents\AI_Robotics Projects\AAU\Summer\Synthetic_Dataset_YOLO_50\runs\detect\train-2\weights\best.pt,50.26,63.0
C:\Users\User\Documents\AI_Robotics Projects\AAU\Summer\Synthetic_Dataset_YOLO_50\runs\detect\train-2\weights\best.pt,50.79,63.6
C:\Users\User\Documents\AI_Robotics Projects\AAU\Summer\Synthetic_Dataset_YOLO_50\runs\detect\train-2\weights\best.pt,54.02,63.6
C:\Users\User\Documents\AI_Robotics Projects\AAU\Summer\Synthetic_Dataset_YOLO_50\runs\detect\train-2\weights\best.pt,51.51,61.3
C:\Users\User\Documents\AI_Robotics Projects\AAU\Summer\Synthetic_Dataset_YOLO_50\runs\detect\train-2\weights\best.pt,50.08,68.5
C:\Users\User\Documents\AI_Robotics Projects\AAU\Summer\Synthetic_Dataset_YOLO_50\runs\detect\train-2\weights\best.pt,54.35,32.6
C:\Users\User\Documents\AI_Robotics Projects\AAU\Summer\Synthetic_Dataset_YOLO_50\runs\detect\train-2\weights\best.pt,51.18,33.9
C:\Users\User\Documents\AI_Robotics Projects\AAU\Summer\Synthetic_Dataset_YOLO_50\runs\detect\train-2\weights\best.pt,51.36,66.8
C:\Users\User\Documents\AI_Robotics Projects\AAU\Summer\Synthetic_Dataset_YOLO_50\runs\detect\train-2\weights\best.pt,47.56,72.5
C:\Users\User\Documents\AI_Robotics Projects\AAU\Summer\Synthetic_Dataset_YOLO_50\runs\detect\train-2\weights\best.pt,49.83,67.7
C:\Users\User\Documents\AI_Robotics Projects\AAU\Summer\Synthetic_Dataset_YOLO_50\runs\detect\train-2\weights\best.pt,60.91,33.0
C:\Users\User\Documents\AI_Robotics Projects\AAU\Summer\Synthetic_Dataset_YOLO_50\runs\detect\train-2\weights\best.pt,57.21,66.3
C:\Users\User\Documents\AI_Robotics Projects\AAU\Summer\Synthetic_Dataset_YOLO_50\runs\detect\train-2\weights\best.pt,50.44,65.9
C:\Users\User\Documents\AI_Robotics Projects\AAU\Summer\Synthetic_Dataset_YOLO_50\runs\detect\train-2\weights\best.pt,49.78,60.3
C:\Users\User\Documents\AI_Robotics Projects\AAU\Summer\Synthetic_Dataset_YOLO_50\runs\detect\train-2\weights\best.pt,62.57,61.3
C:\Users\User\Documents\AI_Robotics Projects\AAU\Summer\Synthetic_Dataset_YOLO_50\runs\detect\train-2\weights\best.pt,50.27,67.2
C:\Users\User\Documents\AI_Robotics Projects\AAU\Summer\Synthetic_Dataset_YOLO_50\runs\detect\train-2\weights\best.pt,47.26,63.6
C:\Users\User\Documents\AI_Robotics Projects\AAU\Summer\Synthetic_Dataset_YOLO_50\runs\detect\train-2\weights\best.pt,50.2,67.2
C:\Users\User\Documents\AI_Robotics Projects\AAU\Summer\Synthetic_Dataset_YOLO_50\runs\detect\train-2\weights\best.pt,52.8,62.9
C:\Users\User\Documents\AI_Robotics Projects\AAU\Summer\Synthetic_Dataset_YOLO_50\runs\detect\train-2\weights\best.pt,54.83,68.4
C:\Users\User\Documents\AI_Robotics Projects\AAU\Summer\Synthetic_Dataset_YOLO_50\runs\detect\train-2\weights\best.pt,52.42,69.3
C:\Users\User\Documents\AI_Robotics Projects\AAU\Summer\Synthetic_Dataset_YOLO_50\runs\detect\train-2\weights\best.pt,51.44,65.6
C:\Users\User\Documents\AI_Robotics Projects\AAU\Summer\Synthetic_Dataset_YOLO_50\runs\detect\train-2\weights\best.pt,53.52,72.1
C:\Users\User\Documents\AI_Robotics Projects\AAU\Summer\Synthetic_Dataset_YOLO_50\runs\detect\train-2\weights\best.pt,54.41,36.6
C:\Users\User\Documents\AI_Robotics Projects\AAU\Summer\Synthetic_Dataset_YOLO_50\runs\detect\train-2\weights\best.pt,66.63,60.0
C:\Users\User\Documents\AI_Robotics Projects\AAU\Summer\Synthetic_Dataset_YOLO_50\runs\detect\train-2\weights\best.pt,54.84,40.0
C:\Users\User\Documents\AI_Robotics Projects\AAU\Summer\Synthetic_Dataset_YOLO_50\runs\detect\train-2\weights\best.pt,64.62,35.8
C:\Users\User\Documents\AI_Robotics Projects\AAU\Summer\Synthetic_Dataset_YOLO_50\runs\detect\train-2\weights\best.pt,43.95,40.0
C:\Users\User\Documents\AI_Robotics Projects\AAU\Summer\Synthetic_Dataset_YOLO_50\runs\detect\train-2\weights\best.pt,43.09,31.1
C:\Users\User\Documents\AI_Robotics Projects\AAU\Summer\Synthetic_Dataset_YOLO_50\runs\detect\train-2\weights\best.pt,46.11,35.6
C:\Users\User\Documents\AI_Robotics Projects\AAU\Summer\Synthetic_Dataset_YOLO_50\runs\detect\train-2\weights\best.pt,43.83,41.7
C:\Users\User\Documents\AI_Robotics Projects\AAU\Summer\Synthetic_Dataset_YOLO_50\runs\detect\train-2\weights\best.pt,41.72,44.7
C:\Users\User\Documents\AI_Robotics Projects\AAU\Summer\Synthetic_Dataset_YOLO_50\runs\detect\train-2\weights\best.pt,43.96,37.6
C:\Users\User\Documents\AI_Robotics Projects\AAU\Summer\Synthetic_Dataset_YOLO_50\runs\detect\train-2\weights\best.pt,43.05,43.2
C:\Users\User\Documents\AI_Robotics Projects\AAU\Summer\Synthetic_Dataset_YOLO_50\runs\detect\train-2\weights\best.pt,42.57,43.9
C:\Users\User\Documents\AI_Robotics Projects\AAU\Summer\Synthetic_Dataset_YOLO_50\runs\detect\train-2\weights\best.pt,44.84,47.7
C:\Users\User\Documents\AI_Robotics Projects\AAU\Summer\Synthetic_Dataset_YOLO_50\runs\detect\train-2\weights\best.pt,42.56,44.5
C:\Users\User\Documents\AI_Robotics Projects\AAU\Summer\Synthetic_Dataset_YOLO_50\runs\detect\train-2\weights\best.pt,40.0,43.5
C:\Users\User\Documents\AI_Robotics Projects\AAU\Summer\Synthetic_Dataset_YOLO_50\runs\detect\train-2\weights\best.pt,40.02,47.5
C:\Users\User\Documents\AI_Robotics Projects\AAU\Summer\Synthetic_Dataset_YOLO_50\runs\detect\train-2\weights\best.pt,41.9,45.1
C:\Users\User\Documents\AI_Robotics Projects\AAU\Summer\Synthetic_Dataset_YOLO_50\runs\detect\train-2\weights\best.pt,41.31,47.6
C:\Users\User\Documents\AI_Robotics Projects\AAU\Summer\Synthetic_Dataset_YOLO_50\runs\detect\train-2\weights\best.pt,41.36,44.8
C:\Users\User\Documents\AI_Robotics Projects\AAU\Summer\Synthetic_Dataset_YOLO_50\runs\detect\train-2\weights\best.pt,39.93,44.8
C:\Users\User\Documents\AI_Robotics Projects\AAU\Summer\Synthetic_Dataset_YOLO_50\runs\detect\train-2\weights\best.pt,43.45,45.1
C:\Users\User\Documents\AI_Robotics Projects\AAU\Summer\Synthetic_Dataset_YOLO_50\runs\detect\train-2\weights\best.pt,45.89,44.7
C:\Users\User\Documents\AI_Robotics Projects\AAU\Summer\Synthetic_Dataset_YOLO_50\runs\detect\train-2\weights\best.pt,43.0,42.9
C:\Users\User\Documents\AI_Robotics Projects\AAU\Summer\Synthetic_Dataset_YOLO_50\runs\detect\train-2\weights\best.pt,49.35,44.3
C:\Users\User\Documents\AI_Robotics Projects\AAU\Summer\Synthetic_Dataset_YOLO_50\runs\detect\train-2\weights\best.pt,50.47,40.0
C:\Users\User\Documents\AI_Robotics Projects\AAU\Summer\Synthetic_Dataset_YOLO_50\runs\detect\train-2\weights\best.pt,43.59,44.2
C:\Users\User\Documents\AI_Robotics Projects\AAU\Summer\Synthetic_Dataset_YOLO_50\runs\detect\train-2\weights\best.pt,46.64,45.2
C:\Users\User\Documents\AI_Robotics Projects\AAU\Summer\Synthetic_Dataset_YOLO_50\runs\detect\train-2\weights\best.pt,64.59,46.2
C:\Users\User\Documents\AI_Robotics Projects\AAU\Summer\Synthetic_Dataset_YOLO_50\runs\detect\train-2\weights\best.pt,59.76,38.9
C:\Users\User\Documents\AI_Robotics Projects\AAU\Summer\Synthetic_Dataset_YOLO_50\runs\detect\train-2\weights\best.pt,44.85,44.7
C:\Users\User\Documents\AI_Robotics Projects\AAU\Summer\Synthetic_Dataset_YOLO_50\runs\detect\train-2\weights\best.pt,44.35,45.1
C:\Users\User\Documents\AI_Robotics Projects\AAU\Summer\Synthetic_Dataset_YOLO_50\runs\detect\train-2\weights\best.pt,45.67,43.3
C:\Users\User\Documents\AI_Robotics Projects\AAU\Summer\Synthetic_Dataset_YOLO_50\runs\detect\train-2\weights\best.pt,45.15,42.7
C:\Users\User\Documents\AI_Robotics Projects\AAU\Summer\Synthetic_Dataset_YOLO_50\runs\detect\train-2\weights\best.pt,40.23,54.9
C:\Users\User\Documents\AI_Robotics Projects\AAU\Summer\Synthetic_Dataset_YOLO_50\runs\detect\train-2\weights\best.pt,41.0,46.5
C:\Users\User\Documents\AI_Robotics Projects\AAU\Summer\Synthetic_Dataset_YOLO_50\runs\detect\train-2\weights\best.pt,41.4,46.1
C:\Users\User\Documents\AI_Robotics Projects\AAU\Summer\Synthetic_Dataset_YOLO_50\runs\detect\train-2\weights\best.pt,41.73,44.8
C:\Users\User\Documents\AI_Robotics Projects\AAU\Summer\Synthetic_Dataset_YOLO_50\runs\detect\train-2\weights\best.pt,41.59,43.2
C:\Users\User\Documents\AI_Robotics Projects\AAU\Summer\Synthetic_Dataset_YOLO_50\runs\detect\train-2\weights\best.pt,41.2,47.7
C:\Users\User\Documents\AI_Robotics Projects\AAU\Summer\Synthetic_Dataset_YOLO_50\runs\detect\train-2\weights\best.pt,39.85,45.4
C:\Users\User\Documents\AI_Robotics Projects\AAU\Summer\Synthetic_Dataset_YOLO_50\runs\detect\train-2\weights\best.pt,41.87,45.6
C:\Users\User\Documents\AI_Robotics Projects\AAU\Summer\Synthetic_Dataset_YOLO_50\runs\detect\train-2\weights\best.pt,41.7,48.2
C:\Users\User\Documents\AI_Robotics Projects\AAU\Summer\Synthetic_Dataset_YOLO_50\runs\detect\train-2\weights\best.pt,41.26,48.2
C:\Users\User\Documents\AI_Robotics Projects\AAU\Summer\Synthetic_Dataset_YOLO_50\runs\detect\train-2\weights\best.pt,42.89,42.6
C:\Users\User\Documents\AI_Robotics Projects\AAU\Summer\Synthetic_Dataset_YOLO_50\runs\detect\train-2\weights\best.pt,55.9,40.0
C:\Users\User\Documents\AI_Robotics Projects\AAU\Summer\Synthetic_Dataset_YOLO_50\runs\detect\train-2\weights\best.pt,61.43,42.0
C:\Users\User\Documents\AI_Robotics Projects\AAU\Summer\Synthetic_Dataset_YOLO_50\runs\detect\train-2\weights\best.pt,52.33,40.7
C:\Users\User\Documents\AI_Robotics Projects\AAU\Summer\Synthetic_Dataset_YOLO_50\runs\detect\train-2\weights\best.pt,65.32,37.9
C:\Users\User\Documents\AI_Robotics Projects\AAU\Summer\Synthetic_Dataset_YOLO_50\runs\detect\train-2\weights\best.pt,58.44,37.1
C:\Users\User\Documents\AI_Robotics Projects\AAU\Summer\Synthetic_Dataset_YOLO_50\runs\detect\train-2\weights\best.pt,45.95,37.5
C:\Users\User\Documents\AI_Robotics Projects\AAU\Summer\Synthetic_Dataset_YOLO_50\runs\detect\train-2\weights\best.pt,46.91,30.6
C:\Users\User\Documents\AI_Robotics Projects\AAU\Summer\Synthetic_Dataset_YOLO_50\runs\detect\train-2\weights\best.pt,68.86,41.0
C:\Users\User\Documents\AI_Robotics Projects\AAU\Summer\Synthetic_Dataset_YOLO_50\runs\detect\train-2\weights\best.pt,47.17,39.2
C:\Users\User\Documents\AI_Robotics Projects\AAU\Summer\Synthetic_Dataset_YOLO_50\runs\detect\train-2\weights\best.pt,44.1,45.3
C:\Users\User\Documents\AI_Robotics Projects\AAU\Summer\Synthetic_Dataset_YOLO_50\runs\detect\train-2\weights\best.pt,44.82,42.5
C:\Users\User\Documents\AI_Robotics Projects\AAU\Summer\Synthetic_Dataset_YOLO_50\runs\detect\train-2\weights\best.pt,43.69,42.7
C:\Users\User\Documents\AI_Robotics Projects\AAU\Summer\Synthetic_Dataset_YOLO_50\runs\detect\train-2\weights\best.pt,41.53,46.3
C:\Users\User\Documents\AI_Robotics Projects\AAU\Summer\Synthetic_Dataset_YOLO_50\runs\detect\train-2\weights\best.pt,47.03,45.8
C:\Users\User\Documents\AI_Robotics Projects\AAU\Summer\Synthetic_Dataset_YOLO_50\runs\detect\train-2\weights\best.pt,58.14,42.0
C:\Users\User\Documents\AI_Robotics Projects\AAU\Summer\Synthetic_Dataset_YOLO_50\runs\detect\train-2\weights\best.pt,63.68,36.1
C:\Users\User\Documents\AI_Robotics Projects\AAU\Summer\Synthetic_Dataset_YOLO_50\runs\detect\train-2\weights\best.pt,56.82,38.7
C:\Users\User\Documents\AI_Robotics Projects\AAU\Summer\Synthetic_Dataset_YOLO_50\runs\detect\train-2\weights\best.pt,53.9,40.2
C:\Users\User\Documents\AI_Robotics Projects\AAU\Summer\Synthetic_Dataset_YOLO_50\runs\detect\train-2\weights\best.pt,59.68,37.7
C:\Users\User\Documents\AI_Robotics Projects\AAU\Summer\Synthetic_Dataset_YOLO_50\runs\detect\train-2\weights\best.pt,44.54,42.9
C:\Users\User\Documents\AI_Robotics Projects\AAU\Summer\Synthetic_Dataset_YOLO_50\runs\detect\train-2\weights\best.pt,53.94,40.2
C:\Users\User\Documents\AI_Robotics Projects\AAU\Summer\Synthetic_Dataset_YOLO_50\runs\detect\train-2\weights\best.pt,44.8,39.6
C:\Users\User\Documents\AI_Robotics Projects\AAU\Summer\Synthetic_Dataset_YOLO_50\runs\detect\train-2\weights\best.pt,45.36,46.4
C:\Users\User\Documents\AI_Robotics Projects\AAU\Summer\Synthetic_Dataset_YOLO_50\runs\detect\train-2\weights\best.pt,43.64,46.7
C:\Users\User\Documents\AI_Robotics Projects\AAU\Summer\Synthetic_Dataset_YOLO_50\runs\detect\train-2\weights\best.pt,50.7,45.3
C:\Users\User\Documents\AI_Robotics Projects\AAU\Summer\Synthetic_Dataset_YOLO_50\runs\detect\train-2\weights\best.pt,43.87,47.6
C:\Users\User\Documents\AI_Robotics Projects\AAU\Summer\Synthetic_Dataset_YOLO_50\runs\detect\train-2\weights\best.pt,46.13,46.7
C:\Users\User\Documents\AI_Robotics Projects\AAU\Summer\Synthetic_Dataset_YOLO_50\runs\detect\train-2\weights\best.pt,42.36,27.3
C:\Users\User\Documents\AI_Robotics Projects\AAU\Summer\Synthetic_Dataset_YOLO_50\runs\detect\train-2\weights\best.pt,42.46,50.4
C:\Users\User\Documents\AI_Robotics Projects\AAU\Summer\Synthetic_Dataset_YOLO_50\runs\detect\train-2\weights\best.pt,52.76,48.6
C:\Users\User\Documents\AI_Robotics Projects\AAU\Summer\Synthetic_Dataset_YOLO_50\runs\detect\train-2\weights\best.pt,45.62,41.6
C:\Users\User\Documents\AI_Robotics Projects\AAU\Summer\Synthetic_Dataset_YOLO_50\runs\detect\train-2\weights\best.pt,66.74,46.6
C:\Users\User\Documents\AI_Robotics Projects\AAU\Summer\Synthetic_Dataset_YOLO_50\runs\detect\train-2\weights\best.pt,54.64,37.4
C:\Users\User\Documents\AI_Robotics Projects\AAU\Summer\Synthetic_Dataset_YOLO_50\runs\detect\train-2\weights\best.pt,43.92,40.8
C:\Users\User\Documents\AI_Robotics Projects\AAU\Summer\Synthetic_Dataset_YOLO_50\runs\detect\train-2\weights\best.pt,45.19,43.7
C:\Users\User\Documents\AI_Robotics Projects\AAU\Summer\Synthetic_Dataset_YOLO_50\runs\detect\train-2\weights\best.pt,45.1,46.7
C:\Users\User\Documents\AI_Robotics Projects\AAU\Summer\Synthetic_Dataset_YOLO_50\runs\detect\train-2\weights\best.pt,48.08,46.5
C:\Users\User\Documents\AI_Robotics Projects\AAU\Summer\Synthetic_Dataset_YOLO_50\runs\detect\train-2\weights\best.pt,42.74,42.9
C:\Users\User\Documents\AI_Robotics Projects\AAU\Summer\Synthetic_Dataset_YOLO_50\runs\detect\train-2\weights\best.pt,44.15,44.0
C:\Users\User\Documents\AI_Robotics Projects\AAU\Summer\Synthetic_Dataset_YOLO_50\runs\detect\train-2\weights\best.pt,45.94,44.5
C:\Users\User\Documents\AI_Robotics Projects\AAU\Summer\Synthetic_Dataset_YOLO_50\runs\detect\train-2\weights\best.pt,43.62,42.6
C:\Users\User\Documents\AI_Robotics Projects\AAU\Summer\Synthetic_Dataset_YOLO_50\runs\detect\train-2\weights\best.pt,54.89,43.6
C:\Users\User\Documents\AI_Robotics Projects\AAU\Summer\Synthetic_Dataset_YOLO_50\runs\detect\train-2\weights\best.pt,46.12,42.6
C:\Users\User\Documents\AI_Robotics Projects\AAU\Summer\Synthetic_Dataset_YOLO_50\runs\detect\train-2\weights\best.pt,46.09,42.1
C:\Users\User\Documents\AI_Robotics Projects\AAU\Summer\Synthetic_Dataset_YOLO_50\runs\detect\train-2\weights\best.pt,44.85,42.7
C:\Users\User\Documents\AI_Robotics Projects\AAU\Summer\Synthetic_Dataset_YOLO_50\runs\detect\train-2\weights\best.pt,43.85,42.5
C:\Users\User\Documents\AI_Robotics Projects\AAU\Summer\Synthetic_Dataset_YOLO_50\runs\detect\train-2\weights\best.pt,46.33,41.7
C:\Users\User\Documents\AI_Robotics Projects\AAU\Summer\Synthetic_Dataset_YOLO_50\runs\detect\train-2\weights\best.pt,46.78,45.7
C:\Users\User\Documents\AI_Robotics Projects\AAU\Summer\Synthetic_Dataset_YOLO_50\runs\detect\train-2\weights\best.pt,46.11,44.2
C:\Users\User\Documents\AI_Robotics Projects\AAU\Summer\Synthetic_Dataset_YOLO_50\runs\detect\train-2\weights\best.pt,43.47,42.9
C:\Users\User\Documents\AI_Robotics Projects\AAU\Summer\Synthetic_Dataset_YOLO_50\runs\detect\train-2\weights\best.pt,44.22,41.4
C:\Users\User\Documents\AI_Robotics Projects\AAU\Summer\Synthetic_Dataset_YOLO_50\runs\detect\train-2\weights\best.pt,45.12,44.6
C:\Users\User\Documents\AI_Robotics Projects\AAU\Summer\Synthetic_Dataset_YOLO_50\runs\detect\train-2\weights\best.pt,45.05,42.3
C:\Users\User\Documents\AI_Robotics Projects\AAU\Summer\Synthetic_Dataset_YOLO_50\runs\detect\train-2\weights\best.pt,42.75,55.0
C:\Users\User\Documents\AI_Robotics Projects\AAU\Summer\Synthetic_Dataset_YOLO_50\runs\detect\train-2\weights\best.pt,43.12,68.7
C:\Users\User\Documents\AI_Robotics Projects\AAU\Summer\Synthetic_Dataset_YOLO_50\runs\detect\train-2\weights\best.pt,41.61,94.1
C:\Users\User\Documents\AI_Robotics Projects\AAU\Summer\Synthetic_Dataset_YOLO_50\runs\detect\train-2\weights\best.pt,44.5,74.5
C:\Users\User\Documents\AI_Robotics Projects\AAU\Summer\Synthetic_Dataset_YOLO_50\runs\detect\train-2\weights\best.pt,43.75,113.8
C:\Users\User\Documents\AI_Robotics Projects\AAU\Summer\Synthetic_Dataset_YOLO_50\runs\detect\train-2\weights\best.pt,62.87,58.3
C:\Users\User\Documents\AI_Robotics Projects\AAU\Summer\Synthetic_Dataset_YOLO_50\runs\detect\train-2\weights\best.pt,47.75,69.5
C:\Users\User\Documents\AI_Robotics Projects\AAU\Summer\Synthetic_Dataset_YOLO_50\runs\detect\train-2\weights\best.pt,58.6,63.6
C:\Users\User\Documents\AI_Robotics Projects\AAU\Summer\Synthetic_Dataset_YOLO_50\runs\detect\train-2\weights\best.pt,45.49,67.3
C:\Users\User\Documents\AI_Robotics Projects\AAU\Summer\Synthetic_Dataset_YOLO_50\runs\detect\train-2\weights\best.pt,46.13,60.5
C:\Users\User\Documents\AI_Robotics Projects\AAU\Summer\Synthetic_Dataset_YOLO_50\runs\detect\train-2\weights\best.pt,43.78,70.7
C:\Users\User\Documents\AI_Robotics Projects\AAU\Summer\Synthetic_Dataset_YOLO_50\runs\detect\train-2\weights\best.pt,46.26,68.1
C:\Users\User\Documents\AI_Robotics Projects\AAU\Summer\Synthetic_Dataset_YOLO_50\runs\detect\train-2\weights\best.pt,82.51,21.8
C:\Users\User\Documents\AI_Robotics Projects\AAU\Summer\Synthetic_Dataset_YOLO_50\runs\detect\train-2\weights\best.pt,39.5,78.1
C:\Users\User\Documents\AI_Robotics Projects\AAU\Summer\Synthetic_Dataset_YOLO_50\runs\detect\train-2\weights\best.pt,36.5,77.2
C:\Users\User\Documents\AI_Robotics Projects\AAU\Summer\Synthetic_Dataset_YOLO_50\runs\detect\train-2\weights\best.pt,35.31,61.1
C:\Users\User\Documents\AI_Robotics Projects\AAU\Summer\Synthetic_Dataset_YOLO_50\runs\detect\train-2\weights\best.pt,36.75,38.1
C:\Users\User\Documents\AI_Robotics Projects\AAU\Summer\Synthetic_Dataset_YOLO_50\runs\detect\train-2\weights\best.pt,34.69,48.3
C:\Users\User\Documents\AI_Robotics Projects\AAU\Summer\Synthetic_Dataset_YOLO_50\runs\detect\train-2\weights\best.pt,35.21,45.4
C:\Users\User\Documents\AI_Robotics Projects\AAU\Summer\Synthetic_Dataset_YOLO_50\runs\detect\train-2\weights\best.pt,34.28,62.9
C:\Users\User\Documents\AI_Robotics Projects\AAU\Summer\Synthetic_Dataset_YOLO_50\runs\detect\train-2\weights\best.pt,41.68,49.3
C:\Users\User\Documents\AI_Robotics Projects\AAU\Summer\Synthetic_Dataset_YOLO_50\runs\detect\train-2\weights\best.pt,42.13,70.7
C:\Users\User\Documents\AI_Robotics Projects\AAU\Summer\Synthetic_Dataset_YOLO_50\runs\detect\train-2\weights\best.pt,35.79,42.1
C:\Users\User\Documents\AI_Robotics Projects\AAU\Summer\Synthetic_Dataset_YOLO_50\runs\detect\train-2\weights\best.pt,31.3,52.0
C:\Users\User\Documents\AI_Robotics Projects\AAU\Summer\Synthetic_Dataset_YOLO_50\runs\detect\train-2\weights\best.pt,34.81,59.2
C:\Users\User\Documents\AI_Robotics Projects\AAU\Summer\Synthetic_Dataset_YOLO_50\runs\detect\train-2\weights\best.pt,33.2,89.9
C:\Users\User\Documents\AI_Robotics Projects\AAU\Summer\Synthetic_Dataset_YOLO_50\runs\detect\train-2\weights\best.pt,33.44,78.6
C:\Users\User\Documents\AI_Robotics Projects\AAU\Summer\Synthetic_Dataset_YOLO_50\runs\detect\train-2\weights\best.pt,34.16,31.2
C:\Users\User\Documents\AI_Robotics Projects\AAU\Summer\Synthetic_Dataset_YOLO_50\runs\detect\train-2\weights\best.pt,33.76,73.1
C:\Users\User\Documents\AI_Robotics Projects\AAU\Summer\Synthetic_Dataset_YOLO_50\runs\detect\train-2\weights\best.pt,32.54,70.6
C:\Users\User\Documents\AI_Robotics Projects\AAU\Summer\Synthetic_Dataset_YOLO_50\runs\detect\train-2\weights\best.pt,33.9,71.1
C:\Users\User\Documents\AI_Robotics Projects\AAU\Summer\Synthetic_Dataset_YOLO_50\runs\detect\train-2\weights\best.pt,34.19,39.7
C:\Users\User\Documents\AI_Robotics Projects\AAU\Summer\Synthetic_Dataset_YOLO_50\runs\detect\train-2\weights\best.pt,33.53,45.1
C:\Users\User\Documents\AI_Robotics Projects\AAU\Summer\Synthetic_Dataset_YOLO_50\runs\detect\train-2\weights\best.pt,32.55,43.1
C:\Users\User\Documents\AI_Robotics Projects\AAU\Summer\Synthetic_Dataset_YOLO_50\runs\detect\train-2\weights\best.pt,33.3,28.6
C:\Users\User\Documents\AI_Robotics Projects\AAU\Summer\Synthetic_Dataset_YOLO_50\runs\detect\train-2\weights\best.pt,31.84,30.1
C:\Users\User\Documents\AI_Robotics Projects\AAU\Summer\Synthetic_Dataset_YOLO_50\runs\detect\train-2\weights\best.pt,33.45,86.6
C:\Users\User\Documents\AI_Robotics Projects\AAU\Summer\Synthetic_Dataset_YOLO_50\runs\detect\train-2\weights\best.pt,32.99,61.2
C:\Users\User\Documents\AI_Robotics Projects\AAU\Summer\Synthetic_Dataset_YOLO_50\runs\detect\train-2\weights\best.pt,46.72,40.9
C:\Users\User\Documents\AI_Robotics Projects\AAU\Summer\Synthetic_Dataset_YOLO_50\runs\detect\train-2\weights\best.pt,32.45,79.7
C:\Users\User\Documents\AI_Robotics Projects\AAU\Summer\Synthetic_Dataset_YOLO_50\runs\detect\train-2\weights\best.pt,35.95,38.9
C:\Users\User\Documents\AI_Robotics Projects\AAU\Summer\Synthetic_Dataset_YOLO_50\runs\detect\train-2\weights\best.pt,35.66,48.5
C:\Users\User\Documents\AI_Robotics Projects\AAU\Summer\Synthetic_Dataset_YOLO_50\runs\detect\train-2\weights\best.pt,34.37,81.9
C:\Users\User\Documents\AI_Robotics Projects\AAU\Summer\Synthetic_Dataset_YOLO_50\runs\detect\train-2\weights\best.pt,43.34,54.6
C:\Users\User\Documents\AI_Robotics Projects\AAU\Summer\Synthetic_Dataset_YOLO_50\runs\detect\train-2\weights\best.pt,40.81,56.8
C:\Users\User\Documents\AI_Robotics Projects\AAU\Summer\Synthetic_Dataset_YOLO_50\runs\detect\train-2\weights\best.pt,31.5,73.7
C:\Users\User\Documents\AI_Robotics Projects\AAU\Summer\Synthetic_Dataset_YOLO_50\runs\detect\train-2\weights\best.pt,33.61,82.1
C:\Users\User\Documents\AI_Robotics Projects\AAU\Summer\Synthetic_Dataset_YOLO_50\runs\detect\train-2\weights\best.pt,32.61,40.7
C:\Users\User\Documents\AI_Robotics Projects\AAU\Summer\Synthetic_Dataset_YOLO_50\runs\detect\train-2\weights\best.pt,32.15,38.1
C:\Users\User\Documents\AI_Robotics Projects\AAU\Summer\Synthetic_Dataset_YOLO_50\runs\detect\train-2\weights\best.pt,32.36,75.2
C:\Users\User\Documents\AI_Robotics Projects\AAU\Summer\Synthetic_Dataset_YOLO_50\runs\detect\train-2\weights\best.pt,31.68,39.6
C:\Users\User\Documents\AI_Robotics Projects\AAU\Summer\Synthetic_Dataset_YOLO_50\runs\detect\train-2\weights\best.pt,33.37,42.2
C:\Users\User\Documents\AI_Robotics Projects\AAU\Summer\Synthetic_Dataset_YOLO_50\runs\detect\train-2\weights\best.pt,33.32,43.5
C:\Users\User\Documents\AI_Robotics Projects\AAU\Summer\Synthetic_Dataset_YOLO_50\runs\detect\train-2\weights\best.pt,34.29,41.2
C:\Users\User\Documents\AI_Robotics Projects\AAU\Summer\Synthetic_Dataset_YOLO_50\runs\detect\train-2\weights\best.pt,32.97,38.7
C:\Users\User\Documents\AI_Robotics Projects\AAU\Summer\Synthetic_Dataset_YOLO_50\runs\detect\train-2\weights\best.pt,34.87,49.6
C:\Users\User\Documents\AI_Robotics Projects\AAU\Summer\Synthetic_Dataset_YOLO_50\runs\detect\train-2\weights\best.pt,34.06,32.0
C:\Users\User\Documents\AI_Robotics Projects\AAU\Summer\Synthetic_Dataset_YOLO_50\runs\detect\train-2\weights\best.pt,33.61,40.5
C:\Users\User\Documents\AI_Robotics Projects\AAU\Summer\Synthetic_Dataset_YOLO_50\runs\detect\train-2\weights\best.pt,32.64,39.2
C:\Users\User\Documents\AI_Robotics Projects\AAU\Summer\Synthetic_Dataset_YOLO_50\runs\detect\train-2\weights\best.pt,32.77,44.5
C:\Users\User\Documents\AI_Robotics Projects\AAU\Summer\Synthetic_Dataset_YOLO_50\runs\detect\train-2\weights\best.pt,34.41,49.3
C:\Users\User\Documents\AI_Robotics Projects\AAU\Summer\Synthetic_Dataset_YOLO_50\runs\detect\train-2\weights\best.pt,33.04,45.8
C:\Users\User\Documents\AI_Robotics Projects\AAU\Summer\Synthetic_Dataset_YOLO_50\runs\detect\train-2\weights\best.pt,33.58,30.9
C:\Users\User\Documents\AI_Robotics Projects\AAU\Summer\Synthetic_Dataset_YOLO_50\runs\detect\train-2\weights\best.pt,33.25,94.8
C:\Users\User\Documents\AI_Robotics Projects\AAU\Summer\Synthetic_Dataset_YOLO_50\runs\detect\train-2\weights\best.pt,33.11,79.7
C:\Users\User\Documents\AI_Robotics Projects\AAU\Summer\Synthetic_Dataset_YOLO_50\runs\detect\train-2\weights\best.pt,49.33,48.4
C:\Users\User\Documents\AI_Robotics Projects\AAU\Summer\Synthetic_Dataset_YOLO_50\runs\detect\train-2\weights\best.pt,41.8,85.9
C:\Users\User\Documents\AI_Robotics Projects\AAU\Summer\Synthetic_Dataset_YOLO_50\runs\detect\train-2\weights\best.pt,35.97,51.3
C:\Users\User\Documents\AI_Robotics Projects\AAU\Summer\Synthetic_Dataset_YOLO_50\runs\detect\train-2\weights\best.pt,33.2,78.7
C:\Users\User\Documents\AI_Robotics Projects\AAU\Summer\Synthetic_Dataset_YOLO_50\runs\detect\train-2\weights\best.pt,34.32,83.0
C:\Users\User\Documents\AI_Robotics Projects\AAU\Summer\Synthetic_Dataset_YOLO_50\runs\detect\train-2\weights\best.pt,33.64,53.2
C:\Users\User\Documents\AI_Robotics Projects\AAU\Summer\Synthetic_Dataset_YOLO_50\runs\detect\train-2\weights\best.pt,32.59,42.9
C:\Users\User\Documents\AI_Robotics Projects\AAU\Summer\Synthetic_Dataset_YOLO_50\runs\detect\train-2\weights\best.pt,32.91,85.3
C:\Users\User\Documents\AI_Robotics Projects\AAU\Summer\Synthetic_Dataset_YOLO_50\runs\detect\train-2\weights\best.pt,30.59,54.9
C:\Users\User\Documents\AI_Robotics Projects\AAU\Summer\Synthetic_Dataset_YOLO_50\runs\detect\train-2\weights\best.pt,32.23,55.8
C:\Users\User\Documents\AI_Robotics Projects\AAU\Summer\Synthetic_Dataset_YOLO_50\runs\detect\train-2\weights\best.pt,33.12,81.7
C:\Users\User\Documents\AI_Robotics Projects\AAU\Summer\Synthetic_Dataset_YOLO_50\runs\detect\train-2\weights\best.pt,31.37,48.6
C:\Users\User\Documents\AI_Robotics Projects\AAU\Summer\Synthetic_Dataset_YOLO_50\runs\detect\train-2\weights\best.pt,34.32,43.9
C:\Users\User\Documents\AI_Robotics Projects\AAU\Summer\Synthetic_Dataset_YOLO_50\runs\detect\train-2\weights\best.pt,33.21,34.3
C:\Users\User\Documents\AI_Robotics Projects\AAU\Summer\Synthetic_Dataset_YOLO_50\runs\detect\train-2\weights\best.pt,33.38,83.4
C:\Users\User\Documents\AI_Robotics Projects\AAU\Summer\Synthetic_Dataset_YOLO_50\runs\detect\train-2\weights\best.pt,32.98,25.7
C:\Users\User\Documents\AI_Robotics Projects\AAU\Summer\Synthetic_Dataset_YOLO_50\runs\detect\train-2\weights\best.pt,36.42,32.6
C:\Users\User\Documents\AI_Robotics Projects\AAU\Summer\Synthetic_Dataset_YOLO_50\runs\detect\train-2\weights\best.pt,33.61,32.2
C:\Users\User\Documents\AI_Robotics Projects\AAU\Summer\Synthetic_Dataset_YOLO_50\runs\detect\train-2\weights\best.pt,32.43,26.4
C:\Users\User\Documents\AI_Robotics Projects\AAU\Summer\Synthetic_Dataset_YOLO_50\runs\detect\train-2\weights\best.pt,32.9,83.0
C:\Users\User\Documents\AI_Robotics Projects\AAU\Summer\Synthetic_Dataset_YOLO_50\runs\detect\train-2\weights\best.pt,33.55,40.1
C:\Users\User\Documents\AI_Robotics Projects\AAU\Summer\Synthetic_Dataset_YOLO_50\runs\detect\train-2\weights\best.pt,32.3,58.3
C:\Users\User\Documents\AI_Robotics Projects\AAU\Summer\Synthetic_Dataset_YOLO_50\runs\detect\train-2\weights\best.pt,34.28,68.1
C:\Users\User\Documents\AI_Robotics Projects\AAU\Summer\Synthetic_Dataset_YOLO_50\runs\detect\train-2\weights\best.pt,42.57,77.3
C:\Users\User\Documents\AI_Robotics Projects\AAU\Summer\Synthetic_Dataset_YOLO_50\runs\detect\train-2\weights\best.pt,42.58,50.0
C:\Users\User\Documents\AI_Robotics Projects\AAU\Summer\Synthetic_Dataset_YOLO_50\runs\detect\train-2\weights\best.pt,34.45,51.7
C:\Users\User\Documents\AI_Robotics Projects\AAU\Summer\Synthetic_Dataset_YOLO_50\runs\detect\train-2\weights\best.pt,35.28,45.5
C:\Users\User\Documents\AI_Robotics Projects\AAU\Summer\Synthetic_Dataset_YOLO_50\runs\detect\train-2\weights\best.pt,33.71,40.1
C:\Users\User\Documents\AI_Robotics Projects\AAU\Summer\Synthetic_Dataset_YOLO_50\runs\detect\train-2\weights\best.pt,35.79,76.8
C:\Users\User\Documents\AI_Robotics Projects\AAU\Summer\Synthetic_Dataset_YOLO_50\runs\detect\train-2\weights\best.pt,36.37,40.0
C:\Users\User\Documents\AI_Robotics Projects\AAU\Summer\Synthetic_Dataset_YOLO_50\runs\detect\train-2\weights\best.pt,33.84,45.1
C:\Users\User\Documents\AI_Robotics Projects\AAU\Summer\Synthetic_Dataset_YOLO_50\runs\detect\train-2\weights\best.pt,33.53,63.0
C:\Users\User\Documents\AI_Robotics Projects\AAU\Summer\Synthetic_Dataset_YOLO_50\runs\detect\train-2\weights\best.pt,33.29,87.0
C:\Users\User\Documents\AI_Robotics Projects\AAU\Summer\Synthetic_Dataset_YOLO_50\runs\detect\train-2\weights\best.pt,34.13,38.7
C:\Users\User\Documents\AI_Robotics Projects\AAU\Summer\Synthetic_Dataset_YOLO_50\runs\detect\train-2\weights\best.pt,34.84,38.1
C:\Users\User\Documents\AI_Robotics Projects\AAU\Summer\Synthetic_Dataset_YOLO_50\runs\detect\train-2\weights\best.pt,35.09,41.7
C:\Users\User\Documents\AI_Robotics Projects\AAU\Summer\Synthetic_Dataset_YOLO_50\runs\detect\train-2\weights\best.pt,33.14,80.7
C:\Users\User\Documents\AI_Robotics Projects\AAU\Summer\Synthetic_Dataset_YOLO_50\runs\detect\train-2\weights\best.pt,32.78,83.0
C:\Users\User\Documents\AI_Robotics Projects\AAU\Summer\Synthetic_Dataset_YOLO_50\runs\detect\train-2\weights\best.pt,32.73,41.9
C:\Users\User\Documents\AI_Robotics Projects\AAU\Summer\Synthetic_Dataset_YOLO_50\runs\detect\train-2\weights\best.pt,37.19,73.6
C:\Users\User\Documents\AI_Robotics Projects\AAU\Summer\Synthetic_Dataset_YOLO_50\runs\detect\train-2\weights\best.pt,51.17,34.5
C:\Users\User\Documents\AI_Robotics Projects\AAU\Summer\Synthetic_Dataset_YOLO_50\runs\detect\train-2\weights\best.pt,34.57,83.7
C:\Users\User\Documents\AI_Robotics Projects\AAU\Summer\Synthetic_Dataset_YOLO_50\runs\detect\train-2\weights\best.pt,33.91,83.0
C:\Users\User\Documents\AI_Robotics Projects\AAU\Summer\Synthetic_Dataset_YOLO_50\runs\detect\train-2\weights\best.pt,34.17,75.3
C:\Users\User\Documents\AI_Robotics Projects\AAU\Summer\Synthetic_Dataset_YOLO_50\runs\detect\train-2\weights\best.pt,34.06,72.4
C:\Users\User\Documents\AI_Robotics Projects\AAU\Summer\Synthetic_Dataset_YOLO_50\runs\detect\train-2\weights\best.pt,29.82,37.5
C:\Users\User\Documents\AI_Robotics Projects\AAU\Summer\Synthetic_Dataset_YOLO_50\runs\detect\train-2\weights\best.pt,34.65,65.0
C:\Users\User\Documents\AI_Robotics Projects\AAU\Summer\Synthetic_Dataset_YOLO_50\runs\detect\train-2\weights\best.pt,34.25,39.1
C:\Users\User\Documents\AI_Robotics Projects\AAU\Summer\Synthetic_Dataset_YOLO_50\runs\detect\train-2\weights\best.pt,34.14,61.8
C:\Users\User\Documents\AI_Robotics Projects\AAU\Summer\Synthetic_Dataset_YOLO_50\runs\detect\train-2\weights\best.pt,33.07,78.0
C:\Users\User\Documents\AI_Robotics Projects\AAU\Summer\Synthetic_Dataset_YOLO_50\runs\detect\train-2\weights\best.pt,35.02,35.7
C:\Users\User\Documents\AI_Robotics Projects\AAU\Summer\Synthetic_Dataset_YOLO_50\runs\detect\train-2\weights\best.pt,33.58,37.7
C:\Users\User\Documents\AI_Robotics Projects\AAU\Summer\Synthetic_Dataset_YOLO_50\runs\detect\train-2\weights\best.pt,33.88,71.1
C:\Users\User\Documents\AI_Robotics Projects\AAU\Summer\Synthetic_Dataset_YOLO_50\runs\detect\train-2\weights\best.pt,34.12,40.7
C:\Users\User\Documents\AI_Robotics Projects\AAU\Summer\Synthetic_Dataset_YOLO_50\runs\detect\train-2\weights\best.pt,41.65,62.3
C:\Users\User\Documents\AI_Robotics Projects\AAU\Summer\Synthetic_Dataset_YOLO_50\runs\detect\train-2\weights\best.pt,36.45,51.2
C:\Users\User\Documents\AI_Robotics Projects\AAU\Summer\Synthetic_Dataset_YOLO_50\runs\detect\train-2\weights\best.pt,40.58,52.0
C:\Users\User\Documents\AI_Robotics Projects\AAU\Summer\Synthetic_Dataset_YOLO_50\runs\detect\train-2\weights\best.pt,38.25,79.8
C:\Users\User\Documents\AI_Robotics Projects\AAU\Summer\Synthetic_Dataset_YOLO_50\runs\detect\train-2\weights\best.pt,38.59,87.8
C:\Users\User\Documents\AI_Robotics Projects\AAU\Summer\Synthetic_Dataset_YOLO_50\runs\detect\train-2\weights\best.pt,40.19,74.6
C:\Users\User\Documents\AI_Robotics Projects\AAU\Summer\Synthetic_Dataset_YOLO_50\runs\detect\train-2\weights\best.pt,36.9,76.1
C:\Users\User\Documents\AI_Robotics Projects\AAU\Summer\Synthetic_Dataset_YOLO_50\runs\detect\train-2\weights\best.pt,39.34,76.5
C:\Users\User\Documents\AI_Robotics Projects\AAU\Summer\Synthetic_Dataset_YOLO_50\runs\detect\train-2\weights\best.pt,35.57,67.1
C:\Users\User\Documents\AI_Robotics Projects\AAU\Summer\Synthetic_Dataset_YOLO_50\runs\detect\train-2\weights\best.pt,32.51,51.8
C:\Users\User\Documents\AI_Robotics Projects\AAU\Summer\Synthetic_Dataset_YOLO_50\runs\detect\train-2\weights\best.pt,33.82,61.2
C:\Users\User\Documents\AI_Robotics Projects\AAU\Summer\Synthetic_Dataset_YOLO_50\runs\detect\train-2\weights\best.pt,34.26,35.6
C:\Users\User\Documents\AI_Robotics Projects\AAU\Summer\Synthetic_Dataset_YOLO_50\runs\detect\train-2\weights\best.pt,33.52,40.6
C:\Users\User\Documents\AI_Robotics Projects\AAU\Summer\Synthetic_Dataset_YOLO_50\runs\detect\train-2\weights\best.pt,32.68,87.6
C:\Users\User\Documents\AI_Robotics Projects\AAU\Summer\Synthetic_Dataset_YOLO_50\runs\detect\train-2\weights\best.pt,32.63,42.3
C:\Users\User\Documents\AI_Robotics Projects\AAU\Summer\Synthetic_Dataset_YOLO_50\runs\detect\train-2\weights\best.pt,34.07,41.4
C:\Users\User\Documents\AI_Robotics Projects\AAU\Summer\Synthetic_Dataset_YOLO_50\runs\detect\train-2\weights\best.pt,32.62,37.0
C:\Users\User\Documents\AI_Robotics Projects\AAU\Summer\Synthetic_Dataset_YOLO_50\runs\detect\train-2\weights\best.pt,35.33,47.1
C:\Users\User\Documents\AI_Robotics Projects\AAU\Summer\Synthetic_Dataset_YOLO_50\runs\detect\train-2\weights\best.pt,34.27,36.9
C:\Users\User\Documents\AI_Robotics Projects\AAU\Summer\Synthetic_Dataset_YOLO_50\runs\detect\train-2\weights\best.pt,34.05,24.5
C:\Users\User\Documents\AI_Robotics Projects\AAU\Summer\Synthetic_Dataset_YOLO_50\runs\detect\train-2\weights\best.pt,37.61,33.5
C:\Users\User\Documents\AI_Robotics Projects\AAU\Summer\Synthetic_Dataset_YOLO_50\runs\detect\train-2\weights\best.pt,36.87,27.8
C:\Users\User\Documents\AI_Robotics Projects\AAU\Summer\Synthetic_Dataset_YOLO_50\runs\detect\train-2\weights\best.pt,45.25,51.7
C:\Users\User\Documents\AI_Robotics Projects\AAU\Summer\Synthetic_Dataset_YOLO_50\runs\detect\train-2\weights\best.pt,37.98,36.8
C:\Users\User\Documents\AI_Robotics Projects\AAU\Summer\Synthetic_Dataset_YOLO_50\runs\detect\train-2\weights\best.pt,34.61,39.0
C:\Users\User\Documents\AI_Robotics Projects\AAU\Summer\Synthetic_Dataset_YOLO_50\runs\detect\train-2\weights\best.pt,98.69,27.8
C:\Users\User\Documents\AI_Robotics Projects\AAU\Summer\Synthetic_Dataset_YOLO_50\runs\detect\train-2\weights\best.pt,35.68,40.1
C:\Users\User\Documents\AI_Robotics Projects\AAU\Summer\Synthetic_Dataset_YOLO_50\runs\detect\train-2\weights\best.pt,34.27,32.9
C:\Users\User\Documents\AI_Robotics Projects\AAU\Summer\Synthetic_Dataset_YOLO_50\runs\detect\train-2\weights\best.pt,34.11,29.4
C:\Users\User\Documents\AI_Robotics Projects\AAU\Summer\Synthetic_Dataset_YOLO_50\runs\detect\train-2\weights\best.pt,33.3,31.3
C:\Users\User\Documents\AI_Robotics Projects\AAU\Summer\Synthetic_Dataset_YOLO_50\runs\detect\train-2\weights\best.pt,36.01,32.0
C:\Users\User\Documents\AI_Robotics Projects\AAU\Summer\Synthetic_Dataset_YOLO_50\runs\detect\train-2\weights\best.pt,36.31,29.7
C:\Users\User\Documents\AI_Robotics Projects\AAU\Summer\Synthetic_Dataset_YOLO_50\runs\detect\train-2\weights\best.pt,33.39,31.8
C:\Users\User\Documents\AI_Robotics Projects\AAU\Summer\Synthetic_Dataset_YOLO_50\runs\detect\train-2\weights\best.pt,33.77,27.1
C:\Users\User\Documents\AI_Robotics Projects\AAU\Summer\Synthetic_Dataset_YOLO_50\runs\detect\train-2\weights\best.pt,35.98,28.8
C:\Users\User\Documents\AI_Robotics Projects\AAU\Summer\Synthetic_Dataset_YOLO_50\runs\detect\train-2\weights\best.pt,42.51,83.5
C:\Users\User\Documents\AI_Robotics Projects\AAU\Summer\Synthetic_Dataset_YOLO_50\runs\detect\train-2\weights\best.pt,40.51,48.0
C:\Users\User\Documents\AI_Robotics Projects\AAU\Summer\Synthetic_Dataset_YOLO_50\runs\detect\train-2\weights\best.pt,35.51,38.0
C:\Users\User\Documents\AI_Robotics Projects\AAU\Summer\Synthetic_Dataset_YOLO_50\runs\detect\train-2\weights\best.pt,33.72,32.5
C:\Users\User\Documents\AI_Robotics Projects\AAU\Summer\Synthetic_Dataset_YOLO_50\runs\detect\train-2\weights\best.pt,35.91,37.9
C:\Users\User\Documents\AI_Robotics Projects\AAU\Summer\Synthetic_Dataset_YOLO_50\runs\detect\train-2\weights\best.pt,34.8,53.8
C:\Users\User\Documents\AI_Robotics Projects\AAU\Summer\Synthetic_Dataset_YOLO_50\runs\detect\train-2\weights\best.pt,45.29,34.5
C:\Users\User\Documents\AI_Robotics Projects\AAU\Summer\Synthetic_Dataset_YOLO_50\runs\detect\train-2\weights\best.pt,38.33,46.5
C:\Users\User\Documents\AI_Robotics Projects\AAU\Summer\Synthetic_Dataset_YOLO_50\runs\detect\train-2\weights\best.pt,35.31,38.5
C:\Users\User\Documents\AI_Robotics Projects\AAU\Summer\Synthetic_Dataset_YOLO_50\runs\detect\train-2\weights\best.pt,34.93,100.3
C:\Users\User\Documents\AI_Robotics Projects\AAU\Summer\Synthetic_Dataset_YOLO_50\runs\detect\train-2\weights\best.pt,33.99,35.1
C:\Users\User\Documents\AI_Robotics Projects\AAU\Summer\Synthetic_Dataset_YOLO_50\runs\detect\train-2\weights\best.pt,35.29,37.4
C:\Users\User\Documents\AI_Robotics Projects\AAU\Summer\Synthetic_Dataset_YOLO_50\runs\detect\train-2\weights\best.pt,32.62,37.0
C:\Users\User\Documents\AI_Robotics Projects\AAU\Summer\Synthetic_Dataset_YOLO_50\runs\detect\train-2\weights\best.pt,34.8,26.7
C:\Users\User\Documents\AI_Robotics Projects\AAU\Summer\Synthetic_Dataset_YOLO_50\runs\detect\train-2\weights\best.pt,35.42,32.5
C:\Users\User\Documents\AI_Robotics Projects\AAU\Summer\Synthetic_Dataset_YOLO_50\runs\detect\train-2\weights\best.pt,36.5,48.1
C:\Users\User\Documents\AI_Robotics Projects\AAU\Summer\Synthetic_Dataset_YOLO_50\runs\detect\train-2\weights\best.pt,50.27,36.3
C:\Users\User\Documents\AI_Robotics Projects\AAU\Summer\Synthetic_Dataset_YOLO_50\runs\detect\train-2\weights\best.pt,38.69,28.8
C:\Users\User\Documents\AI_Robotics Projects\AAU\Summer\Synthetic_Dataset_YOLO_50\runs\detect\train-2\weights\best.pt,34.47,43.1
C:\Users\User\Documents\AI_Robotics Projects\AAU\Summer\Synthetic_Dataset_YOLO_50\runs\detect\train-2\weights\best.pt,33.98,35.5
C:\Users\User\Documents\AI_Robotics Projects\AAU\Summer\Synthetic_Dataset_YOLO_50\runs\detect\train-2\weights\best.pt,34.79,33.4
C:\Users\User\Documents\AI_Robotics Projects\AAU\Summer\Synthetic_Dataset_YOLO_50\runs\detect\train-2\weights\best.pt,37.42,35.3
C:\Users\User\Documents\AI_Robotics Projects\AAU\Summer\Synthetic_Dataset_YOLO_50\runs\detect\train-2\weights\best.pt,35.75,32.1
C:\Users\User\Documents\AI_Robotics Projects\AAU\Summer\Synthetic_Dataset_YOLO_50\runs\detect\train-2\weights\best.pt,37.2,38.7
C:\Users\User\Documents\AI_Robotics Projects\AAU\Summer\Synthetic_Dataset_YOLO_50\runs\detect\train-2\weights\best.pt,35.48,39.7
C:\Users\User\Documents\AI_Robotics Projects\AAU\Summer\Synthetic_Dataset_YOLO_50\runs\detect\train-2\weights\best.pt,42.64,39.6
C:\Users\User\Documents\AI_Robotics Projects\AAU\Summer\Synthetic_Dataset_YOLO_50\runs\detect\train-2\weights\best.pt,35.34,30.0
C:\Users\User\Documents\AI_Robotics Projects\AAU\Summer\Synthetic_Dataset_YOLO_50\runs\detect\train-2\weights\best.pt,35.79,38.3
C:\Users\User\Documents\AI_Robotics Projects\AAU\Summer\Synthetic_Dataset_YOLO_50\runs\detect\train-2\weights\best.pt,32.87,32.1
C:\Users\User\Documents\AI_Robotics Projects\AAU\Summer\Synthetic_Dataset_YOLO_50\runs\detect\train-2\weights\best.pt,34.89,29.1
C:\Users\User\Documents\AI_Robotics Projects\AAU\Summer\Synthetic_Dataset_YOLO_50\runs\detect\train-2\weights\best.pt,35.33,32.6
C:\Users\User\Documents\AI_Robotics Projects\AAU\Summer\Synthetic_Dataset_YOLO_50\runs\detect\train-2\weights\best.pt,37.15,31.8
C:\Users\User\Documents\AI_Robotics Projects\AAU\Summer\Synthetic_Dataset_YOLO_50\runs\detect\train-2\weights\best.pt,34.32,36.9
C:\Users\User\Documents\AI_Robotics Projects\AAU\Summer\Synthetic_Dataset_YOLO_50\runs\detect\train-2\weights\best.pt,34.76,29.3
C:\Users\User\Documents\AI_Robotics Projects\AAU\Summer\Synthetic_Dataset_YOLO_50\runs\detect\train-2\weights\best.pt,36.41,29.2
C:\Users\User\Documents\AI_Robotics Projects\AAU\Summer\Synthetic_Dataset_YOLO_50\runs\detect\train-2\weights\best.pt,34.24,32.0
C:\Users\User\Documents\AI_Robotics Projects\AAU\Summer\Synthetic_Dataset_YOLO_50\runs\detect\train-2\weights\best.pt,37.09,43.9
C:\Users\User\Documents\AI_Robotics Projects\AAU\Summer\Synthetic_Dataset_YOLO_50\runs\detect\train-2\weights\best.pt,35.89,57.0
C:\Users\User\Documents\AI_Robotics Projects\AAU\Summer\Synthetic_Dataset_YOLO_50\runs\detect\train-2\weights\best.pt,37.13,72.2
C:\Users\User\Documents\AI_Robotics Projects\AAU\Summer\Synthetic_Dataset_YOLO_50\runs\detect\train-2\weights\best.pt,34.93,57.2
C:\Users\User\Documents\AI_Robotics Projects\AAU\Summer\Synthetic_Dataset_YOLO_50\runs\detect\train-2\weights\best.pt,33.24,51.6
C:\Users\User\Documents\AI_Robotics Projects\AAU\Summer\Synthetic_Dataset_YOLO_50\runs\detect\train-2\weights\best.pt,34.94,41.8
C:\Users\User\Documents\AI_Robotics Projects\AAU\Summer\Synthetic_Dataset_YOLO_50\runs\detect\train-2\weights\best.pt,49.96,70.8
C:\Users\User\Documents\AI_Robotics Projects\AAU\Summer\Synthetic_Dataset_YOLO_50\runs\detect\train-2\weights\best.pt,35.74,49.3
C:\Users\User\Documents\AI_Robotics Projects\AAU\Summer\Synthetic_Dataset_YOLO_50\runs\detect\train-2\weights\best.pt,34.86,43.9
C:\Users\User\Documents\AI_Robotics Projects\AAU\Summer\Synthetic_Dataset_YOLO_50\runs\detect\train-2\weights\best.pt,50.0,51.5
C:\Users\User\Documents\AI_Robotics Projects\AAU\Summer\Synthetic_Dataset_YOLO_50\runs\detect\train-2\weights\best.pt,39.69,56.8
C:\Users\User\Documents\AI_Robotics Projects\AAU\Summer\Synthetic_Dataset_YOLO_50\runs\detect\train-2\weights\best.pt,33.32,83.2
C:\Users\User\Documents\AI_Robotics Projects\AAU\Summer\Synthetic_Dataset_YOLO_50\runs\detect\train-2\weights\best.pt,34.65,54.0
C:\Users\User\Documents\AI_Robotics Projects\AAU\Summer\Synthetic_Dataset_YOLO_50\runs\detect\train-2\weights\best.pt,36.68,38.1
C:\Users\User\Documents\AI_Robotics Projects\AAU\Summer\Synthetic_Dataset_YOLO_50\runs\detect\train-2\weights\best.pt,34.24,76.4
C:\Users\User\Documents\AI_Robotics Projects\AAU\Summer\Synthetic_Dataset_YOLO_50\runs\detect\train-2\weights\best.pt,33.86,53.6
C:\Users\User\Documents\AI_Robotics Projects\AAU\Summer\Synthetic_Dataset_YOLO_50\runs\detect\train-2\weights\best.pt,34.21,44.3
C:\Users\User\Documents\AI_Robotics Projects\AAU\Summer\Synthetic_Dataset_YOLO_50\runs\detect\train-2\weights\best.pt,35.7,25.9
C:\Users\User\Documents\AI_Robotics Projects\AAU\Summer\Synthetic_Dataset_YOLO_50\runs\detect\train-2\weights\best.pt,33.26,55.8
C:\Users\User\Documents\AI_Robotics Projects\AAU\Summer\Synthetic_Dataset_YOLO_50\runs\detect\train-2\weights\best.pt,35.22,27.2
C:\Users\User\Documents\AI_Robotics Projects\AAU\Summer\Synthetic_Dataset_YOLO_50\runs\detect\train-2\weights\best.pt,35.08,36.9
C:\Users\User\Documents\AI_Robotics Projects\AAU\Summer\Synthetic_Dataset_YOLO_50\runs\detect\train-2\weights\best.pt,39.65,22.3
C:\Users\User\Documents\AI_Robotics Projects\AAU\Summer\Synthetic_Dataset_YOLO_50\runs\detect\train-2\weights\best.pt,39.32,28.9
C:\Users\User\Documents\AI_Robotics Projects\AAU\Summer\Synthetic_Dataset_YOLO_50\runs\detect\train-2\weights\best.pt,40.51,28.7
C:\Users\User\Documents\AI_Robotics Projects\AAU\Summer\Synthetic_Dataset_YOLO_50\runs\detect\train-2\weights\best.pt,39.31,33.3
C:\Users\User\Documents\AI_Robotics Projects\AAU\Summer\Synthetic_Dataset_YOLO_50\runs\detect\train-2\weights\best.pt,40.48,25.7
C:\Users\User\Documents\AI_Robotics Projects\AAU\Summer\Synthetic_Dataset_YOLO_50\runs\detect\train-2\weights\best.pt,39.93,31.7
C:\Users\User\Documents\AI_Robotics Projects\AAU\Summer\Synthetic_Dataset_YOLO_50\runs\detect\train-2\weights\best.pt,48.63,25.9
C:\Users\User\Documents\AI_Robotics Projects\AAU\Summer\Synthetic_Dataset_YOLO_50\runs\detect\train-2\weights\best.pt,39.83,32.3
C:\Users\User\Documents\AI_Robotics Projects\AAU\Summer\Synthetic_Dataset_YOLO_50\runs\detect\train-2\weights\best.pt,41.13,26.3
C:\Users\User\Documents\AI_Robotics Projects\AAU\Summer\Synthetic_Dataset_YOLO_50\runs\detect\train-2\weights\best.pt,40.2,29.4
C:\Users\User\Documents\AI_Robotics Projects\AAU\Summer\Synthetic_Dataset_YOLO_50\runs\detect\train-2\weights\best.pt,41.2,25.6
C:\Users\User\Documents\AI_Robotics Projects\AAU\Summer\Synthetic_Dataset_YOLO_50\runs\detect\train-2\weights\best.pt,40.5,25.8
C:\Users\User\Documents\AI_Robotics Projects\AAU\Summer\Synthetic_Dataset_YOLO_50\runs\detect\train-2\weights\best.pt,58.89,28.8
C:\Users\User\Documents\AI_Robotics Projects\AAU\Summer\Synthetic_Dataset_YOLO_50\runs\detect\train-2\weights\best.pt,43.67,31.3
C:\Users\User\Documents\AI_Robotics Projects\AAU\Summer\Synthetic_Dataset_YOLO_50\runs\detect\train-2\weights\best.pt,40.57,34.8
C:\Users\User\Documents\AI_Robotics Projects\AAU\Summer\Synthetic_Dataset_YOLO_50\runs\detect\train-2\weights\best.pt,40.19,35.0
C:\Users\User\Documents\AI_Robotics Projects\AAU\Summer\Synthetic_Dataset_YOLO_50\runs\detect\train-2\weights\best.pt,38.77,37.7
C:\Users\User\Documents\AI_Robotics Projects\AAU\Summer\Synthetic_Dataset_YOLO_50\runs\detect\train-2\weights\best.pt,41.62,38.3
C:\Users\User\Documents\AI_Robotics Projects\AAU\Summer\Synthetic_Dataset_YOLO_50\runs\detect\train-2\weights\best.pt,41.96,39.5
C:\Users\User\Documents\AI_Robotics Projects\AAU\Summer\Synthetic_Dataset_YOLO_50\runs\detect\train-2\weights\best.pt,37.96,36.7
C:\Users\User\Documents\AI_Robotics Projects\AAU\Summer\Synthetic_Dataset_YOLO_50\runs\detect\train-2\weights\best.pt,39.32,75.0
C:\Users\User\Documents\AI_Robotics Projects\AAU\Summer\Synthetic_Dataset_YOLO_50\runs\detect\train-2\weights\best.pt,40.86,83.7
C:\Users\User\Documents\AI_Robotics Projects\AAU\Summer\Synthetic_Dataset_YOLO_50\runs\detect\train-2\weights\best.pt,51.28,72.8
C:\Users\User\Documents\AI_Robotics Projects\AAU\Summer\Synthetic_Dataset_YOLO_50\runs\detect\train-2\weights\best.pt,50.58,41.4
C:\Users\User\Documents\AI_Robotics Projects\AAU\Summer\Synthetic_Dataset_YOLO_50\runs\detect\train-2\weights\best.pt,44.99,66.4
C:\Users\User\Documents\AI_Robotics Projects\AAU\Summer\Synthetic_Dataset_YOLO_50\runs\detect\train-2\weights\best.pt,53.12,70.8
C:\Users\User\Documents\AI_Robotics Projects\AAU\Summer\Synthetic_Dataset_YOLO_50\runs\detect\train-2\weights\best.pt,42.49,71.6
C:\Users\User\Documents\AI_Robotics Projects\AAU\Summer\Synthetic_Dataset_YOLO_50\runs\detect\train-2\weights\best.pt,40.05,74.3
C:\Users\User\Documents\AI_Robotics Projects\AAU\Summer\Synthetic_Dataset_YOLO_50\runs\detect\train-2\weights\best.pt,39.0,34.2
C:\Users\User\Documents\AI_Robotics Projects\AAU\Summer\Synthetic_Dataset_YOLO_50\runs\detect\train-2\weights\best.pt,40.52,55.4
C:\Users\User\Documents\AI_Robotics Projects\AAU\Summer\Synthetic_Dataset_YOLO_50\runs\detect\train-2\weights\best.pt,40.03,76.5
C:\Users\User\Documents\AI_Robotics Projects\AAU\Summer\Synthetic_Dataset_YOLO_50\runs\detect\train-2\weights\best.pt,40.84,76.9
C:\Users\User\Documents\AI_Robotics Projects\AAU\Summer\Synthetic_Dataset_YOLO_50\runs\detect\train-2\weights\best.pt,39.93,37.8
C:\Users\User\Documents\AI_Robotics Projects\AAU\Summer\Synthetic_Dataset_YOLO_50\runs\detect\train-2\weights\best.pt,41.6,72.2
C:\Users\User\Documents\AI_Robotics Projects\AAU\Summer\Synthetic_Dataset_YOLO_50\runs\detect\train-2\weights\best.pt,40.78,35.8
C:\Users\User\Documents\AI_Robotics Projects\AAU\Summer\Synthetic_Dataset_YOLO_50\runs\detect\train-2\weights\best.pt,39.55,84.1
C:\Users\User\Documents\AI_Robotics Projects\AAU\Summer\Synthetic_Dataset_YOLO_50\runs\detect\train-2\weights\best.pt,41.42,99.5
C:\Users\User\Documents\AI_Robotics Projects\AAU\Summer\Synthetic_Dataset_YOLO_50\runs\detect\train-2\weights\best.pt,42.59,76.2
C:\Users\User\Documents\AI_Robotics Projects\AAU\Summer\Synthetic_Dataset_YOLO_50\runs\detect\train-2\weights\best.pt,39.54,76.4
C:\Users\User\Documents\AI_Robotics Projects\AAU\Summer\Synthetic_Dataset_YOLO_50\runs\detect\train-2\weights\best.pt,40.03,68.4
C:\Users\User\Documents\AI_Robotics Projects\AAU\Summer\Synthetic_Dataset_YOLO_50\runs\detect\train-2\weights\best.pt,43.91,113.9
C:\Users\User\Documents\AI_Robotics Projects\AAU\Summer\Synthetic_Dataset_YOLO_50\runs\detect\train-2\weights\best.pt,45.62,125.3
C:\Users\User\Documents\AI_Robotics Projects\AAU\Summer\Synthetic_Dataset_YOLO_50\runs\detect\train-2\weights\best.pt,40.61,105.6
C:\Users\User\Documents\AI_Robotics Projects\AAU\Summer\Synthetic_Dataset_YOLO_50\runs\detect\train-2\weights\best.pt,61.58,80.5
C:\Users\User\Documents\AI_Robotics Projects\AAU\Summer\Synthetic_Dataset_YOLO_50\runs\detect\train-2\weights\best.pt,49.19,82.7
C:\Users\User\Documents\AI_Robotics Projects\AAU\Summer\Synthetic_Dataset_YOLO_50\runs\detect\train-2\weights\best.pt,41.36,77.1
C:\Users\User\Documents\AI_Robotics Projects\AAU\Summer\Synthetic_Dataset_YOLO_50\runs\detect\train-2\weights\best.pt,39.3,84.3
C:\Users\User\Documents\AI_Robotics Projects\AAU\Summer\Synthetic_Dataset_YOLO_50\runs\detect\train-2\weights\best.pt,42.3,80.6
C:\Users\User\Documents\AI_Robotics Projects\AAU\Summer\Synthetic_Dataset_YOLO_50\runs\detect\train-2\weights\best.pt,39.54,79.9
C:\Users\User\Documents\AI_Robotics Projects\AAU\Summer\Synthetic_Dataset_YOLO_50\runs\detect\train-2\weights\best.pt,40.48,72.1
C:\Users\User\Documents\AI_Robotics Projects\AAU\Summer\Synthetic_Dataset_YOLO_50\runs\detect\train-2\weights\best.pt,41.01,67.4
C:\Users\User\Documents\AI_Robotics Projects\AAU\Summer\Synthetic_Dataset_YOLO_50\runs\detect\train-2\weights\best.pt,40.44,81.8
C:\Users\User\Documents\AI_Robotics Projects\AAU\Summer\Synthetic_Dataset_YOLO_50\runs\detect\train-2\weights\best.pt,39.75,41.5
C:\Users\User\Documents\AI_Robotics Projects\AAU\Summer\Synthetic_Dataset_YOLO_50\runs\detect\train-2\weights\best.pt,41.67,74.9
C:\Users\User\Documents\AI_Robotics Projects\AAU\Summer\Synthetic_Dataset_YOLO_50\runs\detect\train-2\weights\best.pt,39.71,73.8
C:\Users\User\Documents\AI_Robotics Projects\AAU\Summer\Synthetic_Dataset_YOLO_50\runs\detect\train-2\weights\best.pt,41.14,35.2
C:\Users\User\Documents\AI_Robotics Projects\AAU\Summer\Synthetic_Dataset_YOLO_50\runs\detect\train-2\weights\best.pt,43.98,72.0
C:\Users\User\Documents\AI_Robotics Projects\AAU\Summer\Synthetic_Dataset_YOLO_50\runs\detect\train-2\weights\best.pt,40.62,69.0
C:\Users\User\Documents\AI_Robotics Projects\AAU\Summer\Synthetic_Dataset_YOLO_50\runs\detect\train-2\weights\best.pt,39.37,91.3
C:\Users\User\Documents\AI_Robotics Projects\AAU\Summer\Synthetic_Dataset_YOLO_50\runs\detect\train-2\weights\best.pt,41.7,87.8
C:\Users\User\Documents\AI_Robotics Projects\AAU\Summer\Synthetic_Dataset_YOLO_50\runs\detect\train-2\weights\best.pt,42.01,104.6
C:\Users\User\Documents\AI_Robotics Projects\AAU\Summer\Synthetic_Dataset_YOLO_50\runs\detect\train-2\weights\best.pt,39.82,104.7
C:\Users\User\Documents\AI_Robotics Projects\AAU\Summer\Synthetic_Dataset_YOLO_50\runs\detect\train-2\weights\best.pt,39.97,44.8
C:\Users\User\Documents\AI_Robotics Projects\AAU\Summer\Synthetic_Dataset_YOLO_50\runs\detect\train-2\weights\best.pt,43.03,94.6
C:\Users\User\Documents\AI_Robotics Projects\AAU\Summer\Synthetic_Dataset_YOLO_50\runs\detect\train-2\weights\best.pt,54.74,73.8
C:\Users\User\Documents\AI_Robotics Projects\AAU\Summer\Synthetic_Dataset_YOLO_50\runs\detect\train-2\weights\best.pt,46.13,76.0
C:\Users\User\Documents\AI_Robotics Projects\AAU\Summer\Synthetic_Dataset_YOLO_50\runs\detect\train-2\weights\best.pt,43.2,79.8
C:\Users\User\Documents\AI_Robotics Projects\AAU\Summer\Synthetic_Dataset_YOLO_50\runs\detect\train-2\weights\best.pt,40.74,73.0
C:\Users\User\Documents\AI_Robotics Projects\AAU\Summer\Synthetic_Dataset_YOLO_50\runs\detect\train-2\weights\best.pt,38.85,73.8
C:\Users\User\Documents\AI_Robotics Projects\AAU\Summer\Synthetic_Dataset_YOLO_50\runs\detect\train-2\weights\best.pt,41.71,78.8
C:\Users\User\Documents\AI_Robotics Projects\AAU\Summer\Synthetic_Dataset_YOLO_50\runs\detect\train-2\weights\best.pt,39.16,88.1
C:\Users\User\Documents\AI_Robotics Projects\AAU\Summer\Synthetic_Dataset_YOLO_50\runs\detect\train-2\weights\best.pt,42.7,78.9
C:\Users\User\Documents\AI_Robotics Projects\AAU\Summer\Synthetic_Dataset_YOLO_50\runs\detect\train-2\weights\best.pt,41.25,76.9
C:\Users\User\Documents\AI_Robotics Projects\AAU\Summer\Synthetic_Dataset_YOLO_50\runs\detect\train-2\weights\best.pt,40.2,49.1
C:\Users\User\Documents\AI_Robotics Projects\AAU\Summer\Synthetic_Dataset_YOLO_50\runs\detect\train-2\weights\best.pt,41.11,42.7
C:\Users\User\Documents\AI_Robotics Projects\AAU\Summer\Synthetic_Dataset_YOLO_50\runs\detect\train-2\weights\best.pt,43.81,82.9
C:\Users\User\Documents\AI_Robotics Projects\AAU\Summer\Synthetic_Dataset_YOLO_50\runs\detect\train-2\weights\best.pt,43.72,45.7
C:\Users\User\Documents\AI_Robotics Projects\AAU\Summer\Synthetic_Dataset_YOLO_50\runs\detect\train-2\weights\best.pt,46.68,14.6
C:\Users\User\Documents\AI_Robotics Projects\AAU\Summer\Synthetic_Dataset_YOLO_50\runs\detect\train-2\weights\best.pt,44.74,28.7
C:\Users\User\Documents\AI_Robotics Projects\AAU\Summer\Synthetic_Dataset_YOLO_50\runs\detect\train-2\weights\best.pt,41.25,36.3
C:\Users\User\Documents\AI_Robotics Projects\AAU\Summer\Synthetic_Dataset_YOLO_50\runs\detect\train-2\weights\best.pt,53.74,32.3
C:\Users\User\Documents\AI_Robotics Projects\AAU\Summer\Synthetic_Dataset_YOLO_50\runs\detect\train-2\weights\best.pt,48.11,29.8
C:\Users\User\Documents\AI_Robotics Projects\AAU\Summer\Synthetic_Dataset_YOLO_50\runs\detect\train-2\weights\best.pt,44.97,35.8
C:\Users\User\Documents\AI_Robotics Projects\AAU\Summer\Synthetic_Dataset_YOLO_50\runs\detect\train-2\weights\best.pt,41.53,32.7
C:\Users\User\Documents\AI_Robotics Projects\AAU\Summer\Synthetic_Dataset_YOLO_50\runs\detect\train-2\weights\best.pt,44.71,32.9
C:\Users\User\Documents\AI_Robotics Projects\AAU\Summer\Synthetic_Dataset_YOLO_50\runs\detect\train-2\weights\best.pt,50.16,29.5
C:\Users\User\Documents\AI_Robotics Projects\AAU\Summer\Synthetic_Dataset_YOLO_50\runs\detect\train-2\weights\best.pt,48.85,35.6
C:\Users\User\Documents\AI_Robotics Projects\AAU\Summer\Synthetic_Dataset_YOLO_50\runs\detect\train-2\weights\best.pt,45.43,36.7
C:\Users\User\Documents\AI_Robotics Projects\AAU\Summer\Synthetic_Dataset_YOLO_50\runs\detect\train-2\weights\best.pt,46.2,29.0
C:\Users\User\Documents\AI_Robotics Projects\AAU\Summer\Synthetic_Dataset_YOLO_50\runs\detect\train-2\weights\best.pt,44.49,33.5
C:\Users\User\Documents\AI_Robotics Projects\AAU\Summer\Synthetic_Dataset_YOLO_50\runs\detect\train-2\weights\best.pt,45.84,35.3
C:\Users\User\Documents\AI_Robotics Projects\AAU\Summer\Synthetic_Dataset_YOLO_50\runs\detect\train-2\weights\best.pt,46.77,33.3
C:\Users\User\Documents\AI_Robotics Projects\AAU\Summer\Synthetic_Dataset_YOLO_50\runs\detect\train-2\weights\best.pt,52.61,28.1
C:\Users\User\Documents\AI_Robotics Projects\AAU\Summer\Synthetic_Dataset_YOLO_50\runs\detect\train-2\weights\best.pt,40.75,34.5
C:\Users\User\Documents\AI_Robotics Projects\AAU\Summer\Synthetic_Dataset_YOLO_50\runs\detect\train-2\weights\best.pt,42.2,32.5
C:\Users\User\Documents\AI_Robotics Projects\AAU\Summer\Synthetic_Dataset_YOLO_50\runs\detect\train-2\weights\best.pt,40.51,32.5
C:\Users\User\Documents\AI_Robotics Projects\AAU\Summer\Synthetic_Dataset_YOLO_50\runs\detect\train-2\weights\best.pt,42.21,33.4
C:\Users\User\Documents\AI_Robotics Projects\AAU\Summer\Synthetic_Dataset_YOLO_50\runs\detect\train-2\weights\best.pt,43.43,33.8
C:\Users\User\Documents\AI_Robotics Projects\AAU\Summer\Synthetic_Dataset_YOLO_50\runs\detect\train-2\weights\best.pt,51.34,31.7
C:\Users\User\Documents\AI_Robotics Projects\AAU\Summer\Synthetic_Dataset_YOLO_50\runs\detect\train-2\weights\best.pt,52.78,28.6
C:\Users\User\Documents\AI_Robotics Projects\AAU\Summer\Synthetic_Dataset_YOLO_50\runs\detect\train-2\weights\best.pt,55.09,30.2
C:\Users\User\Documents\AI_Robotics Projects\AAU\Summer\Synthetic_Dataset_YOLO_50\runs\detect\train-2\weights\best.pt,59.6,26.3
C:\Users\User\Documents\AI_Robotics Projects\AAU\Summer\Synthetic_Dataset_YOLO_50\runs\detect\train-2\weights\best.pt,43.63,30.9
C:\Users\User\Documents\AI_Robotics Projects\AAU\Summer\Synthetic_Dataset_YOLO_50\runs\detect\train-2\weights\best.pt,42.83,29.9
C:\Users\User\Documents\AI_Robotics Projects\AAU\Summer\Synthetic_Dataset_YOLO_50\runs\detect\train-2\weights\best.pt,40.73,25.3
C:\Users\User\Documents\AI_Robotics Projects\AAU\Summer\Synthetic_Dataset_YOLO_50\runs\detect\train-2\weights\best.pt,41.42,27.7
C:\Users\User\Documents\AI_Robotics Projects\AAU\Summer\Synthetic_Dataset_YOLO_50\runs\detect\train-2\weights\best.pt,42.55,36.2
C:\Users\User\Documents\AI_Robotics Projects\AAU\Summer\Synthetic_Dataset_YOLO_50\runs\detect\train-2\weights\best.pt,44.08,37.8
C:\Users\User\Documents\AI_Robotics Projects\AAU\Summer\Synthetic_Dataset_YOLO_50\runs\detect\train-2\weights\best.pt,48.43,38.5
C:\Users\User\Documents\AI_Robotics Projects\AAU\Summer\Synthetic_Dataset_YOLO_50\runs\detect\train-2\weights\best.pt,43.42,27.3
C:\Users\User\Documents\AI_Robotics Projects\AAU\Summer\Synthetic_Dataset_YOLO_50\runs\detect\train-2\weights\best.pt,40.39,40.7
C:\Users\User\Documents\AI_Robotics Projects\AAU\Summer\Synthetic_Dataset_YOLO_50\runs\detect\train-2\weights\best.pt,41.48,43.0
C:\Users\User\Documents\AI_Robotics Projects\AAU\Summer\Synthetic_Dataset_YOLO_50\runs\detect\train-2\weights\best.pt,41.64,40.8
C:\Users\User\Documents\AI_Robotics Projects\AAU\Summer\Synthetic_Dataset_YOLO_50\runs\detect\train-2\weights\best.pt,40.58,41.0
C:\Users\User\Documents\AI_Robotics Projects\AAU\Summer\Synthetic_Dataset_YOLO_50\runs\detect\train-2\weights\best.pt,60.25,41.0
C:\Users\User\Documents\AI_Robotics Projects\AAU\Summer\Synthetic_Dataset_YOLO_50\runs\detect\train-2\weights\best.pt,58.31,36.1
C:\Users\User\Documents\AI_Robotics Projects\AAU\Summer\Synthetic_Dataset_YOLO_50\runs\detect\train-2\weights\best.pt,42.79,40.3
C:\Users\User\Documents\AI_Robotics Projects\AAU\Summer\Synthetic_Dataset_YOLO_50\runs\detect\train-2\weights\best.pt,41.33,41.1
C:\Users\User\Documents\AI_Robotics Projects\AAU\Summer\Synthetic_Dataset_YOLO_50\runs\detect\train-2\weights\best.pt,41.95,42.2
C:\Users\User\Documents\AI_Robotics Projects\AAU\Summer\Synthetic_Dataset_YOLO_50\runs\detect\train-2\weights\best.pt,42.85,40.3
C:\Users\User\Documents\AI_Robotics Projects\AAU\Summer\Synthetic_Dataset_YOLO_50\runs\detect\train-2\weights\best.pt,43.01,40.5
C:\Users\User\Documents\AI_Robotics Projects\AAU\Summer\Synthetic_Dataset_YOLO_50\runs\detect\train-2\weights\best.pt,43.26,47.2
C:\Users\User\Documents\AI_Robotics Projects\AAU\Summer\Synthetic_Dataset_YOLO_50\runs\detect\train-2\weights\best.pt,41.97,44.4
C:\Users\User\Documents\AI_Robotics Projects\AAU\Summer\Synthetic_Dataset_YOLO_50\runs\detect\train-2\weights\best.pt,41.8,40.6
C:\Users\User\Documents\AI_Robotics Projects\AAU\Summer\Synthetic_Dataset_YOLO_50\runs\detect\train-2\weights\best.pt,42.68,41.0
C:\Users\User\Documents\AI_Robotics Projects\AAU\Summer\Synthetic_Dataset_YOLO_50\runs\detect\train-2\weights\best.pt,40.09,43.1
C:\Users\User\Documents\AI_Robotics Projects\AAU\Summer\Synthetic_Dataset_YOLO_50\runs\detect\train-2\weights\best.pt,61.88,33.3
C:\Users\User\Documents\AI_Robotics Projects\AAU\Summer\Synthetic_Dataset_YOLO_50\runs\detect\train-2\weights\best.pt,43.41,35.4
C:\Users\User\Documents\AI_Robotics Projects\AAU\Summer\Synthetic_Dataset_YOLO_50\runs\detect\train-2\weights\best.pt,42.2,37.8
C:\Users\User\Documents\AI_Robotics Projects\AAU\Summer\Synthetic_Dataset_YOLO_50\runs\detect\train-2\weights\best.pt,49.7,35.4
C:\Users\User\Documents\AI_Robotics Projects\AAU\Summer\Synthetic_Dataset_YOLO_50\runs\detect\train-2\weights\best.pt,43.97,37.7
C:\Users\User\Documents\AI_Robotics Projects\AAU\Summer\Synthetic_Dataset_YOLO_50\runs\detect\train-2\weights\best.pt,42.59,37.8
C:\Users\User\Documents\AI_Robotics Projects\AAU\Summer\Synthetic_Dataset_YOLO_50\runs\detect\train-2\weights\best.pt,44.23,42.4
C:\Users\User\Documents\AI_Robotics Projects\AAU\Summer\Synthetic_Dataset_YOLO_50\runs\detect\train-2\weights\best.pt,43.95,39.5
C:\Users\User\Documents\AI_Robotics Projects\AAU\Summer\Synthetic_Dataset_YOLO_50\runs\detect\train-2\weights\best.pt,42.83,39.7
C:\Users\User\Documents\AI_Robotics Projects\AAU\Summer\Synthetic_Dataset_YOLO_50\runs\detect\train-2\weights\best.pt,46.73,39.5
C:\Users\User\Documents\AI_Robotics Projects\AAU\Summer\Synthetic_Dataset_YOLO_50\runs\detect\train-2\weights\best.pt,50.73,40.9
C:\Users\User\Documents\AI_Robotics Projects\AAU\Summer\Synthetic_Dataset_YOLO_50\runs\detect\train-2\weights\best.pt,52.87,39.1
C:\Users\User\Documents\AI_Robotics Projects\AAU\Summer\Synthetic_Dataset_YOLO_50\runs\detect\train-2\weights\best.pt,44.22,34.0
C:\Users\User\Documents\AI_Robotics Projects\AAU\Summer\Synthetic_Dataset_YOLO_50\runs\detect\train-2\weights\best.pt,43.66,38.4
C:\Users\User\Documents\AI_Robotics Projects\AAU\Summer\Synthetic_Dataset_YOLO_50\runs\detect\train-2\weights\best.pt,42.13,41.1
C:\Users\User\Documents\AI_Robotics Projects\AAU\Summer\Synthetic_Dataset_YOLO_50\runs\detect\train-2\weights\best.pt,47.53,38.3
C:\Users\User\Documents\AI_Robotics Projects\AAU\Summer\Synthetic_Dataset_YOLO_50\runs\detect\train-2\weights\best.pt,46.55,41.6
C:\Users\User\Documents\AI_Robotics Projects\AAU\Summer\Synthetic_Dataset_YOLO_50\runs\detect\train-2\weights\best.pt,41.09,41.9
C:\Users\User\Documents\AI_Robotics Projects\AAU\Summer\Synthetic_Dataset_YOLO_50\runs\detect\train-2\weights\best.pt,53.97,35.3
C:\Users\User\Documents\AI_Robotics Projects\AAU\Summer\Synthetic_Dataset_YOLO_50\runs\detect\train-2\weights\best.pt,43.39,36.3
C:\Users\User\Documents\AI_Robotics Projects\AAU\Summer\Synthetic_Dataset_YOLO_50\runs\detect\train-2\weights\best.pt,45.38,38.4
C:\Users\User\Documents\AI_Robotics Projects\AAU\Summer\Synthetic_Dataset_YOLO_50\runs\detect\train-2\weights\best.pt,44.91,33.2
C:\Users\User\Documents\AI_Robotics Projects\AAU\Summer\Synthetic_Dataset_YOLO_50\runs\detect\train-2\weights\best.pt,45.56,41.1
C:\Users\User\Documents\AI_Robotics Projects\AAU\Summer\Synthetic_Dataset_YOLO_50\runs\detect\train-2\weights\best.pt,45.18,40.5
C:\Users\User\Documents\AI_Robotics Projects\AAU\Summer\Synthetic_Dataset_YOLO_50\runs\detect\train-2\weights\best.pt,57.69,35.2
C:\Users\User\Documents\AI_Robotics Projects\AAU\Summer\Synthetic_Dataset_YOLO_50\runs\detect\train-2\weights\best.pt,46.63,31.1
C:\Users\User\Documents\AI_Robotics Projects\AAU\Summer\Synthetic_Dataset_YOLO_50\runs\detect\train-2\weights\best.pt,42.82,37.5
C:\Users\User\Documents\AI_Robotics Projects\AAU\Summer\Synthetic_Dataset_YOLO_50\runs\detect\train-2\weights\best.pt,42.74,39.3
C:\Users\User\Documents\AI_Robotics Projects\AAU\Summer\Synthetic_Dataset_YOLO_50\runs\detect\train-2\weights\best.pt,42.56,39.2
C:\Users\User\Documents\AI_Robotics Projects\AAU\Summer\Synthetic_Dataset_YOLO_50\runs\detect\train-2\weights\best.pt,47.39,42.0
C:\Users\User\Documents\AI_Robotics Projects\AAU\Summer\Synthetic_Dataset_YOLO_50\runs\detect\train-2\weights\best.pt,45.05,35.6
C:\Users\User\Documents\AI_Robotics Projects\AAU\Summer\Synthetic_Dataset_YOLO_50\runs\detect\train-2\weights\best.pt,45.09,40.9
C:\Users\User\Documents\AI_Robotics Projects\AAU\Summer\Synthetic_Dataset_YOLO_50\runs\detect\train-2\weights\best.pt,55.85,34.7
C:\Users\User\Documents\AI_Robotics Projects\AAU\Summer\Synthetic_Dataset_YOLO_50\runs\detect\train-2\weights\best.pt,48.37,37.0
C:\Users\User\Documents\AI_Robotics Projects\AAU\Summer\Synthetic_Dataset_YOLO_50\runs\detect\train-2\weights\best.pt,49.9,37.9
C:\Users\User\Documents\AI_Robotics Projects\AAU\Summer\Synthetic_Dataset_YOLO_50\runs\detect\train-2\weights\best.pt,51.98,36.6
C:\Users\User\Documents\AI_Robotics Projects\AAU\Summer\Synthetic_Dataset_YOLO_50\runs\detect\train-2\weights\best.pt,62.42,35.6
C:\Users\User\Documents\AI_Robotics Projects\AAU\Summer\Synthetic_Dataset_YOLO_50\runs\detect\train-2\weights\best.pt,58.61,35.7
C:\Users\User\Documents\AI_Robotics Projects\AAU\Summer\Synthetic_Dataset_YOLO_50\runs\detect\train-2\weights\best.pt,49.71,39.4
C:\Users\User\Documents\AI_Robotics Projects\AAU\Summer\Synthetic_Dataset_YOLO_50\runs\detect\train-2\weights\best.pt,44.59,36.3
C:\Users\User\Documents\AI_Robotics Projects\AAU\Summer\Synthetic_Dataset_YOLO_50\runs\detect\train-2\weights\best.pt,44.42,40.4
C:\Users\User\Documents\AI_Robotics Projects\AAU\Summer\Synthetic_Dataset_YOLO_50\runs\detect\train-2\weights\best.pt,42.31,39.0
C:\Users\User\Documents\AI_Robotics Projects\AAU\Summer\Synthetic_Dataset_YOLO_50\runs\detect\train-2\weights\best.pt,46.3,39.7
C:\Users\User\Documents\AI_Robotics Projects\AAU\Summer\Synthetic_Dataset_YOLO_50\runs\detect\train-2\weights\best.pt,45.53,38.4
C:\Users\User\Documents\AI_Robotics Projects\AAU\Summer\Synthetic_Dataset_YOLO_50\runs\detect\train-2\weights\best.pt,50.37,35.6
C:\Users\User\Documents\AI_Robotics Projects\AAU\Summer\Synthetic_Dataset_YOLO_50\runs\detect\train-2\weights\best.pt,59.55,34.7
C:\Users\User\Documents\AI_Robotics Projects\AAU\Summer\Synthetic_Dataset_YOLO_50\runs\detect\train-2\weights\best.pt,54.36,33.2
C:\Users\User\Documents\AI_Robotics Projects\AAU\Summer\Synthetic_Dataset_YOLO_50\runs\detect\train-2\weights\best.pt,56.33,37.1
C:\Users\User\Documents\AI_Robotics Projects\AAU\Summer\Synthetic_Dataset_YOLO_50\runs\detect\train-2\weights\best.pt,46.85,32.3
C:\Users\User\Documents\AI_Robotics Projects\AAU\Summer\Synthetic_Dataset_YOLO_50\runs\detect\train-2\weights\best.pt,45.73,36.4
C:\Users\User\Documents\AI_Robotics Projects\AAU\Summer\Synthetic_Dataset_YOLO_50\runs\detect\train-2\weights\best.pt,43.07,41.2
C:\Users\User\Documents\AI_Robotics Projects\AAU\Summer\Synthetic_Dataset_YOLO_50\runs\detect\train-2\weights\best.pt,45.4,31.3
C:\Users\User\Documents\AI_Robotics Projects\AAU\Summer\Synthetic_Dataset_YOLO_50\runs\detect\train-2\weights\best.pt,44.4,39.2
C:\Users\User\Documents\AI_Robotics Projects\AAU\Summer\Synthetic_Dataset_YOLO_50\runs\detect\train-2\weights\best.pt,42.29,41.1
C:\Users\User\Documents\AI_Robotics Projects\AAU\Summer\Synthetic_Dataset_YOLO_50\runs\detect\train-2\weights\best.pt,43.58,41.4
C:\Users\User\Documents\AI_Robotics Projects\AAU\Summer\Synthetic_Dataset_YOLO_50\runs\detect\train-2\weights\best.pt,43.23,37.3
C:\Users\User\Documents\AI_Robotics Projects\AAU\Summer\Synthetic_Dataset_YOLO_50\runs\detect\train-2\weights\best.pt,45.72,38.4
C:\Users\User\Documents\AI_Robotics Projects\AAU\Summer\Synthetic_Dataset_YOLO_50\runs\detect\train-2\weights\best.pt,43.53,39.5
C:\Users\User\Documents\AI_Robotics Projects\AAU\Summer\Synthetic_Dataset_YOLO_50\runs\detect\train-2\weights\best.pt,50.12,38.3
C:\Users\User\Documents\AI_Robotics Projects\AAU\Summer\Synthetic_Dataset_YOLO_50\runs\detect\train-2\weights\best.pt,43.65,38.5
C:\Users\User\Documents\AI_Robotics Projects\AAU\Summer\Synthetic_Dataset_YOLO_50\runs\detect\train-2\weights\best.pt,52.22,38.9
C:\Users\User\Documents\AI_Robotics Projects\AAU\Summer\Synthetic_Dataset_YOLO_50\runs\detect\train-2\weights\best.pt,46.9,37.0
C:\Users\User\Documents\AI_Robotics Projects\AAU\Summer\Synthetic_Dataset_YOLO_50\runs\detect\train-2\weights\best.pt,43.52,39.9
C:\Users\User\Documents\AI_Robotics Projects\AAU\Summer\Synthetic_Dataset_YOLO_50\runs\detect\train-2\weights\best.pt,44.58,35.8
C:\Users\User\Documents\AI_Robotics Projects\AAU\Summer\Synthetic_Dataset_YOLO_50\runs\detect\train-2\weights\best.pt,42.77,41.8
C:\Users\User\Documents\AI_Robotics Projects\AAU\Summer\Synthetic_Dataset_YOLO_50\runs\detect\train-2\weights\best.pt,59.56,39.7
C:\Users\User\Documents\AI_Robotics Projects\AAU\Summer\Synthetic_Dataset_YOLO_50\runs\detect\train-2\weights\best.pt,48.05,38.7
C:\Users\User\Documents\AI_Robotics Projects\AAU\Summer\Synthetic_Dataset_YOLO_50\runs\detect\train-2\weights\best.pt,46.99,37.1
C:\Users\User\Documents\AI_Robotics Projects\AAU\Summer\Synthetic_Dataset_YOLO_50\runs\detect\train-2\weights\best.pt,48.84,42.9
C:\Users\User\Documents\AI_Robotics Projects\AAU\Summer\Synthetic_Dataset_YOLO_50\runs\detect\train-2\weights\best.pt,43.75,39.6
C:\Users\User\Documents\AI_Robotics Projects\AAU\Summer\Synthetic_Dataset_YOLO_50\runs\detect\train-2\weights\best.pt,42.42,41.4
C:\Users\User\Documents\AI_Robotics Projects\AAU\Summer\Synthetic_Dataset_YOLO_50\runs\detect\train-2\weights\best.pt,43.25,38.0
C:\Users\User\Documents\AI_Robotics Projects\AAU\Summer\Synthetic_Dataset_YOLO_50\runs\detect\train-2\weights\best.pt,66.17,33.4
C:\Users\User\Documents\AI_Robotics Projects\AAU\Summer\Synthetic_Dataset_YOLO_50\runs\detect\train-2\weights\best.pt,48.32,39.2
C:\Users\User\Documents\AI_Robotics Projects\AAU\Summer\Synthetic_Dataset_YOLO_50\runs\detect\train-2\weights\best.pt,49.48,41.2
C:\Users\User\Documents\AI_Robotics Projects\AAU\Summer\Synthetic_Dataset_YOLO_50\runs\detect\train-2\weights\best.pt,51.54,38.5
C:\Users\User\Documents\AI_Robotics Projects\AAU\Summer\Synthetic_Dataset_YOLO_50\runs\detect\train-2\weights\best.pt,49.63,41.6
C:\Users\User\Documents\AI_Robotics Projects\AAU\Summer\Synthetic_Dataset_YOLO_50\runs\detect\train-2\weights\best.pt,44.16,39.4
C:\Users\User\Documents\AI_Robotics Projects\AAU\Summer\Synthetic_Dataset_YOLO_50\runs\detect\train-2\weights\best.pt,47.06,41.7
C:\Users\User\Documents\AI_Robotics Projects\AAU\Summer\Synthetic_Dataset_YOLO_50\runs\detect\train-2\weights\best.pt,38.96,42.9
C:\Users\User\Documents\AI_Robotics Projects\AAU\Summer\Synthetic_Dataset_YOLO_50\runs\detect\train-2\weights\best.pt,42.33,39.4
C:\Users\User\Documents\AI_Robotics Projects\AAU\Summer\Synthetic_Dataset_YOLO_50\runs\detect\train-2\weights\best.pt,40.95,40.7
C:\Users\User\Documents\AI_Robotics Projects\AAU\Summer\Synthetic_Dataset_YOLO_50\runs\detect\train-2\weights\best.pt,40.95,44.6
C:\Users\User\Documents\AI_Robotics Projects\AAU\Summer\Synthetic_Dataset_YOLO_50\runs\detect\train-2\weights\best.pt,41.95,41.8
C:\Users\User\Documents\AI_Robotics Projects\AAU\Summer\Synthetic_Dataset_YOLO_50\runs\detect\train-2\weights\best.pt,42.15,42.1
C:\Users\User\Documents\AI_Robotics Projects\AAU\Summer\Synthetic_Dataset_YOLO_50\runs\detect\train-2\weights\best.pt,44.0,40.3
C:\Users\User\Documents\AI_Robotics Projects\AAU\Summer\Synthetic_Dataset_YOLO_50\runs\detect\train-2\weights\best.pt,43.58,40.4
C:\Users\User\Documents\AI_Robotics Projects\AAU\Summer\Synthetic_Dataset_YOLO_50\runs\detect\train-2\weights\best.pt,42.86,40.7
C:\Users\User\Documents\AI_Robotics Projects\AAU\Summer\Synthetic_Dataset_YOLO_50\runs\detect\train-2\weights\best.pt,45.17,38.6
C:\Users\User\Documents\AI_Robotics Projects\AAU\Summer\Synthetic_Dataset_YOLO_50\runs\detect\train-2\weights\best.pt,45.53,38.6
C:\Users\User\Documents\AI_Robotics Projects\AAU\Summer\Synthetic_Dataset_YOLO_50\runs\detect\train-2\weights\best.pt,53.77,35.0
C:\Users\User\Documents\AI_Robotics Projects\AAU\Summer\Synthetic_Dataset_YOLO_50\runs\detect\train-2\weights\best.pt,42.17,44.2
C:\Users\User\Documents\AI_Robotics Projects\AAU\Summer\Synthetic_Dataset_YOLO_50\runs\detect\train-2\weights\best.pt,46.78,41.1
C:\Users\User\Documents\AI_Robotics Projects\AAU\Summer\Synthetic_Dataset_YOLO_50\runs\detect\train-2\weights\best.pt,41.09,41.2
C:\Users\User\Documents\AI_Robotics Projects\AAU\Summer\Synthetic_Dataset_YOLO_50\runs\detect\train-2\weights\best.pt,41.13,29.9
C:\Users\User\Documents\AI_Robotics Projects\AAU\Summer\Synthetic_Dataset_YOLO_50\runs\detect\train-2\weights\best.pt,41.43,39.0
C:\Users\User\Documents\AI_Robotics Projects\AAU\Summer\Synthetic_Dataset_YOLO_50\runs\detect\train-2\weights\best.pt,41.24,41.4
C:\Users\User\Documents\AI_Robotics Projects\AAU\Summer\Synthetic_Dataset_YOLO_50\runs\detect\train-2\weights\best.pt,61.15,34.2
C:\Users\User\Documents\AI_Robotics Projects\AAU\Summer\Synthetic_Dataset_YOLO_50\runs\detect\train-2\weights\best.pt,43.37,39.9
C:\Users\User\Documents\AI_Robotics Projects\AAU\Summer\Synthetic_Dataset_YOLO_50\runs\detect\train-2\weights\best.pt,43.24,41.7
C:\Users\User\Documents\AI_Robotics Projects\AAU\Summer\Synthetic_Dataset_YOLO_50\runs\detect\train-2\weights\best.pt,63.54,34.0
C:\Users\User\Documents\AI_Robotics Projects\AAU\Summer\Synthetic_Dataset_YOLO_50\runs\detect\train-2\weights\best.pt,68.21,33.0
C:\Users\User\Documents\AI_Robotics Projects\AAU\Summer\Synthetic_Dataset_YOLO_50\runs\detect\train-2\weights\best.pt,67.09,32.0
C:\Users\User\Documents\AI_Robotics Projects\AAU\Summer\Synthetic_Dataset_YOLO_50\runs\detect\train-2\weights\best.pt,59.85,33.0
C:\Users\User\Documents\AI_Robotics Projects\AAU\Summer\Synthetic_Dataset_YOLO_50\runs\detect\train-2\weights\best.pt,47.79,34.0
C:\Users\User\Documents\AI_Robotics Projects\AAU\Summer\Synthetic_Dataset_YOLO_50\runs\detect\train-2\weights\best.pt,42.52,40.2
C:\Users\User\Documents\AI_Robotics Projects\AAU\Summer\Synthetic_Dataset_YOLO_50\runs\detect\train-2\weights\best.pt,43.3,42.6
C:\Users\User\Documents\AI_Robotics Projects\AAU\Summer\Synthetic_Dataset_YOLO_50\runs\detect\train-2\weights\best.pt,46.75,39.9
C:\Users\User\Documents\AI_Robotics Projects\AAU\Summer\Synthetic_Dataset_YOLO_50\runs\detect\train-2\weights\best.pt,45.11,37.7
C:\Users\User\Documents\AI_Robotics Projects\AAU\Summer\Synthetic_Dataset_YOLO_50\runs\detect\train-2\weights\best.pt,39.68,39.6
C:\Users\User\Documents\AI_Robotics Projects\AAU\Summer\Synthetic_Dataset_YOLO_50\runs\detect\train-2\weights\best.pt,45.14,39.5
C:\Users\User\Documents\AI_Robotics Projects\AAU\Summer\Synthetic_Dataset_YOLO_50\runs\detect\train-2\weights\best.pt,47.93,39.3
C:\Users\User\Documents\AI_Robotics Projects\AAU\Summer\Synthetic_Dataset_YOLO_50\runs\detect\train-2\weights\best.pt,45.96,40.2
C:\Users\User\Documents\AI_Robotics Projects\AAU\Summer\Synthetic_Dataset_YOLO_50\runs\detect\train-2\weights\best.pt,44.48,39.2
C:\Users\User\Documents\AI_Robotics Projects\AAU\Summer\Synthetic_Dataset_YOLO_50\runs\detect\train-2\weights\best.pt,42.15,39.6
C:\Users\User\Documents\AI_Robotics Projects\AAU\Summer\Synthetic_Dataset_YOLO_50\runs\detect\train-2\weights\best.pt,43.6,41.0
C:\Users\User\Documents\AI_Robotics Projects\AAU\Summer\Synthetic_Dataset_YOLO_50\runs\detect\train-2\weights\best.pt,44.78,38.7
C:\Users\User\Documents\AI_Robotics Projects\AAU\Summer\Synthetic_Dataset_YOLO_50\runs\detect\train-2\weights\best.pt,39.42,44.1
C:\Users\User\Documents\AI_Robotics Projects\AAU\Summer\Synthetic_Dataset_YOLO_50\runs\detect\train-2\weights\best.pt,51.37,39.1
C:\Users\User\Documents\AI_Robotics Projects\AAU\Summer\Synthetic_Dataset_YOLO_50\runs\detect\train-2\weights\best.pt,46.81,39.2
C:\Users\User\Documents\AI_Robotics Projects\AAU\Summer\Synthetic_Dataset_YOLO_50\runs\detect\train-2\weights\best.pt,43.11,38.9
C:\Users\User\Documents\AI_Robotics Projects\AAU\Summer\Synthetic_Dataset_YOLO_50\runs\detect\train-2\weights\best.pt,63.65,33.1
C:\Users\User\Documents\AI_Robotics Projects\AAU\Summer\Synthetic_Dataset_YOLO_50\runs\detect\train-2\weights\best.pt,43.2,39.4
C:\Users\User\Documents\AI_Robotics Projects\AAU\Summer\Synthetic_Dataset_YOLO_50\runs\detect\train-2\weights\best.pt,41.92,41.3
C:\Users\User\Documents\AI_Robotics Projects\AAU\Summer\Synthetic_Dataset_YOLO_50\runs\detect\train-2\weights\best.pt,46.68,40.9
C:\Users\User\Documents\AI_Robotics Projects\AAU\Summer\Synthetic_Dataset_YOLO_50\runs\detect\train-2\weights\best.pt,42.77,43.0
C:\Users\User\Documents\AI_Robotics Projects\AAU\Summer\Synthetic_Dataset_YOLO_50\runs\detect\train-2\weights\best.pt,42.59,32.6
C:\Users\User\Documents\AI_Robotics Projects\AAU\Summer\Synthetic_Dataset_YOLO_50\runs\detect\train-2\weights\best.pt,44.03,39.2
C:\Users\User\Documents\AI_Robotics Projects\AAU\Summer\Synthetic_Dataset_YOLO_50\runs\detect\train-2\weights\best.pt,42.45,40.3
C:\Users\User\Documents\AI_Robotics Projects\AAU\Summer\Synthetic_Dataset_YOLO_50\runs\detect\train-2\weights\best.pt,43.18,43.8
C:\Users\User\Documents\AI_Robotics Projects\AAU\Summer\Synthetic_Dataset_YOLO_50\runs\detect\train-2\weights\best.pt,43.44,35.7
C:\Users\User\Documents\AI_Robotics Projects\AAU\Summer\Synthetic_Dataset_YOLO_50\runs\detect\train-2\weights\best.pt,43.88,42.5
C:\Users\User\Documents\AI_Robotics Projects\AAU\Summer\Synthetic_Dataset_YOLO_50\runs\detect\train-2\weights\best.pt,49.3,37.1
C:\Users\User\Documents\AI_Robotics Projects\AAU\Summer\Synthetic_Dataset_YOLO_50\runs\detect\train-2\weights\best.pt,55.75,35.2
C:\Users\User\Documents\AI_Robotics Projects\AAU\Summer\Synthetic_Dataset_YOLO_50\runs\detect\train-2\weights\best.pt,46.83,40.0
C:\Users\User\Documents\AI_Robotics Projects\AAU\Summer\Synthetic_Dataset_YOLO_50\runs\detect\train-2\weights\best.pt,46.45,39.4
C:\Users\User\Documents\AI_Robotics Projects\AAU\Summer\Synthetic_Dataset_YOLO_50\runs\detect\train-2\weights\best.pt,42.7,34.5
C:\Users\User\Documents\AI_Robotics Projects\AAU\Summer\Synthetic_Dataset_YOLO_50\runs\detect\train-2\weights\best.pt,44.23,42.2
C:\Users\User\Documents\AI_Robotics Projects\AAU\Summer\Synthetic_Dataset_YOLO_50\runs\detect\train-2\weights\best.pt,44.85,40.1
C:\Users\User\Documents\AI_Robotics Projects\AAU\Summer\Synthetic_Dataset_YOLO_50\runs\detect\train-2\weights\best.pt,41.18,34.1
C:\Users\User\Documents\AI_Robotics Projects\AAU\Summer\Synthetic_Dataset_YOLO_50\runs\detect\train-2\weights\best.pt,53.16,39.1
C:\Users\User\Documents\AI_Robotics Projects\AAU\Summer\Synthetic_Dataset_YOLO_50\runs\detect\train-2\weights\best.pt,52.02,33.3
C:\Users\User\Documents\AI_Robotics Projects\AAU\Summer\Synthetic_Dataset_YOLO_50\runs\detect\train-2\weights\best.pt,55.3,35.3
C:\Users\User\Documents\AI_Robotics Projects\AAU\Summer\Synthetic_Dataset_YOLO_50\runs\detect\train-2\weights\best.pt,57.59,31.7
C:\Users\User\Documents\AI_Robotics Projects\AAU\Summer\Synthetic_Dataset_YOLO_50\runs\detect\train-2\weights\best.pt,59.26,35.4
C:\Users\User\Documents\AI_Robotics Projects\AAU\Summer\Synthetic_Dataset_YOLO_50\runs\detect\train-2\weights\best.pt,65.1,31.1
C:\Users\User\Documents\AI_Robotics Projects\AAU\Summer\Synthetic_Dataset_YOLO_50\runs\detect\train-2\weights\best.pt,70.58,32.6
C:\Users\User\Documents\AI_Robotics Projects\AAU\Summer\Synthetic_Dataset_YOLO_50\runs\detect\train-2\weights\best.pt,59.44,32.0
C:\Users\User\Documents\AI_Robotics Projects\AAU\Summer\Synthetic_Dataset_YOLO_50\runs\detect\train-2\weights\best.pt,43.04,38.5
C:\Users\User\Documents\AI_Robotics Projects\AAU\Summer\Synthetic_Dataset_YOLO_50\runs\detect\train-2\weights\best.pt,45.28,35.4
C:\Users\User\Documents\AI_Robotics Projects\AAU\Summer\Synthetic_Dataset_YOLO_50\runs\detect\train-2\weights\best.pt,42.74,38.5
C:\Users\User\Documents\AI_Robotics Projects\AAU\Summer\Synthetic_Dataset_YOLO_50\runs\detect\train-2\weights\best.pt,41.02,40.6
C:\Users\User\Documents\AI_Robotics Projects\AAU\Summer\Synthetic_Dataset_YOLO_50\runs\detect\train-2\weights\best.pt,41.55,38.0
C:\Users\User\Documents\AI_Robotics Projects\AAU\Summer\Synthetic_Dataset_YOLO_50\runs\detect\train-2\weights\best.pt,45.14,37.7
C:\Users\User\Documents\AI_Robotics Projects\AAU\Summer\Synthetic_Dataset_YOLO_50\runs\detect\train-2\weights\best.pt,41.93,46.0
C:\Users\User\Documents\AI_Robotics Projects\AAU\Summer\Synthetic_Dataset_YOLO_50\runs\detect\train-2\weights\best.pt,41.88,34.7
C:\Users\User\Documents\AI_Robotics Projects\AAU\Summer\Synthetic_Dataset_YOLO_50\runs\detect\train-2\weights\best.pt,40.62,38.9
C:\Users\User\Documents\AI_Robotics Projects\AAU\Summer\Synthetic_Dataset_YOLO_50\runs\detect\train-2\weights\best.pt,41.63,41.4
C:\Users\User\Documents\AI_Robotics Projects\AAU\Summer\Synthetic_Dataset_YOLO_50\runs\detect\train-2\weights\best.pt,44.44,27.1
C:\Users\User\Documents\AI_Robotics Projects\AAU\Summer\Synthetic_Dataset_YOLO_50\runs\detect\train-2\weights\best.pt,43.78,40.9
C:\Users\User\Documents\AI_Robotics Projects\AAU\Summer\Synthetic_Dataset_YOLO_50\runs\detect\train-2\weights\best.pt,40.69,45.1
C:\Users\User\Documents\AI_Robotics Projects\AAU\Summer\Synthetic_Dataset_YOLO_50\runs\detect\train-2\weights\best.pt,43.66,39.6
C:\Users\User\Documents\AI_Robotics Projects\AAU\Summer\Synthetic_Dataset_YOLO_50\runs\detect\train-2\weights\best.pt,60.18,35.6
C:\Users\User\Documents\AI_Robotics Projects\AAU\Summer\Synthetic_Dataset_YOLO_50\runs\detect\train-2\weights\best.pt,54.21,37.1
C:\Users\User\Documents\AI_Robotics Projects\AAU\Summer\Synthetic_Dataset_YOLO_50\runs\detect\train-2\weights\best.pt,43.16,37.3
C:\Users\User\Documents\AI_Robotics Projects\AAU\Summer\Synthetic_Dataset_YOLO_50\runs\detect\train-2\weights\best.pt,43.36,33.8
C:\Users\User\Documents\AI_Robotics Projects\AAU\Summer\Synthetic_Dataset_YOLO_50\runs\detect\train-2\weights\best.pt,43.22,39.0
C:\Users\User\Documents\AI_Robotics Projects\AAU\Summer\Synthetic_Dataset_YOLO_50\runs\detect\train-2\weights\best.pt,43.99,37.6
C:\Users\User\Documents\AI_Robotics Projects\AAU\Summer\Synthetic_Dataset_YOLO_50\runs\detect\train-2\weights\best.pt,43.35,71.7
C:\Users\User\Documents\AI_Robotics Projects\AAU\Summer\Synthetic_Dataset_YOLO_50\runs\detect\train-2\weights\best.pt,60.34,34.6
C:\Users\User\Documents\AI_Robotics Projects\AAU\Summer\Synthetic_Dataset_YOLO_50\runs\detect\train-2\weights\best.pt,43.37,76.9
C:\Users\User\Documents\AI_Robotics Projects\AAU\Summer\Synthetic_Dataset_YOLO_50\runs\detect\train-2\weights\best.pt,45.01,79.6
C:\Users\User\Documents\AI_Robotics Projects\AAU\Summer\Synthetic_Dataset_YOLO_50\runs\detect\train-2\weights\best.pt,43.21,45.3
C:\Users\User\Documents\AI_Robotics Projects\AAU\Summer\Synthetic_Dataset_YOLO_50\runs\detect\train-2\weights\best.pt,42.8,75.2
C:\Users\User\Documents\AI_Robotics Projects\AAU\Summer\Synthetic_Dataset_YOLO_50\runs\detect\train-2\weights\best.pt,40.91,86.3
C:\Users\User\Documents\AI_Robotics Projects\AAU\Summer\Synthetic_Dataset_YOLO_50\runs\detect\train-2\weights\best.pt,47.32,73.0
C:\Users\User\Documents\AI_Robotics Projects\AAU\Summer\Synthetic_Dataset_YOLO_50\runs\detect\train-2\weights\best.pt,41.87,79.4
C:\Users\User\Documents\AI_Robotics Projects\AAU\Summer\Synthetic_Dataset_YOLO_50\runs\detect\train-2\weights\best.pt,39.26,76.7
C:\Users\User\Documents\AI_Robotics Projects\AAU\Summer\Synthetic_Dataset_YOLO_50\runs\detect\train-2\weights\best.pt,45.92,71.1
C:\Users\User\Documents\AI_Robotics Projects\AAU\Summer\Synthetic_Dataset_YOLO_50\runs\detect\train-2\weights\best.pt,58.3,69.8
C:\Users\User\Documents\AI_Robotics Projects\AAU\Summer\Synthetic_Dataset_YOLO_50\runs\detect\train-2\weights\best.pt,48.52,70.5
C:\Users\User\Documents\AI_Robotics Projects\AAU\Summer\Synthetic_Dataset_YOLO_50\runs\detect\train-2\weights\best.pt,42.81,39.2
C:\Users\User\Documents\AI_Robotics Projects\AAU\Summer\Synthetic_Dataset_YOLO_50\runs\detect\train-2\weights\best.pt,42.78,41.2
C:\Users\User\Documents\AI_Robotics Projects\AAU\Summer\Synthetic_Dataset_YOLO_50\runs\detect\train-2\weights\best.pt,41.59,67.0
C:\Users\User\Documents\AI_Robotics Projects\AAU\Summer\Synthetic_Dataset_YOLO_50\runs\detect\train-2\weights\best.pt,45.67,40.1
C:\Users\User\Documents\AI_Robotics Projects\AAU\Summer\Synthetic_Dataset_YOLO_50\runs\detect\train-2\weights\best.pt,45.64,37.6
C:\Users\User\Documents\AI_Robotics Projects\AAU\Summer\Synthetic_Dataset_YOLO_50\runs\detect\train-2\weights\best.pt,42.59,41.8
C:\Users\User\Documents\AI_Robotics Projects\AAU\Summer\Synthetic_Dataset_YOLO_50\runs\detect\train-2\weights\best.pt,45.34,39.3
C:\Users\User\Documents\AI_Robotics Projects\AAU\Summer\Synthetic_Dataset_YOLO_50\runs\detect\train-2\weights\best.pt,44.16,39.0
C:\Users\User\Documents\AI_Robotics Projects\AAU\Summer\Synthetic_Dataset_YOLO_50\runs\detect\train-2\weights\best.pt,42.57,29.8
C:\Users\User\Documents\AI_Robotics Projects\AAU\Summer\Synthetic_Dataset_YOLO_50\runs\detect\train-2\weights\best.pt,44.73,38.7
C:\Users\User\Documents\AI_Robotics Projects\AAU\Summer\Synthetic_Dataset_YOLO_50\runs\detect\train-2\weights\best.pt,44.13,38.4
C:\Users\User\Documents\AI_Robotics Projects\AAU\Summer\Synthetic_Dataset_YOLO_50\runs\detect\train-2\weights\best.pt,46.23,39.8
C:\Users\User\Documents\AI_Robotics Projects\AAU\Summer\Synthetic_Dataset_YOLO_50\runs\detect\train-2\weights\best.pt,42.7,37.7
C:\Users\User\Documents\AI_Robotics Projects\AAU\Summer\Synthetic_Dataset_YOLO_50\runs\detect\train-2\weights\best.pt,55.99,36.4
C:\Users\User\Documents\AI_Robotics Projects\AAU\Summer\Synthetic_Dataset_YOLO_50\runs\detect\train-2\weights\best.pt,60.29,34.8
C:\Users\User\Documents\AI_Robotics Projects\AAU\Summer\Synthetic_Dataset_YOLO_50\runs\detect\train-2\weights\best.pt,45.22,31.9
C:\Users\User\Documents\AI_Robotics Projects\AAU\Summer\Synthetic_Dataset_YOLO_50\runs\detect\train-2\weights\best.pt,44.53,38.2
C:\Users\User\Documents\AI_Robotics Projects\AAU\Summer\Synthetic_Dataset_YOLO_50\runs\detect\train-2\weights\best.pt,45.53,37.9
C:\Users\User\Documents\AI_Robotics Projects\AAU\Summer\Synthetic_Dataset_YOLO_50\runs\detect\train-2\weights\best.pt,47.43,43.0
C:\Users\User\Documents\AI_Robotics Projects\AAU\Summer\Synthetic_Dataset_YOLO_50\runs\detect\train-2\weights\best.pt,48.71,71.8
C:\Users\User\Documents\AI_Robotics Projects\AAU\Summer\Synthetic_Dataset_YOLO_50\runs\detect\train-2\weights\best.pt,51.05,28.3
C:\Users\User\Documents\AI_Robotics Projects\AAU\Summer\Synthetic_Dataset_YOLO_50\runs\detect\train-2\weights\best.pt,48.2,28.7
C:\Users\User\Documents\AI_Robotics Projects\AAU\Summer\Synthetic_Dataset_YOLO_50\runs\detect\train-2\weights\best.pt,52.12,35.6
C:\Users\User\Documents\AI_Robotics Projects\AAU\Summer\Synthetic_Dataset_YOLO_50\runs\detect\train-2\weights\best.pt,47.68,38.6
C:\Users\User\Documents\AI_Robotics Projects\AAU\Summer\Synthetic_Dataset_YOLO_50\runs\detect\train-2\weights\best.pt,53.59,26.0
C:\Users\User\Documents\AI_Robotics Projects\AAU\Summer\Synthetic_Dataset_YOLO_50\runs\detect\train-2\weights\best.pt,51.13,29.2
C:\Users\User\Documents\AI_Robotics Projects\AAU\Summer\Synthetic_Dataset_YOLO_50\runs\detect\train-2\weights\best.pt,44.76,31.3
C:\Users\User\Documents\AI_Robotics Projects\AAU\Summer\Synthetic_Dataset_YOLO_50\runs\detect\train-2\weights\best.pt,46.07,29.8
C:\Users\User\Documents\AI_Robotics Projects\AAU\Summer\Synthetic_Dataset_YOLO_50\runs\detect\train-2\weights\best.pt,58.41,28.5
C:\Users\User\Documents\AI_Robotics Projects\AAU\Summer\Synthetic_Dataset_YOLO_50\runs\detect\train-2\weights\best.pt,44.63,27.4
C:\Users\User\Documents\AI_Robotics Projects\AAU\Summer\Synthetic_Dataset_YOLO_50\runs\detect\train-2\weights\best.pt,42.88,28.0
C:\Users\User\Documents\AI_Robotics Projects\AAU\Summer\Synthetic_Dataset_YOLO_50\runs\detect\train-2\weights\best.pt,44.51,43.0
C:\Users\User\Documents\AI_Robotics Projects\AAU\Summer\Synthetic_Dataset_YOLO_50\runs\detect\train-2\weights\best.pt,43.5,39.6
C:\Users\User\Documents\AI_Robotics Projects\AAU\Summer\Synthetic_Dataset_YOLO_50\runs\detect\train-2\weights\best.pt,46.51,43.3
C:\Users\User\Documents\AI_Robotics Projects\AAU\Summer\Synthetic_Dataset_YOLO_50\runs\detect\train-2\weights\best.pt,44.0,38.9
C:\Users\User\Documents\AI_Robotics Projects\AAU\Summer\Synthetic_Dataset_YOLO_50\runs\detect\train-2\weights\best.pt,43.27,41.1
C:\Users\User\Documents\AI_Robotics Projects\AAU\Summer\Synthetic_Dataset_YOLO_50\runs\detect\train-2\weights\best.pt,41.9,37.8
C:\Users\User\Documents\AI_Robotics Projects\AAU\Summer\Synthetic_Dataset_YOLO_50\runs\detect\train-2\weights\best.pt,41.59,44.8
C:\Users\User\Documents\AI_Robotics Projects\AAU\Summer\Synthetic_Dataset_YOLO_50\runs\detect\train-2\weights\best.pt,44.49,40.0
C:\Users\User\Documents\AI_Robotics Projects\AAU\Summer\Synthetic_Dataset_YOLO_50\runs\detect\train-2\weights\best.pt,44.95,42.5
C:\Users\User\Documents\AI_Robotics Projects\AAU\Summer\Synthetic_Dataset_YOLO_50\runs\detect\train-2\weights\best.pt,59.95,34.0
C:\Users\User\Documents\AI_Robotics Projects\AAU\Summer\Synthetic_Dataset_YOLO_50\runs\detect\train-2\weights\best.pt,43.02,36.3
C:\Users\User\Documents\AI_Robotics Projects\AAU\Summer\Synthetic_Dataset_YOLO_50\runs\detect\train-2\weights\best.pt,46.91,40.7
C:\Users\User\Documents\AI_Robotics Projects\AAU\Summer\Synthetic_Dataset_YOLO_50\runs\detect\train-2\weights\best.pt,48.21,37.4
C:\Users\User\Documents\AI_Robotics Projects\AAU\Summer\Synthetic_Dataset_YOLO_50\runs\detect\train-2\weights\best.pt,44.28,44.2
C:\Users\User\Documents\AI_Robotics Projects\AAU\Summer\Synthetic_Dataset_YOLO_50\runs\detect\train-2\weights\best.pt,44.2,37.6
C:\Users\User\Documents\AI_Robotics Projects\AAU\Summer\Synthetic_Dataset_YOLO_50\runs\detect\train-2\weights\best.pt,42.84,38.8
C:\Users\User\Documents\AI_Robotics Projects\AAU\Summer\Synthetic_Dataset_YOLO_50\runs\detect\train-2\weights\best.pt,46.71,37.2
C:\Users\User\Documents\AI_Robotics Projects\AAU\Summer\Synthetic_Dataset_YOLO_50\runs\detect\train-2\weights\best.pt,44.84,39.4
C:\Users\User\Documents\AI_Robotics Projects\AAU\Summer\Synthetic_Dataset_YOLO_50\runs\detect\train-2\weights\best.pt,45.45,43.5
C:\Users\User\Documents\AI_Robotics Projects\AAU\Summer\Synthetic_Dataset_YOLO_50\runs\detect\train-2\weights\best.pt,42.59,41.1
C:\Users\User\Documents\AI_Robotics Projects\AAU\Summer\Synthetic_Dataset_YOLO_50\runs\detect\train-2\weights\best.pt,39.99,48.3
C:\Users\User\Documents\AI_Robotics Projects\AAU\Summer\Synthetic_Dataset_YOLO_50\runs\detect\train-2\weights\best.pt,42.05,45.4
C:\Users\User\Documents\AI_Robotics Projects\AAU\Summer\Synthetic_Dataset_YOLO_50\runs\detect\train-2\weights\best.pt,42.3,40.9
C:\Users\User\Documents\AI_Robotics Projects\AAU\Summer\Synthetic_Dataset_YOLO_50\runs\detect\train-2\weights\best.pt,41.7,28.4
C:\Users\User\Documents\AI_Robotics Projects\AAU\Summer\Synthetic_Dataset_YOLO_50\runs\detect\train-2\weights\best.pt,44.98,40.3
C:\Users\User\Documents\AI_Robotics Projects\AAU\Summer\Synthetic_Dataset_YOLO_50\runs\detect\train-2\weights\best.pt,45.48,41.0
C:\Users\User\Documents\AI_Robotics Projects\AAU\Summer\Synthetic_Dataset_YOLO_50\runs\detect\train-2\weights\best.pt,51.59,39.6
C:\Users\User\Documents\AI_Robotics Projects\AAU\Summer\Synthetic_Dataset_YOLO_50\runs\detect\train-2\weights\best.pt,48.1,34.6
C:\Users\User\Documents\AI_Robotics Projects\AAU\Summer\Synthetic_Dataset_YOLO_50\runs\detect\train-2\weights\best.pt,42.87,38.3
C:\Users\User\Documents\AI_Robotics Projects\AAU\Summer\Synthetic_Dataset_YOLO_50\runs\detect\train-2\weights\best.pt,43.55,40.7
C:\Users\User\Documents\AI_Robotics Projects\AAU\Summer\Synthetic_Dataset_YOLO_50\runs\detect\train-2\weights\best.pt,43.77,36.1
C:\Users\User\Documents\AI_Robotics Projects\AAU\Summer\Synthetic_Dataset_YOLO_50\runs\detect\train-2\weights\best.pt,44.55,43.1
C:\Users\User\Documents\AI_Robotics Projects\AAU\Summer\Synthetic_Dataset_YOLO_50\runs\detect\train-2\weights\best.pt,41.03,39.0
C:\Users\User\Documents\AI_Robotics Projects\AAU\Summer\Synthetic_Dataset_YOLO_50\runs\detect\train-2\weights\best.pt,41.46,39.7
C:\Users\User\Documents\AI_Robotics Projects\AAU\Summer\Synthetic_Dataset_YOLO_50\runs\detect\train-2\weights\best.pt,64.08,34.8
C:\Users\User\Documents\AI_Robotics Projects\AAU\Summer\Synthetic_Dataset_YOLO_50\runs\detect\train-2\weights\best.pt,44.01,40.3
C:\Users\User\Documents\AI_Robotics Projects\AAU\Summer\Synthetic_Dataset_YOLO_50\runs\detect\train-2\weights\best.pt,42.58,41.2
C:\Users\User\Documents\AI_Robotics Projects\AAU\Summer\Synthetic_Dataset_YOLO_50\runs\detect\train-2\weights\best.pt,42.01,39.5
C:\Users\User\Documents\AI_Robotics Projects\AAU\Summer\Synthetic_Dataset_YOLO_50\runs\detect\train-2\weights\best.pt,41.44,43.0
C:\Users\User\Documents\AI_Robotics Projects\AAU\Summer\Synthetic_Dataset_YOLO_50\runs\detect\train-2\weights\best.pt,42.57,38.7
C:\Users\User\Documents\AI_Robotics Projects\AAU\Summer\Synthetic_Dataset_YOLO_50\runs\detect\train-2\weights\best.pt,42.32,40.3
C:\Users\User\Documents\AI_Robotics Projects\AAU\Summer\Synthetic_Dataset_YOLO_50\runs\detect\train-2\weights\best.pt,48.66,40.9
C:\Users\User\Documents\AI_Robotics Projects\AAU\Summer\Synthetic_Dataset_YOLO_50\runs\detect\train-2\weights\best.pt,50.15,39.2
C:\Users\User\Documents\AI_Robotics Projects\AAU\Summer\Synthetic_Dataset_YOLO_50\runs\detect\train-2\weights\best.pt,43.58,42.1
C:\Users\User\Documents\AI_Robotics Projects\AAU\Summer\Synthetic_Dataset_YOLO_50\runs\detect\train-2\weights\best.pt,41.91,38.9
C:\Users\User\Documents\AI_Robotics Projects\AAU\Summer\Synthetic_Dataset_YOLO_50\runs\detect\train-2\weights\best.pt,41.0,41.0
C:\Users\User\Documents\AI_Robotics Projects\AAU\Summer\Synthetic_Dataset_YOLO_50\runs\detect\train-2\weights\best.pt,43.09,41.1
C:\Users\User\Documents\AI_Robotics Projects\AAU\Summer\Synthetic_Dataset_YOLO_50\runs\detect\train-2\weights\best.pt,40.69,40.4
C:\Users\User\Documents\AI_Robotics Projects\AAU\Summer\Synthetic_Dataset_YOLO_50\runs\detect\train-2\weights\best.pt,41.6,39.5
C:\Users\User\Documents\AI_Robotics Projects\AAU\Summer\Synthetic_Dataset_YOLO_50\runs\detect\train-2\weights\best.pt,40.89,45.2
C:\Users\User\Documents\AI_Robotics Projects\AAU\Summer\Synthetic_Dataset_YOLO_50\runs\detect\train-2\weights\best.pt,47.94,40.2
C:\Users\User\Documents\AI_Robotics Projects\AAU\Summer\Synthetic_Dataset_YOLO_50\runs\detect\train-2\weights\best.pt,44.96,42.0
C:\Users\User\Documents\AI_Robotics Projects\AAU\Summer\Synthetic_Dataset_YOLO_50\runs\detect\train-2\weights\best.pt,64.45,36.4
C:\Users\User\Documents\AI_Robotics Projects\AAU\Summer\Synthetic_Dataset_YOLO_50\runs\detect\train-2\weights\best.pt,51.34,34.3
C:\Users\User\Documents\AI_Robotics Projects\AAU\Summer\Synthetic_Dataset_YOLO_50\runs\detect\train-2\weights\best.pt,43.76,40.8
C:\Users\User\Documents\AI_Robotics Projects\AAU\Summer\Synthetic_Dataset_YOLO_50\runs\detect\train-2\weights\best.pt,43.4,39.8
C:\Users\User\Documents\AI_Robotics Projects\AAU\Summer\Synthetic_Dataset_YOLO_50\runs\detect\train-2\weights\best.pt,61.88,37.2
C:\Users\User\Documents\AI_Robotics Projects\AAU\Summer\Synthetic_Dataset_YOLO_50\runs\detect\train-2\weights\best.pt,51.31,36.2
C:\Users\User\Documents\AI_Robotics Projects\AAU\Summer\Synthetic_Dataset_YOLO_50\runs\detect\train-2\weights\best.pt,48.84,34.7
C:\Users\User\Documents\AI_Robotics Projects\AAU\Summer\Synthetic_Dataset_YOLO_50\runs\detect\train-2\weights\best.pt,65.03,37.3
C:\Users\User\Documents\AI_Robotics Projects\AAU\Summer\Synthetic_Dataset_YOLO_50\runs\detect\train-2\weights\best.pt,55.98,34.1
C:\Users\User\Documents\AI_Robotics Projects\AAU\Summer\Synthetic_Dataset_YOLO_50\runs\detect\train-2\weights\best.pt,43.65,38.9
C:\Users\User\Documents\AI_Robotics Projects\AAU\Summer\Synthetic_Dataset_YOLO_50\runs\detect\train-2\weights\best.pt,43.66,26.1
C:\Users\User\Documents\AI_Robotics Projects\AAU\Summer\Synthetic_Dataset_YOLO_50\runs\detect\train-2\weights\best.pt,43.5,40.8
C:\Users\User\Documents\AI_Robotics Projects\AAU\Summer\Synthetic_Dataset_YOLO_50\runs\detect\train-2\weights\best.pt,45.23,41.9
C:\Users\User\Documents\AI_Robotics Projects\AAU\Summer\Synthetic_Dataset_YOLO_50\runs\detect\train-2\weights\best.pt,46.08,40.5
C:\Users\User\Documents\AI_Robotics Projects\AAU\Summer\Synthetic_Dataset_YOLO_50\runs\detect\train-2\weights\best.pt,43.23,32.8
C:\Users\User\Documents\AI_Robotics Projects\AAU\Summer\Synthetic_Dataset_YOLO_50\runs\detect\train-2\weights\best.pt,45.51,40.8
C:\Users\User\Documents\AI_Robotics Projects\AAU\Summer\Synthetic_Dataset_YOLO_50\runs\detect\train-2\weights\best.pt,43.73,45.3
C:\Users\User\Documents\AI_Robotics Projects\AAU\Summer\Synthetic_Dataset_YOLO_50\runs\detect\train-2\weights\best.pt,44.73,39.1
C:\Users\User\Documents\AI_Robotics Projects\AAU\Summer\Synthetic_Dataset_YOLO_50\runs\detect\train-2\weights\best.pt,44.73,42.5
C:\Users\User\Documents\AI_Robotics Projects\AAU\Summer\Synthetic_Dataset_YOLO_50\runs\detect\train-2\weights\best.pt,49.22,34.4
C:\Users\User\Documents\AI_Robotics Projects\AAU\Summer\Synthetic_Dataset_YOLO_50\runs\detect\train-2\weights\best.pt,55.74,37.9
C:\Users\User\Documents\AI_Robotics Projects\AAU\Summer\Synthetic_Dataset_YOLO_50\runs\detect\train-2\weights\best.pt,47.59,36.3
C:\Users\User\Documents\AI_Robotics Projects\AAU\Summer\Synthetic_Dataset_YOLO_50\runs\detect\train-2\weights\best.pt,46.26,35.5
C:\Users\User\Documents\AI_Robotics Projects\AAU\Summer\Synthetic_Dataset_YOLO_50\runs\detect\train-2\weights\best.pt,42.36,38.6
C:\Users\User\Documents\AI_Robotics Projects\AAU\Summer\Synthetic_Dataset_YOLO_50\runs\detect\train-2\weights\best.pt,43.74,37.7
C:\Users\User\Documents\AI_Robotics Projects\AAU\Summer\Synthetic_Dataset_YOLO_50\runs\detect\train-2\weights\best.pt,43.0,40.8
C:\Users\User\Documents\AI_Robotics Projects\AAU\Summer\Synthetic_Dataset_YOLO_50\runs\detect\train-2\weights\best.pt,44.72,40.2
C:\Users\User\Documents\AI_Robotics Projects\AAU\Summer\Synthetic_Dataset_YOLO_50\runs\detect\train-2\weights\best.pt,43.88,38.1
C:\Users\User\Documents\AI_Robotics Projects\AAU\Summer\Synthetic_Dataset_YOLO_50\runs\detect\train-2\weights\best.pt,43.51,38.5
C:\Users\User\Documents\AI_Robotics Projects\AAU\Summer\Synthetic_Dataset_YOLO_50\runs\detect\train-2\weights\best.pt,44.29,36.7
C:\Users\User\Documents\AI_Robotics Projects\AAU\Summer\Synthetic_Dataset_YOLO_50\runs\detect\train-2\weights\best.pt,44.72,39.1
C:\Users\User\Documents\AI_Robotics Projects\AAU\Summer\Synthetic_Dataset_YOLO_50\runs\detect\train-2\weights\best.pt,42.92,38.5
C:\Users\User\Documents\AI_Robotics Projects\AAU\Summer\Synthetic_Dataset_YOLO_50\runs\detect\train-2\weights\best.pt,46.08,40.9
C:\Users\User\Documents\AI_Robotics Projects\AAU\Summer\Synthetic_Dataset_YOLO_50\runs\detect\train-2\weights\best.pt,63.64,86.7
C:\Users\User\Documents\AI_Robotics Projects\AAU\Summer\Synthetic_Dataset_YOLO_50\runs\detect\train-2\weights\best.pt,46.18,81.9
C:\Users\User\Documents\AI_Robotics Projects\AAU\Summer\Synthetic_Dataset_YOLO_50\runs\detect\train-2\weights\best.pt,54.04,91.4
C:\Users\User\Documents\AI_Robotics Projects\AAU\Summer\Synthetic_Dataset_YOLO_50\runs\detect\train-2\weights\best.pt,48.75,85.2
C:\Users\User\Documents\AI_Robotics Projects\AAU\Summer\Synthetic_Dataset_YOLO_50\runs\detect\train-2\weights\best.pt,44.72,87.0
C:\Users\User\Documents\AI_Robotics Projects\AAU\Summer\Synthetic_Dataset_YOLO_50\runs\detect\train-2\weights\best.pt,44.66,99.9
C:\Users\User\Documents\AI_Robotics Projects\AAU\Summer\Synthetic_Dataset_YOLO_50\runs\detect\train-2\weights\best.pt,43.14,86.0
C:\Users\User\Documents\AI_Robotics Projects\AAU\Summer\Synthetic_Dataset_YOLO_50\runs\detect\train-2\weights\best.pt,41.77,90.1
C:\Users\User\Documents\AI_Robotics Projects\AAU\Summer\Synthetic_Dataset_YOLO_50\runs\detect\train-2\weights\best.pt,44.4,90.5
C:\Users\User\Documents\AI_Robotics Projects\AAU\Summer\Synthetic_Dataset_YOLO_50\runs\detect\train-2\weights\best.pt,44.96,86.8
C:\Users\User\Documents\AI_Robotics Projects\AAU\Summer\Synthetic_Dataset_YOLO_50\runs\detect\train-2\weights\best.pt,46.53,96.5
C:\Users\User\Documents\AI_Robotics Projects\AAU\Summer\Synthetic_Dataset_YOLO_50\runs\detect\train-2\weights\best.pt,44.44,100.3
C:\Users\User\Documents\AI_Robotics Projects\AAU\Summer\Synthetic_Dataset_YOLO_50\runs\detect\train-2\weights\best.pt,45.33,40.9
C:\Users\User\Documents\AI_Robotics Projects\AAU\Summer\Synthetic_Dataset_YOLO_50\runs\detect\train-2\weights\best.pt,43.81,115.3
C:\Users\User\Documents\AI_Robotics Projects\AAU\Summer\Synthetic_Dataset_YOLO_50\runs\detect\train-2\weights\best.pt,43.48,110.5
C:\Users\User\Documents\AI_Robotics Projects\AAU\Summer\Synthetic_Dataset_YOLO_50\runs\detect\train-2\weights\best.pt,50.1,113.9
C:\Users\User\Documents\AI_Robotics Projects\AAU\Summer\Synthetic_Dataset_YOLO_50\runs\detect\train-2\weights\best.pt,44.55,136.1
C:\Users\User\Documents\AI_Robotics Projects\AAU\Summer\Synthetic_Dataset_YOLO_50\runs\detect\train-2\weights\best.pt,42.39,110.5
C:\Users\User\Documents\AI_Robotics Projects\AAU\Summer\Synthetic_Dataset_YOLO_50\runs\detect\train-2\weights\best.pt,45.17,129.5
C:\Users\User\Documents\AI_Robotics Projects\AAU\Summer\Synthetic_Dataset_YOLO_50\runs\detect\train-2\weights\best.pt,53.6,123.5
C:\Users\User\Documents\AI_Robotics Projects\AAU\Summer\Synthetic_Dataset_YOLO_50\runs\detect\train-2\weights\best.pt,52.87,106.3
C:\Users\User\Documents\AI_Robotics Projects\AAU\Summer\Synthetic_Dataset_YOLO_50\runs\detect\train-2\weights\best.pt,45.97,114.4
C:\Users\User\Documents\AI_Robotics Projects\AAU\Summer\Synthetic_Dataset_YOLO_50\runs\detect\train-2\weights\best.pt,44.24,132.8
C:\Users\User\Documents\AI_Robotics Projects\AAU\Summer\Synthetic_Dataset_YOLO_50\runs\detect\train-2\weights\best.pt,47.49,124.4
C:\Users\User\Documents\AI_Robotics Projects\AAU\Summer\Synthetic_Dataset_YOLO_50\runs\detect\train-2\weights\best.pt,43.2,128.7
C:\Users\User\Documents\AI_Robotics Projects\AAU\Summer\Synthetic_Dataset_YOLO_50\runs\detect\train-2\weights\best.pt,41.33,80.4
C:\Users\User\Documents\AI_Robotics Projects\AAU\Summer\Synthetic_Dataset_YOLO_50\runs\detect\train-2\weights\best.pt,42.34,128.7
C:\Users\User\Documents\AI_Robotics Projects\AAU\Summer\Synthetic_Dataset_YOLO_50\runs\detect\train-2\weights\best.pt,44.48,124.6
C:\Users\User\Documents\AI_Robotics Projects\AAU\Summer\Synthetic_Dataset_YOLO_50\runs\detect\train-2\weights\best.pt,41.7,134.8
C:\Users\User\Documents\AI_Robotics Projects\AAU\Summer\Synthetic_Dataset_YOLO_50\runs\detect\train-2\weights\best.pt,44.0,90.6
C:\Users\User\Documents\AI_Robotics Projects\AAU\Summer\Synthetic_Dataset_YOLO_50\runs\detect\train-2\weights\best.pt,43.03,121.9
C:\Users\User\Documents\AI_Robotics Projects\AAU\Summer\Synthetic_Dataset_YOLO_50\runs\detect\train-2\weights\best.pt,44.37,122.4
C:\Users\User\Documents\AI_Robotics Projects\AAU\Summer\Synthetic_Dataset_YOLO_50\runs\detect\train-2\weights\best.pt,69.22,107.2
C:\Users\User\Documents\AI_Robotics Projects\AAU\Summer\Synthetic_Dataset_YOLO_50\runs\detect\train-2\weights\best.pt,45.17,112.9
C:\Users\User\Documents\AI_Robotics Projects\AAU\Summer\Synthetic_Dataset_YOLO_50\runs\detect\train-2\weights\best.pt,42.78,131.3
C:\Users\User\Documents\AI_Robotics Projects\AAU\Summer\Synthetic_Dataset_YOLO_50\runs\detect\train-2\weights\best.pt,43.18,121.6
C:\Users\User\Documents\AI_Robotics Projects\AAU\Summer\Synthetic_Dataset_YOLO_50\runs\detect\train-2\weights\best.pt,45.58,132.7
C:\Users\User\Documents\AI_Robotics Projects\AAU\Summer\Synthetic_Dataset_YOLO_50\runs\detect\train-2\weights\best.pt,41.6,124.2
C:\Users\User\Documents\AI_Robotics Projects\AAU\Summer\Synthetic_Dataset_YOLO_50\runs\detect\train-2\weights\best.pt,41.26,129.7
C:\Users\User\Documents\AI_Robotics Projects\AAU\Summer\Synthetic_Dataset_YOLO_50\runs\detect\train-2\weights\best.pt,48.79,113.4
C:\Users\User\Documents\AI_Robotics Projects\AAU\Summer\Synthetic_Dataset_YOLO_50\runs\detect\train-2\weights\best.pt,54.43,108.1
C:\Users\User\Documents\AI_Robotics Projects\AAU\Summer\Synthetic_Dataset_YOLO_50\runs\detect\train-2\weights\best.pt,44.81,121.4
C:\Users\User\Documents\AI_Robotics Projects\AAU\Summer\Synthetic_Dataset_YOLO_50\runs\detect\train-2\weights\best.pt,44.3,117.1
C:\Users\User\Documents\AI_Robotics Projects\AAU\Summer\Synthetic_Dataset_YOLO_50\runs\detect\train-2\weights\best.pt,41.3,128.2
C:\Users\User\Documents\AI_Robotics Projects\AAU\Summer\Synthetic_Dataset_YOLO_50\runs\detect\train-2\weights\best.pt,43.82,149.4
C:\Users\User\Documents\AI_Robotics Projects\AAU\Summer\Synthetic_Dataset_YOLO_50\runs\detect\train-2\weights\best.pt,53.65,127.4
C:\Users\User\Documents\AI_Robotics Projects\AAU\Summer\Synthetic_Dataset_YOLO_50\runs\detect\train-2\weights\best.pt,50.89,113.9
C:\Users\User\Documents\AI_Robotics Projects\AAU\Summer\Synthetic_Dataset_YOLO_50\runs\detect\train-2\weights\best.pt,42.0,113.3
C:\Users\User\Documents\AI_Robotics Projects\AAU\Summer\Synthetic_Dataset_YOLO_50\runs\detect\train-2\weights\best.pt,40.97,108.1
C:\Users\User\Documents\AI_Robotics Projects\AAU\Summer\Synthetic_Dataset_YOLO_50\runs\detect\train-2\weights\best.pt,42.63,126.8
C:\Users\User\Documents\AI_Robotics Projects\AAU\Summer\Synthetic_Dataset_YOLO_50\runs\detect\train-2\weights\best.pt,41.48,76.9
C:\Users\User\Documents\AI_Robotics Projects\AAU\Summer\Synthetic_Dataset_YOLO_50\runs\detect\train-2\weights\best.pt,50.05,111.5
C:\Users\User\Documents\AI_Robotics Projects\AAU\Summer\Synthetic_Dataset_YOLO_50\runs\detect\train-2\weights\best.pt,53.15,83.0
C:\Users\User\Documents\AI_Robotics Projects\AAU\Summer\Synthetic_Dataset_YOLO_50\runs\detect\train-2\weights\best.pt,54.91,90.6
C:\Users\User\Documents\AI_Robotics Projects\AAU\Summer\Synthetic_Dataset_YOLO_50\runs\detect\train-2\weights\best.pt,55.87,95.2
C:\Users\User\Documents\AI_Robotics Projects\AAU\Summer\Synthetic_Dataset_YOLO_50\runs\detect\train-2\weights\best.pt,56.12,78.2
C:\Users\User\Documents\AI_Robotics Projects\AAU\Summer\Synthetic_Dataset_YOLO_50\runs\detect\train-2\weights\best.pt,54.3,75.2
C:\Users\User\Documents\AI_Robotics Projects\AAU\Summer\Synthetic_Dataset_YOLO_50\runs\detect\train-2\weights\best.pt,59.95,71.9
C:\Users\User\Documents\AI_Robotics Projects\AAU\Summer\Synthetic_Dataset_YOLO_50\runs\detect\train-2\weights\best.pt,63.11,66.7
C:\Users\User\Documents\AI_Robotics Projects\AAU\Summer\Synthetic_Dataset_YOLO_50\runs\detect\train-2\weights\best.pt,46.7,31.5
C:\Users\User\Documents\AI_Robotics Projects\AAU\Summer\Synthetic_Dataset_YOLO_50\runs\detect\train-2\weights\best.pt,44.34,45.1
C:\Users\User\Documents\AI_Robotics Projects\AAU\Summer\Synthetic_Dataset_YOLO_50\runs\detect\train-2\weights\best.pt,44.01,37.6
C:\Users\User\Documents\AI_Robotics Projects\AAU\Summer\Synthetic_Dataset_YOLO_50\runs\detect\train-2\weights\best.pt,52.5,36.8
C:\Users\User\Documents\AI_Robotics Projects\AAU\Summer\Synthetic_Dataset_YOLO_50\runs\detect\train-2\weights\best.pt,45.39,31.9
C:\Users\User\Documents\AI_Robotics Projects\AAU\Summer\Synthetic_Dataset_YOLO_50\runs\detect\train-2\weights\best.pt,47.38,40.4
C:\Users\User\Documents\AI_Robotics Projects\AAU\Summer\Synthetic_Dataset_YOLO_50\runs\detect\train-2\weights\best.pt,42.87,39.2
C:\Users\User\Documents\AI_Robotics Projects\AAU\Summer\Synthetic_Dataset_YOLO_50\runs\detect\train-2\weights\best.pt,40.18,40.0
C:\Users\User\Documents\AI_Robotics Projects\AAU\Summer\Synthetic_Dataset_YOLO_50\runs\detect\train-2\weights\best.pt,41.99,37.7
C:\Users\User\Documents\AI_Robotics Projects\AAU\Summer\Synthetic_Dataset_YOLO_50\runs\detect\train-2\weights\best.pt,43.73,40.9
C:\Users\User\Documents\AI_Robotics Projects\AAU\Summer\Synthetic_Dataset_YOLO_50\runs\detect\train-2\weights\best.pt,42.68,38.5
C:\Users\User\Documents\AI_Robotics Projects\AAU\Summer\Synthetic_Dataset_YOLO_50\runs\detect\train-2\weights\best.pt,41.39,39.4
C:\Users\User\Documents\AI_Robotics Projects\AAU\Summer\Synthetic_Dataset_YOLO_50\runs\detect\train-2\weights\best.pt,42.73,38.4
C:\Users\User\Documents\AI_Robotics Projects\AAU\Summer\Synthetic_Dataset_YOLO_50\runs\detect\train-2\weights\best.pt,51.73,38.7
C:\Users\User\Documents\AI_Robotics Projects\AAU\Summer\Synthetic_Dataset_YOLO_50\runs\detect\train-2\weights\best.pt,47.36,34.8
C:\Users\User\Documents\AI_Robotics Projects\AAU\Summer\Synthetic_Dataset_YOLO_50\runs\detect\train-2\weights\best.pt,42.0,37.4
C:\Users\User\Documents\AI_Robotics Projects\AAU\Summer\Synthetic_Dataset_YOLO_50\runs\detect\train-2\weights\best.pt,46.84,38.1
C:\Users\User\Documents\AI_Robotics Projects\AAU\Summer\Synthetic_Dataset_YOLO_50\runs\detect\train-2\weights\best.pt,42.2,38.9
C:\Users\User\Documents\AI_Robotics Projects\AAU\Summer\Synthetic_Dataset_YOLO_50\runs\detect\train-2\weights\best.pt,41.25,42.7
C:\Users\User\Documents\AI_Robotics Projects\AAU\Summer\Synthetic_Dataset_YOLO_50\runs\detect\train-2\weights\best.pt,43.05,41.0
C:\Users\User\Documents\AI_Robotics Projects\AAU\Summer\Synthetic_Dataset_YOLO_50\runs\detect\train-2\weights\best.pt,42.9,38.4
C:\Users\User\Documents\AI_Robotics Projects\AAU\Summer\Synthetic_Dataset_YOLO_50\runs\detect\train-2\weights\best.pt,43.1,42.7
C:\Users\User\Documents\AI_Robotics Projects\AAU\Summer\Synthetic_Dataset_YOLO_50\runs\detect\train-2\weights\best.pt,43.93,39.3
C:\Users\User\Documents\AI_Robotics Projects\AAU\Summer\Synthetic_Dataset_YOLO_50\runs\detect\train-2\weights\best.pt,43.75,39.5
C:\Users\User\Documents\AI_Robotics Projects\AAU\Summer\Synthetic_Dataset_YOLO_50\runs\detect\train-2\weights\best.pt,43.74,37.9
C:\Users\User\Documents\AI_Robotics Projects\AAU\Summer\Synthetic_Dataset_YOLO_50\runs\detect\train-2\weights\best.pt,43.25,37.1
C:\Users\User\Documents\AI_Robotics Projects\AAU\Summer\Synthetic_Dataset_YOLO_50\runs\detect\train-2\weights\best.pt,41.66,40.8
C:\Users\User\Documents\AI_Robotics Projects\AAU\Summer\Synthetic_Dataset_YOLO_50\runs\detect\train-2\weights\best.pt,59.38,32.4
C:\Users\User\Documents\AI_Robotics Projects\AAU\Summer\Synthetic_Dataset_YOLO_50\runs\detect\train-2\weights\best.pt,56.0,34.8
C:\Users\User\Documents\AI_Robotics Projects\AAU\Summer\Synthetic_Dataset_YOLO_50\runs\detect\train-2\weights\best.pt,56.82,40.9
C:\Users\User\Documents\AI_Robotics Projects\AAU\Summer\Synthetic_Dataset_YOLO_50\runs\detect\train-2\weights\best.pt,42.44,42.3
C:\Users\User\Documents\AI_Robotics Projects\AAU\Summer\Synthetic_Dataset_YOLO_50\runs\detect\train-2\weights\best.pt,42.68,41.7
C:\Users\User\Documents\AI_Robotics Projects\AAU\Summer\Synthetic_Dataset_YOLO_50\runs\detect\train-2\weights\best.pt,42.43,38.6
C:\Users\User\Documents\AI_Robotics Projects\AAU\Summer\Synthetic_Dataset_YOLO_50\runs\detect\train-2\weights\best.pt,41.38,39.0
C:\Users\User\Documents\AI_Robotics Projects\AAU\Summer\Synthetic_Dataset_YOLO_50\runs\detect\train-2\weights\best.pt,41.85,41.2
C:\Users\User\Documents\AI_Robotics Projects\AAU\Summer\Synthetic_Dataset_YOLO_50\runs\detect\train-2\weights\best.pt,49.32,42.4
C:\Users\User\Documents\AI_Robotics Projects\AAU\Summer\Synthetic_Dataset_YOLO_50\runs\detect\train-2\weights\best.pt,42.52,41.2
C:\Users\User\Documents\AI_Robotics Projects\AAU\Summer\Synthetic_Dataset_YOLO_50\runs\detect\train-2\weights\best.pt,43.33,45.3
C:\Users\User\Documents\AI_Robotics Projects\AAU\Summer\Synthetic_Dataset_YOLO_50\runs\detect\train-2\weights\best.pt,44.05,39.2
C:\Users\User\Documents\AI_Robotics Projects\AAU\Summer\Synthetic_Dataset_YOLO_50\runs\detect\train-2\weights\best.pt,41.03,37.4
C:\Users\User\Documents\AI_Robotics Projects\AAU\Summer\Synthetic_Dataset_YOLO_50\runs\detect\train-2\weights\best.pt,43.72,40.7
C:\Users\User\Documents\AI_Robotics Projects\AAU\Summer\Synthetic_Dataset_YOLO_50\runs\detect\train-2\weights\best.pt,46.11,41.7
C:\Users\User\Documents\AI_Robotics Projects\AAU\Summer\Synthetic_Dataset_YOLO_50\runs\detect\train-2\weights\best.pt,46.63,41.1
C:\Users\User\Documents\AI_Robotics Projects\AAU\Summer\Synthetic_Dataset_YOLO_50\runs\detect\train-2\weights\best.pt,48.88,35.6
C:\Users\User\Documents\AI_Robotics Projects\AAU\Summer\Synthetic_Dataset_YOLO_50\runs\detect\train-2\weights\best.pt,42.91,37.8
C:\Users\User\Documents\AI_Robotics Projects\AAU\Summer\Synthetic_Dataset_YOLO_50\runs\detect\train-2\weights\best.pt,42.76,40.5
C:\Users\User\Documents\AI_Robotics Projects\AAU\Summer\Synthetic_Dataset_YOLO_50\runs\detect\train-2\weights\best.pt,41.83,43.3
C:\Users\User\Documents\AI_Robotics Projects\AAU\Summer\Synthetic_Dataset_YOLO_50\runs\detect\train-2\weights\best.pt,40.83,39.1
C:\Users\User\Documents\AI_Robotics Projects\AAU\Summer\Synthetic_Dataset_YOLO_50\runs\detect\train-2\weights\best.pt,53.58,38.4
C:\Users\User\Documents\AI_Robotics Projects\AAU\Summer\Synthetic_Dataset_YOLO_50\runs\detect\train-2\weights\best.pt,48.44,38.9
C:\Users\User\Documents\AI_Robotics Projects\AAU\Summer\Synthetic_Dataset_YOLO_50\runs\detect\train-2\weights\best.pt,55.12,40.9
C:\Users\User\Documents\AI_Robotics Projects\AAU\Summer\Synthetic_Dataset_YOLO_50\runs\detect\train-2\weights\best.pt,47.17,33.5
C:\Users\User\Documents\AI_Robotics Projects\AAU\Summer\Synthetic_Dataset_YOLO_50\runs\detect\train-2\weights\best.pt,42.68,40.5
C:\Users\User\Documents\AI_Robotics Projects\AAU\Summer\Synthetic_Dataset_YOLO_50\runs\detect\train-2\weights\best.pt,42.86,47.2
C:\Users\User\Documents\AI_Robotics Projects\AAU\Summer\Synthetic_Dataset_YOLO_50\runs\detect\train-2\weights\best.pt,45.89,40.7
C:\Users\User\Documents\AI_Robotics Projects\AAU\Summer\Synthetic_Dataset_YOLO_50\runs\detect\train-2\weights\best.pt,44.52,37.1
C:\Users\User\Documents\AI_Robotics Projects\AAU\Summer\Synthetic_Dataset_YOLO_50\runs\detect\train-2\weights\best.pt,44.52,26.3
C:\Users\User\Documents\AI_Robotics Projects\AAU\Summer\Synthetic_Dataset_YOLO_50\runs\detect\train-2\weights\best.pt,60.43,36.5
C:\Users\User\Documents\AI_Robotics Projects\AAU\Summer\Synthetic_Dataset_YOLO_50\runs\detect\train-2\weights\best.pt,49.04,35.4
C:\Users\User\Documents\AI_Robotics Projects\AAU\Summer\Synthetic_Dataset_YOLO_50\runs\detect\train-2\weights\best.pt,42.55,37.4
C:\Users\User\Documents\AI_Robotics Projects\AAU\Summer\Synthetic_Dataset_YOLO_50\runs\detect\train-2\weights\best.pt,43.63,41.0
C:\Users\User\Documents\AI_Robotics Projects\AAU\Summer\Synthetic_Dataset_YOLO_50\runs\detect\train-2\weights\best.pt,48.07,37.4
C:\Users\User\Documents\AI_Robotics Projects\AAU\Summer\Synthetic_Dataset_YOLO_50\runs\detect\train-2\weights\best.pt,42.42,39.3
C:\Users\User\Documents\AI_Robotics Projects\AAU\Summer\Synthetic_Dataset_YOLO_50\runs\detect\train-2\weights\best.pt,61.21,27.1
C:\Users\User\Documents\AI_Robotics Projects\AAU\Summer\Synthetic_Dataset_YOLO_50\runs\detect\train-2\weights\best.pt,48.84,37.0
C:\Users\User\Documents\AI_Robotics Projects\AAU\Summer\Synthetic_Dataset_YOLO_50\runs\detect\train-2\weights\best.pt,45.12,39.5
C:\Users\User\Documents\AI_Robotics Projects\AAU\Summer\Synthetic_Dataset_YOLO_50\runs\detect\train-2\weights\best.pt,45.24,39.2
C:\Users\User\Documents\AI_Robotics Projects\AAU\Summer\Synthetic_Dataset_YOLO_50\runs\detect\train-2\weights\best.pt,45.33,41.0
C:\Users\User\Documents\AI_Robotics Projects\AAU\Summer\Synthetic_Dataset_YOLO_50\runs\detect\train-2\weights\best.pt,44.09,40.1
C:\Users\User\Documents\AI_Robotics Projects\AAU\Summer\Synthetic_Dataset_YOLO_50\runs\detect\train-2\weights\best.pt,42.69,39.3
C:\Users\User\Documents\AI_Robotics Projects\AAU\Summer\Synthetic_Dataset_YOLO_50\runs\detect\train-2\weights\best.pt,48.05,36.6
C:\Users\User\Documents\AI_Robotics Projects\AAU\Summer\Synthetic_Dataset_YOLO_50\runs\detect\train-2\weights\best.pt,57.67,35.0
C:\Users\User\Documents\AI_Robotics Projects\AAU\Summer\Synthetic_Dataset_YOLO_50\runs\detect\train-2\weights\best.pt,45.17,36.9
C:\Users\User\Documents\AI_Robotics Projects\AAU\Summer\Synthetic_Dataset_YOLO_50\runs\detect\train-2\weights\best.pt,44.2,47.2
C:\Users\User\Documents\AI_Robotics Projects\AAU\Summer\Synthetic_Dataset_YOLO_50\runs\detect\train-2\weights\best.pt,47.24,38.0
C:\Users\User\Documents\AI_Robotics Projects\AAU\Summer\Synthetic_Dataset_YOLO_50\runs\detect\train-2\weights\best.pt,45.77,38.6
C:\Users\User\Documents\AI_Robotics Projects\AAU\Summer\Synthetic_Dataset_YOLO_50\runs\detect\train-2\weights\best.pt,68.14,33.8
C:\Users\User\Documents\AI_Robotics Projects\AAU\Summer\Synthetic_Dataset_YOLO_50\runs\detect\train-2\weights\best.pt,59.59,32.3
C:\Users\User\Documents\AI_Robotics Projects\AAU\Summer\Synthetic_Dataset_YOLO_50\runs\detect\train-2\weights\best.pt,75.08,35.1
C:\Users\User\Documents\AI_Robotics Projects\AAU\Summer\Synthetic_Dataset_YOLO_50\runs\detect\train-2\weights\best.pt,56.91,35.8
C:\Users\User\Documents\AI_Robotics Projects\AAU\Summer\Synthetic_Dataset_YOLO_50\runs\detect\train-2\weights\best.pt,53.81,38.4
C:\Users\User\Documents\AI_Robotics Projects\AAU\Summer\Synthetic_Dataset_YOLO_50\runs\detect\train-2\weights\best.pt,44.43,40.8
C:\Users\User\Documents\AI_Robotics Projects\AAU\Summer\Synthetic_Dataset_YOLO_50\runs\detect\train-2\weights\best.pt,44.99,40.7
C:\Users\User\Documents\AI_Robotics Projects\AAU\Summer\Synthetic_Dataset_YOLO_50\runs\detect\train-2\weights\best.pt,45.57,43.8
C:\Users\User\Documents\AI_Robotics Projects\AAU\Summer\Synthetic_Dataset_YOLO_50\runs\detect\train-2\weights\best.pt,44.49,38.1
C:\Users\User\Documents\AI_Robotics Projects\AAU\Summer\Synthetic_Dataset_YOLO_50\runs\detect\train-2\weights\best.pt,59.57,35.4
C:\Users\User\Documents\AI_Robotics Projects\AAU\Summer\Synthetic_Dataset_YOLO_50\runs\detect\train-2\weights\best.pt,65.69,36.2
C:\Users\User\Documents\AI_Robotics Projects\AAU\Summer\Synthetic_Dataset_YOLO_50\runs\detect\train-2\weights\best.pt,54.34,30.8
C:\Users\User\Documents\AI_Robotics Projects\AAU\Summer\Synthetic_Dataset_YOLO_50\runs\detect\train-2\weights\best.pt,53.18,35.0
C:\Users\User\Documents\AI_Robotics Projects\AAU\Summer\Synthetic_Dataset_YOLO_50\runs\detect\train-2\weights\best.pt,48.64,37.6
C:\Users\User\Documents\AI_Robotics Projects\AAU\Summer\Synthetic_Dataset_YOLO_50\runs\detect\train-2\weights\best.pt,47.09,37.0
C:\Users\User\Documents\AI_Robotics Projects\AAU\Summer\Synthetic_Dataset_YOLO_50\runs\detect\train-2\weights\best.pt,42.96,29.2
C:\Users\User\Documents\AI_Robotics Projects\AAU\Summer\Synthetic_Dataset_YOLO_50\runs\detect\train-2\weights\best.pt,46.35,38.9
C:\Users\User\Documents\AI_Robotics Projects\AAU\Summer\Synthetic_Dataset_YOLO_50\runs\detect\train-2\weights\best.pt,44.84,42.0
C:\Users\User\Documents\AI_Robotics Projects\AAU\Summer\Synthetic_Dataset_YOLO_50\runs\detect\train-2\weights\best.pt,44.12,73.9
C:\Users\User\Documents\AI_Robotics Projects\AAU\Summer\Synthetic_Dataset_YOLO_50\runs\detect\train-2\weights\best.pt,44.9,87.7
C:\Users\User\Documents\AI_Robotics Projects\AAU\Summer\Synthetic_Dataset_YOLO_50\runs\detect\train-2\weights\best.pt,47.27,76.8
C:\Users\User\Documents\AI_Robotics Projects\AAU\Summer\Synthetic_Dataset_YOLO_50\runs\detect\train-2\weights\best.pt,41.68,77.4
C:\Users\User\Documents\AI_Robotics Projects\AAU\Summer\Synthetic_Dataset_YOLO_50\runs\detect\train-2\weights\best.pt,45.39,63.8
C:\Users\User\Documents\AI_Robotics Projects\AAU\Summer\Synthetic_Dataset_YOLO_50\runs\detect\train-2\weights\best.pt,48.31,72.9
C:\Users\User\Documents\AI_Robotics Projects\AAU\Summer\Synthetic_Dataset_YOLO_50\runs\detect\train-2\weights\best.pt,57.4,65.3
C:\Users\User\Documents\AI_Robotics Projects\AAU\Summer\Synthetic_Dataset_YOLO_50\runs\detect\train-2\weights\best.pt,44.6,69.5
C:\Users\User\Documents\AI_Robotics Projects\AAU\Summer\Synthetic_Dataset_YOLO_50\runs\detect\train-2\weights\best.pt,42.9,71.1
C:\Users\User\Documents\AI_Robotics Projects\AAU\Summer\Synthetic_Dataset_YOLO_50\runs\detect\train-2\weights\best.pt,41.26,73.8
C:\Users\User\Documents\AI_Robotics Projects\AAU\Summer\Synthetic_Dataset_YOLO_50\runs\detect\train-2\weights\best.pt,45.08,68.0
C:\Users\User\Documents\AI_Robotics Projects\AAU\Summer\Synthetic_Dataset_YOLO_50\runs\detect\train-2\weights\best.pt,51.3,69.9
C:\Users\User\Documents\AI_Robotics Projects\AAU\Summer\Synthetic_Dataset_YOLO_50\runs\detect\train-2\weights\best.pt,47.04,43.2
C:\Users\User\Documents\AI_Robotics Projects\AAU\Summer\Synthetic_Dataset_YOLO_50\runs\detect\train-2\weights\best.pt,41.8,65.6
C:\Users\User\Documents\AI_Robotics Projects\AAU\Summer\Synthetic_Dataset_YOLO_50\runs\detect\train-2\weights\best.pt,42.25,74.7
C:\Users\User\Documents\AI_Robotics Projects\AAU\Summer\Synthetic_Dataset_YOLO_50\runs\detect\train-2\weights\best.pt,41.89,73.9
C:\Users\User\Documents\AI_Robotics Projects\AAU\Summer\Synthetic_Dataset_YOLO_50\runs\detect\train-2\weights\best.pt,44.22,67.8
C:\Users\User\Documents\AI_Robotics Projects\AAU\Summer\Synthetic_Dataset_YOLO_50\runs\detect\train-2\weights\best.pt,42.66,66.5
C:\Users\User\Documents\AI_Robotics Projects\AAU\Summer\Synthetic_Dataset_YOLO_50\runs\detect\train-2\weights\best.pt,54.29,72.3
C:\Users\User\Documents\AI_Robotics Projects\AAU\Summer\Synthetic_Dataset_YOLO_50\runs\detect\train-2\weights\best.pt,45.9,66.2
C:\Users\User\Documents\AI_Robotics Projects\AAU\Summer\Synthetic_Dataset_YOLO_50\runs\detect\train-2\weights\best.pt,43.84,70.1
C:\Users\User\Documents\AI_Robotics Projects\AAU\Summer\Synthetic_Dataset_YOLO_50\runs\detect\train-2\weights\best.pt,66.34,64.4
C:\Users\User\Documents\AI_Robotics Projects\AAU\Summer\Synthetic_Dataset_YOLO_50\runs\detect\train-2\weights\best.pt,47.76,64.2
C:\Users\User\Documents\AI_Robotics Projects\AAU\Summer\Synthetic_Dataset_YOLO_50\runs\detect\train-2\weights\best.pt,56.71,69.9
C:\Users\User\Documents\AI_Robotics Projects\AAU\Summer\Synthetic_Dataset_YOLO_50\runs\detect\train-2\weights\best.pt,48.42,73.3
C:\Users\User\Documents\AI_Robotics Projects\AAU\Summer\Synthetic_Dataset_YOLO_50\runs\detect\train-2\weights\best.pt,45.02,42.8
C:\Users\User\Documents\AI_Robotics Projects\AAU\Summer\Synthetic_Dataset_YOLO_50\runs\detect\train-2\weights\best.pt,45.63,65.2
C:\Users\User\Documents\AI_Robotics Projects\AAU\Summer\Synthetic_Dataset_YOLO_50\runs\detect\train-2\weights\best.pt,41.68,71.5
C:\Users\User\Documents\AI_Robotics Projects\AAU\Summer\Synthetic_Dataset_YOLO_50\runs\detect\train-2\weights\best.pt,42.07,82.2
C:\Users\User\Documents\AI_Robotics Projects\AAU\Summer\Synthetic_Dataset_YOLO_50\runs\detect\train-2\weights\best.pt,43.74,47.0
C:\Users\User\Documents\AI_Robotics Projects\AAU\Summer\Synthetic_Dataset_YOLO_50\runs\detect\train-2\weights\best.pt,45.82,71.6
C:\Users\User\Documents\AI_Robotics Projects\AAU\Summer\Synthetic_Dataset_YOLO_50\runs\detect\train-2\weights\best.pt,41.96,72.1
C:\Users\User\Documents\AI_Robotics Projects\AAU\Summer\Synthetic_Dataset_YOLO_50\runs\detect\train-2\weights\best.pt,41.77,69.5
C:\Users\User\Documents\AI_Robotics Projects\AAU\Summer\Synthetic_Dataset_YOLO_50\runs\detect\train-2\weights\best.pt,41.41,67.8
C:\Users\User\Documents\AI_Robotics Projects\AAU\Summer\Synthetic_Dataset_YOLO_50\runs\detect\train-2\weights\best.pt,44.69,66.3
C:\Users\User\Documents\AI_Robotics Projects\AAU\Summer\Synthetic_Dataset_YOLO_50\runs\detect\train-2\weights\best.pt,43.28,69.6
C:\Users\User\Documents\AI_Robotics Projects\AAU\Summer\Synthetic_Dataset_YOLO_50\runs\detect\train-2\weights\best.pt,40.98,81.9
C:\Users\User\Documents\AI_Robotics Projects\AAU\Summer\Synthetic_Dataset_YOLO_50\runs\detect\train-2\weights\best.pt,44.66,70.1
C:\Users\User\Documents\AI_Robotics Projects\AAU\Summer\Synthetic_Dataset_YOLO_50\runs\detect\train-2\weights\best.pt,43.45,69.3
C:\Users\User\Documents\AI_Robotics Projects\AAU\Summer\Synthetic_Dataset_YOLO_50\runs\detect\train-2\weights\best.pt,41.98,89.4
C:\Users\User\Documents\AI_Robotics Projects\AAU\Summer\Synthetic_Dataset_YOLO_50\runs\detect\train-2\weights\best.pt,45.7,35.0
C:\Users\User\Documents\AI_Robotics Projects\AAU\Summer\Synthetic_Dataset_YOLO_50\runs\detect\train-2\weights\best.pt,54.62,67.2
C:\Users\User\Documents\AI_Robotics Projects\AAU\Summer\Synthetic_Dataset_YOLO_50\runs\detect\train-2\weights\best.pt,51.53,73.3
C:\Users\User\Documents\AI_Robotics Projects\AAU\Summer\Synthetic_Dataset_YOLO_50\runs\detect\train-2\weights\best.pt,52.58,33.5
C:\Users\User\Documents\AI_Robotics Projects\AAU\Summer\Synthetic_Dataset_YOLO_50\runs\detect\train-2\weights\best.pt,57.75,31.7
C:\Users\User\Documents\AI_Robotics Projects\AAU\Summer\Synthetic_Dataset_YOLO_50\runs\detect\train-2\weights\best.pt,48.38,31.5
C:\Users\User\Documents\AI_Robotics Projects\AAU\Summer\Synthetic_Dataset_YOLO_50\runs\detect\train-2\weights\best.pt,49.63,31.0
C:\Users\User\Documents\AI_Robotics Projects\AAU\Summer\Synthetic_Dataset_YOLO_50\runs\detect\train-2\weights\best.pt,50.56,32.7
C:\Users\User\Documents\AI_Robotics Projects\AAU\Summer\Synthetic_Dataset_YOLO_50\runs\detect\train-2\weights\best.pt,47.65,31.3
C:\Users\User\Documents\AI_Robotics Projects\AAU\Summer\Synthetic_Dataset_YOLO_50\runs\detect\train-2\weights\best.pt,101.22,35.1
C:\Users\User\Documents\AI_Robotics Projects\AAU\Summer\Synthetic_Dataset_YOLO_50\runs\detect\train-2\weights\best.pt,49.86,59.7
C:\Users\User\Documents\AI_Robotics Projects\AAU\Summer\Synthetic_Dataset_YOLO_50\runs\detect\train-2\weights\best.pt,45.09,71.0
C:\Users\User\Documents\AI_Robotics Projects\AAU\Summer\Synthetic_Dataset_YOLO_50\runs\detect\train-2\weights\best.pt,45.7,75.5
C:\Users\User\Documents\AI_Robotics Projects\AAU\Summer\Synthetic_Dataset_YOLO_50\runs\detect\train-2\weights\best.pt,44.7,71.3
C:\Users\User\Documents\AI_Robotics Projects\AAU\Summer\Synthetic_Dataset_YOLO_50\runs\detect\train-2\weights\best.pt,42.29,77.1
C:\Users\User\Documents\AI_Robotics Projects\AAU\Summer\Synthetic_Dataset_YOLO_50\runs\detect\train-2\weights\best.pt,43.64,82.5
C:\Users\User\Documents\AI_Robotics Projects\AAU\Summer\Synthetic_Dataset_YOLO_50\runs\detect\train-2\weights\best.pt,44.28,78.6
C:\Users\User\Documents\AI_Robotics Projects\AAU\Summer\Synthetic_Dataset_YOLO_50\runs\detect\train-2\weights\best.pt,52.9,104.8
C:\Users\User\Documents\AI_Robotics Projects\AAU\Summer\Synthetic_Dataset_YOLO_50\runs\detect\train-2\weights\best.pt,51.41,70.6
C:\Users\User\Documents\AI_Robotics Projects\AAU\Summer\Synthetic_Dataset_YOLO_50\runs\detect\train-2\weights\best.pt,44.02,69.2
C:\Users\User\Documents\AI_Robotics Projects\AAU\Summer\Synthetic_Dataset_YOLO_50\runs\detect\train-2\weights\best.pt,43.54,73.8
C:\Users\User\Documents\AI_Robotics Projects\AAU\Summer\Synthetic_Dataset_YOLO_50\runs\detect\train-2\weights\best.pt,44.52,67.9
C:\Users\User\Documents\AI_Robotics Projects\AAU\Summer\Synthetic_Dataset_YOLO_50\runs\detect\train-2\weights\best.pt,41.59,72.1
C:\Users\User\Documents\AI_Robotics Projects\AAU\Summer\Synthetic_Dataset_YOLO_50\runs\detect\train-2\weights\best.pt,43.17,80.3
C:\Users\User\Documents\AI_Robotics Projects\AAU\Summer\Synthetic_Dataset_YOLO_50\runs\detect\train-2\weights\best.pt,43.04,38.1
C:\Users\User\Documents\AI_Robotics Projects\AAU\Summer\Synthetic_Dataset_YOLO_50\runs\detect\train-2\weights\best.pt,49.33,73.0
C:\Users\User\Documents\AI_Robotics Projects\AAU\Summer\Synthetic_Dataset_YOLO_50\runs\detect\train-2\weights\best.pt,42.62,38.2
C:\Users\User\Documents\AI_Robotics Projects\AAU\Summer\Synthetic_Dataset_YOLO_50\runs\detect\train-2\weights\best.pt,44.58,37.9
C:\Users\User\Documents\AI_Robotics Projects\AAU\Summer\Synthetic_Dataset_YOLO_50\runs\detect\train-2\weights\best.pt,42.67,91.1
C:\Users\User\Documents\AI_Robotics Projects\AAU\Summer\Synthetic_Dataset_YOLO_50\runs\detect\train-2\weights\best.pt,42.51,77.4
C:\Users\User\Documents\AI_Robotics Projects\AAU\Summer\Synthetic_Dataset_YOLO_50\runs\detect\train-2\weights\best.pt,40.85,48.3
C:\Users\User\Documents\AI_Robotics Projects\AAU\Summer\Synthetic_Dataset_YOLO_50\runs\detect\train-2\weights\best.pt,42.91,81.1
C:\Users\User\Documents\AI_Robotics Projects\AAU\Summer\Synthetic_Dataset_YOLO_50\runs\detect\train-2\weights\best.pt,42.49,73.7
C:\Users\User\Documents\AI_Robotics Projects\AAU\Summer\Synthetic_Dataset_YOLO_50\runs\detect\train-2\weights\best.pt,45.46,73.8
C:\Users\User\Documents\AI_Robotics Projects\AAU\Summer\Synthetic_Dataset_YOLO_50\runs\detect\train-2\weights\best.pt,45.11,74.4
C:\Users\User\Documents\AI_Robotics Projects\AAU\Summer\Synthetic_Dataset_YOLO_50\runs\detect\train-2\weights\best.pt,46.98,70.0
C:\Users\User\Documents\AI_Robotics Projects\AAU\Summer\Synthetic_Dataset_YOLO_50\runs\detect\train-2\weights\best.pt,56.54,76.4
C:\Users\User\Documents\AI_Robotics Projects\AAU\Summer\Synthetic_Dataset_YOLO_50\runs\detect\train-2\weights\best.pt,45.57,86.6
C:\Users\User\Documents\AI_Robotics Projects\AAU\Summer\Synthetic_Dataset_YOLO_50\runs\detect\train-2\weights\best.pt,43.67,36.7
C:\Users\User\Documents\AI_Robotics Projects\AAU\Summer\Synthetic_Dataset_YOLO_50\runs\detect\train-2\weights\best.pt,42.44,68.7
C:\Users\User\Documents\AI_Robotics Projects\AAU\Summer\Synthetic_Dataset_YOLO_50\runs\detect\train-2\weights\best.pt,71.28,55.8
C:\Users\User\Documents\AI_Robotics Projects\AAU\Summer\Synthetic_Dataset_YOLO_50\runs\detect\train-2\weights\best.pt,45.22,70.6
C:\Users\User\Documents\AI_Robotics Projects\AAU\Summer\Synthetic_Dataset_YOLO_50\runs\detect\train-2\weights\best.pt,44.45,66.2
C:\Users\User\Documents\AI_Robotics Projects\AAU\Summer\Synthetic_Dataset_YOLO_50\runs\detect\train-2\weights\best.pt,42.91,91.5
C:\Users\User\Documents\AI_Robotics Projects\AAU\Summer\Synthetic_Dataset_YOLO_50\runs\detect\train-2\weights\best.pt,44.75,33.4
C:\Users\User\Documents\AI_Robotics Projects\AAU\Summer\Synthetic_Dataset_YOLO_50\runs\detect\train-2\weights\best.pt,44.49,75.8
C:\Users\User\Documents\AI_Robotics Projects\AAU\Summer\Synthetic_Dataset_YOLO_50\runs\detect\train-2\weights\best.pt,44.13,36.5
C:\Users\User\Documents\AI_Robotics Projects\AAU\Summer\Synthetic_Dataset_YOLO_50\runs\detect\train-2\weights\best.pt,43.6,42.9
C:\Users\User\Documents\AI_Robotics Projects\AAU\Summer\Synthetic_Dataset_YOLO_50\runs\detect\train-2\weights\best.pt,43.71,69.4
C:\Users\User\Documents\AI_Robotics Projects\AAU\Summer\Synthetic_Dataset_YOLO_50\runs\detect\train-2\weights\best.pt,43.24,47.1
C:\Users\User\Documents\AI_Robotics Projects\AAU\Summer\Synthetic_Dataset_YOLO_50\runs\detect\train-2\weights\best.pt,45.31,38.2
C:\Users\User\Documents\AI_Robotics Projects\AAU\Summer\Synthetic_Dataset_YOLO_50\runs\detect\train-2\weights\best.pt,43.75,42.3
C:\Users\User\Documents\AI_Robotics Projects\AAU\Summer\Synthetic_Dataset_YOLO_50\runs\detect\train-2\weights\best.pt,42.82,41.2
C:\Users\User\Documents\AI_Robotics Projects\AAU\Summer\Synthetic_Dataset_YOLO_50\runs\detect\train-2\weights\best.pt,46.64,31.5
C:\Users\User\Documents\AI_Robotics Projects\AAU\Summer\Synthetic_Dataset_YOLO_50\runs\detect\train-2\weights\best.pt,51.43,40.9
C:\Users\User\Documents\AI_Robotics Projects\AAU\Summer\Synthetic_Dataset_YOLO_50\runs\detect\train-2\weights\best.pt,49.17,38.3
C:\Users\User\Documents\AI_Robotics Projects\AAU\Summer\Synthetic_Dataset_YOLO_50\runs\detect\train-2\weights\best.pt,42.27,37.1
C:\Users\User\Documents\AI_Robotics Projects\AAU\Summer\Synthetic_Dataset_YOLO_50\runs\detect\train-2\weights\best.pt,42.66,44.4
C:\Users\User\Documents\AI_Robotics Projects\AAU\Summer\Synthetic_Dataset_YOLO_50\runs\detect\train-2\weights\best.pt,42.56,42.0
C:\Users\User\Documents\AI_Robotics Projects\AAU\Summer\Synthetic_Dataset_YOLO_50\runs\detect\train-2\weights\best.pt,46.6,42.9
C:\Users\User\Documents\AI_Robotics Projects\AAU\Summer\Synthetic_Dataset_YOLO_50\runs\detect\train-2\weights\best.pt,43.39,37.9
C:\Users\User\Documents\AI_Robotics Projects\AAU\Summer\Synthetic_Dataset_YOLO_50\runs\detect\train-2\weights\best.pt,42.33,45.6
C:\Users\User\Documents\AI_Robotics Projects\AAU\Summer\Synthetic_Dataset_YOLO_50\runs\detect\train-2\weights\best.pt,42.65,41.5
C:\Users\User\Documents\AI_Robotics Projects\AAU\Summer\Synthetic_Dataset_YOLO_50\runs\detect\train-2\weights\best.pt,46.49,43.4
C:\Users\User\Documents\AI_Robotics Projects\AAU\Summer\Synthetic_Dataset_YOLO_50\runs\detect\train-2\weights\best.pt,43.7,48.3
C:\Users\User\Documents\AI_Robotics Projects\AAU\Summer\Synthetic_Dataset_YOLO_50\runs\detect\train-2\weights\best.pt,49.24,47.9
C:\Users\User\Documents\AI_Robotics Projects\AAU\Summer\Synthetic_Dataset_YOLO_50\runs\detect\train-2\weights\best.pt,50.16,68.9
C:\Users\User\Documents\AI_Robotics Projects\AAU\Summer\Synthetic_Dataset_YOLO_50\runs\detect\train-2\weights\best.pt,65.43,65.0
C:\Users\User\Documents\AI_Robotics Projects\AAU\Summer\Synthetic_Dataset_YOLO_50\runs\detect\train-2\weights\best.pt,52.24,71.9
C:\Users\User\Documents\AI_Robotics Projects\AAU\Summer\Synthetic_Dataset_YOLO_50\runs\detect\train-2\weights\best.pt,43.1,81.4
C:\Users\User\Documents\AI_Robotics Projects\AAU\Summer\Synthetic_Dataset_YOLO_50\runs\detect\train-2\weights\best.pt,42.36,87.7
C:\Users\User\Documents\AI_Robotics Projects\AAU\Summer\Synthetic_Dataset_YOLO_50\runs\detect\train-2\weights\best.pt,43.48,23.9
C:\Users\User\Documents\AI_Robotics Projects\AAU\Summer\Synthetic_Dataset_YOLO_50\runs\detect\train-2\weights\best.pt,44.0,82.4
C:\Users\User\Documents\AI_Robotics Projects\AAU\Summer\Synthetic_Dataset_YOLO_50\runs\detect\train-2\weights\best.pt,54.7,76.9
C:\Users\User\Documents\AI_Robotics Projects\AAU\Summer\Synthetic_Dataset_YOLO_50\runs\detect\train-2\weights\best.pt,53.22,86.4
C:\Users\User\Documents\AI_Robotics Projects\AAU\Summer\Synthetic_Dataset_YOLO_50\runs\detect\train-2\weights\best.pt,48.72,99.2
C:\Users\User\Documents\AI_Robotics Projects\AAU\Summer\Synthetic_Dataset_YOLO_50\runs\detect\train-2\weights\best.pt,47.53,89.7
C:\Users\User\Documents\AI_Robotics Projects\AAU\Summer\Synthetic_Dataset_YOLO_50\runs\detect\train-2\weights\best.pt,47.46,122.2
C:\Users\User\Documents\AI_Robotics Projects\AAU\Summer\Synthetic_Dataset_YOLO_50\runs\detect\train-2\weights\best.pt,48.31,123.5
C:\Users\User\Documents\AI_Robotics Projects\AAU\Summer\Synthetic_Dataset_YOLO_50\runs\detect\train-2\weights\best.pt,47.36,117.4
C:\Users\User\Documents\AI_Robotics Projects\AAU\Summer\Synthetic_Dataset_YOLO_50\runs\detect\train-2\weights\best.pt,46.47,131.6
C:\Users\User\Documents\AI_Robotics Projects\AAU\Summer\Synthetic_Dataset_YOLO_50\runs\detect\train-2\weights\best.pt,51.21,123.2
C:\Users\User\Documents\AI_Robotics Projects\AAU\Summer\Synthetic_Dataset_YOLO_50\runs\detect\train-2\weights\best.pt,43.94,101.1
C:\Users\User\Documents\AI_Robotics Projects\AAU\Summer\Synthetic_Dataset_YOLO_50\runs\detect\train-2\weights\best.pt,48.04,73.6
C:\Users\User\Documents\AI_Robotics Projects\AAU\Summer\Synthetic_Dataset_YOLO_50\runs\detect\train-2\weights\best.pt,42.54,50.9
C:\Users\User\Documents\AI_Robotics Projects\AAU\Summer\Synthetic_Dataset_YOLO_50\runs\detect\train-2\weights\best.pt,42.6,83.0
C:\Users\User\Documents\AI_Robotics Projects\AAU\Summer\Synthetic_Dataset_YOLO_50\runs\detect\train-2\weights\best.pt,41.06,81.3
C:\Users\User\Documents\AI_Robotics Projects\AAU\Summer\Synthetic_Dataset_YOLO_50\runs\detect\train-2\weights\best.pt,48.98,71.2
C:\Users\User\Documents\AI_Robotics Projects\AAU\Summer\Synthetic_Dataset_YOLO_50\runs\detect\train-2\weights\best.pt,45.6,37.1
C:\Users\User\Documents\AI_Robotics Projects\AAU\Summer\Synthetic_Dataset_YOLO_50\runs\detect\train-2\weights\best.pt,51.14,37.8
C:\Users\User\Documents\AI_Robotics Projects\AAU\Summer\Synthetic_Dataset_YOLO_50\runs\detect\train-2\weights\best.pt,45.26,37.8
C:\Users\User\Documents\AI_Robotics Projects\AAU\Summer\Synthetic_Dataset_YOLO_50\runs\detect\train-2\weights\best.pt,45.81,63.6
C:\Users\User\Documents\AI_Robotics Projects\AAU\Summer\Synthetic_Dataset_YOLO_50\runs\detect\train-2\weights\best.pt,57.59,84.2
C:\Users\User\Documents\AI_Robotics Projects\AAU\Summer\Synthetic_Dataset_YOLO_50\runs\detect\train-2\weights\best.pt,62.65,71.1
C:\Users\User\Documents\AI_Robotics Projects\AAU\Summer\Synthetic_Dataset_YOLO_50\runs\detect\train-2\weights\best.pt,54.04,76.0
C:\Users\User\Documents\AI_Robotics Projects\AAU\Summer\Synthetic_Dataset_YOLO_50\runs\detect\train-2\weights\best.pt,47.12,100.7
C:\Users\User\Documents\AI_Robotics Projects\AAU\Summer\Synthetic_Dataset_YOLO_50\runs\detect\train-2\weights\best.pt,44.3,124.8
C:\Users\User\Documents\AI_Robotics Projects\AAU\Summer\Synthetic_Dataset_YOLO_50\runs\detect\train-2\weights\best.pt,62.59,90.6
C:\Users\User\Documents\AI_Robotics Projects\AAU\Summer\Synthetic_Dataset_YOLO_50\runs\detect\train-2\weights\best.pt,52.95,63.7
C:\Users\User\Documents\AI_Robotics Projects\AAU\Summer\Synthetic_Dataset_YOLO_50\runs\detect\train-2\weights\best.pt,44.37,79.1
C:\Users\User\Documents\AI_Robotics Projects\AAU\Summer\Synthetic_Dataset_YOLO_50\runs\detect\train-2\weights\best.pt,45.01,96.9
C:\Users\User\Documents\AI_Robotics Projects\AAU\Summer\Synthetic_Dataset_YOLO_50\runs\detect\train-2\weights\best.pt,41.51,84.9
C:\Users\User\Documents\AI_Robotics Projects\AAU\Summer\Synthetic_Dataset_YOLO_50\runs\detect\train-2\weights\best.pt,45.38,83.7
C:\Users\User\Documents\AI_Robotics Projects\AAU\Summer\Synthetic_Dataset_YOLO_50\runs\detect\train-2\weights\best.pt,42.45,71.0
C:\Users\User\Documents\AI_Robotics Projects\AAU\Summer\Synthetic_Dataset_YOLO_50\runs\detect\train-2\weights\best.pt,42.81,78.0
C:\Users\User\Documents\AI_Robotics Projects\AAU\Summer\Synthetic_Dataset_YOLO_50\runs\detect\train-2\weights\best.pt,43.93,69.1
C:\Users\User\Documents\AI_Robotics Projects\AAU\Summer\Synthetic_Dataset_YOLO_50\runs\detect\train-2\weights\best.pt,41.68,70.2
C:\Users\User\Documents\AI_Robotics Projects\AAU\Summer\Synthetic_Dataset_YOLO_50\runs\detect\train-2\weights\best.pt,43.91,71.1
C:\Users\User\Documents\AI_Robotics Projects\AAU\Summer\Synthetic_Dataset_YOLO_50\runs\detect\train-2\weights\best.pt,48.7,79.8
C:\Users\User\Documents\AI_Robotics Projects\AAU\Summer\Synthetic_Dataset_YOLO_50\runs\detect\train-2\weights\best.pt,46.07,80.8
C:\Users\User\Documents\AI_Robotics Projects\AAU\Summer\Synthetic_Dataset_YOLO_50\runs\detect\train-2\weights\best.pt,44.38,76.6
C:\Users\User\Documents\AI_Robotics Projects\AAU\Summer\Synthetic_Dataset_YOLO_50\runs\detect\train-2\weights\best.pt,56.08,71.8
C:\Users\User\Documents\AI_Robotics Projects\AAU\Summer\Synthetic_Dataset_YOLO_50\runs\detect\train-2\weights\best.pt,45.21,80.8
C:\Users\User\Documents\AI_Robotics Projects\AAU\Summer\Synthetic_Dataset_YOLO_50\runs\detect\train-2\weights\best.pt,42.24,76.7
C:\Users\User\Documents\AI_Robotics Projects\AAU\Summer\Synthetic_Dataset_YOLO_50\runs\detect\train-2\weights\best.pt,41.86,86.6
C:\Users\User\Documents\AI_Robotics Projects\AAU\Summer\Synthetic_Dataset_YOLO_50\runs\detect\train-2\weights\best.pt,42.47,82.3
C:\Users\User\Documents\AI_Robotics Projects\AAU\Summer\Synthetic_Dataset_YOLO_50\runs\detect\train-2\weights\best.pt,46.14,30.0
C:\Users\User\Documents\AI_Robotics Projects\AAU\Summer\Synthetic_Dataset_YOLO_50\runs\detect\train-2\weights\best.pt,43.19,30.5
C:\Users\User\Documents\AI_Robotics Projects\AAU\Summer\Synthetic_Dataset_YOLO_50\runs\detect\train-2\weights\best.pt,43.54,37.9
C:\Users\User\Documents\AI_Robotics Projects\AAU\Summer\Synthetic_Dataset_YOLO_50\runs\detect\train-2\weights\best.pt,43.15,41.8
C:\Users\User\Documents\AI_Robotics Projects\AAU\Summer\Synthetic_Dataset_YOLO_50\runs\detect\train-2\weights\best.pt,43.33,36.7
C:\Users\User\Documents\AI_Robotics Projects\AAU\Summer\Synthetic_Dataset_YOLO_50\runs\detect\train-2\weights\best.pt,41.23,39.4
C:\Users\User\Documents\AI_Robotics Projects\AAU\Summer\Synthetic_Dataset_YOLO_50\runs\detect\train-2\weights\best.pt,46.0,75.7
C:\Users\User\Documents\AI_Robotics Projects\AAU\Summer\Synthetic_Dataset_YOLO_50\runs\detect\train-2\weights\best.pt,45.29,34.3
C:\Users\User\Documents\AI_Robotics Projects\AAU\Summer\Synthetic_Dataset_YOLO_50\runs\detect\train-2\weights\best.pt,41.34,39.0
C:\Users\User\Documents\AI_Robotics Projects\AAU\Summer\Synthetic_Dataset_YOLO_50\runs\detect\train-2\weights\best.pt,43.04,37.5
C:\Users\User\Documents\AI_Robotics Projects\AAU\Summer\Synthetic_Dataset_YOLO_50\runs\detect\train-2\weights\best.pt,61.47,63.7
C:\Users\User\Documents\AI_Robotics Projects\AAU\Summer\Synthetic_Dataset_YOLO_50\runs\detect\train-2\weights\best.pt,45.82,33.9
C:\Users\User\Documents\AI_Robotics Projects\AAU\Summer\Synthetic_Dataset_YOLO_50\runs\detect\train-2\weights\best.pt,42.42,75.0
C:\Users\User\Documents\AI_Robotics Projects\AAU\Summer\Synthetic_Dataset_YOLO_50\runs\detect\train-2\weights\best.pt,45.25,41.7
C:\Users\User\Documents\AI_Robotics Projects\AAU\Summer\Synthetic_Dataset_YOLO_50\runs\detect\train-2\weights\best.pt,52.43,38.1
C:\Users\User\Documents\AI_Robotics Projects\AAU\Summer\Synthetic_Dataset_YOLO_50\runs\detect\train-2\weights\best.pt,43.52,39.8
C:\Users\User\Documents\AI_Robotics Projects\AAU\Summer\Synthetic_Dataset_YOLO_50\runs\detect\train-2\weights\best.pt,43.17,41.4
C:\Users\User\Documents\AI_Robotics Projects\AAU\Summer\Synthetic_Dataset_YOLO_50\runs\detect\train-2\weights\best.pt,46.16,42.5
C:\Users\User\Documents\AI_Robotics Projects\AAU\Summer\Synthetic_Dataset_YOLO_50\runs\detect\train-2\weights\best.pt,44.01,34.4
C:\Users\User\Documents\AI_Robotics Projects\AAU\Summer\Synthetic_Dataset_YOLO_50\runs\detect\train-2\weights\best.pt,40.91,38.7
C:\Users\User\Documents\AI_Robotics Projects\AAU\Summer\Synthetic_Dataset_YOLO_50\runs\detect\train-2\weights\best.pt,42.86,42.4
C:\Users\User\Documents\AI_Robotics Projects\AAU\Summer\Synthetic_Dataset_YOLO_50\runs\detect\train-2\weights\best.pt,43.08,38.8
C:\Users\User\Documents\AI_Robotics Projects\AAU\Summer\Synthetic_Dataset_YOLO_50\runs\detect\train-2\weights\best.pt,43.31,76.7
C:\Users\User\Documents\AI_Robotics Projects\AAU\Summer\Synthetic_Dataset_YOLO_50\runs\detect\train-2\weights\best.pt,40.63,76.7
C:\Users\User\Documents\AI_Robotics Projects\AAU\Summer\Synthetic_Dataset_YOLO_50\runs\detect\train-2\weights\best.pt,42.21,79.7
C:\Users\User\Documents\AI_Robotics Projects\AAU\Summer\Synthetic_Dataset_YOLO_50\runs\detect\train-2\weights\best.pt,42.67,69.5
C:\Users\User\Documents\AI_Robotics Projects\AAU\Summer\Synthetic_Dataset_YOLO_50\runs\detect\train-2\weights\best.pt,49.19,58.0
C:\Users\User\Documents\AI_Robotics Projects\AAU\Summer\Synthetic_Dataset_YOLO_50\runs\detect\train-2\weights\best.pt,42.51,70.3
C:\Users\User\Documents\AI_Robotics Projects\AAU\Summer\Synthetic_Dataset_YOLO_50\runs\detect\train-2\weights\best.pt,41.3,64.4
C:\Users\User\Documents\AI_Robotics Projects\AAU\Summer\Synthetic_Dataset_YOLO_50\runs\detect\train-2\weights\best.pt,43.51,76.7
C:\Users\User\Documents\AI_Robotics Projects\AAU\Summer\Synthetic_Dataset_YOLO_50\runs\detect\train-2\weights\best.pt,41.54,41.6
C:\Users\User\Documents\AI_Robotics Projects\AAU\Summer\Synthetic_Dataset_YOLO_50\runs\detect\train-2\weights\best.pt,42.88,36.8
C:\Users\User\Documents\AI_Robotics Projects\AAU\Summer\Synthetic_Dataset_YOLO_50\runs\detect\train-2\weights\best.pt,43.43,40.0
C:\Users\User\Documents\AI_Robotics Projects\AAU\Summer\Synthetic_Dataset_YOLO_50\runs\detect\train-2\weights\best.pt,43.5,30.7
C:\Users\User\Documents\AI_Robotics Projects\AAU\Summer\Synthetic_Dataset_YOLO_50\runs\detect\train-2\weights\best.pt,56.92,38.4
C:\Users\User\Documents\AI_Robotics Projects\AAU\Summer\Synthetic_Dataset_YOLO_50\runs\detect\train-2\weights\best.pt,51.87,38.2
C:\Users\User\Documents\AI_Robotics Projects\AAU\Summer\Synthetic_Dataset_YOLO_50\runs\detect\train-2\weights\best.pt,45.26,38.8
C:\Users\User\Documents\AI_Robotics Projects\AAU\Summer\Synthetic_Dataset_YOLO_50\runs\detect\train-2\weights\best.pt,63.6,39.5
C:\Users\User\Documents\AI_Robotics Projects\AAU\Summer\Synthetic_Dataset_YOLO_50\runs\detect\train-2\weights\best.pt,50.84,33.2
C:\Users\User\Documents\AI_Robotics Projects\AAU\Summer\Synthetic_Dataset_YOLO_50\runs\detect\train-2\weights\best.pt,43.46,38.5
C:\Users\User\Documents\AI_Robotics Projects\AAU\Summer\Synthetic_Dataset_YOLO_50\runs\detect\train-2\weights\best.pt,44.41,38.7
C:\Users\User\Documents\AI_Robotics Projects\AAU\Summer\Synthetic_Dataset_YOLO_50\runs\detect\train-2\weights\best.pt,44.84,38.5
C:\Users\User\Documents\AI_Robotics Projects\AAU\Summer\Synthetic_Dataset_YOLO_50\runs\detect\train-2\weights\best.pt,43.81,40.6
C:\Users\User\Documents\AI_Robotics Projects\AAU\Summer\Synthetic_Dataset_YOLO_50\runs\detect\train-2\weights\best.pt,43.6,43.7
C:\Users\User\Documents\AI_Robotics Projects\AAU\Summer\Synthetic_Dataset_YOLO_50\runs\detect\train-2\weights\best.pt,42.3,34.7
C:\Users\User\Documents\AI_Robotics Projects\AAU\Summer\Synthetic_Dataset_YOLO_50\runs\detect\train-2\weights\best.pt,44.06,39.0
C:\Users\User\Documents\AI_Robotics Projects\AAU\Summer\Synthetic_Dataset_YOLO_50\runs\detect\train-2\weights\best.pt,42.63,40.8
C:\Users\User\Documents\AI_Robotics Projects\AAU\Summer\Synthetic_Dataset_YOLO_50\runs\detect\train-2\weights\best.pt,42.68,35.8
C:\Users\User\Documents\AI_Robotics Projects\AAU\Summer\Synthetic_Dataset_YOLO_50\runs\detect\train-2\weights\best.pt,42.28,40.8
C:\Users\User\Documents\AI_Robotics Projects\AAU\Summer\Synthetic_Dataset_YOLO_50\runs\detect\train-2\weights\best.pt,46.74,72.0
C:\Users\User\Documents\AI_Robotics Projects\AAU\Summer\Synthetic_Dataset_YOLO_50\runs\detect\train-2\weights\best.pt,44.07,39.7
C:\Users\User\Documents\AI_Robotics Projects\AAU\Summer\Synthetic_Dataset_YOLO_50\runs\detect\train-2\weights\best.pt,42.15,41.2
C:\Users\User\Documents\AI_Robotics Projects\AAU\Summer\Synthetic_Dataset_YOLO_50\runs\detect\train-2\weights\best.pt,42.65,40.6
C:\Users\User\Documents\AI_Robotics Projects\AAU\Summer\Synthetic_Dataset_YOLO_50\runs\detect\train-2\weights\best.pt,46.72,40.2
C:\Users\User\Documents\AI_Robotics Projects\AAU\Summer\Synthetic_Dataset_YOLO_50\runs\detect\train-2\weights\best.pt,43.03,39.7
C:\Users\User\Documents\AI_Robotics Projects\AAU\Summer\Synthetic_Dataset_YOLO_50\runs\detect\train-2\weights\best.pt,52.34,38.2
C:\Users\User\Documents\AI_Robotics Projects\AAU\Summer\Synthetic_Dataset_YOLO_50\runs\detect\train-2\weights\best.pt,46.88,38.7
C:\Users\User\Documents\AI_Robotics Projects\AAU\Summer\Synthetic_Dataset_YOLO_50\runs\detect\train-2\weights\best.pt,43.72,39.0
C:\Users\User\Documents\AI_Robotics Projects\AAU\Summer\Synthetic_Dataset_YOLO_50\runs\detect\train-2\weights\best.pt,46.77,39.2
C:\Users\User\Documents\AI_Robotics Projects\AAU\Summer\Synthetic_Dataset_YOLO_50\runs\detect\train-2\weights\best.pt,42.48,38.8
C:\Users\User\Documents\AI_Robotics Projects\AAU\Summer\Synthetic_Dataset_YOLO_50\runs\detect\train-2\weights\best.pt,44.9,42.9
C:\Users\User\Documents\AI_Robotics Projects\AAU\Summer\Synthetic_Dataset_YOLO_50\runs\detect\train-2\weights\best.pt,41.92,42.4
C:\Users\User\Documents\AI_Robotics Projects\AAU\Summer\Synthetic_Dataset_YOLO_50\runs\detect\train-2\weights\best.pt,47.6,40.6
C:\Users\User\Documents\AI_Robotics Projects\AAU\Summer\Synthetic_Dataset_YOLO_50\runs\detect\train-2\weights\best.pt,70.64,36.8
C:\Users\User\Documents\AI_Robotics Projects\AAU\Summer\Synthetic_Dataset_YOLO_50\runs\detect\train-2\weights\best.pt,46.7,33.9
C:\Users\User\Documents\AI_Robotics Projects\AAU\Summer\Synthetic_Dataset_YOLO_50\runs\detect\train-2\weights\best.pt,46.81,37.5
C:\Users\User\Documents\AI_Robotics Projects\AAU\Summer\Synthetic_Dataset_YOLO_50\runs\detect\train-2\weights\best.pt,44.11,40.7
C:\Users\User\Documents\AI_Robotics Projects\AAU\Summer\Synthetic_Dataset_YOLO_50\runs\detect\train-2\weights\best.pt,42.38,41.2
C:\Users\User\Documents\AI_Robotics Projects\AAU\Summer\Synthetic_Dataset_YOLO_50\runs\detect\train-2\weights\best.pt,43.93,38.3
C:\Users\User\Documents\AI_Robotics Projects\AAU\Summer\Synthetic_Dataset_YOLO_50\runs\detect\train-2\weights\best.pt,43.33,40.4
C:\Users\User\Documents\AI_Robotics Projects\AAU\Summer\Synthetic_Dataset_YOLO_50\runs\detect\train-2\weights\best.pt,43.84,28.6
C:\Users\User\Documents\AI_Robotics Projects\AAU\Summer\Synthetic_Dataset_YOLO_50\runs\detect\train-2\weights\best.pt,45.59,40.1
C:\Users\User\Documents\AI_Robotics Projects\AAU\Summer\Synthetic_Dataset_YOLO_50\runs\detect\train-2\weights\best.pt,45.15,39.3
C:\Users\User\Documents\AI_Robotics Projects\AAU\Summer\Synthetic_Dataset_YOLO_50\runs\detect\train-2\weights\best.pt,42.9,36.7
C:\Users\User\Documents\AI_Robotics Projects\AAU\Summer\Synthetic_Dataset_YOLO_50\runs\detect\train-2\weights\best.pt,43.19,39.4
C:\Users\User\Documents\AI_Robotics Projects\AAU\Summer\Synthetic_Dataset_YOLO_50\runs\detect\train-2\weights\best.pt,41.79,41.7
C:\Users\User\Documents\AI_Robotics Projects\AAU\Summer\Synthetic_Dataset_YOLO_50\runs\detect\train-2\weights\best.pt,53.41,41.0
C:\Users\User\Documents\AI_Robotics Projects\AAU\Summer\Synthetic_Dataset_YOLO_50\runs\detect\train-2\weights\best.pt,46.13,39.2
C:\Users\User\Documents\AI_Robotics Projects\AAU\Summer\Synthetic_Dataset_YOLO_50\runs\detect\train-2\weights\best.pt,45.87,34.9
C:\Users\User\Documents\AI_Robotics Projects\AAU\Summer\Synthetic_Dataset_YOLO_50\runs\detect\train-2\weights\best.pt,42.72,40.6
C:\Users\User\Documents\AI_Robotics Projects\AAU\Summer\Synthetic_Dataset_YOLO_50\runs\detect\train-2\weights\best.pt,50.78,28.6
C:\Users\User\Documents\AI_Robotics Projects\AAU\Summer\Synthetic_Dataset_YOLO_50\runs\detect\train-2\weights\best.pt,50.59,40.3
C:\Users\User\Documents\AI_Robotics Projects\AAU\Summer\Synthetic_Dataset_YOLO_50\runs\detect\train-2\weights\best.pt,46.85,39.0
C:\Users\User\Documents\AI_Robotics Projects\AAU\Summer\Synthetic_Dataset_YOLO_50\runs\detect\train-2\weights\best.pt,43.75,41.2
C:\Users\User\Documents\AI_Robotics Projects\AAU\Summer\Synthetic_Dataset_YOLO_50\runs\detect\train-2\weights\best.pt,43.99,40.5
C:\Users\User\Documents\AI_Robotics Projects\AAU\Summer\Synthetic_Dataset_YOLO_50\runs\detect\train-2\weights\best.pt,42.0,47.6
C:\Users\User\Documents\AI_Robotics Projects\AAU\Summer\Synthetic_Dataset_YOLO_50\runs\detect\train-2\weights\best.pt,42.94,38.5
C:\Users\User\Documents\AI_Robotics Projects\AAU\Summer\Synthetic_Dataset_YOLO_50\runs\detect\train-2\weights\best.pt,46.03,40.4
C:\Users\User\Documents\AI_Robotics Projects\AAU\Summer\Synthetic_Dataset_YOLO_50\runs\detect\train-2\weights\best.pt,47.06,39.2
C:\Users\User\Documents\AI_Robotics Projects\AAU\Summer\Synthetic_Dataset_YOLO_50\runs\detect\train-2\weights\best.pt,45.74,46.1
C:\Users\User\Documents\AI_Robotics Projects\AAU\Summer\Synthetic_Dataset_YOLO_50\runs\detect\train-2\weights\best.pt,64.88,39.6
C:\Users\User\Documents\AI_Robotics Projects\AAU\Summer\Synthetic_Dataset_YOLO_50\runs\detect\train-2\weights\best.pt,53.44,33.6
C:\Users\User\Documents\AI_Robotics Projects\AAU\Summer\Synthetic_Dataset_YOLO_50\runs\detect\train-2\weights\best.pt,45.32,37.3
C:\Users\User\Documents\AI_Robotics Projects\AAU\Summer\Synthetic_Dataset_YOLO_50\runs\detect\train-2\weights\best.pt,42.77,70.2
C:\Users\User\Documents\AI_Robotics Projects\AAU\Summer\Synthetic_Dataset_YOLO_50\runs\detect\train-2\weights\best.pt,44.68,68.3
C:\Users\User\Documents\AI_Robotics Projects\AAU\Summer\Synthetic_Dataset_YOLO_50\runs\detect\train-2\weights\best.pt,46.5,39.0
C:\Users\User\Documents\AI_Robotics Projects\AAU\Summer\Synthetic_Dataset_YOLO_50\runs\detect\train-2\weights\best.pt,56.63,73.2
C:\Users\User\Documents\AI_Robotics Projects\AAU\Summer\Synthetic_Dataset_YOLO_50\runs\detect\train-2\weights\best.pt,47.97,89.1
C:\Users\User\Documents\AI_Robotics Projects\AAU\Summer\Synthetic_Dataset_YOLO_50\runs\detect\train-2\weights\best.pt,46.19,36.1
C:\Users\User\Documents\AI_Robotics Projects\AAU\Summer\Synthetic_Dataset_YOLO_50\runs\detect\train-2\weights\best.pt,44.27,96.3
C:\Users\User\Documents\AI_Robotics Projects\AAU\Summer\Synthetic_Dataset_YOLO_50\runs\detect\train-2\weights\best.pt,43.62,34.7
C:\Users\User\Documents\AI_Robotics Projects\AAU\Summer\Synthetic_Dataset_YOLO_50\runs\detect\train-2\weights\best.pt,44.87,67.6
C:\Users\User\Documents\AI_Robotics Projects\AAU\Summer\Synthetic_Dataset_YOLO_50\runs\detect\train-2\weights\best.pt,47.93,39.2
C:\Users\User\Documents\AI_Robotics Projects\AAU\Summer\Synthetic_Dataset_YOLO_50\runs\detect\train-2\weights\best.pt,45.28,44.0
C:\Users\User\Documents\AI_Robotics Projects\AAU\Summer\Synthetic_Dataset_YOLO_50\runs\detect\train-2\weights\best.pt,46.46,42.2
C:\Users\User\Documents\AI_Robotics Projects\AAU\Summer\Synthetic_Dataset_YOLO_50\runs\detect\train-2\weights\best.pt,46.74,43.1
C:\Users\User\Documents\AI_Robotics Projects\AAU\Summer\Synthetic_Dataset_YOLO_50\runs\detect\train-2\weights\best.pt,45.96,41.2
C:\Users\User\Documents\AI_Robotics Projects\AAU\Summer\Synthetic_Dataset_YOLO_50\runs\detect\train-2\weights\best.pt,43.16,42.1
C:\Users\User\Documents\AI_Robotics Projects\AAU\Summer\Synthetic_Dataset_YOLO_50\runs\detect\train-2\weights\best.pt,47.11,41.6
C:\Users\User\Documents\AI_Robotics Projects\AAU\Summer\Synthetic_Dataset_YOLO_50\runs\detect\train-2\weights\best.pt,44.84,41.6
C:\Users\User\Documents\AI_Robotics Projects\AAU\Summer\Synthetic_Dataset_YOLO_50\runs\detect\train-2\weights\best.pt,44.78,37.4
C:\Users\User\Documents\AI_Robotics Projects\AAU\Summer\Synthetic_Dataset_YOLO_50\runs\detect\train-2\weights\best.pt,43.1,40.4
C:\Users\User\Documents\AI_Robotics Projects\AAU\Summer\Synthetic_Dataset_YOLO_50\runs\detect\train-2\weights\best.pt,45.17,41.3
C:\Users\User\Documents\AI_Robotics Projects\AAU\Summer\Synthetic_Dataset_YOLO_50\runs\detect\train-2\weights\best.pt,45.07,37.7
C:\Users\User\Documents\AI_Robotics Projects\AAU\Summer\Synthetic_Dataset_YOLO_50\runs\detect\train-2\weights\best.pt,45.93,39.8
C:\Users\User\Documents\AI_Robotics Projects\AAU\Summer\Synthetic_Dataset_YOLO_50\runs\detect\train-2\weights\best.pt,46.12,39.2
C:\Users\User\Documents\AI_Robotics Projects\AAU\Summer\Synthetic_Dataset_YOLO_50\runs\detect\train-2\weights\best.pt,53.37,39.6
C:\Users\User\Documents\AI_Robotics Projects\AAU\Summer\Synthetic_Dataset_YOLO_50\runs\detect\train-2\weights\best.pt,59.01,39.0
C:\Users\User\Documents\AI_Robotics Projects\AAU\Summer\Synthetic_Dataset_YOLO_50\runs\detect\train-2\weights\best.pt,70.18,35.3
C:\Users\User\Documents\AI_Robotics Projects\AAU\Summer\Synthetic_Dataset_YOLO_50\runs\detect\train-2\weights\best.pt,49.45,33.3
C:\Users\User\Documents\AI_Robotics Projects\AAU\Summer\Synthetic_Dataset_YOLO_50\runs\detect\train-2\weights\best.pt,46.51,37.5
C:\Users\User\Documents\AI_Robotics Projects\AAU\Summer\Synthetic_Dataset_YOLO_50\runs\detect\train-2\weights\best.pt,46.34,38.7
C:\Users\User\Documents\AI_Robotics Projects\AAU\Summer\Synthetic_Dataset_YOLO_50\runs\detect\train-2\weights\best.pt,48.67,36.3
C:\Users\User\Documents\AI_Robotics Projects\AAU\Summer\Synthetic_Dataset_YOLO_50\runs\detect\train-2\weights\best.pt,56.44,38.7
C:\Users\User\Documents\AI_Robotics Projects\AAU\Summer\Synthetic_Dataset_YOLO_50\runs\detect\train-2\weights\best.pt,52.05,35.8
C:\Users\User\Documents\AI_Robotics Projects\AAU\Summer\Synthetic_Dataset_YOLO_50\runs\detect\train-2\weights\best.pt,47.02,35.7
C:\Users\User\Documents\AI_Robotics Projects\AAU\Summer\Synthetic_Dataset_YOLO_50\runs\detect\train-2\weights\best.pt,46.98,38.7
C:\Users\User\Documents\AI_Robotics Projects\AAU\Summer\Synthetic_Dataset_YOLO_50\runs\detect\train-2\weights\best.pt,43.41,42.0
C:\Users\User\Documents\AI_Robotics Projects\AAU\Summer\Synthetic_Dataset_YOLO_50\runs\detect\train-2\weights\best.pt,46.99,38.0
C:\Users\User\Documents\AI_Robotics Projects\AAU\Summer\Synthetic_Dataset_YOLO_50\runs\detect\train-2\weights\best.pt,46.23,42.2
C:\Users\User\Documents\AI_Robotics Projects\AAU\Summer\Synthetic_Dataset_YOLO_50\runs\detect\train-2\weights\best.pt,44.24,40.9
C:\Users\User\Documents\AI_Robotics Projects\AAU\Summer\Synthetic_Dataset_YOLO_50\runs\detect\train-2\weights\best.pt,47.9,39.2
C:\Users\User\Documents\AI_Robotics Projects\AAU\Summer\Synthetic_Dataset_YOLO_50\runs\detect\train-2\weights\best.pt,48.12,38.4
C:\Users\User\Documents\AI_Robotics Projects\AAU\Summer\Synthetic_Dataset_YOLO_50\runs\detect\train-2\weights\best.pt,44.68,24.1
C:\Users\User\Documents\AI_Robotics Projects\AAU\Summer\Synthetic_Dataset_YOLO_50\runs\detect\train-2\weights\best.pt,44.34,38.8
C:\Users\User\Documents\AI_Robotics Projects\AAU\Summer\Synthetic_Dataset_YOLO_50\runs\detect\train-2\weights\best.pt,46.2,45.4
C:\Users\User\Documents\AI_Robotics Projects\AAU\Summer\Synthetic_Dataset_YOLO_50\runs\detect\train-2\weights\best.pt,45.13,40.9
C:\Users\User\Documents\AI_Robotics Projects\AAU\Summer\Synthetic_Dataset_YOLO_50\runs\detect\train-2\weights\best.pt,48.05,44.1
C:\Users\User\Documents\AI_Robotics Projects\AAU\Summer\Synthetic_Dataset_YOLO_50\runs\detect\train-2\weights\best.pt,54.39,38.6
C:\Users\User\Documents\AI_Robotics Projects\AAU\Summer\Synthetic_Dataset_YOLO_50\runs\detect\train-2\weights\best.pt,47.27,35.6
C:\Users\User\Documents\AI_Robotics Projects\AAU\Summer\Synthetic_Dataset_YOLO_50\runs\detect\train-2\weights\best.pt,43.42,36.6
C:\Users\User\Documents\AI_Robotics Projects\AAU\Summer\Synthetic_Dataset_YOLO_50\runs\detect\train-2\weights\best.pt,45.16,39.9
C:\Users\User\Documents\AI_Robotics Projects\AAU\Summer\Synthetic_Dataset_YOLO_50\runs\detect\train-2\weights\best.pt,47.02,25.2
C:\Users\User\Documents\AI_Robotics Projects\AAU\Summer\Synthetic_Dataset_YOLO_50\runs\detect\train-2\weights\best.pt,68.57,36.2
C:\Users\User\Documents\AI_Robotics Projects\AAU\Summer\Synthetic_Dataset_YOLO_50\runs\detect\train-2\weights\best.pt,47.84,33.9
C:\Users\User\Documents\AI_Robotics Projects\AAU\Summer\Synthetic_Dataset_YOLO_50\runs\detect\train-2\weights\best.pt,47.78,36.1
C:\Users\User\Documents\AI_Robotics Projects\AAU\Summer\Synthetic_Dataset_YOLO_50\runs\detect\train-2\weights\best.pt,45.01,41.6
C:\Users\User\Documents\AI_Robotics Projects\AAU\Summer\Synthetic_Dataset_YOLO_50\runs\detect\train-2\weights\best.pt,45.7,42.9
C:\Users\User\Documents\AI_Robotics Projects\AAU\Summer\Synthetic_Dataset_YOLO_50\runs\detect\train-2\weights\best.pt,45.01,38.9
C:\Users\User\Documents\AI_Robotics Projects\AAU\Summer\Synthetic_Dataset_YOLO_50\runs\detect\train-2\weights\best.pt,44.22,38.2
C:\Users\User\Documents\AI_Robotics Projects\AAU\Summer\Synthetic_Dataset_YOLO_50\runs\detect\train-2\weights\best.pt,46.73,42.1
C:\Users\User\Documents\AI_Robotics Projects\AAU\Summer\Synthetic_Dataset_YOLO_50\runs\detect\train-2\weights\best.pt,45.87,38.8
C:\Users\User\Documents\AI_Robotics Projects\AAU\Summer\Synthetic_Dataset_YOLO_50\runs\detect\train-2\weights\best.pt,47.54,38.5
C:\Users\User\Documents\AI_Robotics Projects\AAU\Summer\Synthetic_Dataset_YOLO_50\runs\detect\train-2\weights\best.pt,48.77,39.9
C:\Users\User\Documents\AI_Robotics Projects\AAU\Summer\Synthetic_Dataset_YOLO_50\runs\detect\train-2\weights\best.pt,44.75,41.4
C:\Users\User\Documents\AI_Robotics Projects\AAU\Summer\Synthetic_Dataset_YOLO_50\runs\detect\train-2\weights\best.pt,43.28,40.9
C:\Users\User\Documents\AI_Robotics Projects\AAU\Summer\Synthetic_Dataset_YOLO_50\runs\detect\train-2\weights\best.pt,44.0,40.5
C:\Users\User\Documents\AI_Robotics Projects\AAU\Summer\Synthetic_Dataset_YOLO_50\runs\detect\train-2\weights\best.pt,47.86,43.5
C:\Users\User\Documents\AI_Robotics Projects\AAU\Summer\Synthetic_Dataset_YOLO_50\runs\detect\train-2\weights\best.pt,51.21,40.0
C:\Users\User\Documents\AI_Robotics Projects\AAU\Summer\Synthetic_Dataset_YOLO_50\runs\detect\train-2\weights\best.pt,56.77,37.3
C:\Users\User\Documents\AI_Robotics Projects\AAU\Summer\Synthetic_Dataset_YOLO_50\runs\detect\train-2\weights\best.pt,48.55,38.3
C:\Users\User\Documents\AI_Robotics Projects\AAU\Summer\Synthetic_Dataset_YOLO_50\runs\detect\train-2\weights\best.pt,48.26,43.3
C:\Users\User\Documents\AI_Robotics Projects\AAU\Summer\Synthetic_Dataset_YOLO_50\runs\detect\train-2\weights\best.pt,44.74,40.7
C:\Users\User\Documents\AI_Robotics Projects\AAU\Summer\Synthetic_Dataset_YOLO_50\runs\detect\train-2\weights\best.pt,44.42,37.9
C:\Users\User\Documents\AI_Robotics Projects\AAU\Summer\Synthetic_Dataset_YOLO_50\runs\detect\train-2\weights\best.pt,51.11,82.4
C:\Users\User\Documents\AI_Robotics Projects\AAU\Summer\Synthetic_Dataset_YOLO_50\runs\detect\train-2\weights\best.pt,44.61,52.9
C:\Users\User\Documents\AI_Robotics Projects\AAU\Summer\Synthetic_Dataset_YOLO_50\runs\detect\train-2\weights\best.pt,42.65,133.9
C:\Users\User\Documents\AI_Robotics Projects\AAU\Summer\Synthetic_Dataset_YOLO_50\runs\detect\train-2\weights\best.pt,44.66,146.3
C:\Users\User\Documents\AI_Robotics Projects\AAU\Summer\Synthetic_Dataset_YOLO_50\runs\detect\train-2\weights\best.pt,44.51,137.8
C:\Users\User\Documents\AI_Robotics Projects\AAU\Summer\Synthetic_Dataset_YOLO_50\runs\detect\train-2\weights\best.pt,43.93,132.8
C:\Users\User\Documents\AI_Robotics Projects\AAU\Summer\Synthetic_Dataset_YOLO_50\runs\detect\train-2\weights\best.pt,59.58,99.3
C:\Users\User\Documents\AI_Robotics Projects\AAU\Summer\Synthetic_Dataset_YOLO_50\runs\detect\train-2\weights\best.pt,45.35,125.2
C:\Users\User\Documents\AI_Robotics Projects\AAU\Summer\Synthetic_Dataset_YOLO_50\runs\detect\train-2\weights\best.pt,44.48,90.6
C:\Users\User\Documents\AI_Robotics Projects\AAU\Summer\Synthetic_Dataset_YOLO_50\runs\detect\train-2\weights\best.pt,45.35,17.6
C:\Users\User\Documents\AI_Robotics Projects\AAU\Summer\Synthetic_Dataset_YOLO_50\runs\detect\train-2\weights\best.pt,45.27,71.4
C:\Users\User\Documents\AI_Robotics Projects\AAU\Summer\Synthetic_Dataset_YOLO_50\runs\detect\train-2\weights\best.pt,42.59,71.9
C:\Users\User\Documents\AI_Robotics Projects\AAU\Summer\Synthetic_Dataset_YOLO_50\runs\detect\train-2\weights\best.pt,50.5,73.5
C:\Users\User\Documents\AI_Robotics Projects\AAU\Summer\Synthetic_Dataset_YOLO_50\runs\detect\train-2\weights\best.pt,48.32,65.1
C:\Users\User\Documents\AI_Robotics Projects\AAU\Summer\Synthetic_Dataset_YOLO_50\runs\detect\train-2\weights\best.pt,43.7,69.7
C:\Users\User\Documents\AI_Robotics Projects\AAU\Summer\Synthetic_Dataset_YOLO_50\runs\detect\train-2\weights\best.pt,41.34,70.1
C:\Users\User\Documents\AI_Robotics Projects\AAU\Summer\Synthetic_Dataset_YOLO_50\runs\detect\train-2\weights\best.pt,43.0,77.2
C:\Users\User\Documents\AI_Robotics Projects\AAU\Summer\Synthetic_Dataset_YOLO_50\runs\detect\train-2\weights\best.pt,43.43,81.8
C:\Users\User\Documents\AI_Robotics Projects\AAU\Summer\Synthetic_Dataset_YOLO_50\runs\detect\train-2\weights\best.pt,43.28,71.0
C:\Users\User\Documents\AI_Robotics Projects\AAU\Summer\Synthetic_Dataset_YOLO_50\runs\detect\train-2\weights\best.pt,41.55,82.0
C:\Users\User\Documents\AI_Robotics Projects\AAU\Summer\Synthetic_Dataset_YOLO_50\runs\detect\train-2\weights\best.pt,46.92,75.3
C:\Users\User\Documents\AI_Robotics Projects\AAU\Summer\Synthetic_Dataset_YOLO_50\runs\detect\train-2\weights\best.pt,48.1,80.2
C:\Users\User\Documents\AI_Robotics Projects\AAU\Summer\Synthetic_Dataset_YOLO_50\runs\detect\train-2\weights\best.pt,41.89,49.5
C:\Users\User\Documents\AI_Robotics Projects\AAU\Summer\Synthetic_Dataset_YOLO_50\runs\detect\train-2\weights\best.pt,39.6,76.7
C:\Users\User\Documents\AI_Robotics Projects\AAU\Summer\Synthetic_Dataset_YOLO_50\runs\detect\train-2\weights\best.pt,44.79,85.1
C:\Users\User\Documents\AI_Robotics Projects\AAU\Summer\Synthetic_Dataset_YOLO_50\runs\detect\train-2\weights\best.pt,41.79,84.3
C:\Users\User\Documents\AI_Robotics Projects\AAU\Summer\Synthetic_Dataset_YOLO_50\runs\detect\train-2\weights\best.pt,43.78,87.2
C:\Users\User\Documents\AI_Robotics Projects\AAU\Summer\Synthetic_Dataset_YOLO_50\runs\detect\train-2\weights\best.pt,42.37,98.6
C:\Users\User\Documents\AI_Robotics Projects\AAU\Summer\Synthetic_Dataset_YOLO_50\runs\detect\train-2\weights\best.pt,41.48,83.9
C:\Users\User\Documents\AI_Robotics Projects\AAU\Summer\Synthetic_Dataset_YOLO_50\runs\detect\train-2\weights\best.pt,41.45,40.7
C:\Users\User\Documents\AI_Robotics Projects\AAU\Summer\Synthetic_Dataset_YOLO_50\runs\detect\train-2\weights\best.pt,41.61,42.5
C:\Users\User\Documents\AI_Robotics Projects\AAU\Summer\Synthetic_Dataset_YOLO_50\runs\detect\train-2\weights\best.pt,52.05,40.6
C:\Users\User\Documents\AI_Robotics Projects\AAU\Summer\Synthetic_Dataset_YOLO_50\runs\detect\train-2\weights\best.pt,45.85,73.7
C:\Users\User\Documents\AI_Robotics Projects\AAU\Summer\Synthetic_Dataset_YOLO_50\runs\detect\train-2\weights\best.pt,44.26,40.1
C:\Users\User\Documents\AI_Robotics Projects\AAU\Summer\Synthetic_Dataset_YOLO_50\runs\detect\train-2\weights\best.pt,41.12,38.8
C:\Users\User\Documents\AI_Robotics Projects\AAU\Summer\Synthetic_Dataset_YOLO_50\runs\detect\train-2\weights\best.pt,53.66,70.0
C:\Users\User\Documents\AI_Robotics Projects\AAU\Summer\Synthetic_Dataset_YOLO_50\runs\detect\train-2\weights\best.pt,67.26,35.8
C:\Users\User\Documents\AI_Robotics Projects\AAU\Summer\Synthetic_Dataset_YOLO_50\runs\detect\train-2\weights\best.pt,53.21,34.5
C:\Users\User\Documents\AI_Robotics Projects\AAU\Summer\Synthetic_Dataset_YOLO_50\runs\detect\train-2\weights\best.pt,55.98,37.2
C:\Users\User\Documents\AI_Robotics Projects\AAU\Summer\Synthetic_Dataset_YOLO_50\runs\detect\train-2\weights\best.pt,46.57,37.8
C:\Users\User\Documents\AI_Robotics Projects\AAU\Summer\Synthetic_Dataset_YOLO_50\runs\detect\train-2\weights\best.pt,43.83,45.3
C:\Users\User\Documents\AI_Robotics Projects\AAU\Summer\Synthetic_Dataset_YOLO_50\runs\detect\train-2\weights\best.pt,43.93,42.6
C:\Users\User\Documents\AI_Robotics Projects\AAU\Summer\Synthetic_Dataset_YOLO_50\runs\detect\train-2\weights\best.pt,43.45,42.7
C:\Users\User\Documents\AI_Robotics Projects\AAU\Summer\Synthetic_Dataset_YOLO_50\runs\detect\train-2\weights\best.pt,41.32,42.9
C:\Users\User\Documents\AI_Robotics Projects\AAU\Summer\Synthetic_Dataset_YOLO_50\runs\detect\train-2\weights\best.pt,46.94,45.1
C:\Users\User\Documents\AI_Robotics Projects\AAU\Summer\Synthetic_Dataset_YOLO_50\runs\detect\train-2\weights\best.pt,42.18,50.0
C:\Users\User\Documents\AI_Robotics Projects\AAU\Summer\Synthetic_Dataset_YOLO_50\runs\detect\train-2\weights\best.pt,41.43,42.9
C:\Users\User\Documents\AI_Robotics Projects\AAU\Summer\Synthetic_Dataset_YOLO_50\runs\detect\train-2\weights\best.pt,41.64,47.5
C:\Users\User\Documents\AI_Robotics Projects\AAU\Summer\Synthetic_Dataset_YOLO_50\runs\detect\train-2\weights\best.pt,41.29,40.6
C:\Users\User\Documents\AI_Robotics Projects\AAU\Summer\Synthetic_Dataset_YOLO_50\runs\detect\train-2\weights\best.pt,42.24,45.3
C:\Users\User\Documents\AI_Robotics Projects\AAU\Summer\Synthetic_Dataset_YOLO_50\runs\detect\train-2\weights\best.pt,43.13,45.1
C:\Users\User\Documents\AI_Robotics Projects\AAU\Summer\Synthetic_Dataset_YOLO_50\runs\detect\train-2\weights\best.pt,49.21,39.2
C:\Users\User\Documents\AI_Robotics Projects\AAU\Summer\Synthetic_Dataset_YOLO_50\runs\detect\train-2\weights\best.pt,55.63,42.2
C:\Users\User\Documents\AI_Robotics Projects\AAU\Summer\Synthetic_Dataset_YOLO_50\runs\detect\train-2\weights\best.pt,48.52,43.2
C:\Users\User\Documents\AI_Robotics Projects\AAU\Summer\Synthetic_Dataset_YOLO_50\runs\detect\train-2\weights\best.pt,45.5,43.0
C:\Users\User\Documents\AI_Robotics Projects\AAU\Summer\Synthetic_Dataset_YOLO_50\runs\detect\train-2\weights\best.pt,44.51,39.6
C:\Users\User\Documents\AI_Robotics Projects\AAU\Summer\Synthetic_Dataset_YOLO_50\runs\detect\train-2\weights\best.pt,42.45,45.4
C:\Users\User\Documents\AI_Robotics Projects\AAU\Summer\Synthetic_Dataset_YOLO_50\runs\detect\train-2\weights\best.pt,41.27,34.8
C:\Users\User\Documents\AI_Robotics Projects\AAU\Summer\Synthetic_Dataset_YOLO_50\runs\detect\train-2\weights\best.pt,44.07,42.4
C:\Users\User\Documents\AI_Robotics Projects\AAU\Summer\Synthetic_Dataset_YOLO_50\runs\detect\train-2\weights\best.pt,41.86,26.3
C:\Users\User\Documents\AI_Robotics Projects\AAU\Summer\Synthetic_Dataset_YOLO_50\runs\detect\train-2\weights\best.pt,43.47,40.7
C:\Users\User\Documents\AI_Robotics Projects\AAU\Summer\Synthetic_Dataset_YOLO_50\runs\detect\train-2\weights\best.pt,62.43,43.4
C:\Users\User\Documents\AI_Robotics Projects\AAU\Summer\Synthetic_Dataset_YOLO_50\runs\detect\train-2\weights\best.pt,54.52,39.2
C:\Users\User\Documents\AI_Robotics Projects\AAU\Summer\Synthetic_Dataset_YOLO_50\runs\detect\train-2\weights\best.pt,41.97,41.0
C:\Users\User\Documents\AI_Robotics Projects\AAU\Summer\Synthetic_Dataset_YOLO_50\runs\detect\train-2\weights\best.pt,46.65,42.7
C:\Users\User\Documents\AI_Robotics Projects\AAU\Summer\Synthetic_Dataset_YOLO_50\runs\detect\train-2\weights\best.pt,44.13,43.5
C:\Users\User\Documents\AI_Robotics Projects\AAU\Summer\Synthetic_Dataset_YOLO_50\runs\detect\train-2\weights\best.pt,45.14,45.5
C:\Users\User\Documents\AI_Robotics Projects\AAU\Summer\Synthetic_Dataset_YOLO_50\runs\detect\train-2\weights\best.pt,44.68,42.8
C:\Users\User\Documents\AI_Robotics Projects\AAU\Summer\Synthetic_Dataset_YOLO_50\runs\detect\train-2\weights\best.pt,45.45,41.1
C:\Users\User\Documents\AI_Robotics Projects\AAU\Summer\Synthetic_Dataset_YOLO_50\runs\detect\train-2\weights\best.pt,42.83,38.0
C:\Users\User\Documents\AI_Robotics Projects\AAU\Summer\Synthetic_Dataset_YOLO_50\runs\detect\train-2\weights\best.pt,44.21,45.2
C:\Users\User\Documents\AI_Robotics Projects\AAU\Summer\Synthetic_Dataset_YOLO_50\runs\detect\train-2\weights\best.pt,40.02,42.1
C:\Users\User\Documents\AI_Robotics Projects\AAU\Summer\Synthetic_Dataset_YOLO_50\runs\detect\train-2\weights\best.pt,39.77,43.1
C:\Users\User\Documents\AI_Robotics Projects\AAU\Summer\Synthetic_Dataset_YOLO_50\runs\detect\train-2\weights\best.pt,47.34,48.1
C:\Users\User\Documents\AI_Robotics Projects\AAU\Summer\Synthetic_Dataset_YOLO_50\runs\detect\train-2\weights\best.pt,53.75,39.7
C:\Users\User\Documents\AI_Robotics Projects\AAU\Summer\Synthetic_Dataset_YOLO_50\runs\detect\train-2\weights\best.pt,46.99,39.1
C:\Users\User\Documents\AI_Robotics Projects\AAU\Summer\Synthetic_Dataset_YOLO_50\runs\detect\train-2\weights\best.pt,42.37,43.9
C:\Users\User\Documents\AI_Robotics Projects\AAU\Summer\Synthetic_Dataset_YOLO_50\runs\detect\train-2\weights\best.pt,41.45,47.2
C:\Users\User\Documents\AI_Robotics Projects\AAU\Summer\Synthetic_Dataset_YOLO_50\runs\detect\train-2\weights\best.pt,43.73,41.9
C:\Users\User\Documents\AI_Robotics Projects\AAU\Summer\Synthetic_Dataset_YOLO_50\runs\detect\train-2\weights\best.pt,40.3,43.9
C:\Users\User\Documents\AI_Robotics Projects\AAU\Summer\Synthetic_Dataset_YOLO_50\runs\detect\train-2\weights\best.pt,46.01,51.5
C:\Users\User\Documents\AI_Robotics Projects\AAU\Summer\Synthetic_Dataset_YOLO_50\runs\detect\train-2\weights\best.pt,51.41,45.7
C:\Users\User\Documents\AI_Robotics Projects\AAU\Summer\Synthetic_Dataset_YOLO_50\runs\detect\train-2\weights\best.pt,42.27,38.0
C:\Users\User\Documents\AI_Robotics Projects\AAU\Summer\Synthetic_Dataset_YOLO_50\runs\detect\train-2\weights\best.pt,41.49,45.5
C:\Users\User\Documents\AI_Robotics Projects\AAU\Summer\Synthetic_Dataset_YOLO_50\runs\detect\train-2\weights\best.pt,45.58,45.1
C:\Users\User\Documents\AI_Robotics Projects\AAU\Summer\Synthetic_Dataset_YOLO_50\runs\detect\train-2\weights\best.pt,42.41,31.4
C:\Users\User\Documents\AI_Robotics Projects\AAU\Summer\Synthetic_Dataset_YOLO_50\runs\detect\train-2\weights\best.pt,62.25,42.1
C:\Users\User\Documents\AI_Robotics Projects\AAU\Summer\Synthetic_Dataset_YOLO_50\runs\detect\train-2\weights\best.pt,50.52,37.4
C:\Users\User\Documents\AI_Robotics Projects\AAU\Summer\Synthetic_Dataset_YOLO_50\runs\detect\train-2\weights\best.pt,43.5,28.5
C:\Users\User\Documents\AI_Robotics Projects\AAU\Summer\Synthetic_Dataset_YOLO_50\runs\detect\train-2\weights\best.pt,42.37,40.6
C:\Users\User\Documents\AI_Robotics Projects\AAU\Summer\Synthetic_Dataset_YOLO_50\runs\detect\train-2\weights\best.pt,43.45,44.8
C:\Users\User\Documents\AI_Robotics Projects\AAU\Summer\Synthetic_Dataset_YOLO_50\runs\detect\train-2\weights\best.pt,45.25,47.4
C:\Users\User\Documents\AI_Robotics Projects\AAU\Summer\Synthetic_Dataset_YOLO_50\runs\detect\train-2\weights\best.pt,44.49,42.9
C:\Users\User\Documents\AI_Robotics Projects\AAU\Summer\Synthetic_Dataset_YOLO_50\runs\detect\train-2\weights\best.pt,42.82,47.8
C:\Users\User\Documents\AI_Robotics Projects\AAU\Summer\Synthetic_Dataset_YOLO_50\runs\detect\train-2\weights\best.pt,44.53,42.5
C:\Users\User\Documents\AI_Robotics Projects\AAU\Summer\Synthetic_Dataset_YOLO_50\runs\detect\train-2\weights\best.pt,55.61,39.3
C:\Users\User\Documents\AI_Robotics Projects\AAU\Summer\Synthetic_Dataset_YOLO_50\runs\detect\train-2\weights\best.pt,50.87,41.7
C:\Users\User\Documents\AI_Robotics Projects\AAU\Summer\Synthetic_Dataset_YOLO_50\runs\detect\train-2\weights\best.pt,45.78,46.2
C:\Users\User\Documents\AI_Robotics Projects\AAU\Summer\Synthetic_Dataset_YOLO_50\runs\detect\train-2\weights\best.pt,43.9,43.3
C:\Users\User\Documents\AI_Robotics Projects\AAU\Summer\Synthetic_Dataset_YOLO_50\runs\detect\train-2\weights\best.pt,44.14,36.2
C:\Users\User\Documents\AI_Robotics Projects\AAU\Summer\Synthetic_Dataset_YOLO_50\runs\detect\train-2\weights\best.pt,55.81,41.5
C:\Users\User\Documents\AI_Robotics Projects\AAU\Summer\Synthetic_Dataset_YOLO_50\runs\detect\train-2\weights\best.pt,59.0,45.0
C:\Users\User\Documents\AI_Robotics Projects\AAU\Summer\Synthetic_Dataset_YOLO_50\runs\detect\train-2\weights\best.pt,43.32,39.8
C:\Users\User\Documents\AI_Robotics Projects\AAU\Summer\Synthetic_Dataset_YOLO_50\runs\detect\train-2\weights\best.pt,44.25,43.9
C:\Users\User\Documents\AI_Robotics Projects\AAU\Summer\Synthetic_Dataset_YOLO_50\runs\detect\train-2\weights\best.pt,42.86,30.1
C:\Users\User\Documents\AI_Robotics Projects\AAU\Summer\Synthetic_Dataset_YOLO_50\runs\detect\train-2\weights\best.pt,44.19,45.7
C:\Users\User\Documents\AI_Robotics Projects\AAU\Summer\Synthetic_Dataset_YOLO_50\runs\detect\train-2\weights\best.pt,43.25,43.5
C:\Users\User\Documents\AI_Robotics Projects\AAU\Summer\Synthetic_Dataset_YOLO_50\runs\detect\train-2\weights\best.pt,41.41,45.2
C:\Users\User\Documents\AI_Robotics Projects\AAU\Summer\Synthetic_Dataset_YOLO_50\runs\detect\train-2\weights\best.pt,42.42,46.0
C:\Users\User\Documents\AI_Robotics Projects\AAU\Summer\Synthetic_Dataset_YOLO_50\runs\detect\train-2\weights\best.pt,43.07,45.3
C:\Users\User\Documents\AI_Robotics Projects\AAU\Summer\Synthetic_Dataset_YOLO_50\runs\detect\train-2\weights\best.pt,44.69,45.2
C:\Users\User\Documents\AI_Robotics Projects\AAU\Summer\Synthetic_Dataset_YOLO_50\runs\detect\train-2\weights\best.pt,66.37,39.0
C:\Users\User\Documents\AI_Robotics Projects\AAU\Summer\Synthetic_Dataset_YOLO_50\runs\detect\train-2\weights\best.pt,59.51,35.8
C:\Users\User\Documents\AI_Robotics Projects\AAU\Summer\Synthetic_Dataset_YOLO_50\runs\detect\train-2\weights\best.pt,49.69,97.9
C:\Users\User\Documents\AI_Robotics Projects\AAU\Summer\Synthetic_Dataset_YOLO_50\runs\detect\train-2\weights\best.pt,55.22,52.6
C:\Users\User\Documents\AI_Robotics Projects\AAU\Summer\Synthetic_Dataset_YOLO_50\runs\detect\train-2\weights\best.pt,56.87,90.4
C:\Users\User\Documents\AI_Robotics Projects\AAU\Summer\Synthetic_Dataset_YOLO_50\runs\detect\train-2\weights\best.pt,53.87,103.4
C:\Users\User\Documents\AI_Robotics Projects\AAU\Summer\Synthetic_Dataset_YOLO_50\runs\detect\train-2\weights\best.pt,46.64,100.4
C:\Users\User\Documents\AI_Robotics Projects\AAU\Summer\Synthetic_Dataset_YOLO_50\runs\detect\train-2\weights\best.pt,43.63,108.6
C:\Users\User\Documents\AI_Robotics Projects\AAU\Summer\Synthetic_Dataset_YOLO_50\runs\detect\train-2\weights\best.pt,43.43,111.7
C:\Users\User\Documents\AI_Robotics Projects\AAU\Summer\Synthetic_Dataset_YOLO_50\runs\detect\train-2\weights\best.pt,42.75,112.5
C:\Users\User\Documents\AI_Robotics Projects\AAU\Summer\Synthetic_Dataset_YOLO_50\runs\detect\train-2\weights\best.pt,44.31,117.2
C:\Users\User\Documents\AI_Robotics Projects\AAU\Summer\Synthetic_Dataset_YOLO_50\runs\detect\train-2\weights\best.pt,42.39,108.5
C:\Users\User\Documents\AI_Robotics Projects\AAU\Summer\Synthetic_Dataset_YOLO_50\runs\detect\train-2\weights\best.pt,42.31,42.4
C:\Users\User\Documents\AI_Robotics Projects\AAU\Summer\Synthetic_Dataset_YOLO_50\runs\detect\train-2\weights\best.pt,43.17,87.0
C:\Users\User\Documents\AI_Robotics Projects\AAU\Summer\Synthetic_Dataset_YOLO_50\runs\detect\train-2\weights\best.pt,41.83,75.3
C:\Users\User\Documents\AI_Robotics Projects\AAU\Summer\Synthetic_Dataset_YOLO_50\runs\detect\train-2\weights\best.pt,43.71,108.7
C:\Users\User\Documents\AI_Robotics Projects\AAU\Summer\Synthetic_Dataset_YOLO_50\runs\detect\train-2\weights\best.pt,40.55,132.8
C:\Users\User\Documents\AI_Robotics Projects\AAU\Summer\Synthetic_Dataset_YOLO_50\runs\detect\train-2\weights\best.pt,52.75,108.4
C:\Users\User\Documents\AI_Robotics Projects\AAU\Summer\Synthetic_Dataset_YOLO_50\runs\detect\train-2\weights\best.pt,43.89,92.7
C:\Users\User\Documents\AI_Robotics Projects\AAU\Summer\Synthetic_Dataset_YOLO_50\runs\detect\train-2\weights\best.pt,44.67,108.7
C:\Users\User\Documents\AI_Robotics Projects\AAU\Summer\Synthetic_Dataset_YOLO_50\runs\detect\train-2\weights\best.pt,44.16,111.5
C:\Users\User\Documents\AI_Robotics Projects\AAU\Summer\Synthetic_Dataset_YOLO_50\runs\detect\train-2\weights\best.pt,46.12,124.3
C:\Users\User\Documents\AI_Robotics Projects\AAU\Summer\Synthetic_Dataset_YOLO_50\runs\detect\train-2\weights\best.pt,41.7,110.7
C:\Users\User\Documents\AI_Robotics Projects\AAU\Summer\Synthetic_Dataset_YOLO_50\runs\detect\train-2\weights\best.pt,46.26,119.8
C:\Users\User\Documents\AI_Robotics Projects\AAU\Summer\Synthetic_Dataset_YOLO_50\runs\detect\train-2\weights\best.pt,52.1,41.1
C:\Users\User\Documents\AI_Robotics Projects\AAU\Summer\Synthetic_Dataset_YOLO_50\runs\detect\train-2\weights\best.pt,49.03,106.4
C:\Users\User\Documents\AI_Robotics Projects\AAU\Summer\Synthetic_Dataset_YOLO_50\runs\detect\train-2\weights\best.pt,45.08,40.2
C:\Users\User\Documents\AI_Robotics Projects\AAU\Summer\Synthetic_Dataset_YOLO_50\runs\detect\train-2\weights\best.pt,43.51,110.7
C:\Users\User\Documents\AI_Robotics Projects\AAU\Summer\Synthetic_Dataset_YOLO_50\runs\detect\train-2\weights\best.pt,46.14,100.6
C:\Users\User\Documents\AI_Robotics Projects\AAU\Summer\Synthetic_Dataset_YOLO_50\runs\detect\train-2\weights\best.pt,45.15,96.7
C:\Users\User\Documents\AI_Robotics Projects\AAU\Summer\Synthetic_Dataset_YOLO_50\runs\detect\train-2\weights\best.pt,52.2,100.1
C:\Users\User\Documents\AI_Robotics Projects\AAU\Summer\Synthetic_Dataset_YOLO_50\runs\detect\train-2\weights\best.pt,66.12,83.4
C:\Users\User\Documents\AI_Robotics Projects\AAU\Summer\Synthetic_Dataset_YOLO_50\runs\detect\train-2\weights\best.pt,44.68,82.9
C:\Users\User\Documents\AI_Robotics Projects\AAU\Summer\Synthetic_Dataset_YOLO_50\runs\detect\train-2\weights\best.pt,44.05,82.9
C:\Users\User\Documents\AI_Robotics Projects\AAU\Summer\Synthetic_Dataset_YOLO_50\runs\detect\train-2\weights\best.pt,43.82,91.5
C:\Users\User\Documents\AI_Robotics Projects\AAU\Summer\Synthetic_Dataset_YOLO_50\runs\detect\train-2\weights\best.pt,45.21,92.7
C:\Users\User\Documents\AI_Robotics Projects\AAU\Summer\Synthetic_Dataset_YOLO_50\runs\detect\train-2\weights\best.pt,42.85,83.8
C:\Users\User\Documents\AI_Robotics Projects\AAU\Summer\Synthetic_Dataset_YOLO_50\runs\detect\train-2\weights\best.pt,45.29,85.0
C:\Users\User\Documents\AI_Robotics Projects\AAU\Summer\Synthetic_Dataset_YOLO_50\runs\detect\train-2\weights\best.pt,42.08,90.6
C:\Users\User\Documents\AI_Robotics Projects\AAU\Summer\Synthetic_Dataset_YOLO_50\runs\detect\train-2\weights\best.pt,42.67,88.1
C:\Users\User\Documents\AI_Robotics Projects\AAU\Summer\Synthetic_Dataset_YOLO_50\runs\detect\train-2\weights\best.pt,44.58,79.6
C:\Users\User\Documents\AI_Robotics Projects\AAU\Summer\Synthetic_Dataset_YOLO_50\runs\detect\train-2\weights\best.pt,45.9,120.4
C:\Users\User\Documents\AI_Robotics Projects\AAU\Summer\Synthetic_Dataset_YOLO_50\runs\detect\train-2\weights\best.pt,54.97,93.6
C:\Users\User\Documents\AI_Robotics Projects\AAU\Summer\Synthetic_Dataset_YOLO_50\runs\detect\train-2\weights\best.pt,49.29,83.4
C:\Users\User\Documents\AI_Robotics Projects\AAU\Summer\Synthetic_Dataset_YOLO_50\runs\detect\train-2\weights\best.pt,46.63,29.9
C:\Users\User\Documents\AI_Robotics Projects\AAU\Summer\Synthetic_Dataset_YOLO_50\runs\detect\train-2\weights\best.pt,44.88,102.7
C:\Users\User\Documents\AI_Robotics Projects\AAU\Summer\Synthetic_Dataset_YOLO_50\runs\detect\train-2\weights\best.pt,43.17,80.1
C:\Users\User\Documents\AI_Robotics Projects\AAU\Summer\Synthetic_Dataset_YOLO_50\runs\detect\train-2\weights\best.pt,45.92,81.4
C:\Users\User\Documents\AI_Robotics Projects\AAU\Summer\Synthetic_Dataset_YOLO_50\runs\detect\train-2\weights\best.pt,44.65,35.1
C:\Users\User\Documents\AI_Robotics Projects\AAU\Summer\Synthetic_Dataset_YOLO_50\runs\detect\train-2\weights\best.pt,46.96,76.7
C:\Users\User\Documents\AI_Robotics Projects\AAU\Summer\Synthetic_Dataset_YOLO_50\runs\detect\train-2\weights\best.pt,46.28,37.2
C:\Users\User\Documents\AI_Robotics Projects\AAU\Summer\Synthetic_Dataset_YOLO_50\runs\detect\train-2\weights\best.pt,54.2,75.4
C:\Users\User\Documents\AI_Robotics Projects\AAU\Summer\Synthetic_Dataset_YOLO_50\runs\detect\train-2\weights\best.pt,52.02,34.5
C:\Users\User\Documents\AI_Robotics Projects\AAU\Summer\Synthetic_Dataset_YOLO_50\runs\detect\train-2\weights\best.pt,67.33,33.3
C:\Users\User\Documents\AI_Robotics Projects\AAU\Summer\Synthetic_Dataset_YOLO_50\runs\detect\train-2\weights\best.pt,53.95,36.9
C:\Users\User\Documents\AI_Robotics Projects\AAU\Summer\Synthetic_Dataset_YOLO_50\runs\detect\train-2\weights\best.pt,52.9,35.9
C:\Users\User\Documents\AI_Robotics Projects\AAU\Summer\Synthetic_Dataset_YOLO_50\runs\detect\train-2\weights\best.pt,46.69,34.7
C:\Users\User\Documents\AI_Robotics Projects\AAU\Summer\Synthetic_Dataset_YOLO_50\runs\detect\train-2\weights\best.pt,45.77,39.4
C:\Users\User\Documents\AI_Robotics Projects\AAU\Summer\Synthetic_Dataset_YOLO_50\runs\detect\train-2\weights\best.pt,46.58,39.0
C:\Users\User\Documents\AI_Robotics Projects\AAU\Summer\Synthetic_Dataset_YOLO_50\runs\detect\train-2\weights\best.pt,68.02,25.6
C:\Users\User\Documents\AI_Robotics Projects\AAU\Summer\Synthetic_Dataset_YOLO_50\runs\detect\train-2\weights\best.pt,55.88,34.0
C:\Users\User\Documents\AI_Robotics Projects\AAU\Summer\Synthetic_Dataset_YOLO_50\runs\detect\train-2\weights\best.pt,56.93,36.7
C:\Users\User\Documents\AI_Robotics Projects\AAU\Summer\Synthetic_Dataset_YOLO_50\runs\detect\train-2\weights\best.pt,48.92,36.7
C:\Users\User\Documents\AI_Robotics Projects\AAU\Summer\Synthetic_Dataset_YOLO_50\runs\detect\train-2\weights\best.pt,53.58,37.5
C:\Users\User\Documents\AI_Robotics Projects\AAU\Summer\Synthetic_Dataset_YOLO_50\runs\detect\train-2\weights\best.pt,57.31,37.4
C:\Users\User\Documents\AI_Robotics Projects\AAU\Summer\Synthetic_Dataset_YOLO_50\runs\detect\train-2\weights\best.pt,52.62,35.6
C:\Users\User\Documents\AI_Robotics Projects\AAU\Summer\Synthetic_Dataset_YOLO_50\runs\detect\train-2\weights\best.pt,48.35,35.1
C:\Users\User\Documents\AI_Robotics Projects\AAU\Summer\Synthetic_Dataset_YOLO_50\runs\detect\train-2\weights\best.pt,47.93,40.4
C:\Users\User\Documents\AI_Robotics Projects\AAU\Summer\Synthetic_Dataset_YOLO_50\runs\detect\train-2\weights\best.pt,51.47,42.5
C:\Users\User\Documents\AI_Robotics Projects\AAU\Summer\Synthetic_Dataset_YOLO_50\runs\detect\train-2\weights\best.pt,53.44,37.4
C:\Users\User\Documents\AI_Robotics Projects\AAU\Summer\Synthetic_Dataset_YOLO_50\runs\detect\train-2\weights\best.pt,54.81,31.6
C:\Users\User\Documents\AI_Robotics Projects\AAU\Summer\Synthetic_Dataset_YOLO_50\runs\detect\train-2\weights\best.pt,51.73,38.6
C:\Users\User\Documents\AI_Robotics Projects\AAU\Summer\Synthetic_Dataset_YOLO_50\runs\detect\train-2\weights\best.pt,50.67,37.2
C:\Users\User\Documents\AI_Robotics Projects\AAU\Summer\Synthetic_Dataset_YOLO_50\runs\detect\train-2\weights\best.pt,52.58,33.6
C:\Users\User\Documents\AI_Robotics Projects\AAU\Summer\Synthetic_Dataset_YOLO_50\runs\detect\train-2\weights\best.pt,55.68,37.3
C:\Users\User\Documents\AI_Robotics Projects\AAU\Summer\Synthetic_Dataset_YOLO_50\runs\detect\train-2\weights\best.pt,50.57,41.3
C:\Users\User\Documents\AI_Robotics Projects\AAU\Summer\Synthetic_Dataset_YOLO_50\runs\detect\train-2\weights\best.pt,52.78,36.3
C:\Users\User\Documents\AI_Robotics Projects\AAU\Summer\Synthetic_Dataset_YOLO_50\runs\detect\train-2\weights\best.pt,52.03,37.2
C:\Users\User\Documents\AI_Robotics Projects\AAU\Summer\Synthetic_Dataset_YOLO_50\runs\detect\train-2\weights\best.pt,48.65,32.3
C:\Users\User\Documents\AI_Robotics Projects\AAU\Summer\Synthetic_Dataset_YOLO_50\runs\detect\train-2\weights\best.pt,51.83,37.5
C:\Users\User\Documents\AI_Robotics Projects\AAU\Summer\Synthetic_Dataset_YOLO_50\runs\detect\train-2\weights\best.pt,62.78,34.5
C:\Users\User\Documents\AI_Robotics Projects\AAU\Summer\Synthetic_Dataset_YOLO_50\runs\detect\train-2\weights\best.pt,48.99,34.6
C:\Users\User\Documents\AI_Robotics Projects\AAU\Summer\Synthetic_Dataset_YOLO_50\runs\detect\train-2\weights\best.pt,47.28,38.7
C:\Users\User\Documents\AI_Robotics Projects\AAU\Summer\Synthetic_Dataset_YOLO_50\runs\detect\train-2\weights\best.pt,47.97,38.9
C:\Users\User\Documents\AI_Robotics Projects\AAU\Summer\Synthetic_Dataset_YOLO_50\runs\detect\train-2\weights\best.pt,69.43,36.3
C:\Users\User\Documents\AI_Robotics Projects\AAU\Summer\Synthetic_Dataset_YOLO_50\runs\detect\train-2\weights\best.pt,54.6,35.2
C:\Users\User\Documents\AI_Robotics Projects\AAU\Summer\Synthetic_Dataset_YOLO_50\runs\detect\train-2\weights\best.pt,47.86,39.1
C:\Users\User\Documents\AI_Robotics Projects\AAU\Summer\Synthetic_Dataset_YOLO_50\runs\detect\train-2\weights\best.pt,47.78,41.1
C:\Users\User\Documents\AI_Robotics Projects\AAU\Summer\Synthetic_Dataset_YOLO_50\runs\detect\train-2\weights\best.pt,46.86,38.9
C:\Users\User\Documents\AI_Robotics Projects\AAU\Summer\Synthetic_Dataset_YOLO_50\runs\detect\train-2\weights\best.pt,46.66,37.9
C:\Users\User\Documents\AI_Robotics Projects\AAU\Summer\Synthetic_Dataset_YOLO_50\runs\detect\train-2\weights\best.pt,45.09,38.3
C:\Users\User\Documents\AI_Robotics Projects\AAU\Summer\Synthetic_Dataset_YOLO_50\runs\detect\train-2\weights\best.pt,46.24,39.4
C:\Users\User\Documents\AI_Robotics Projects\AAU\Summer\Synthetic_Dataset_YOLO_50\runs\detect\train-2\weights\best.pt,44.38,40.8
C:\Users\User\Documents\AI_Robotics Projects\AAU\Summer\Synthetic_Dataset_YOLO_50\runs\detect\train-2\weights\best.pt,46.66,41.2
C:\Users\User\Documents\AI_Robotics Projects\AAU\Summer\Synthetic_Dataset_YOLO_50\runs\detect\train-2\weights\best.pt,43.14,40.7
C:\Users\User\Documents\AI_Robotics Projects\AAU\Summer\Synthetic_Dataset_YOLO_50\runs\detect\train-2\weights\best.pt,45.84,39.0
C:\Users\User\Documents\AI_Robotics Projects\AAU\Summer\Synthetic_Dataset_YOLO_50\runs\detect\train-2\weights\best.pt,47.86,29.0
C:\Users\User\Documents\AI_Robotics Projects\AAU\Summer\Synthetic_Dataset_YOLO_50\runs\detect\train-2\weights\best.pt,45.05,38.1
C:\Users\User\Documents\AI_Robotics Projects\AAU\Summer\Synthetic_Dataset_YOLO_50\runs\detect\train-2\weights\best.pt,44.13,42.9
C:\Users\User\Documents\AI_Robotics Projects\AAU\Summer\Synthetic_Dataset_YOLO_50\runs\detect\train-2\weights\best.pt,45.78,39.5
C:\Users\User\Documents\AI_Robotics Projects\AAU\Summer\Synthetic_Dataset_YOLO_50\runs\detect\train-2\weights\best.pt,65.61,38.0
C:\Users\User\Documents\AI_Robotics Projects\AAU\Summer\Synthetic_Dataset_YOLO_50\runs\detect\train-2\weights\best.pt,72.04,36.9
C:\Users\User\Documents\AI_Robotics Projects\AAU\Summer\Synthetic_Dataset_YOLO_50\runs\detect\train-2\weights\best.pt,64.84,34.9
C:\Users\User\Documents\AI_Robotics Projects\AAU\Summer\Synthetic_Dataset_YOLO_50\runs\detect\train-2\weights\best.pt,62.06,37.7
C:\Users\User\Documents\AI_Robotics Projects\AAU\Summer\Synthetic_Dataset_YOLO_50\runs\detect\train-2\weights\best.pt,63.1,36.1
C:\Users\User\Documents\AI_Robotics Projects\AAU\Summer\Synthetic_Dataset_YOLO_50\runs\detect\train-2\weights\best.pt,67.84,35.2
C:\Users\User\Documents\AI_Robotics Projects\AAU\Summer\Synthetic_Dataset_YOLO_50\runs\detect\train-2\weights\best.pt,73.8,36.3
C:\Users\User\Documents\AI_Robotics Projects\AAU\Summer\Synthetic_Dataset_YOLO_50\runs\detect\train-2\weights\best.pt,80.57,35.6
C:\Users\User\Documents\AI_Robotics Projects\AAU\Summer\Synthetic_Dataset_YOLO_50\runs\detect\train-2\weights\best.pt,74.68,33.3
C:\Users\User\Documents\AI_Robotics Projects\AAU\Summer\Synthetic_Dataset_YOLO_50\runs\detect\train-2\weights\best.pt,81.59,32.2
C:\Users\User\Documents\AI_Robotics Projects\AAU\Summer\Synthetic_Dataset_YOLO_50\runs\detect\train-2\weights\best.pt,76.07,33.8
C:\Users\User\Documents\AI_Robotics Projects\AAU\Summer\Synthetic_Dataset_YOLO_50\runs\detect\train-2\weights\best.pt,74.96,33.2
C:\Users\User\Documents\AI_Robotics Projects\AAU\Summer\Synthetic_Dataset_YOLO_50\runs\detect\train-2\weights\best.pt,72.38,34.2
C:\Users\User\Documents\AI_Robotics Projects\AAU\Summer\Synthetic_Dataset_YOLO_50\runs\detect\train-2\weights\best.pt,65.15,33.7
C:\Users\User\Documents\AI_Robotics Projects\AAU\Summer\Synthetic_Dataset_YOLO_50\runs\detect\train-2\weights\best.pt,59.58,37.7
C:\Users\User\Documents\AI_Robotics Projects\AAU\Summer\Synthetic_Dataset_YOLO_50\runs\detect\train-2\weights\best.pt,52.23,40.9
C:\Users\User\Documents\AI_Robotics Projects\AAU\Summer\Synthetic_Dataset_YOLO_50\runs\detect\train-2\weights\best.pt,47.24,37.8
C:\Users\User\Documents\AI_Robotics Projects\AAU\Summer\Synthetic_Dataset_YOLO_50\runs\detect\train-2\weights\best.pt,54.39,36.2
C:\Users\User\Documents\AI_Robotics Projects\AAU\Summer\Synthetic_Dataset_YOLO_50\runs\detect\train-2\weights\best.pt,51.77,37.7
C:\Users\User\Documents\AI_Robotics Projects\AAU\Summer\Synthetic_Dataset_YOLO_50\runs\detect\train-2\weights\best.pt,45.07,36.7
C:\Users\User\Documents\AI_Robotics Projects\AAU\Summer\Synthetic_Dataset_YOLO_50\runs\detect\train-2\weights\best.pt,42.97,41.8
C:\Users\User\Documents\AI_Robotics Projects\AAU\Summer\Synthetic_Dataset_YOLO_50\runs\detect\train-2\weights\best.pt,43.95,36.6
C:\Users\User\Documents\AI_Robotics Projects\AAU\Summer\Synthetic_Dataset_YOLO_50\runs\detect\train-2\weights\best.pt,43.85,40.3
C:\Users\User\Documents\AI_Robotics Projects\AAU\Summer\Synthetic_Dataset_YOLO_50\runs\detect\train-2\weights\best.pt,42.84,41.3
C:\Users\User\Documents\AI_Robotics Projects\AAU\Summer\Synthetic_Dataset_YOLO_50\runs\detect\train-2\weights\best.pt,49.16,41.3
C:\Users\User\Documents\AI_Robotics Projects\AAU\Summer\Synthetic_Dataset_YOLO_50\runs\detect\train-2\weights\best.pt,44.12,43.1
C:\Users\User\Documents\AI_Robotics Projects\AAU\Summer\Synthetic_Dataset_YOLO_50\runs\detect\train-2\weights\best.pt,44.57,45.4
C:\Users\User\Documents\AI_Robotics Projects\AAU\Summer\Synthetic_Dataset_YOLO_50\runs\detect\train-2\weights\best.pt,41.58,26.2
C:\Users\User\Documents\AI_Robotics Projects\AAU\Summer\Synthetic_Dataset_YOLO_50\runs\detect\train-2\weights\best.pt,61.13,36.9
C:\Users\User\Documents\AI_Robotics Projects\AAU\Summer\Synthetic_Dataset_YOLO_50\runs\detect\train-2\weights\best.pt,45.33,35.8
C:\Users\User\Documents\AI_Robotics Projects\AAU\Summer\Synthetic_Dataset_YOLO_50\runs\detect\train-2\weights\best.pt,44.07,40.9
C:\Users\User\Documents\AI_Robotics Projects\AAU\Summer\Synthetic_Dataset_YOLO_50\runs\detect\train-2\weights\best.pt,44.55,43.3
C:\Users\User\Documents\AI_Robotics Projects\AAU\Summer\Synthetic_Dataset_YOLO_50\runs\detect\train-2\weights\best.pt,44.77,41.8
C:\Users\User\Documents\AI_Robotics Projects\AAU\Summer\Synthetic_Dataset_YOLO_50\runs\detect\train-2\weights\best.pt,46.03,42.7
C:\Users\User\Documents\AI_Robotics Projects\AAU\Summer\Synthetic_Dataset_YOLO_50\runs\detect\train-2\weights\best.pt,43.4,42.0
C:\Users\User\Documents\AI_Robotics Projects\AAU\Summer\Synthetic_Dataset_YOLO_50\runs\detect\train-2\weights\best.pt,44.03,41.6
C:\Users\User\Documents\AI_Robotics Projects\AAU\Summer\Synthetic_Dataset_YOLO_50\runs\detect\train-2\weights\best.pt,55.64,41.7
C:\Users\User\Documents\AI_Robotics Projects\AAU\Summer\Synthetic_Dataset_YOLO_50\runs\detect\train-2\weights\best.pt,63.78,35.7
C:\Users\User\Documents\AI_Robotics Projects\AAU\Summer\Synthetic_Dataset_YOLO_50\runs\detect\train-2\weights\best.pt,63.82,36.9
C:\Users\User\Documents\AI_Robotics Projects\AAU\Summer\Synthetic_Dataset_YOLO_50\runs\detect\train-2\weights\best.pt,52.69,37.8
C:\Users\User\Documents\AI_Robotics Projects\AAU\Summer\Synthetic_Dataset_YOLO_50\runs\detect\train-2\weights\best.pt,47.32,40.3
C:\Users\User\Documents\AI_Robotics Projects\AAU\Summer\Synthetic_Dataset_YOLO_50\runs\detect\train-2\weights\best.pt,46.51,38.9
C:\Users\User\Documents\AI_Robotics Projects\AAU\Summer\Synthetic_Dataset_YOLO_50\runs\detect\train-2\weights\best.pt,48.65,43.6
C:\Users\User\Documents\AI_Robotics Projects\AAU\Summer\Synthetic_Dataset_YOLO_50\runs\detect\train-2\weights\best.pt,48.9,44.7
C:\Users\User\Documents\AI_Robotics Projects\AAU\Summer\Synthetic_Dataset_YOLO_50\runs\detect\train-2\weights\best.pt,44.6,40.2
C:\Users\User\Documents\AI_Robotics Projects\AAU\Summer\Synthetic_Dataset_YOLO_50\runs\detect\train-2\weights\best.pt,41.34,42.8
C:\Users\User\Documents\AI_Robotics Projects\AAU\Summer\Synthetic_Dataset_YOLO_50\runs\detect\train-2\weights\best.pt,41.68,45.2
C:\Users\User\Documents\AI_Robotics Projects\AAU\Summer\Synthetic_Dataset_YOLO_50\runs\detect\train-2\weights\best.pt,42.94,27.7
C:\Users\User\Documents\AI_Robotics Projects\AAU\Summer\Synthetic_Dataset_YOLO_50\runs\detect\train-2\weights\best.pt,44.29,42.1
C:\Users\User\Documents\AI_Robotics Projects\AAU\Summer\Synthetic_Dataset_YOLO_50\runs\detect\train-2\weights\best.pt,41.92,34.4
C:\Users\User\Documents\AI_Robotics Projects\AAU\Summer\Synthetic_Dataset_YOLO_50\runs\detect\train-2\weights\best.pt,43.0,37.3
C:\Users\User\Documents\AI_Robotics Projects\AAU\Summer\Synthetic_Dataset_YOLO_50\runs\detect\train-2\weights\best.pt,45.1,47.5
C:\Users\User\Documents\AI_Robotics Projects\AAU\Summer\Synthetic_Dataset_YOLO_50\runs\detect\train-2\weights\best.pt,45.96,41.6
C:\Users\User\Documents\AI_Robotics Projects\AAU\Summer\Synthetic_Dataset_YOLO_50\runs\detect\train-2\weights\best.pt,44.97,49.4
C:\Users\User\Documents\AI_Robotics Projects\AAU\Summer\Synthetic_Dataset_YOLO_50\runs\detect\train-2\weights\best.pt,42.79,45.1
C:\Users\User\Documents\AI_Robotics Projects\AAU\Summer\Synthetic_Dataset_YOLO_50\runs\detect\train-2\weights\best.pt,42.78,44.3
C:\Users\User\Documents\AI_Robotics Projects\AAU\Summer\Synthetic_Dataset_YOLO_50\runs\detect\train-2\weights\best.pt,41.88,46.8
C:\Users\User\Documents\AI_Robotics Projects\AAU\Summer\Synthetic_Dataset_YOLO_50\runs\detect\train-2\weights\best.pt,65.07,42.4
C:\Users\User\Documents\AI_Robotics Projects\AAU\Summer\Synthetic_Dataset_YOLO_50\runs\detect\train-2\weights\best.pt,48.29,36.3
C:\Users\User\Documents\AI_Robotics Projects\AAU\Summer\Synthetic_Dataset_YOLO_50\runs\detect\train-2\weights\best.pt,42.91,42.8
C:\Users\User\Documents\AI_Robotics Projects\AAU\Summer\Synthetic_Dataset_YOLO_50\runs\detect\train-2\weights\best.pt,53.04,41.6
C:\Users\User\Documents\AI_Robotics Projects\AAU\Summer\Synthetic_Dataset_YOLO_50\runs\detect\train-2\weights\best.pt,47.11,38.0
C:\Users\User\Documents\AI_Robotics Projects\AAU\Summer\Synthetic_Dataset_YOLO_50\runs\detect\train-2\weights\best.pt,53.61,40.4
C:\Users\User\Documents\AI_Robotics Projects\AAU\Summer\Synthetic_Dataset_YOLO_50\runs\detect\train-2\weights\best.pt,45.43,43.7
C:\Users\User\Documents\AI_Robotics Projects\AAU\Summer\Synthetic_Dataset_YOLO_50\runs\detect\train-2\weights\best.pt,43.4,43.7
C:\Users\User\Documents\AI_Robotics Projects\AAU\Summer\Synthetic_Dataset_YOLO_50\runs\detect\train-2\weights\best.pt,43.63,41.5
C:\Users\User\Documents\AI_Robotics Projects\AAU\Summer\Synthetic_Dataset_YOLO_50\runs\detect\train-2\weights\best.pt,41.91,43.4
C:\Users\User\Documents\AI_Robotics Projects\AAU\Summer\Synthetic_Dataset_YOLO_50\runs\detect\train-2\weights\best.pt,43.01,45.3
C:\Users\User\Documents\AI_Robotics Projects\AAU\Summer\Synthetic_Dataset_YOLO_50\runs\detect\train-2\weights\best.pt,43.58,42.3
C:\Users\User\Documents\AI_Robotics Projects\AAU\Summer\Synthetic_Dataset_YOLO_50\runs\detect\train-2\weights\best.pt,41.58,45.4
C:\Users\User\Documents\AI_Robotics Projects\AAU\Summer\Synthetic_Dataset_YOLO_50\runs\detect\train-2\weights\best.pt,44.27,42.2
C:\Users\User\Documents\AI_Robotics Projects\AAU\Summer\Synthetic_Dataset_YOLO_50\runs\detect\train-2\weights\best.pt,42.28,43.0
C:\Users\User\Documents\AI_Robotics Projects\AAU\Summer\Synthetic_Dataset_YOLO_50\runs\detect\train-2\weights\best.pt,42.37,41.0
C:\Users\User\Documents\AI_Robotics Projects\AAU\Summer\Synthetic_Dataset_YOLO_50\runs\detect\train-2\weights\best.pt,41.31,43.0
C:\Users\User\Documents\AI_Robotics Projects\AAU\Summer\Synthetic_Dataset_YOLO_50\runs\detect\train-2\weights\best.pt,69.64,40.6
C:\Users\User\Documents\AI_Robotics Projects\AAU\Summer\Synthetic_Dataset_YOLO_50\runs\detect\train-2\weights\best.pt,52.96,35.7
C:\Users\User\Documents\AI_Robotics Projects\AAU\Summer\Synthetic_Dataset_YOLO_50\runs\detect\train-2\weights\best.pt,50.25,37.2
C:\Users\User\Documents\AI_Robotics Projects\AAU\Summer\Synthetic_Dataset_YOLO_50\runs\detect\train-2\weights\best.pt,42.85,40.8
C:\Users\User\Documents\AI_Robotics Projects\AAU\Summer\Synthetic_Dataset_YOLO_50\runs\detect\train-2\weights\best.pt,43.66,39.5
C:\Users\User\Documents\AI_Robotics Projects\AAU\Summer\Synthetic_Dataset_YOLO_50\runs\detect\train-2\weights\best.pt,44.05,39.4
C:\Users\User\Documents\AI_Robotics Projects\AAU\Summer\Synthetic_Dataset_YOLO_50\runs\detect\train-2\weights\best.pt,43.32,41.0
C:\Users\User\Documents\AI_Robotics Projects\AAU\Summer\Synthetic_Dataset_YOLO_50\runs\detect\train-2\weights\best.pt,48.45,43.6
C:\Users\User\Documents\AI_Robotics Projects\AAU\Summer\Synthetic_Dataset_YOLO_50\runs\detect\train-2\weights\best.pt,52.88,38.5
C:\Users\User\Documents\AI_Robotics Projects\AAU\Summer\Synthetic_Dataset_YOLO_50\runs\detect\train-2\weights\best.pt,70.76,36.6
C:\Users\User\Documents\AI_Robotics Projects\AAU\Summer\Synthetic_Dataset_YOLO_50\runs\detect\train-2\weights\best.pt,46.18,34.3
C:\Users\User\Documents\AI_Robotics Projects\AAU\Summer\Synthetic_Dataset_YOLO_50\runs\detect\train-2\weights\best.pt,45.11,39.1
C:\Users\User\Documents\AI_Robotics Projects\AAU\Summer\Synthetic_Dataset_YOLO_50\runs\detect\train-2\weights\best.pt,46.52,40.4
C:\Users\User\Documents\AI_Robotics Projects\AAU\Summer\Synthetic_Dataset_YOLO_50\runs\detect\train-2\weights\best.pt,42.91,41.6
C:\Users\User\Documents\AI_Robotics Projects\AAU\Summer\Synthetic_Dataset_YOLO_50\runs\detect\train-2\weights\best.pt,44.89,30.6
C:\Users\User\Documents\AI_Robotics Projects\AAU\Summer\Synthetic_Dataset_YOLO_50\runs\detect\train-2\weights\best.pt,40.37,45.0
C:\Users\User\Documents\AI_Robotics Projects\AAU\Summer\Synthetic_Dataset_YOLO_50\runs\detect\train-2\weights\best.pt,44.67,40.8
C:\Users\User\Documents\AI_Robotics Projects\AAU\Summer\Synthetic_Dataset_YOLO_50\runs\detect\train-2\weights\best.pt,43.7,43.5
C:\Users\User\Documents\AI_Robotics Projects\AAU\Summer\Synthetic_Dataset_YOLO_50\runs\detect\train-2\weights\best.pt,43.04,41.7
C:\Users\User\Documents\AI_Robotics Projects\AAU\Summer\Synthetic_Dataset_YOLO_50\runs\detect\train-2\weights\best.pt,44.74,42.4
C:\Users\User\Documents\AI_Robotics Projects\AAU\Summer\Synthetic_Dataset_YOLO_50\runs\detect\train-2\weights\best.pt,77.92,41.6
C:\Users\User\Documents\AI_Robotics Projects\AAU\Summer\Synthetic_Dataset_YOLO_50\runs\detect\train-2\weights\best.pt,71.17,33.2
C:\Users\User\Documents\AI_Robotics Projects\AAU\Summer\Synthetic_Dataset_YOLO_50\runs\detect\train-2\weights\best.pt,70.14,30.7
C:\Users\User\Documents\AI_Robotics Projects\AAU\Summer\Synthetic_Dataset_YOLO_50\runs\detect\train-2\weights\best.pt,44.54,40.3
C:\Users\User\Documents\AI_Robotics Projects\AAU\Summer\Synthetic_Dataset_YOLO_50\runs\detect\train-2\weights\best.pt,44.99,43.8
C:\Users\User\Documents\AI_Robotics Projects\AAU\Summer\Synthetic_Dataset_YOLO_50\runs\detect\train-2\weights\best.pt,53.3,35.4
C:\Users\User\Documents\AI_Robotics Projects\AAU\Summer\Synthetic_Dataset_YOLO_50\runs\detect\train-2\weights\best.pt,70.14,33.3
C:\Users\User\Documents\AI_Robotics Projects\AAU\Summer\Synthetic_Dataset_YOLO_50\runs\detect\train-2\weights\best.pt,67.78,30.5
C:\Users\User\Documents\AI_Robotics Projects\AAU\Summer\Synthetic_Dataset_YOLO_50\runs\detect\train-2\weights\best.pt,82.26,31.9
C:\Users\User\Documents\AI_Robotics Projects\AAU\Summer\Synthetic_Dataset_YOLO_50\runs\detect\train-2\weights\best.pt,73.47,33.8
C:\Users\User\Documents\AI_Robotics Projects\AAU\Summer\Synthetic_Dataset_YOLO_50\runs\detect\train-2\weights\best.pt,71.15,30.2
C:\Users\User\Documents\AI_Robotics Projects\AAU\Summer\Synthetic_Dataset_YOLO_50\runs\detect\train-2\weights\best.pt,51.97,40.6
C:\Users\User\Documents\AI_Robotics Projects\AAU\Summer\Synthetic_Dataset_YOLO_50\runs\detect\train-2\weights\best.pt,50.77,37.5
C:\Users\User\Documents\AI_Robotics Projects\AAU\Summer\Synthetic_Dataset_YOLO_50\runs\detect\train-2\weights\best.pt,78.22,36.5
C:\Users\User\Documents\AI_Robotics Projects\AAU\Summer\Synthetic_Dataset_YOLO_50\runs\detect\train-2\weights\best.pt,70.75,33.7
C:\Users\User\Documents\AI_Robotics Projects\AAU\Summer\Synthetic_Dataset_YOLO_50\runs\detect\train-2\weights\best.pt,56.14,31.6
C:\Users\User\Documents\AI_Robotics Projects\AAU\Summer\Synthetic_Dataset_YOLO_50\runs\detect\train-2\weights\best.pt,50.72,41.2
C:\Users\User\Documents\AI_Robotics Projects\AAU\Summer\Synthetic_Dataset_YOLO_50\runs\detect\train-2\weights\best.pt,45.53,38.4
C:\Users\User\Documents\AI_Robotics Projects\AAU\Summer\Synthetic_Dataset_YOLO_50\runs\detect\train-2\weights\best.pt,44.67,38.6
C:\Users\User\Documents\AI_Robotics Projects\AAU\Summer\Synthetic_Dataset_YOLO_50\runs\detect\train-2\weights\best.pt,46.42,38.9
C:\Users\User\Documents\AI_Robotics Projects\AAU\Summer\Synthetic_Dataset_YOLO_50\runs\detect\train-2\weights\best.pt,43.48,27.9
C:\Users\User\Documents\AI_Robotics Projects\AAU\Summer\Synthetic_Dataset_YOLO_50\runs\detect\train-2\weights\best.pt,42.46,24.4
C:\Users\User\Documents\AI_Robotics Projects\AAU\Summer\Synthetic_Dataset_YOLO_50\runs\detect\train-2\weights\best.pt,43.58,40.4
C:\Users\User\Documents\AI_Robotics Projects\AAU\Summer\Synthetic_Dataset_YOLO_50\runs\detect\train-2\weights\best.pt,43.88,41.3
C:\Users\User\Documents\AI_Robotics Projects\AAU\Summer\Synthetic_Dataset_YOLO_50\runs\detect\train-2\weights\best.pt,46.27,42.8
C:\Users\User\Documents\AI_Robotics Projects\AAU\Summer\Synthetic_Dataset_YOLO_50\runs\detect\train-2\weights\best.pt,42.88,38.4
C:\Users\User\Documents\AI_Robotics Projects\AAU\Summer\Synthetic_Dataset_YOLO_50\runs\detect\train-2\weights\best.pt,49.29,40.6
C:\Users\User\Documents\AI_Robotics Projects\AAU\Summer\Synthetic_Dataset_YOLO_50\runs\detect\train-2\weights\best.pt,51.53,39.5
C:\Users\User\Documents\AI_Robotics Projects\AAU\Summer\Synthetic_Dataset_YOLO_50\runs\detect\train-2\weights\best.pt,54.27,37.3
C:\Users\User\Documents\AI_Robotics Projects\AAU\Summer\Synthetic_Dataset_YOLO_50\runs\detect\train-2\weights\best.pt,46.99,41.6
C:\Users\User\Documents\AI_Robotics Projects\AAU\Summer\Synthetic_Dataset_YOLO_50\runs\detect\train-2\weights\best.pt,46.02,39.0
C:\Users\User\Documents\AI_Robotics Projects\AAU\Summer\Synthetic_Dataset_YOLO_50\runs\detect\train-2\weights\best.pt,43.62,36.6
C:\Users\User\Documents\AI_Robotics Projects\AAU\Summer\Synthetic_Dataset_YOLO_50\runs\detect\train-2\weights\best.pt,43.6,37.6
C:\Users\User\Documents\AI_Robotics Projects\AAU\Summer\Synthetic_Dataset_YOLO_50\runs\detect\train-2\weights\best.pt,46.06,41.9
C:\Users\User\Documents\AI_Robotics Projects\AAU\Summer\Synthetic_Dataset_YOLO_50\runs\detect\train-2\weights\best.pt,43.98,39.7
C:\Users\User\Documents\AI_Robotics Projects\AAU\Summer\Synthetic_Dataset_YOLO_50\runs\detect\train-2\weights\best.pt,44.08,38.7
C:\Users\User\Documents\AI_Robotics Projects\AAU\Summer\Synthetic_Dataset_YOLO_50\runs\detect\train-2\weights\best.pt,42.35,37.7
C:\Users\User\Documents\AI_Robotics Projects\AAU\Summer\Synthetic_Dataset_YOLO_50\runs\detect\train-2\weights\best.pt,67.39,39.4
C:\Users\User\Documents\AI_Robotics Projects\AAU\Summer\Synthetic_Dataset_YOLO_50\runs\detect\train-2\weights\best.pt,54.24,33.1
C:\Users\User\Documents\AI_Robotics Projects\AAU\Summer\Synthetic_Dataset_YOLO_50\runs\detect\train-2\weights\best.pt,43.97,37.3
C:\Users\User\Documents\AI_Robotics Projects\AAU\Summer\Synthetic_Dataset_YOLO_50\runs\detect\train-2\weights\best.pt,44.14,27.2
C:\Users\User\Documents\AI_Robotics Projects\AAU\Summer\Synthetic_Dataset_YOLO_50\runs\detect\train-2\weights\best.pt,42.99,37.2
C:\Users\User\Documents\AI_Robotics Projects\AAU\Summer\Synthetic_Dataset_YOLO_50\runs\detect\train-2\weights\best.pt,44.45,41.4
C:\Users\User\Documents\AI_Robotics Projects\AAU\Summer\Synthetic_Dataset_YOLO_50\runs\detect\train-2\weights\best.pt,45.0,37.6
C:\Users\User\Documents\AI_Robotics Projects\AAU\Summer\Synthetic_Dataset_YOLO_50\runs\detect\train-2\weights\best.pt,42.93,40.0
C:\Users\User\Documents\AI_Robotics Projects\AAU\Summer\Synthetic_Dataset_YOLO_50\runs\detect\train-2\weights\best.pt,43.47,41.5
C:\Users\User\Documents\AI_Robotics Projects\AAU\Summer\Synthetic_Dataset_YOLO_50\runs\detect\train-2\weights\best.pt,44.86,40.3
C:\Users\User\Documents\AI_Robotics Projects\AAU\Summer\Synthetic_Dataset_YOLO_50\runs\detect\train-2\weights\best.pt,43.24,39.0
C:\Users\User\Documents\AI_Robotics Projects\AAU\Summer\Synthetic_Dataset_YOLO_50\runs\detect\train-2\weights\best.pt,59.76,38.2
C:\Users\User\Documents\AI_Robotics Projects\AAU\Summer\Synthetic_Dataset_YOLO_50\runs\detect\train-2\weights\best.pt,49.6,34.0
C:\Users\User\Documents\AI_Robotics Projects\AAU\Summer\Synthetic_Dataset_YOLO_50\runs\detect\train-2\weights\best.pt,46.57,40.3
C:\Users\User\Documents\AI_Robotics Projects\AAU\Summer\Synthetic_Dataset_YOLO_50\runs\detect\train-2\weights\best.pt,43.25,39.9
C:\Users\User\Documents\AI_Robotics Projects\AAU\Summer\Synthetic_Dataset_YOLO_50\runs\detect\train-2\weights\best.pt,40.41,39.2
C:\Users\User\Documents\AI_Robotics Projects\AAU\Summer\Synthetic_Dataset_YOLO_50\runs\detect\train-2\weights\best.pt,50.37,39.1
C:\Users\User\Documents\AI_Robotics Projects\AAU\Summer\Synthetic_Dataset_YOLO_50\runs\detect\train-2\weights\best.pt,54.74,35.2
C:\Users\User\Documents\AI_Robotics Projects\AAU\Summer\Synthetic_Dataset_YOLO_50\runs\detect\train-2\weights\best.pt,55.61,36.9
C:\Users\User\Documents\AI_Robotics Projects\AAU\Summer\Synthetic_Dataset_YOLO_50\runs\detect\train-2\weights\best.pt,52.88,35.5
C:\Users\User\Documents\AI_Robotics Projects\AAU\Summer\Synthetic_Dataset_YOLO_50\runs\detect\train-2\weights\best.pt,57.19,34.6
C:\Users\User\Documents\AI_Robotics Projects\AAU\Summer\Synthetic_Dataset_YOLO_50\runs\detect\train-2\weights\best.pt,52.26,36.3
C:\Users\User\Documents\AI_Robotics Projects\AAU\Summer\Synthetic_Dataset_YOLO_50\runs\detect\train-2\weights\best.pt,52.91,36.5
C:\Users\User\Documents\AI_Robotics Projects\AAU\Summer\Synthetic_Dataset_YOLO_50\runs\detect\train-2\weights\best.pt,48.69,35.4
C:\Users\User\Documents\AI_Robotics Projects\AAU\Summer\Synthetic_Dataset_YOLO_50\runs\detect\train-2\weights\best.pt,43.86,37.1
C:\Users\User\Documents\AI_Robotics Projects\AAU\Summer\Synthetic_Dataset_YOLO_50\runs\detect\train-2\weights\best.pt,70.28,34.0
C:\Users\User\Documents\AI_Robotics Projects\AAU\Summer\Synthetic_Dataset_YOLO_50\runs\detect\train-2\weights\best.pt,71.86,32.8
C:\Users\User\Documents\AI_Robotics Projects\AAU\Summer\Synthetic_Dataset_YOLO_50\runs\detect\train-2\weights\best.pt,65.44,32.2
C:\Users\User\Documents\AI_Robotics Projects\AAU\Summer\Synthetic_Dataset_YOLO_50\runs\detect\train-2\weights\best.pt,71.22,32.8
C:\Users\User\Documents\AI_Robotics Projects\AAU\Summer\Synthetic_Dataset_YOLO_50\runs\detect\train-2\weights\best.pt,75.27,32.0
C:\Users\User\Documents\AI_Robotics Projects\AAU\Summer\Synthetic_Dataset_YOLO_50\runs\detect\train-2\weights\best.pt,75.39,32.2
C:\Users\User\Documents\AI_Robotics Projects\AAU\Summer\Synthetic_Dataset_YOLO_50\runs\detect\train-2\weights\best.pt,71.26,31.2
C:\Users\User\Documents\AI_Robotics Projects\AAU\Summer\Synthetic_Dataset_YOLO_50\runs\detect\train-2\weights\best.pt,52.83,32.6
C:\Users\User\Documents\AI_Robotics Projects\AAU\Summer\Synthetic_Dataset_YOLO_50\runs\detect\train-2\weights\best.pt,45.02,38.6
C:\Users\User\Documents\AI_Robotics Projects\AAU\Summer\Synthetic_Dataset_YOLO_50\runs\detect\train-2\weights\best.pt,44.51,39.2
C:\Users\User\Documents\AI_Robotics Projects\AAU\Summer\Synthetic_Dataset_YOLO_50\runs\detect\train-2\weights\best.pt,44.5,38.0
C:\Users\User\Documents\AI_Robotics Projects\AAU\Summer\Synthetic_Dataset_YOLO_50\runs\detect\train-2\weights\best.pt,44.61,38.4
C:\Users\User\Documents\AI_Robotics Projects\AAU\Summer\Synthetic_Dataset_YOLO_50\runs\detect\train-2\weights\best.pt,44.6,36.7
C:\Users\User\Documents\AI_Robotics Projects\AAU\Summer\Synthetic_Dataset_YOLO_50\runs\detect\train-2\weights\best.pt,45.74,41.6
C:\Users\User\Documents\AI_Robotics Projects\AAU\Summer\Synthetic_Dataset_YOLO_50\runs\detect\train-2\weights\best.pt,43.05,25.7
C:\Users\User\Documents\AI_Robotics Projects\AAU\Summer\Synthetic_Dataset_YOLO_50\runs\detect\train-2\weights\best.pt,43.16,41.0
C:\Users\User\Documents\AI_Robotics Projects\AAU\Summer\Synthetic_Dataset_YOLO_50\runs\detect\train-2\weights\best.pt,57.5,37.7
C:\Users\User\Documents\AI_Robotics Projects\AAU\Summer\Synthetic_Dataset_YOLO_50\runs\detect\train-2\weights\best.pt,55.88,33.9
C:\Users\User\Documents\AI_Robotics Projects\AAU\Summer\Synthetic_Dataset_YOLO_50\runs\detect\train-2\weights\best.pt,51.2,34.6
C:\Users\User\Documents\AI_Robotics Projects\AAU\Summer\Synthetic_Dataset_YOLO_50\runs\detect\train-2\weights\best.pt,51.33,34.7
C:\Users\User\Documents\AI_Robotics Projects\AAU\Summer\Synthetic_Dataset_YOLO_50\runs\detect\train-2\weights\best.pt,52.46,34.6
C:\Users\User\Documents\AI_Robotics Projects\AAU\Summer\Synthetic_Dataset_YOLO_50\runs\detect\train-2\weights\best.pt,50.61,34.9
C:\Users\User\Documents\AI_Robotics Projects\AAU\Summer\Synthetic_Dataset_YOLO_50\runs\detect\train-2\weights\best.pt,54.27,37.8
C:\Users\User\Documents\AI_Robotics Projects\AAU\Summer\Synthetic_Dataset_YOLO_50\runs\detect\train-2\weights\best.pt,62.72,33.1
C:\Users\User\Documents\AI_Robotics Projects\AAU\Summer\Synthetic_Dataset_YOLO_50\runs\detect\train-2\weights\best.pt,66.82,32.5
C:\Users\User\Documents\AI_Robotics Projects\AAU\Summer\Synthetic_Dataset_YOLO_50\runs\detect\train-2\weights\best.pt,71.65,32.3
C:\Users\User\Documents\AI_Robotics Projects\AAU\Summer\Synthetic_Dataset_YOLO_50\runs\detect\train-2\weights\best.pt,67.04,30.5
C:\Users\User\Documents\AI_Robotics Projects\AAU\Summer\Synthetic_Dataset_YOLO_50\runs\detect\train-2\weights\best.pt,50.09,33.2
C:\Users\User\Documents\AI_Robotics Projects\AAU\Summer\Synthetic_Dataset_YOLO_50\runs\detect\train-2\weights\best.pt,45.15,35.4
C:\Users\User\Documents\AI_Robotics Projects\AAU\Summer\Synthetic_Dataset_YOLO_50\runs\detect\train-2\weights\best.pt,47.2,37.7
C:\Users\User\Documents\AI_Robotics Projects\AAU\Summer\Synthetic_Dataset_YOLO_50\runs\detect\train-2\weights\best.pt,48.01,33.2
C:\Users\User\Documents\AI_Robotics Projects\AAU\Summer\Synthetic_Dataset_YOLO_50\runs\detect\train-2\weights\best.pt,45.16,37.8
C:\Users\User\Documents\AI_Robotics Projects\AAU\Summer\Synthetic_Dataset_YOLO_50\runs\detect\train-2\weights\best.pt,45.7,38.4
C:\Users\User\Documents\AI_Robotics Projects\AAU\Summer\Synthetic_Dataset_YOLO_50\runs\detect\train-2\weights\best.pt,45.0,35.1
C:\Users\User\Documents\AI_Robotics Projects\AAU\Summer\Synthetic_Dataset_YOLO_50\runs\detect\train-2\weights\best.pt,45.0,38.9
C:\Users\User\Documents\AI_Robotics Projects\AAU\Summer\Synthetic_Dataset_YOLO_50\runs\detect\train-2\weights\best.pt,46.32,39.0
C:\Users\User\Documents\AI_Robotics Projects\AAU\Summer\Synthetic_Dataset_YOLO_50\runs\detect\train-2\weights\best.pt,43.74,36.2
C:\Users\User\Documents\AI_Robotics Projects\AAU\Summer\Synthetic_Dataset_YOLO_50\runs\detect\train-2\weights\best.pt,44.45,38.1
C:\Users\User\Documents\AI_Robotics Projects\AAU\Summer\Synthetic_Dataset_YOLO_50\runs\detect\train-2\weights\best.pt,45.1,38.5
C:\Users\User\Documents\AI_Robotics Projects\AAU\Summer\Synthetic_Dataset_YOLO_50\runs\detect\train-2\weights\best.pt,46.3,24.4
C:\Users\User\Documents\AI_Robotics Projects\AAU\Summer\Synthetic_Dataset_YOLO_50\runs\detect\train-2\weights\best.pt,43.8,41.6
C:\Users\User\Documents\AI_Robotics Projects\AAU\Summer\Synthetic_Dataset_YOLO_50\runs\detect\train-2\weights\best.pt,47.7,34.9
C:\Users\User\Documents\AI_Robotics Projects\AAU\Summer\Synthetic_Dataset_YOLO_50\runs\detect\train-2\weights\best.pt,45.71,37.3
C:\Users\User\Documents\AI_Robotics Projects\AAU\Summer\Synthetic_Dataset_YOLO_50\runs\detect\train-2\weights\best.pt,45.3,37.8
C:\Users\User\Documents\AI_Robotics Projects\AAU\Summer\Synthetic_Dataset_YOLO_50\runs\detect\train-2\weights\best.pt,47.65,42.6
C:\Users\User\Documents\AI_Robotics Projects\AAU\Summer\Synthetic_Dataset_YOLO_50\runs\detect\train-2\weights\best.pt,54.48,36.7
C:\Users\User\Documents\AI_Robotics Projects\AAU\Summer\Synthetic_Dataset_YOLO_50\runs\detect\train-2\weights\best.pt,62.44,37.0
C:\Users\User\Documents\AI_Robotics Projects\AAU\Summer\Synthetic_Dataset_YOLO_50\runs\detect\train-2\weights\best.pt,50.9,34.0
C:\Users\User\Documents\AI_Robotics Projects\AAU\Summer\Synthetic_Dataset_YOLO_50\runs\detect\train-2\weights\best.pt,48.08,36.1
C:\Users\User\Documents\AI_Robotics Projects\AAU\Summer\Synthetic_Dataset_YOLO_50\runs\detect\train-2\weights\best.pt,49.01,39.2
C:\Users\User\Documents\AI_Robotics Projects\AAU\Summer\Synthetic_Dataset_YOLO_50\runs\detect\train-2\weights\best.pt,48.11,38.6
C:\Users\User\Documents\AI_Robotics Projects\AAU\Summer\Synthetic_Dataset_YOLO_50\runs\detect\train-2\weights\best.pt,68.47,39.0
C:\Users\User\Documents\AI_Robotics Projects\AAU\Summer\Synthetic_Dataset_YOLO_50\runs\detect\train-2\weights\best.pt,48.88,30.9
C:\Users\User\Documents\AI_Robotics Projects\AAU\Summer\Synthetic_Dataset_YOLO_50\runs\detect\train-2\weights\best.pt,49.89,37.4
C:\Users\User\Documents\AI_Robotics Projects\AAU\Summer\Synthetic_Dataset_YOLO_50\runs\detect\train-2\weights\best.pt,45.99,39.1
C:\Users\User\Documents\AI_Robotics Projects\AAU\Summer\Synthetic_Dataset_YOLO_50\runs\detect\train-2\weights\best.pt,45.46,38.4
C:\Users\User\Documents\AI_Robotics Projects\AAU\Summer\Synthetic_Dataset_YOLO_50\runs\detect\train-2\weights\best.pt,46.48,35.7
C:\Users\User\Documents\AI_Robotics Projects\AAU\Summer\Synthetic_Dataset_YOLO_50\runs\detect\train-2\weights\best.pt,49.52,36.9
C:\Users\User\Documents\AI_Robotics Projects\AAU\Summer\Synthetic_Dataset_YOLO_50\runs\detect\train-2\weights\best.pt,45.98,34.7
C:\Users\User\Documents\AI_Robotics Projects\AAU\Summer\Synthetic_Dataset_YOLO_50\runs\detect\train-2\weights\best.pt,42.43,41.1
C:\Users\User\Documents\AI_Robotics Projects\AAU\Summer\Synthetic_Dataset_YOLO_50\runs\detect\train-2\weights\best.pt,43.42,39.2
C:\Users\User\Documents\AI_Robotics Projects\AAU\Summer\Synthetic_Dataset_YOLO_50\runs\detect\train-2\weights\best.pt,46.44,36.4
C:\Users\User\Documents\AI_Robotics Projects\AAU\Summer\Synthetic_Dataset_YOLO_50\runs\detect\train-2\weights\best.pt,46.06,42.5
C:\Users\User\Documents\AI_Robotics Projects\AAU\Summer\Synthetic_Dataset_YOLO_50\runs\detect\train-2\weights\best.pt,43.7,37.2
C:\Users\User\Documents\AI_Robotics Projects\AAU\Summer\Synthetic_Dataset_YOLO_50\runs\detect\train-2\weights\best.pt,45.79,35.5
C:\Users\User\Documents\AI_Robotics Projects\AAU\Summer\Synthetic_Dataset_YOLO_50\runs\detect\train-2\weights\best.pt,48.27,37.8
C:\Users\User\Documents\AI_Robotics Projects\AAU\Summer\Synthetic_Dataset_YOLO_50\runs\detect\train-2\weights\best.pt,64.62,33.7
C:\Users\User\Documents\AI_Robotics Projects\AAU\Summer\Synthetic_Dataset_YOLO_50\runs\detect\train-2\weights\best.pt,79.41,31.0
C:\Users\User\Documents\AI_Robotics Projects\AAU\Summer\Synthetic_Dataset_YOLO_50\runs\detect\train-2\weights\best.pt,68.79,33.5
C:\Users\User\Documents\AI_Robotics Projects\AAU\Summer\Synthetic_Dataset_YOLO_50\runs\detect\train-2\weights\best.pt,54.08,33.5
C:\Users\User\Documents\AI_Robotics Projects\AAU\Summer\Synthetic_Dataset_YOLO_50\runs\detect\train-2\weights\best.pt,56.81,35.8
C:\Users\User\Documents\AI_Robotics Projects\AAU\Summer\Synthetic_Dataset_YOLO_50\runs\detect\train-2\weights\best.pt,53.18,33.5
C:\Users\User\Documents\AI_Robotics Projects\AAU\Summer\Synthetic_Dataset_YOLO_50\runs\detect\train-2\weights\best.pt,52.85,35.0
C:\Users\User\Documents\AI_Robotics Projects\AAU\Summer\Synthetic_Dataset_YOLO_50\runs\detect\train-2\weights\best.pt,53.64,36.1
C:\Users\User\Documents\AI_Robotics Projects\AAU\Summer\Synthetic_Dataset_YOLO_50\runs\detect\train-2\weights\best.pt,57.39,34.9
C:\Users\User\Documents\AI_Robotics Projects\AAU\Summer\Synthetic_Dataset_YOLO_50\runs\detect\train-2\weights\best.pt,56.69,35.7
C:\Users\User\Documents\AI_Robotics Projects\AAU\Summer\Synthetic_Dataset_YOLO_50\runs\detect\train-2\weights\best.pt,67.43,36.2
C:\Users\User\Documents\AI_Robotics Projects\AAU\Summer\Synthetic_Dataset_YOLO_50\runs\detect\train-2\weights\best.pt,51.85,69.3
C:\Users\User\Documents\AI_Robotics Projects\AAU\Summer\Synthetic_Dataset_YOLO_50\runs\detect\train-2\weights\best.pt,50.89,39.8
C:\Users\User\Documents\AI_Robotics Projects\AAU\Summer\Synthetic_Dataset_YOLO_50\runs\detect\train-2\weights\best.pt,53.49,70.1
C:\Users\User\Documents\AI_Robotics Projects\AAU\Summer\Synthetic_Dataset_YOLO_50\runs\detect\train-2\weights\best.pt,50.35,36.2
C:\Users\User\Documents\AI_Robotics Projects\AAU\Summer\Synthetic_Dataset_YOLO_50\runs\detect\train-2\weights\best.pt,52.33,38.1
C:\Users\User\Documents\AI_Robotics Projects\AAU\Summer\Synthetic_Dataset_YOLO_50\runs\detect\train-2\weights\best.pt,53.05,64.0
C:\Users\User\Documents\AI_Robotics Projects\AAU\Summer\Synthetic_Dataset_YOLO_50\runs\detect\train-2\weights\best.pt,51.45,38.8
C:\Users\User\Documents\AI_Robotics Projects\AAU\Summer\Synthetic_Dataset_YOLO_50\runs\detect\train-2\weights\best.pt,57.07,39.5
C:\Users\User\Documents\AI_Robotics Projects\AAU\Summer\Synthetic_Dataset_YOLO_50\runs\detect\train-2\weights\best.pt,53.32,35.2
C:\Users\User\Documents\AI_Robotics Projects\AAU\Summer\Synthetic_Dataset_YOLO_50\runs\detect\train-2\weights\best.pt,56.06,37.6
C:\Users\User\Documents\AI_Robotics Projects\AAU\Summer\Synthetic_Dataset_YOLO_50\runs\detect\train-2\weights\best.pt,46.93,35.2
C:\Users\User\Documents\AI_Robotics Projects\AAU\Summer\Synthetic_Dataset_YOLO_50\runs\detect\train-2\weights\best.pt,45.44,38.2
C:\Users\User\Documents\AI_Robotics Projects\AAU\Summer\Synthetic_Dataset_YOLO_50\runs\detect\train-2\weights\best.pt,52.28,41.6
C:\Users\User\Documents\AI_Robotics Projects\AAU\Summer\Synthetic_Dataset_YOLO_50\runs\detect\train-2\weights\best.pt,45.19,38.2
C:\Users\User\Documents\AI_Robotics Projects\AAU\Summer\Synthetic_Dataset_YOLO_50\runs\detect\train-2\weights\best.pt,45.39,33.5
C:\Users\User\Documents\AI_Robotics Projects\AAU\Summer\Synthetic_Dataset_YOLO_50\runs\detect\train-2\weights\best.pt,43.92,41.1
C:\Users\User\Documents\AI_Robotics Projects\AAU\Summer\Synthetic_Dataset_YOLO_50\runs\detect\train-2\weights\best.pt,44.39,39.7
C:\Users\User\Documents\AI_Robotics Projects\AAU\Summer\Synthetic_Dataset_YOLO_50\runs\detect\train-2\weights\best.pt,43.06,40.3
C:\Users\User\Documents\AI_Robotics Projects\AAU\Summer\Synthetic_Dataset_YOLO_50\runs\detect\train-2\weights\best.pt,42.72,42.0
C:\Users\User\Documents\AI_Robotics Projects\AAU\Summer\Synthetic_Dataset_YOLO_50\runs\detect\train-2\weights\best.pt,46.52,39.5
C:\Users\User\Documents\AI_Robotics Projects\AAU\Summer\Synthetic_Dataset_YOLO_50\runs\detect\train-2\weights\best.pt,42.91,45.7
C:\Users\User\Documents\AI_Robotics Projects\AAU\Summer\Synthetic_Dataset_YOLO_50\runs\detect\train-2\weights\best.pt,43.64,38.7
C:\Users\User\Documents\AI_Robotics Projects\AAU\Summer\Synthetic_Dataset_YOLO_50\runs\detect\train-2\weights\best.pt,46.44,40.8
C:\Users\User\Documents\AI_Robotics Projects\AAU\Summer\Synthetic_Dataset_YOLO_50\runs\detect\train-2\weights\best.pt,47.08,44.3
C:\Users\User\Documents\AI_Robotics Projects\AAU\Summer\Synthetic_Dataset_YOLO_50\runs\detect\train-2\weights\best.pt,44.74,42.5
C:\Users\User\Documents\AI_Robotics Projects\AAU\Summer\Synthetic_Dataset_YOLO_50\runs\detect\train-2\weights\best.pt,66.04,42.9
C:\Users\User\Documents\AI_Robotics Projects\AAU\Summer\Synthetic_Dataset_YOLO_50\runs\detect\train-2\weights\best.pt,53.29,34.9
C:\Users\User\Documents\AI_Robotics Projects\AAU\Summer\Synthetic_Dataset_YOLO_50\runs\detect\train-2\weights\best.pt,45.66,41.2
C:\Users\User\Documents\AI_Robotics Projects\AAU\Summer\Synthetic_Dataset_YOLO_50\runs\detect\train-2\weights\best.pt,64.75,37.1
C:\Users\User\Documents\AI_Robotics Projects\AAU\Summer\Synthetic_Dataset_YOLO_50\runs\detect\train-2\weights\best.pt,53.24,35.9
C:\Users\User\Documents\AI_Robotics Projects\AAU\Summer\Synthetic_Dataset_YOLO_50\runs\detect\train-2\weights\best.pt,47.61,39.8
C:\Users\User\Documents\AI_Robotics Projects\AAU\Summer\Synthetic_Dataset_YOLO_50\runs\detect\train-2\weights\best.pt,43.32,46.6
C:\Users\User\Documents\AI_Robotics Projects\AAU\Summer\Synthetic_Dataset_YOLO_50\runs\detect\train-2\weights\best.pt,42.57,40.2
C:\Users\User\Documents\AI_Robotics Projects\AAU\Summer\Synthetic_Dataset_YOLO_50\runs\detect\train-2\weights\best.pt,44.73,39.2
C:\Users\User\Documents\AI_Robotics Projects\AAU\Summer\Synthetic_Dataset_YOLO_50\runs\detect\train-2\weights\best.pt,44.41,42.2
C:\Users\User\Documents\AI_Robotics Projects\AAU\Summer\Synthetic_Dataset_YOLO_50\runs\detect\train-2\weights\best.pt,41.67,39.5
C:\Users\User\Documents\AI_Robotics Projects\AAU\Summer\Synthetic_Dataset_YOLO_50\runs\detect\train-2\weights\best.pt,41.16,42.0
C:\Users\User\Documents\AI_Robotics Projects\AAU\Summer\Synthetic_Dataset_YOLO_50\runs\detect\train-2\weights\best.pt,43.06,45.2
C:\Users\User\Documents\AI_Robotics Projects\AAU\Summer\Synthetic_Dataset_YOLO_50\runs\detect\train-2\weights\best.pt,46.66,41.5
C:\Users\User\Documents\AI_Robotics Projects\AAU\Summer\Synthetic_Dataset_YOLO_50\runs\detect\train-2\weights\best.pt,42.44,40.9
C:\Users\User\Documents\AI_Robotics Projects\AAU\Summer\Synthetic_Dataset_YOLO_50\runs\detect\train-2\weights\best.pt,43.17,39.2
C:\Users\User\Documents\AI_Robotics Projects\AAU\Summer\Synthetic_Dataset_YOLO_50\runs\detect\train-2\weights\best.pt,43.42,45.9
C:\Users\User\Documents\AI_Robotics Projects\AAU\Summer\Synthetic_Dataset_YOLO_50\runs\detect\train-2\weights\best.pt,43.85,39.2
C:\Users\User\Documents\AI_Robotics Projects\AAU\Summer\Synthetic_Dataset_YOLO_50\runs\detect\train-2\weights\best.pt,44.3,34.3
C:\Users\User\Documents\AI_Robotics Projects\AAU\Summer\Synthetic_Dataset_YOLO_50\runs\detect\train-2\weights\best.pt,43.02,41.5
C:\Users\User\Documents\AI_Robotics Projects\AAU\Summer\Synthetic_Dataset_YOLO_50\runs\detect\train-2\weights\best.pt,41.98,49.9
C:\Users\User\Documents\AI_Robotics Projects\AAU\Summer\Synthetic_Dataset_YOLO_50\runs\detect\train-2\weights\best.pt,42.73,37.2
C:\Users\User\Documents\AI_Robotics Projects\AAU\Summer\Synthetic_Dataset_YOLO_50\runs\detect\train-2\weights\best.pt,43.58,42.1
C:\Users\User\Documents\AI_Robotics Projects\AAU\Summer\Synthetic_Dataset_YOLO_50\runs\detect\train-2\weights\best.pt,43.08,42.9
C:\Users\User\Documents\AI_Robotics Projects\AAU\Summer\Synthetic_Dataset_YOLO_50\runs\detect\train-2\weights\best.pt,42.89,45.2
C:\Users\User\Documents\AI_Robotics Projects\AAU\Summer\Synthetic_Dataset_YOLO_50\runs\detect\train-2\weights\best.pt,53.12,38.2
C:\Users\User\Documents\AI_Robotics Projects\AAU\Summer\Synthetic_Dataset_YOLO_50\runs\detect\train-2\weights\best.pt,54.37,38.5
C:\Users\User\Documents\AI_Robotics Projects\AAU\Summer\Synthetic_Dataset_YOLO_50\runs\detect\train-2\weights\best.pt,67.12,39.1
C:\Users\User\Documents\AI_Robotics Projects\AAU\Summer\Synthetic_Dataset_YOLO_50\runs\detect\train-2\weights\best.pt,50.02,33.5
C:\Users\User\Documents\AI_Robotics Projects\AAU\Summer\Synthetic_Dataset_YOLO_50\runs\detect\train-2\weights\best.pt,44.19,38.8
C:\Users\User\Documents\AI_Robotics Projects\AAU\Summer\Synthetic_Dataset_YOLO_50\runs\detect\train-2\weights\best.pt,44.55,42.5
C:\Users\User\Documents\AI_Robotics Projects\AAU\Summer\Synthetic_Dataset_YOLO_50\runs\detect\train-2\weights\best.pt,43.93,42.5
C:\Users\User\Documents\AI_Robotics Projects\AAU\Summer\Synthetic_Dataset_YOLO_50\runs\detect\train-2\weights\best.pt,42.89,42.4
C:\Users\User\Documents\AI_Robotics Projects\AAU\Summer\Synthetic_Dataset_YOLO_50\runs\detect\train-2\weights\best.pt,43.35,45.8
C:\Users\User\Documents\AI_Robotics Projects\AAU\Summer\Synthetic_Dataset_YOLO_50\runs\detect\train-2\weights\best.pt,41.11,26.9
C:\Users\User\Documents\AI_Robotics Projects\AAU\Summer\Synthetic_Dataset_YOLO_50\runs\detect\train-2\weights\best.pt,42.1,50.0
C:\Users\User\Documents\AI_Robotics Projects\AAU\Summer\Synthetic_Dataset_YOLO_50\runs\detect\train-2\weights\best.pt,43.35,45.5
C:\Users\User\Documents\AI_Robotics Projects\AAU\Summer\Synthetic_Dataset_YOLO_50\runs\detect\train-2\weights\best.pt,41.93,41.2
C:\Users\User\Documents\AI_Robotics Projects\AAU\Summer\Synthetic_Dataset_YOLO_50\runs\detect\train-2\weights\best.pt,41.52,40.9
C:\Users\User\Documents\AI_Robotics Projects\AAU\Summer\Synthetic_Dataset_YOLO_50\runs\detect\train-2\weights\best.pt,43.13,48.1
C:\Users\User\Documents\AI_Robotics Projects\AAU\Summer\Synthetic_Dataset_YOLO_50\runs\detect\train-2\weights\best.pt,44.02,42.3
C:\Users\User\Documents\AI_Robotics Projects\AAU\Summer\Synthetic_Dataset_YOLO_50\runs\detect\train-2\weights\best.pt,43.62,46.5
C:\Users\User\Documents\AI_Robotics Projects\AAU\Summer\Synthetic_Dataset_YOLO_50\runs\detect\train-2\weights\best.pt,42.02,48.2
C:\Users\User\Documents\AI_Robotics Projects\AAU\Summer\Synthetic_Dataset_YOLO_50\runs\detect\train-2\weights\best.pt,41.72,43.0
C:\Users\User\Documents\AI_Robotics Projects\AAU\Summer\Synthetic_Dataset_YOLO_50\runs\detect\train-2\weights\best.pt,43.68,39.9
C:\Users\User\Documents\AI_Robotics Projects\AAU\Summer\Synthetic_Dataset_YOLO_50\runs\detect\train-2\weights\best.pt,46.03,42.8
C:\Users\User\Documents\AI_Robotics Projects\AAU\Summer\Synthetic_Dataset_YOLO_50\runs\detect\train-2\weights\best.pt,41.88,45.3
C:\Users\User\Documents\AI_Robotics Projects\AAU\Summer\Synthetic_Dataset_YOLO_50\runs\detect\train-2\weights\best.pt,41.06,43.6
C:\Users\User\Documents\AI_Robotics Projects\AAU\Summer\Synthetic_Dataset_YOLO_50\runs\detect\train-2\weights\best.pt,52.19,42.4
C:\Users\User\Documents\AI_Robotics Projects\AAU\Summer\Synthetic_Dataset_YOLO_50\runs\detect\train-2\weights\best.pt,47.0,37.0
C:\Users\User\Documents\AI_Robotics Projects\AAU\Summer\Synthetic_Dataset_YOLO_50\runs\detect\train-2\weights\best.pt,42.91,38.8
C:\Users\User\Documents\AI_Robotics Projects\AAU\Summer\Synthetic_Dataset_YOLO_50\runs\detect\train-2\weights\best.pt,44.05,40.3
C:\Users\User\Documents\AI_Robotics Projects\AAU\Summer\Synthetic_Dataset_YOLO_50\runs\detect\train-2\weights\best.pt,63.53,42.7
C:\Users\User\Documents\AI_Robotics Projects\AAU\Summer\Synthetic_Dataset_YOLO_50\runs\detect\train-2\weights\best.pt,50.1,37.7
C:\Users\User\Documents\AI_Robotics Projects\AAU\Summer\Synthetic_Dataset_YOLO_50\runs\detect\train-2\weights\best.pt,44.72,43.8
C:\Users\User\Documents\AI_Robotics Projects\AAU\Summer\Synthetic_Dataset_YOLO_50\runs\detect\train-2\weights\best.pt,47.16,40.5
C:\Users\User\Documents\AI_Robotics Projects\AAU\Summer\Synthetic_Dataset_YOLO_50\runs\detect\train-2\weights\best.pt,44.32,44.4
C:\Users\User\Documents\AI_Robotics Projects\AAU\Summer\Synthetic_Dataset_YOLO_50\runs\detect\train-2\weights\best.pt,42.48,45.1
C:\Users\User\Documents\AI_Robotics Projects\AAU\Summer\Synthetic_Dataset_YOLO_50\runs\detect\train-2\weights\best.pt,46.72,43.8
C:\Users\User\Documents\AI_Robotics Projects\AAU\Summer\Synthetic_Dataset_YOLO_50\runs\detect\train-2\weights\best.pt,42.72,40.7
C:\Users\User\Documents\AI_Robotics Projects\AAU\Summer\Synthetic_Dataset_YOLO_50\runs\detect\train-2\weights\best.pt,45.65,44.5
C:\Users\User\Documents\AI_Robotics Projects\AAU\Summer\Synthetic_Dataset_YOLO_50\runs\detect\train-2\weights\best.pt,50.23,41.7
C:\Users\User\Documents\AI_Robotics Projects\AAU\Summer\Synthetic_Dataset_YOLO_50\runs\detect\train-2\weights\best.pt,43.95,39.6
C:\Users\User\Documents\AI_Robotics Projects\AAU\Summer\Synthetic_Dataset_YOLO_50\runs\detect\train-2\weights\best.pt,43.23,43.1
C:\Users\User\Documents\AI_Robotics Projects\AAU\Summer\Synthetic_Dataset_YOLO_50\runs\detect\train-2\weights\best.pt,47.97,40.6
C:\Users\User\Documents\AI_Robotics Projects\AAU\Summer\Synthetic_Dataset_YOLO_50\runs\detect\train-2\weights\best.pt,44.62,40.9
C:\Users\User\Documents\AI_Robotics Projects\AAU\Summer\Synthetic_Dataset_YOLO_50\runs\detect\train-2\weights\best.pt,42.05,40.8
C:\Users\User\Documents\AI_Robotics Projects\AAU\Summer\Synthetic_Dataset_YOLO_50\runs\detect\train-2\weights\best.pt,42.74,41.6
C:\Users\User\Documents\AI_Robotics Projects\AAU\Summer\Synthetic_Dataset_YOLO_50\runs\detect\train-2\weights\best.pt,41.8,44.2
C:\Users\User\Documents\AI_Robotics Projects\AAU\Summer\Synthetic_Dataset_YOLO_50\runs\detect\train-2\weights\best.pt,50.76,37.3
C:\Users\User\Documents\AI_Robotics Projects\AAU\Summer\Synthetic_Dataset_YOLO_50\runs\detect\train-2\weights\best.pt,53.6,46.4
C:\Users\User\Documents\AI_Robotics Projects\AAU\Summer\Synthetic_Dataset_YOLO_50\runs\detect\train-2\weights\best.pt,44.11,104.8
C:\Users\User\Documents\AI_Robotics Projects\AAU\Summer\Synthetic_Dataset_YOLO_50\runs\detect\train-2\weights\best.pt,43.83,102.8
C:\Users\User\Documents\AI_Robotics Projects\AAU\Summer\Synthetic_Dataset_YOLO_50\runs\detect\train-2\weights\best.pt,44.12,91.2
C:\Users\User\Documents\AI_Robotics Projects\AAU\Summer\Synthetic_Dataset_YOLO_50\runs\detect\train-2\weights\best.pt,42.59,102.6
C:\Users\User\Documents\AI_Robotics Projects\AAU\Summer\Synthetic_Dataset_YOLO_50\runs\detect\train-2\weights\best.pt,41.16,95.8
C:\Users\User\Documents\AI_Robotics Projects\AAU\Summer\Synthetic_Dataset_YOLO_50\runs\detect\train-2\weights\best.pt,42.88,90.6
C:\Users\User\Documents\AI_Robotics Projects\AAU\Summer\Synthetic_Dataset_YOLO_50\runs\detect\train-2\weights\best.pt,44.1,85.7
C:\Users\User\Documents\AI_Robotics Projects\AAU\Summer\Synthetic_Dataset_YOLO_50\runs\detect\train-2\weights\best.pt,42.83,100.8
C:\Users\User\Documents\AI_Robotics Projects\AAU\Summer\Synthetic_Dataset_YOLO_50\runs\detect\train-2\weights\best.pt,59.58,20.1
C:\Users\User\Documents\AI_Robotics Projects\AAU\Summer\Synthetic_Dataset_YOLO_50\runs\detect\train-2\weights\best.pt,45.92,92.1
C:\Users\User\Documents\AI_Robotics Projects\AAU\Summer\Synthetic_Dataset_YOLO_50\runs\detect\train-2\weights\best.pt,45.22,89.1
C:\Users\User\Documents\AI_Robotics Projects\AAU\Summer\Synthetic_Dataset_YOLO_50\runs\detect\train-2\weights\best.pt,41.41,108.5
C:\Users\User\Documents\AI_Robotics Projects\AAU\Summer\Synthetic_Dataset_YOLO_50\runs\detect\train-2\weights\best.pt,41.79,99.3
C:\Users\User\Documents\AI_Robotics Projects\AAU\Summer\Synthetic_Dataset_YOLO_50\runs\detect\train-2\weights\best.pt,42.88,110.6
C:\Users\User\Documents\AI_Robotics Projects\AAU\Summer\Synthetic_Dataset_YOLO_50\runs\detect\train-2\weights\best.pt,80.05,12.2
C:\Users\User\Documents\AI_Robotics Projects\AAU\Summer\Synthetic_Dataset_YOLO_50\runs\detect\train-2\weights\best.pt,44.91,80.5
C:\Users\User\Documents\AI_Robotics Projects\AAU\Summer\Synthetic_Dataset_YOLO_50\runs\detect\train-2\weights\best.pt,43.87,119.8
C:\Users\User\Documents\AI_Robotics Projects\AAU\Summer\Synthetic_Dataset_YOLO_50\runs\detect\train-2\weights\best.pt,44.67,159.7
C:\Users\User\Documents\AI_Robotics Projects\AAU\Summer\Synthetic_Dataset_YOLO_50\runs\detect\train-2\weights\best.pt,44.85,157.3
C:\Users\User\Documents\AI_Robotics Projects\AAU\Summer\Synthetic_Dataset_YOLO_50\runs\detect\train-2\weights\best.pt,44.8,138.0
C:\Users\User\Documents\AI_Robotics Projects\AAU\Summer\Synthetic_Dataset_YOLO_50\runs\detect\train-2\weights\best.pt,41.87,110.1
C:\Users\User\Documents\AI_Robotics Projects\AAU\Summer\Synthetic_Dataset_YOLO_50\runs\detect\train-2\weights\best.pt,46.08,125.9
C:\Users\User\Documents\AI_Robotics Projects\AAU\Summer\Synthetic_Dataset_YOLO_50\runs\detect\train-2\weights\best.pt,44.02,121.7
C:\Users\User\Documents\AI_Robotics Projects\AAU\Summer\Synthetic_Dataset_YOLO_50\runs\detect\train-2\weights\best.pt,42.63,114.6
C:\Users\User\Documents\AI_Robotics Projects\AAU\Summer\Synthetic_Dataset_YOLO_50\runs\detect\train-2\weights\best.pt,42.07,98.3
C:\Users\User\Documents\AI_Robotics Projects\AAU\Summer\Synthetic_Dataset_YOLO_50\runs\detect\train-2\weights\best.pt,51.36,106.0
C:\Users\User\Documents\AI_Robotics Projects\AAU\Summer\Synthetic_Dataset_YOLO_50\runs\detect\train-2\weights\best.pt,56.88,97.5
C:\Users\User\Documents\AI_Robotics Projects\AAU\Summer\Synthetic_Dataset_YOLO_50\runs\detect\train-2\weights\best.pt,45.21,90.5
C:\Users\User\Documents\AI_Robotics Projects\AAU\Summer\Synthetic_Dataset_YOLO_50\runs\detect\train-2\weights\best.pt,43.76,98.1
C:\Users\User\Documents\AI_Robotics Projects\AAU\Summer\Synthetic_Dataset_YOLO_50\runs\detect\train-2\weights\best.pt,41.25,99.0
C:\Users\User\Documents\AI_Robotics Projects\AAU\Summer\Synthetic_Dataset_YOLO_50\runs\detect\train-2\weights\best.pt,44.7,91.8
C:\Users\User\Documents\AI_Robotics Projects\AAU\Summer\Synthetic_Dataset_YOLO_50\runs\detect\train-2\weights\best.pt,49.91,105.5
C:\Users\User\Documents\AI_Robotics Projects\AAU\Summer\Synthetic_Dataset_YOLO_50\runs\detect\train-2\weights\best.pt,45.57,90.5
C:\Users\User\Documents\AI_Robotics Projects\AAU\Summer\Synthetic_Dataset_YOLO_50\runs\detect\train-2\weights\best.pt,41.99,89.4
C:\Users\User\Documents\AI_Robotics Projects\AAU\Summer\Synthetic_Dataset_YOLO_50\runs\detect\train-2\weights\best.pt,54.59,74.9
C:\Users\User\Documents\AI_Robotics Projects\AAU\Summer\Synthetic_Dataset_YOLO_50\runs\detect\train-2\weights\best.pt,49.51,74.0
C:\Users\User\Documents\AI_Robotics Projects\AAU\Summer\Synthetic_Dataset_YOLO_50\runs\detect\train-2\weights\best.pt,66.2,72.7
C:\Users\User\Documents\AI_Robotics Projects\AAU\Summer\Synthetic_Dataset_YOLO_50\runs\detect\train-2\weights\best.pt,53.95,74.2
C:\Users\User\Documents\AI_Robotics Projects\AAU\Summer\Synthetic_Dataset_YOLO_50\runs\detect\train-2\weights\best.pt,44.55,27.6
C:\Users\User\Documents\AI_Robotics Projects\AAU\Summer\Synthetic_Dataset_YOLO_50\runs\detect\train-2\weights\best.pt,45.92,85.7
C:\Users\User\Documents\AI_Robotics Projects\AAU\Summer\Synthetic_Dataset_YOLO_50\runs\detect\train-2\weights\best.pt,42.37,91.2
C:\Users\User\Documents\AI_Robotics Projects\AAU\Summer\Synthetic_Dataset_YOLO_50\runs\detect\train-2\weights\best.pt,45.05,65.0
C:\Users\User\Documents\AI_Robotics Projects\AAU\Summer\Synthetic_Dataset_YOLO_50\runs\detect\train-2\weights\best.pt,42.46,91.4
C:\Users\User\Documents\AI_Robotics Projects\AAU\Summer\Synthetic_Dataset_YOLO_50\runs\detect\train-2\weights\best.pt,41.46,90.7
C:\Users\User\Documents\AI_Robotics Projects\AAU\Summer\Synthetic_Dataset_YOLO_50\runs\detect\train-2\weights\best.pt,51.79,74.6
C:\Users\User\Documents\AI_Robotics Projects\AAU\Summer\Synthetic_Dataset_YOLO_50\runs\detect\train-2\weights\best.pt,44.85,78.5
C:\Users\User\Documents\AI_Robotics Projects\AAU\Summer\Synthetic_Dataset_YOLO_50\runs\detect\train-2\weights\best.pt,47.77,92.3
C:\Users\User\Documents\AI_Robotics Projects\AAU\Summer\Synthetic_Dataset_YOLO_50\runs\detect\train-2\weights\best.pt,46.26,76.7
C:\Users\User\Documents\AI_Robotics Projects\AAU\Summer\Synthetic_Dataset_YOLO_50\runs\detect\train-2\weights\best.pt,50.53,65.1
C:\Users\User\Documents\AI_Robotics Projects\AAU\Summer\Synthetic_Dataset_YOLO_50\runs\detect\train-2\weights\best.pt,45.81,31.2
C:\Users\User\Documents\AI_Robotics Projects\AAU\Summer\Synthetic_Dataset_YOLO_50\runs\detect\train-2\weights\best.pt,66.98,31.1
C:\Users\User\Documents\AI_Robotics Projects\AAU\Summer\Synthetic_Dataset_YOLO_50\runs\detect\train-2\weights\best.pt,47.05,29.6
C:\Users\User\Documents\AI_Robotics Projects\AAU\Summer\Synthetic_Dataset_YOLO_50\runs\detect\train-2\weights\best.pt,44.16,33.8
C:\Users\User\Documents\AI_Robotics Projects\AAU\Summer\Synthetic_Dataset_YOLO_50\runs\detect\train-2\weights\best.pt,42.16,29.6
C:\Users\User\Documents\AI_Robotics Projects\AAU\Summer\Synthetic_Dataset_YOLO_50\runs\detect\train-2\weights\best.pt,44.55,45.5
C:\Users\User\Documents\AI_Robotics Projects\AAU\Summer\Synthetic_Dataset_YOLO_50\runs\detect\train-2\weights\best.pt,67.97,29.9
C:\Users\User\Documents\AI_Robotics Projects\AAU\Summer\Synthetic_Dataset_YOLO_50\runs\detect\train-2\weights\best.pt,44.32,28.9
C:\Users\User\Documents\AI_Robotics Projects\AAU\Summer\Synthetic_Dataset_YOLO_50\runs\detect\train-2\weights\best.pt,48.28,28.8
C:\Users\User\Documents\AI_Robotics Projects\AAU\Summer\Synthetic_Dataset_YOLO_50\runs\detect\train-2\weights\best.pt,54.66,30.0
C:\Users\User\Documents\AI_Robotics Projects\AAU\Summer\Synthetic_Dataset_YOLO_50\runs\detect\train-2\weights\best.pt,50.04,28.1
C:\Users\User\Documents\AI_Robotics Projects\AAU\Summer\Synthetic_Dataset_YOLO_50\runs\detect\train-2\weights\best.pt,41.76,71.0
C:\Users\User\Documents\AI_Robotics Projects\AAU\Summer\Synthetic_Dataset_YOLO_50\runs\detect\train-2\weights\best.pt,45.66,31.4
C:\Users\User\Documents\AI_Robotics Projects\AAU\Summer\Synthetic_Dataset_YOLO_50\runs\detect\train-2\weights\best.pt,43.24,68.7
C:\Users\User\Documents\AI_Robotics Projects\AAU\Summer\Synthetic_Dataset_YOLO_50\runs\detect\train-2\weights\best.pt,41.35,72.0
C:\Users\User\Documents\AI_Robotics Projects\AAU\Summer\Synthetic_Dataset_YOLO_50\runs\detect\train-2\weights\best.pt,48.04,30.4
C:\Users\User\Documents\AI_Robotics Projects\AAU\Summer\Synthetic_Dataset_YOLO_50\runs\detect\train-2\weights\best.pt,43.97,71.0
C:\Users\User\Documents\AI_Robotics Projects\AAU\Summer\Synthetic_Dataset_YOLO_50\runs\detect\train-2\weights\best.pt,43.85,32.2
C:\Users\User\Documents\AI_Robotics Projects\AAU\Summer\Synthetic_Dataset_YOLO_50\runs\detect\train-2\weights\best.pt,41.84,73.8
C:\Users\User\Documents\AI_Robotics Projects\AAU\Summer\Synthetic_Dataset_YOLO_50\runs\detect\train-2\weights\best.pt,43.22,73.6
C:\Users\User\Documents\AI_Robotics Projects\AAU\Summer\Synthetic_Dataset_YOLO_50\runs\detect\train-2\weights\best.pt,44.79,68.5
C:\Users\User\Documents\AI_Robotics Projects\AAU\Summer\Synthetic_Dataset_YOLO_50\runs\detect\train-2\weights\best.pt,43.15,65.5
C:\Users\User\Documents\AI_Robotics Projects\AAU\Summer\Synthetic_Dataset_YOLO_50\runs\detect\train-2\weights\best.pt,43.83,76.8
C:\Users\User\Documents\AI_Robotics Projects\AAU\Summer\Synthetic_Dataset_YOLO_50\runs\detect\train-2\weights\best.pt,45.22,75.8
C:\Users\User\Documents\AI_Robotics Projects\AAU\Summer\Synthetic_Dataset_YOLO_50\runs\detect\train-2\weights\best.pt,43.87,70.7
C:\Users\User\Documents\AI_Robotics Projects\AAU\Summer\Synthetic_Dataset_YOLO_50\runs\detect\train-2\weights\best.pt,44.0,71.8
C:\Users\User\Documents\AI_Robotics Projects\AAU\Summer\Synthetic_Dataset_YOLO_50\runs\detect\train-2\weights\best.pt,42.5,75.1
C:\Users\User\Documents\AI_Robotics Projects\AAU\Summer\Synthetic_Dataset_YOLO_50\runs\detect\train-2\weights\best.pt,43.09,71.9
C:\Users\User\Documents\AI_Robotics Projects\AAU\Summer\Synthetic_Dataset_YOLO_50\runs\detect\train-2\weights\best.pt,46.61,65.3
C:\Users\User\Documents\AI_Robotics Projects\AAU\Summer\Synthetic_Dataset_YOLO_50\runs\detect\train-2\weights\best.pt,42.58,32.9
C:\Users\User\Documents\AI_Robotics Projects\AAU\Summer\Synthetic_Dataset_YOLO_50\runs\detect\train-2\weights\best.pt,55.63,30.7
C:\Users\User\Documents\AI_Robotics Projects\AAU\Summer\Synthetic_Dataset_YOLO_50\runs\detect\train-2\weights\best.pt,61.79,75.2
C:\Users\User\Documents\AI_Robotics Projects\AAU\Summer\Synthetic_Dataset_YOLO_50\runs\detect\train-2\weights\best.pt,48.24,29.5
C:\Users\User\Documents\AI_Robotics Projects\AAU\Summer\Synthetic_Dataset_YOLO_50\runs\detect\train-2\weights\best.pt,46.48,22.7
C:\Users\User\Documents\AI_Robotics Projects\AAU\Summer\Synthetic_Dataset_YOLO_50\runs\detect\train-2\weights\best.pt,58.57,29.6
C:\Users\User\Documents\AI_Robotics Projects\AAU\Summer\Synthetic_Dataset_YOLO_50\runs\detect\train-2\weights\best.pt,52.24,24.5
C:\Users\User\Documents\AI_Robotics Projects\AAU\Summer\Synthetic_Dataset_YOLO_50\runs\detect\train-2\weights\best.pt,68.79,28.6
C:\Users\User\Documents\AI_Robotics Projects\AAU\Summer\Synthetic_Dataset_YOLO_50\runs\detect\train-2\weights\best.pt,50.19,27.4
C:\Users\User\Documents\AI_Robotics Projects\AAU\Summer\Synthetic_Dataset_YOLO_50\runs\detect\train-2\weights\best.pt,64.23,27.7
C:\Users\User\Documents\AI_Robotics Projects\AAU\Summer\Synthetic_Dataset_YOLO_50\runs\detect\train-2\weights\best.pt,63.13,26.2
C:\Users\User\Documents\AI_Robotics Projects\AAU\Summer\Synthetic_Dataset_YOLO_50\runs\detect\train-2\weights\best.pt,47.26,29.6
C:\Users\User\Documents\AI_Robotics Projects\AAU\Summer\Synthetic_Dataset_YOLO_50\runs\detect\train-2\weights\best.pt,50.29,30.8
C:\Users\User\Documents\AI_Robotics Projects\AAU\Summer\Synthetic_Dataset_YOLO_50\runs\detect\train-2\weights\best.pt,54.85,31.3
C:\Users\User\Documents\AI_Robotics Projects\AAU\Summer\Synthetic_Dataset_YOLO_50\runs\detect\train-2\weights\best.pt,54.02,26.5
C:\Users\User\Documents\AI_Robotics Projects\AAU\Summer\Synthetic_Dataset_YOLO_50\runs\detect\train-2\weights\best.pt,59.74,25.6
C:\Users\User\Documents\AI_Robotics Projects\AAU\Summer\Synthetic_Dataset_YOLO_50\runs\detect\train-2\weights\best.pt,52.77,28.7
C:\Users\User\Documents\AI_Robotics Projects\AAU\Summer\Synthetic_Dataset_YOLO_50\runs\detect\train-2\weights\best.pt,53.03,27.8
C:\Users\User\Documents\AI_Robotics Projects\AAU\Summer\Synthetic_Dataset_YOLO_50\runs\detect\train-2\weights\best.pt,46.6,29.7
C:\Users\User\Documents\AI_Robotics Projects\AAU\Summer\Synthetic_Dataset_YOLO_50\runs\detect\train-2\weights\best.pt,46.43,28.9
C:\Users\User\Documents\AI_Robotics Projects\AAU\Summer\Synthetic_Dataset_YOLO_50\runs\detect\train-2\weights\best.pt,46.11,30.3
C:\Users\User\Documents\AI_Robotics Projects\AAU\Summer\Synthetic_Dataset_YOLO_50\runs\detect\train-2\weights\best.pt,46.66,70.8
C:\Users\User\Documents\AI_Robotics Projects\AAU\Summer\Synthetic_Dataset_YOLO_50\runs\detect\train-2\weights\best.pt,46.92,29.9
C:\Users\User\Documents\AI_Robotics Projects\AAU\Summer\Synthetic_Dataset_YOLO_50\runs\detect\train-2\weights\best.pt,45.08,30.7
C:\Users\User\Documents\AI_Robotics Projects\AAU\Summer\Synthetic_Dataset_YOLO_50\runs\detect\train-2\weights\best.pt,45.29,30.4
C:\Users\User\Documents\AI_Robotics Projects\AAU\Summer\Synthetic_Dataset_YOLO_50\runs\detect\train-2\weights\best.pt,48.67,29.3
C:\Users\User\Documents\AI_Robotics Projects\AAU\Summer\Synthetic_Dataset_YOLO_50\runs\detect\train-2\weights\best.pt,57.91,28.2
C:\Users\User\Documents\AI_Robotics Projects\AAU\Summer\Synthetic_Dataset_YOLO_50\runs\detect\train-2\weights\best.pt,56.91,63.3
C:\Users\User\Documents\AI_Robotics Projects\AAU\Summer\Synthetic_Dataset_YOLO_50\runs\detect\train-2\weights\best.pt,47.37,65.6
C:\Users\User\Documents\AI_Robotics Projects\AAU\Summer\Synthetic_Dataset_YOLO_50\runs\detect\train-2\weights\best.pt,49.54,28.5
C:\Users\User\Documents\AI_Robotics Projects\AAU\Summer\Synthetic_Dataset_YOLO_50\runs\detect\train-2\weights\best.pt,72.91,29.4
C:\Users\User\Documents\AI_Robotics Projects\AAU\Summer\Synthetic_Dataset_YOLO_50\runs\detect\train-2\weights\best.pt,47.99,27.9
C:\Users\User\Documents\AI_Robotics Projects\AAU\Summer\Synthetic_Dataset_YOLO_50\runs\detect\train-2\weights\best.pt,46.99,32.2
C:\Users\User\Documents\AI_Robotics Projects\AAU\Summer\Synthetic_Dataset_YOLO_50\runs\detect\train-2\weights\best.pt,49.3,65.1
C:\Users\User\Documents\AI_Robotics Projects\AAU\Summer\Synthetic_Dataset_YOLO_50\runs\detect\train-2\weights\best.pt,47.32,71.4
C:\Users\User\Documents\AI_Robotics Projects\AAU\Summer\Synthetic_Dataset_YOLO_50\runs\detect\train-2\weights\best.pt,46.79,62.3
C:\Users\User\Documents\AI_Robotics Projects\AAU\Summer\Synthetic_Dataset_YOLO_50\runs\detect\train-2\weights\best.pt,48.77,67.2
C:\Users\User\Documents\AI_Robotics Projects\AAU\Summer\Synthetic_Dataset_YOLO_50\runs\detect\train-2\weights\best.pt,46.08,63.9
C:\Users\User\Documents\AI_Robotics Projects\AAU\Summer\Synthetic_Dataset_YOLO_50\runs\detect\train-2\weights\best.pt,47.65,31.3
C:\Users\User\Documents\AI_Robotics Projects\AAU\Summer\Synthetic_Dataset_YOLO_50\runs\detect\train-2\weights\best.pt,45.6,29.9
C:\Users\User\Documents\AI_Robotics Projects\AAU\Summer\Synthetic_Dataset_YOLO_50\runs\detect\train-2\weights\best.pt,49.95,67.7
C:\Users\User\Documents\AI_Robotics Projects\AAU\Summer\Synthetic_Dataset_YOLO_50\runs\detect\train-2\weights\best.pt,49.12,28.5
C:\Users\User\Documents\AI_Robotics Projects\AAU\Summer\Synthetic_Dataset_YOLO_50\runs\detect\train-2\weights\best.pt,48.07,29.1
C:\Users\User\Documents\AI_Robotics Projects\AAU\Summer\Synthetic_Dataset_YOLO_50\runs\detect\train-2\weights\best.pt,62.86,27.0
C:\Users\User\Documents\AI_Robotics Projects\AAU\Summer\Synthetic_Dataset_YOLO_50\runs\detect\train-2\weights\best.pt,46.68,26.8
C:\Users\User\Documents\AI_Robotics Projects\AAU\Summer\Synthetic_Dataset_YOLO_50\runs\detect\train-2\weights\best.pt,47.12,29.3
C:\Users\User\Documents\AI_Robotics Projects\AAU\Summer\Synthetic_Dataset_YOLO_50\runs\detect\train-2\weights\best.pt,45.25,29.6
C:\Users\User\Documents\AI_Robotics Projects\AAU\Summer\Synthetic_Dataset_YOLO_50\runs\detect\train-2\weights\best.pt,46.74,28.2
C:\Users\User\Documents\AI_Robotics Projects\AAU\Summer\Synthetic_Dataset_YOLO_50\runs\detect\train-2\weights\best.pt,46.08,30.9
C:\Users\User\Documents\AI_Robotics Projects\AAU\Summer\Synthetic_Dataset_YOLO_50\runs\detect\train-2\weights\best.pt,47.36,32.1
C:\Users\User\Documents\AI_Robotics Projects\AAU\Summer\Synthetic_Dataset_YOLO_50\runs\detect\train-2\weights\best.pt,46.49,30.1
C:\Users\User\Documents\AI_Robotics Projects\AAU\Summer\Synthetic_Dataset_YOLO_50\runs\detect\train-2\weights\best.pt,46.23,31.4
C:\Users\User\Documents\AI_Robotics Projects\AAU\Summer\Synthetic_Dataset_YOLO_50\runs\detect\train-2\weights\best.pt,55.9,68.0
C:\Users\User\Documents\AI_Robotics Projects\AAU\Summer\Synthetic_Dataset_YOLO_50\runs\detect\train-2\weights\best.pt,44.72,30.5
C:\Users\User\Documents\AI_Robotics Projects\AAU\Summer\Synthetic_Dataset_YOLO_50\runs\detect\train-2\weights\best.pt,46.61,30.6
C:\Users\User\Documents\AI_Robotics Projects\AAU\Summer\Synthetic_Dataset_YOLO_50\runs\detect\train-2\weights\best.pt,71.01,29.3
C:\Users\User\Documents\AI_Robotics Projects\AAU\Summer\Synthetic_Dataset_YOLO_50\runs\detect\train-2\weights\best.pt,61.67,27.7
C:\Users\User\Documents\AI_Robotics Projects\AAU\Summer\Synthetic_Dataset_YOLO_50\runs\detect\train-2\weights\best.pt,48.02,25.3
C:\Users\User\Documents\AI_Robotics Projects\AAU\Summer\Synthetic_Dataset_YOLO_50\runs\detect\train-2\weights\best.pt,48.62,24.7
C:\Users\User\Documents\AI_Robotics Projects\AAU\Summer\Synthetic_Dataset_YOLO_50\runs\detect\train-2\weights\best.pt,47.07,24.5
C:\Users\User\Documents\AI_Robotics Projects\AAU\Summer\Synthetic_Dataset_YOLO_50\runs\detect\train-2\weights\best.pt,50.84,24.8
C:\Users\User\Documents\AI_Robotics Projects\AAU\Summer\Synthetic_Dataset_YOLO_50\runs\detect\train-2\weights\best.pt,47.23,25.9
C:\Users\User\Documents\AI_Robotics Projects\AAU\Summer\Synthetic_Dataset_YOLO_50\runs\detect\train-2\weights\best.pt,47.12,23.1
C:\Users\User\Documents\AI_Robotics Projects\AAU\Summer\Synthetic_Dataset_YOLO_50\runs\detect\train-2\weights\best.pt,46.8,22.4
C:\Users\User\Documents\AI_Robotics Projects\AAU\Summer\Synthetic_Dataset_YOLO_50\runs\detect\train-2\weights\best.pt,47.54,22.9
C:\Users\User\Documents\AI_Robotics Projects\AAU\Summer\Synthetic_Dataset_YOLO_50\runs\detect\train-2\weights\best.pt,46.06,23.2
C:\Users\User\Documents\AI_Robotics Projects\AAU\Summer\Synthetic_Dataset_YOLO_50\runs\detect\train-2\weights\best.pt,46.75,22.5
C:\Users\User\Documents\AI_Robotics Projects\AAU\Summer\Synthetic_Dataset_YOLO_50\runs\detect\train-2\weights\best.pt,58.04,21.3
C:\Users\User\Documents\AI_Robotics Projects\AAU\Summer\Synthetic_Dataset_YOLO_50\runs\detect\train-2\weights\best.pt,47.28,22.3
C:\Users\User\Documents\AI_Robotics Projects\AAU\Summer\Synthetic_Dataset_YOLO_50\runs\detect\train-2\weights\best.pt,46.54,23.3
C:\Users\User\Documents\AI_Robotics Projects\AAU\Summer\Synthetic_Dataset_YOLO_50\runs\detect\train-2\weights\best.pt,49.8,23.2
C:\Users\User\Documents\AI_Robotics Projects\AAU\Summer\Synthetic_Dataset_YOLO_50\runs\detect\train-2\weights\best.pt,45.31,23.5
C:\Users\User\Documents\AI_Robotics Projects\AAU\Summer\Synthetic_Dataset_YOLO_50\runs\detect\train-2\weights\best.pt,50.34,21.9
C:\Users\User\Documents\AI_Robotics Projects\AAU\Summer\Synthetic_Dataset_YOLO_50\runs\detect\train-2\weights\best.pt,52.39,21.4
C:\Users\User\Documents\AI_Robotics Projects\AAU\Summer\Synthetic_Dataset_YOLO_50\runs\detect\train-2\weights\best.pt,48.38,22.1
C:\Users\User\Documents\AI_Robotics Projects\AAU\Summer\Synthetic_Dataset_YOLO_50\runs\detect\train-2\weights\best.pt,47.48,22.0
C:\Users\User\Documents\AI_Robotics Projects\AAU\Summer\Synthetic_Dataset_YOLO_50\runs\detect\train-2\weights\best.pt,66.91,21.9
C:\Users\User\Documents\AI_Robotics Projects\AAU\Summer\Synthetic_Dataset_YOLO_50\runs\detect\train-2\weights\best.pt,60.35,22.5
C:\Users\User\Documents\AI_Robotics Projects\AAU\Summer\Synthetic_Dataset_YOLO_50\runs\detect\train-2\weights\best.pt,45.73,21.8
C:\Users\User\Documents\AI_Robotics Projects\AAU\Summer\Synthetic_Dataset_YOLO_50\runs\detect\train-2\weights\best.pt,45.26,20.3
C:\Users\User\Documents\AI_Robotics Projects\AAU\Summer\Synthetic_Dataset_YOLO_50\runs\detect\train-2\weights\best.pt,44.21,22.9
C:\Users\User\Documents\AI_Robotics Projects\AAU\Summer\Synthetic_Dataset_YOLO_50\runs\detect\train-2\weights\best.pt,46.22,21.0
C:\Users\User\Documents\AI_Robotics Projects\AAU\Summer\Synthetic_Dataset_YOLO_50\runs\detect\train-2\weights\best.pt,44.24,20.0
C:\Users\User\Documents\AI_Robotics Projects\AAU\Summer\Synthetic_Dataset_YOLO_50\runs\detect\train-2\weights\best.pt,44.92,19.0
C:\Users\User\Documents\AI_Robotics Projects\AAU\Summer\Synthetic_Dataset_YOLO_50\runs\detect\train-2\weights\best.pt,46.07,19.5
C:\Users\User\Documents\AI_Robotics Projects\AAU\Summer\Synthetic_Dataset_YOLO_50\runs\detect\train-2\weights\best.pt,47.03,21.5
C:\Users\User\Documents\AI_Robotics Projects\AAU\Summer\Synthetic_Dataset_YOLO_50\runs\detect\train-2\weights\best.pt,44.93,20.6
C:\Users\User\Documents\AI_Robotics Projects\AAU\Summer\Synthetic_Dataset_YOLO_50\runs\detect\train-2\weights\best.pt,45.73,20.8
C:\Users\User\Documents\AI_Robotics Projects\AAU\Summer\Synthetic_Dataset_YOLO_50\runs\detect\train-2\weights\best.pt,41.45,20.2
C:\Users\User\Documents\AI_Robotics Projects\AAU\Summer\Synthetic_Dataset_YOLO_50\runs\detect\train-2\weights\best.pt,51.77,19.0
C:\Users\User\Documents\AI_Robotics Projects\AAU\Summer\Synthetic_Dataset_YOLO_50\runs\detect\train-2\weights\best.pt,47.37,18.7
C:\Users\User\Documents\AI_Robotics Projects\AAU\Summer\Synthetic_Dataset_YOLO_50\runs\detect\train-2\weights\best.pt,44.16,72.2
C:\Users\User\Documents\AI_Robotics Projects\AAU\Summer\Synthetic_Dataset_YOLO_50\runs\detect\train-2\weights\best.pt,41.9,28.0
C:\Users\User\Documents\AI_Robotics Projects\AAU\Summer\Synthetic_Dataset_YOLO_50\runs\detect\train-2\weights\best.pt,44.57,27.8
C:\Users\User\Documents\AI_Robotics Projects\AAU\Summer\Synthetic_Dataset_YOLO_50\runs\detect\train-2\weights\best.pt,43.31,29.1
C:\Users\User\Documents\AI_Robotics Projects\AAU\Summer\Synthetic_Dataset_YOLO_50\runs\detect\train-2\weights\best.pt,43.56,28.3
C:\Users\User\Documents\AI_Robotics Projects\AAU\Summer\Synthetic_Dataset_YOLO_50\runs\detect\train-2\weights\best.pt,65.07,27.7
C:\Users\User\Documents\AI_Robotics Projects\AAU\Summer\Synthetic_Dataset_YOLO_50\runs\detect\train-2\weights\best.pt,46.55,25.6
C:\Users\User\Documents\AI_Robotics Projects\AAU\Summer\Synthetic_Dataset_YOLO_50\runs\detect\train-2\weights\best.pt,42.82,28.7
C:\Users\User\Documents\AI_Robotics Projects\AAU\Summer\Synthetic_Dataset_YOLO_50\runs\detect\train-2\weights\best.pt,49.36,28.5
C:\Users\User\Documents\AI_Robotics Projects\AAU\Summer\Synthetic_Dataset_YOLO_50\runs\detect\train-2\weights\best.pt,44.76,28.9
C:\Users\User\Documents\AI_Robotics Projects\AAU\Summer\Synthetic_Dataset_YOLO_50\runs\detect\train-2\weights\best.pt,56.27,26.5
C:\Users\User\Documents\AI_Robotics Projects\AAU\Summer\Synthetic_Dataset_YOLO_50\runs\detect\train-2\weights\best.pt,45.47,27.3
C:\Users\User\Documents\AI_Robotics Projects\AAU\Summer\Synthetic_Dataset_YOLO_50\runs\detect\train-2\weights\best.pt,43.92,28.2
C:\Users\User\Documents\AI_Robotics Projects\AAU\Summer\Synthetic_Dataset_YOLO_50\runs\detect\train-2\weights\best.pt,41.66,30.1
C:\Users\User\Documents\AI_Robotics Projects\AAU\Summer\Synthetic_Dataset_YOLO_50\runs\detect\train-2\weights\best.pt,41.56,29.3
C:\Users\User\Documents\AI_Robotics Projects\AAU\Summer\Synthetic_Dataset_YOLO_50\runs\detect\train-2\weights\best.pt,42.09,30.3
C:\Users\User\Documents\AI_Robotics Projects\AAU\Summer\Synthetic_Dataset_YOLO_50\runs\detect\train-2\weights\best.pt,41.32,31.9
C:\Users\User\Documents\AI_Robotics Projects\AAU\Summer\Synthetic_Dataset_YOLO_50\runs\detect\train-2\weights\best.pt,44.9,29.3
C:\Users\User\Documents\AI_Robotics Projects\AAU\Summer\Synthetic_Dataset_YOLO_50\runs\detect\train-2\weights\best.pt,41.49,31.1
C:\Users\User\Documents\AI_Robotics Projects\AAU\Summer\Synthetic_Dataset_YOLO_50\runs\detect\train-2\weights\best.pt,46.62,29.1
C:\Users\User\Documents\AI_Robotics Projects\AAU\Summer\Synthetic_Dataset_YOLO_50\runs\detect\train-2\weights\best.pt,42.08,29.0
C:\Users\User\Documents\AI_Robotics Projects\AAU\Summer\Synthetic_Dataset_YOLO_50\runs\detect\train-2\weights\best.pt,41.75,29.1
C:\Users\User\Documents\AI_Robotics Projects\AAU\Summer\Synthetic_Dataset_YOLO_50\runs\detect\train-2\weights\best.pt,43.04,28.0
C:\Users\User\Documents\AI_Robotics Projects\AAU\Summer\Synthetic_Dataset_YOLO_50\runs\detect\train-2\weights\best.pt,51.47,25.5
C:\Users\User\Documents\AI_Robotics Projects\AAU\Summer\Synthetic_Dataset_YOLO_50\runs\detect\train-2\weights\best.pt,53.27,25.1
C:\Users\User\Documents\AI_Robotics Projects\AAU\Summer\Synthetic_Dataset_YOLO_50\runs\detect\train-2\weights\best.pt,59.74,23.8
C:\Users\User\Documents\AI_Robotics Projects\AAU\Summer\Synthetic_Dataset_YOLO_50\runs\detect\train-2\weights\best.pt,52.07,26.5
C:\Users\User\Documents\AI_Robotics Projects\AAU\Summer\Synthetic_Dataset_YOLO_50\runs\detect\train-2\weights\best.pt,45.28,26.9
C:\Users\User\Documents\AI_Robotics Projects\AAU\Summer\Synthetic_Dataset_YOLO_50\runs\detect\train-2\weights\best.pt,62.28,29.1
C:\Users\User\Documents\AI_Robotics Projects\AAU\Summer\Synthetic_Dataset_YOLO_50\runs\detect\train-2\weights\best.pt,43.04,26.9
C:\Users\User\Documents\AI_Robotics Projects\AAU\Summer\Synthetic_Dataset_YOLO_50\runs\detect\train-2\weights\best.pt,45.43,26.1
C:\Users\User\Documents\AI_Robotics Projects\AAU\Summer\Synthetic_Dataset_YOLO_50\runs\detect\train-2\weights\best.pt,44.42,27.8
C:\Users\User\Documents\AI_Robotics Projects\AAU\Summer\Synthetic_Dataset_YOLO_50\runs\detect\train-2\weights\best.pt,41.65,29.1
C:\Users\User\Documents\AI_Robotics Projects\AAU\Summer\Synthetic_Dataset_YOLO_50\runs\detect\train-2\weights\best.pt,45.08,26.9
C:\Users\User\Documents\AI_Robotics Projects\AAU\Summer\Synthetic_Dataset_YOLO_50\runs\detect\train-2\weights\best.pt,52.17,27.6
C:\Users\User\Documents\AI_Robotics Projects\AAU\Summer\Synthetic_Dataset_YOLO_50\runs\detect\train-2\weights\best.pt,54.48,27.8
C:\Users\User\Documents\AI_Robotics Projects\AAU\Summer\Synthetic_Dataset_YOLO_50\runs\detect\train-2\weights\best.pt,43.01,31.8
C:\Users\User\Documents\AI_Robotics Projects\AAU\Summer\Synthetic_Dataset_YOLO_50\runs\detect\train-2\weights\best.pt,44.75,30.1
C:\Users\User\Documents\AI_Robotics Projects\AAU\Summer\Synthetic_Dataset_YOLO_50\runs\detect\train-2\weights\best.pt,44.36,30.9
C:\Users\User\Documents\AI_Robotics Projects\AAU\Summer\Synthetic_Dataset_YOLO_50\runs\detect\train-2\weights\best.pt,49.57,31.5
C:\Users\User\Documents\AI_Robotics Projects\AAU\Summer\Synthetic_Dataset_YOLO_50\runs\detect\train-2\weights\best.pt,45.76,32.2
C:\Users\User\Documents\AI_Robotics Projects\AAU\Summer\Synthetic_Dataset_YOLO_50\runs\detect\train-2\weights\best.pt,45.88,31.2
C:\Users\User\Documents\AI_Robotics Projects\AAU\Summer\Synthetic_Dataset_YOLO_50\runs\detect\train-2\weights\best.pt,43.36,31.4
C:\Users\User\Documents\AI_Robotics Projects\AAU\Summer\Synthetic_Dataset_YOLO_50\runs\detect\train-2\weights\best.pt,46.91,32.4
C:\Users\User\Documents\AI_Robotics Projects\AAU\Summer\Synthetic_Dataset_YOLO_50\runs\detect\train-2\weights\best.pt,42.41,32.6
C:\Users\User\Documents\AI_Robotics Projects\AAU\Summer\Synthetic_Dataset_YOLO_50\runs\detect\train-2\weights\best.pt,44.24,33.4
C:\Users\User\Documents\AI_Robotics Projects\AAU\Summer\Synthetic_Dataset_YOLO_50\runs\detect\train-2\weights\best.pt,51.92,31.7
C:\Users\User\Documents\AI_Robotics Projects\AAU\Summer\Synthetic_Dataset_YOLO_50\runs\detect\train-2\weights\best.pt,58.44,29.9
C:\Users\User\Documents\AI_Robotics Projects\AAU\Summer\Synthetic_Dataset_YOLO_50\runs\detect\train-2\weights\best.pt,54.68,67.8
C:\Users\User\Documents\AI_Robotics Projects\AAU\Summer\Synthetic_Dataset_YOLO_50\runs\detect\train-2\weights\best.pt,46.83,70.0
C:\Users\User\Documents\AI_Robotics Projects\AAU\Summer\Synthetic_Dataset_YOLO_50\runs\detect\train-2\weights\best.pt,47.31,30.4
C:\Users\User\Documents\AI_Robotics Projects\AAU\Summer\Synthetic_Dataset_YOLO_50\runs\detect\train-2\weights\best.pt,46.58,33.6
C:\Users\User\Documents\AI_Robotics Projects\AAU\Summer\Synthetic_Dataset_YOLO_50\runs\detect\train-2\weights\best.pt,52.19,29.0
C:\Users\User\Documents\AI_Robotics Projects\AAU\Summer\Synthetic_Dataset_YOLO_50\runs\detect\train-2\weights\best.pt,49.79,65.4
C:\Users\User\Documents\AI_Robotics Projects\AAU\Summer\Synthetic_Dataset_YOLO_50\runs\detect\train-2\weights\best.pt,70.95,25.7
C:\Users\User\Documents\AI_Robotics Projects\AAU\Summer\Synthetic_Dataset_YOLO_50\runs\detect\train-2\weights\best.pt,47.58,30.5
C:\Users\User\Documents\AI_Robotics Projects\AAU\Summer\Synthetic_Dataset_YOLO_50\runs\detect\train-2\weights\best.pt,49.53,31.6
C:\Users\User\Documents\AI_Robotics Projects\AAU\Summer\Synthetic_Dataset_YOLO_50\runs\detect\train-2\weights\best.pt,46.35,74.7
C:\Users\User\Documents\AI_Robotics Projects\AAU\Summer\Synthetic_Dataset_YOLO_50\runs\detect\train-2\weights\best.pt,44.68,29.4
C:\Users\User\Documents\AI_Robotics Projects\AAU\Summer\Synthetic_Dataset_YOLO_50\runs\detect\train-2\weights\best.pt,44.03,76.0
C:\Users\User\Documents\AI_Robotics Projects\AAU\Summer\Synthetic_Dataset_YOLO_50\runs\detect\train-2\weights\best.pt,44.22,71.7
C:\Users\User\Documents\AI_Robotics Projects\AAU\Summer\Synthetic_Dataset_YOLO_50\runs\detect\train-2\weights\best.pt,43.81,31.2
C:\Users\User\Documents\AI_Robotics Projects\AAU\Summer\Synthetic_Dataset_YOLO_50\runs\detect\train-2\weights\best.pt,41.83,33.7
C:\Users\User\Documents\AI_Robotics Projects\AAU\Summer\Synthetic_Dataset_YOLO_50\runs\detect\train-2\weights\best.pt,51.93,49.3
C:\Users\User\Documents\AI_Robotics Projects\AAU\Summer\Synthetic_Dataset_YOLO_50\runs\detect\train-2\weights\best.pt,53.13,35.1
C:\Users\User\Documents\AI_Robotics Projects\AAU\Summer\Synthetic_Dataset_YOLO_50\runs\detect\train-2\weights\best.pt,46.97,68.0
C:\Users\User\Documents\AI_Robotics Projects\AAU\Summer\Synthetic_Dataset_YOLO_50\runs\detect\train-2\weights\best.pt,41.6,37.4
C:\Users\User\Documents\AI_Robotics Projects\AAU\Summer\Synthetic_Dataset_YOLO_50\runs\detect\train-2\weights\best.pt,43.55,74.8
C:\Users\User\Documents\AI_Robotics Projects\AAU\Summer\Synthetic_Dataset_YOLO_50\runs\detect\train-2\weights\best.pt,46.68,33.9
C:\Users\User\Documents\AI_Robotics Projects\AAU\Summer\Synthetic_Dataset_YOLO_50\runs\detect\train-2\weights\best.pt,43.4,70.5
C:\Users\User\Documents\AI_Robotics Projects\AAU\Summer\Synthetic_Dataset_YOLO_50\runs\detect\train-2\weights\best.pt,45.91,33.1
C:\Users\User\Documents\AI_Robotics Projects\AAU\Summer\Synthetic_Dataset_YOLO_50\runs\detect\train-2\weights\best.pt,45.93,34.5
C:\Users\User\Documents\AI_Robotics Projects\AAU\Summer\Synthetic_Dataset_YOLO_50\runs\detect\train-2\weights\best.pt,45.69,34.7
C:\Users\User\Documents\AI_Robotics Projects\AAU\Summer\Synthetic_Dataset_YOLO_50\runs\detect\train-2\weights\best.pt,45.1,33.2
C:\Users\User\Documents\AI_Robotics Projects\AAU\Summer\Synthetic_Dataset_YOLO_50\runs\detect\train-2\weights\best.pt,45.07,32.4
C:\Users\User\Documents\AI_Robotics Projects\AAU\Summer\Synthetic_Dataset_YOLO_50\runs\detect\train-2\weights\best.pt,46.65,35.2
C:\Users\User\Documents\AI_Robotics Projects\AAU\Summer\Synthetic_Dataset_YOLO_50\runs\detect\train-2\weights\best.pt,45.87,36.3
C:\Users\User\Documents\AI_Robotics Projects\AAU\Summer\Synthetic_Dataset_YOLO_50\runs\detect\train-2\weights\best.pt,44.85,33.4
C:\Users\User\Documents\AI_Robotics Projects\AAU\Summer\Synthetic_Dataset_YOLO_50\runs\detect\train-2\weights\best.pt,55.33,31.0
C:\Users\User\Documents\AI_Robotics Projects\AAU\Summer\Synthetic_Dataset_YOLO_50\runs\detect\train-2\weights\best.pt,66.18,33.4
C:\Users\User\Documents\AI_Robotics Projects\AAU\Summer\Synthetic_Dataset_YOLO_50\runs\detect\train-2\weights\best.pt,47.55,23.2
C:\Users\User\Documents\AI_Robotics Projects\AAU\Summer\Synthetic_Dataset_YOLO_50\runs\detect\train-2\weights\best.pt,46.31,35.8
C:\Users\User\Documents\AI_Robotics Projects\AAU\Summer\Synthetic_Dataset_YOLO_50\runs\detect\train-2\weights\best.pt,45.59,31.0
C:\Users\User\Documents\AI_Robotics Projects\AAU\Summer\Synthetic_Dataset_YOLO_50\runs\detect\train-2\weights\best.pt,45.79,42.9
C:\Users\User\Documents\AI_Robotics Projects\AAU\Summer\Synthetic_Dataset_YOLO_50\runs\detect\train-2\weights\best.pt,45.3,37.7
C:\Users\User\Documents\AI_Robotics Projects\AAU\Summer\Synthetic_Dataset_YOLO_50\runs\detect\train-2\weights\best.pt,43.19,54.0
C:\Users\User\Documents\AI_Robotics Projects\AAU\Summer\Synthetic_Dataset_YOLO_50\runs\detect\train-2\weights\best.pt,47.72,38.5
C:\Users\User\Documents\AI_Robotics Projects\AAU\Summer\Synthetic_Dataset_YOLO_50\runs\detect\train-2\weights\best.pt,46.05,63.0
C:\Users\User\Documents\AI_Robotics Projects\AAU\Summer\Synthetic_Dataset_YOLO_50\runs\detect\train-2\weights\best.pt,44.57,37.3
C:\Users\User\Documents\AI_Robotics Projects\AAU\Summer\Synthetic_Dataset_YOLO_50\runs\detect\train-2\weights\best.pt,44.94,35.4
C:\Users\User\Documents\AI_Robotics Projects\AAU\Summer\Synthetic_Dataset_YOLO_50\runs\detect\train-2\weights\best.pt,47.7,33.5
C:\Users\User\Documents\AI_Robotics Projects\AAU\Summer\Synthetic_Dataset_YOLO_50\runs\detect\train-2\weights\best.pt,48.49,35.2
C:\Users\User\Documents\AI_Robotics Projects\AAU\Summer\Synthetic_Dataset_YOLO_50\runs\detect\train-2\weights\best.pt,46.61,33.7
C:\Users\User\Documents\AI_Robotics Projects\AAU\Summer\Synthetic_Dataset_YOLO_50\runs\detect\train-2\weights\best.pt,57.47,64.7
C:\Users\User\Documents\AI_Robotics Projects\AAU\Summer\Synthetic_Dataset_YOLO_50\runs\detect\train-2\weights\best.pt,49.91,32.2
C:\Users\User\Documents\AI_Robotics Projects\AAU\Summer\Synthetic_Dataset_YOLO_50\runs\detect\train-2\weights\best.pt,47.99,33.7
C:\Users\User\Documents\AI_Robotics Projects\AAU\Summer\Synthetic_Dataset_YOLO_50\runs\detect\train-2\weights\best.pt,46.91,41.7
C:\Users\User\Documents\AI_Robotics Projects\AAU\Summer\Synthetic_Dataset_YOLO_50\runs\detect\train-2\weights\best.pt,46.65,68.6
C:\Users\User\Documents\AI_Robotics Projects\AAU\Summer\Synthetic_Dataset_YOLO_50\runs\detect\train-2\weights\best.pt,44.14,69.4
C:\Users\User\Documents\AI_Robotics Projects\AAU\Summer\Synthetic_Dataset_YOLO_50\runs\detect\train-2\weights\best.pt,44.13,33.6
C:\Users\User\Documents\AI_Robotics Projects\AAU\Summer\Synthetic_Dataset_YOLO_50\runs\detect\train-2\weights\best.pt,47.25,35.0
C:\Users\User\Documents\AI_Robotics Projects\AAU\Summer\Synthetic_Dataset_YOLO_50\runs\detect\train-2\weights\best.pt,46.41,36.6
C:\Users\User\Documents\AI_Robotics Projects\AAU\Summer\Synthetic_Dataset_YOLO_50\runs\detect\train-2\weights\best.pt,44.83,35.2
C:\Users\User\Documents\AI_Robotics Projects\AAU\Summer\Synthetic_Dataset_YOLO_50\runs\detect\train-2\weights\best.pt,49.65,35.4
C:\Users\User\Documents\AI_Robotics Projects\AAU\Summer\Synthetic_Dataset_YOLO_50\runs\detect\train-2\weights\best.pt,62.54,35.7
C:\Users\User\Documents\AI_Robotics Projects\AAU\Summer\Synthetic_Dataset_YOLO_50\runs\detect\train-2\weights\best.pt,48.6,28.9
C:\Users\User\Documents\AI_Robotics Projects\AAU\Summer\Synthetic_Dataset_YOLO_50\runs\detect\train-2\weights\best.pt,46.19,69.6
C:\Users\User\Documents\AI_Robotics Projects\AAU\Summer\Synthetic_Dataset_YOLO_50\runs\detect\train-2\weights\best.pt,56.87,35.4
C:\Users\User\Documents\AI_Robotics Projects\AAU\Summer\Synthetic_Dataset_YOLO_50\runs\detect\train-2\weights\best.pt,48.66,33.6
C:\Users\User\Documents\AI_Robotics Projects\AAU\Summer\Synthetic_Dataset_YOLO_50\runs\detect\train-2\weights\best.pt,49.49,35.0
C:\Users\User\Documents\AI_Robotics Projects\AAU\Summer\Synthetic_Dataset_YOLO_50\runs\detect\train-2\weights\best.pt,47.82,35.6
C:\Users\User\Documents\AI_Robotics Projects\AAU\Summer\Synthetic_Dataset_YOLO_50\runs\detect\train-2\weights\best.pt,45.29,36.0
C:\Users\User\Documents\AI_Robotics Projects\AAU\Summer\Synthetic_Dataset_YOLO_50\runs\detect\train-2\weights\best.pt,50.93,36.8
C:\Users\User\Documents\AI_Robotics Projects\AAU\Summer\Synthetic_Dataset_YOLO_50\runs\detect\train-2\weights\best.pt,47.72,35.8
C:\Users\User\Documents\AI_Robotics Projects\AAU\Summer\Synthetic_Dataset_YOLO_50\runs\detect\train-2\weights\best.pt,45.94,37.3
C:\Users\User\Documents\AI_Robotics Projects\AAU\Summer\Synthetic_Dataset_YOLO_50\runs\detect\train-2\weights\best.pt,47.35,71.2
C:\Users\User\Documents\AI_Robotics Projects\AAU\Summer\Synthetic_Dataset_YOLO_50\runs\detect\train-2\weights\best.pt,46.26,36.3
C:\Users\User\Documents\AI_Robotics Projects\AAU\Summer\Synthetic_Dataset_YOLO_50\runs\detect\train-2\weights\best.pt,47.07,69.7
C:\Users\User\Documents\AI_Robotics Projects\AAU\Summer\Synthetic_Dataset_YOLO_50\runs\detect\train-2\weights\best.pt,46.38,35.1
C:\Users\User\Documents\AI_Robotics Projects\AAU\Summer\Synthetic_Dataset_YOLO_50\runs\detect\train-2\weights\best.pt,47.36,36.1
C:\Users\User\Documents\AI_Robotics Projects\AAU\Summer\Synthetic_Dataset_YOLO_50\runs\detect\train-2\weights\best.pt,50.55,36.0
C:\Users\User\Documents\AI_Robotics Projects\AAU\Summer\Synthetic_Dataset_YOLO_50\runs\detect\train-2\weights\best.pt,54.36,70.2
C:\Users\User\Documents\AI_Robotics Projects\AAU\Summer\Synthetic_Dataset_YOLO_50\runs\detect\train-2\weights\best.pt,64.66,66.7
C:\Users\User\Documents\AI_Robotics Projects\AAU\Summer\Synthetic_Dataset_YOLO_50\runs\detect\train-2\weights\best.pt,59.74,61.2
C:\Users\User\Documents\AI_Robotics Projects\AAU\Summer\Synthetic_Dataset_YOLO_50\runs\detect\train-2\weights\best.pt,46.83,65.8
C:\Users\User\Documents\AI_Robotics Projects\AAU\Summer\Synthetic_Dataset_YOLO_50\runs\detect\train-2\weights\best.pt,47.37,65.5
C:\Users\User\Documents\AI_Robotics Projects\AAU\Summer\Synthetic_Dataset_YOLO_50\runs\detect\train-2\weights\best.pt,47.55,69.5
C:\Users\User\Documents\AI_Robotics Projects\AAU\Summer\Synthetic_Dataset_YOLO_50\runs\detect\train-2\weights\best.pt,49.04,71.3
C:\Users\User\Documents\AI_Robotics Projects\AAU\Summer\Synthetic_Dataset_YOLO_50\runs\detect\train-2\weights\best.pt,46.62,70.0
C:\Users\User\Documents\AI_Robotics Projects\AAU\Summer\Synthetic_Dataset_YOLO_50\runs\detect\train-2\weights\best.pt,48.53,70.3
C:\Users\User\Documents\AI_Robotics Projects\AAU\Summer\Synthetic_Dataset_YOLO_50\runs\detect\train-2\weights\best.pt,45.46,65.2
C:\Users\User\Documents\AI_Robotics Projects\AAU\Summer\Synthetic_Dataset_YOLO_50\runs\detect\train-2\weights\best.pt,47.78,67.5
C:\Users\User\Documents\AI_Robotics Projects\AAU\Summer\Synthetic_Dataset_YOLO_50\runs\detect\train-2\weights\best.pt,67.1,55.3
C:\Users\User\Documents\AI_Robotics Projects\AAU\Summer\Synthetic_Dataset_YOLO_50\runs\detect\train-2\weights\best.pt,50.71,67.9
C:\Users\User\Documents\AI_Robotics Projects\AAU\Summer\Synthetic_Dataset_YOLO_50\runs\detect\train-2\weights\best.pt,52.72,60.5
C:\Users\User\Documents\AI_Robotics Projects\AAU\Summer\Synthetic_Dataset_YOLO_50\runs\detect\train-2\weights\best.pt,51.39,64.7
C:\Users\User\Documents\AI_Robotics Projects\AAU\Summer\Synthetic_Dataset_YOLO_50\runs\detect\train-2\weights\best.pt,52.68,72.6
C:\Users\User\Documents\AI_Robotics Projects\AAU\Summer\Synthetic_Dataset_YOLO_50\runs\detect\train-2\weights\best.pt,68.13,27.1
C:\Users\User\Documents\AI_Robotics Projects\AAU\Summer\Synthetic_Dataset_YOLO_50\runs\detect\train-2\weights\best.pt,57.13,29.3
C:\Users\User\Documents\AI_Robotics Projects\AAU\Summer\Synthetic_Dataset_YOLO_50\runs\detect\train-2\weights\best.pt,58.01,33.6
C:\Users\User\Documents\AI_Robotics Projects\AAU\Summer\Synthetic_Dataset_YOLO_50\runs\detect\train-2\weights\best.pt,74.43,59.7
C:\Users\User\Documents\AI_Robotics Projects\AAU\Summer\Synthetic_Dataset_YOLO_50\runs\detect\train-2\weights\best.pt,48.71,70.9
C:\Users\User\Documents\AI_Robotics Projects\AAU\Summer\Synthetic_Dataset_YOLO_50\runs\detect\train-2\weights\best.pt,47.51,39.4
C:\Users\User\Documents\AI_Robotics Projects\AAU\Summer\Synthetic_Dataset_YOLO_50\runs\detect\train-2\weights\best.pt,47.35,69.1
C:\Users\User\Documents\AI_Robotics Projects\AAU\Summer\Synthetic_Dataset_YOLO_50\runs\detect\train-2\weights\best.pt,49.52,32.0
C:\Users\User\Documents\AI_Robotics Projects\AAU\Summer\Synthetic_Dataset_YOLO_50\runs\detect\train-2\weights\best.pt,44.29,65.9
C:\Users\User\Documents\AI_Robotics Projects\AAU\Summer\Synthetic_Dataset_YOLO_50\runs\detect\train-2\weights\best.pt,47.51,68.6
C:\Users\User\Documents\AI_Robotics Projects\AAU\Summer\Synthetic_Dataset_YOLO_50\runs\detect\train-2\weights\best.pt,46.74,70.2
C:\Users\User\Documents\AI_Robotics Projects\AAU\Summer\Synthetic_Dataset_YOLO_50\runs\detect\train-2\weights\best.pt,44.74,72.0
C:\Users\User\Documents\AI_Robotics Projects\AAU\Summer\Synthetic_Dataset_YOLO_50\runs\detect\train-2\weights\best.pt,52.3,77.0
C:\Users\User\Documents\AI_Robotics Projects\AAU\Summer\Synthetic_Dataset_YOLO_50\runs\detect\train-2\weights\best.pt,56.38,31.4
C:\Users\User\Documents\AI_Robotics Projects\AAU\Summer\Synthetic_Dataset_YOLO_50\runs\detect\train-2\weights\best.pt,46.37,36.9
C:\Users\User\Documents\AI_Robotics Projects\AAU\Summer\Synthetic_Dataset_YOLO_50\runs\detect\train-2\weights\best.pt,50.0,71.6
C:\Users\User\Documents\AI_Robotics Projects\AAU\Summer\Synthetic_Dataset_YOLO_50\runs\detect\train-2\weights\best.pt,56.04,67.8
C:\Users\User\Documents\AI_Robotics Projects\AAU\Summer\Synthetic_Dataset_YOLO_50\runs\detect\train-2\weights\best.pt,47.5,31.8
C:\Users\User\Documents\AI_Robotics Projects\AAU\Summer\Synthetic_Dataset_YOLO_50\runs\detect\train-2\weights\best.pt,47.69,36.2
C:\Users\User\Documents\AI_Robotics Projects\AAU\Summer\Synthetic_Dataset_YOLO_50\runs\detect\train-2\weights\best.pt,44.75,36.9
C:\Users\User\Documents\AI_Robotics Projects\AAU\Summer\Synthetic_Dataset_YOLO_50\runs\detect\train-2\weights\best.pt,45.5,35.3
C:\Users\User\Documents\AI_Robotics Projects\AAU\Summer\Synthetic_Dataset_YOLO_50\runs\detect\train-2\weights\best.pt,55.32,40.4
C:\Users\User\Documents\AI_Robotics Projects\AAU\Summer\Synthetic_Dataset_YOLO_50\runs\detect\train-2\weights\best.pt,54.56,62.5
C:\Users\User\Documents\AI_Robotics Projects\AAU\Summer\Synthetic_Dataset_YOLO_50\runs\detect\train-2\weights\best.pt,48.65,32.9
C:\Users\User\Documents\AI_Robotics Projects\AAU\Summer\Synthetic_Dataset_YOLO_50\runs\detect\train-2\weights\best.pt,49.17,35.0
C:\Users\User\Documents\AI_Robotics Projects\AAU\Summer\Synthetic_Dataset_YOLO_50\runs\detect\train-2\weights\best.pt,47.77,36.0
C:\Users\User\Documents\AI_Robotics Projects\AAU\Summer\Synthetic_Dataset_YOLO_50\runs\detect\train-2\weights\best.pt,47.29,34.3
C:\Users\User\Documents\AI_Robotics Projects\AAU\Summer\Synthetic_Dataset_YOLO_50\runs\detect\train-2\weights\best.pt,45.77,76.2
C:\Users\User\Documents\AI_Robotics Projects\AAU\Summer\Synthetic_Dataset_YOLO_50\runs\detect\train-2\weights\best.pt,44.7,74.5
C:\Users\User\Documents\AI_Robotics Projects\AAU\Summer\Synthetic_Dataset_YOLO_50\runs\detect\train-2\weights\best.pt,48.09,38.5
C:\Users\User\Documents\AI_Robotics Projects\AAU\Summer\Synthetic_Dataset_YOLO_50\runs\detect\train-2\weights\best.pt,55.02,35.1
C:\Users\User\Documents\AI_Robotics Projects\AAU\Summer\Synthetic_Dataset_YOLO_50\runs\detect\train-2\weights\best.pt,47.62,32.9
C:\Users\User\Documents\AI_Robotics Projects\AAU\Summer\Synthetic_Dataset_YOLO_50\runs\detect\train-2\weights\best.pt,48.54,36.4
C:\Users\User\Documents\AI_Robotics Projects\AAU\Summer\Synthetic_Dataset_YOLO_50\runs\detect\train-2\weights\best.pt,46.03,73.7
C:\Users\User\Documents\AI_Robotics Projects\AAU\Summer\Synthetic_Dataset_YOLO_50\runs\detect\train-2\weights\best.pt,44.04,48.9
C:\Users\User\Documents\AI_Robotics Projects\AAU\Summer\Synthetic_Dataset_YOLO_50\runs\detect\train-2\weights\best.pt,43.13,39.3
C:\Users\User\Documents\AI_Robotics Projects\AAU\Summer\Synthetic_Dataset_YOLO_50\runs\detect\train-2\weights\best.pt,45.58,37.2
C:\Users\User\Documents\AI_Robotics Projects\AAU\Summer\Synthetic_Dataset_YOLO_50\runs\detect\train-2\weights\best.pt,41.29,37.4
C:\Users\User\Documents\AI_Robotics Projects\AAU\Summer\Synthetic_Dataset_YOLO_50\runs\detect\train-2\weights\best.pt,42.15,36.3
C:\Users\User\Documents\AI_Robotics Projects\AAU\Summer\Synthetic_Dataset_YOLO_50\runs\detect\train-2\weights\best.pt,44.71,38.9
C:\Users\User\Documents\AI_Robotics Projects\AAU\Summer\Synthetic_Dataset_YOLO_50\runs\detect\train-2\weights\best.pt,43.61,37.7
C:\Users\User\Documents\AI_Robotics Projects\AAU\Summer\Synthetic_Dataset_YOLO_50\runs\detect\train-2\weights\best.pt,41.96,37.6
C:\Users\User\Documents\AI_Robotics Projects\AAU\Summer\Synthetic_Dataset_YOLO_50\runs\detect\train-2\weights\best.pt,43.15,40.0
C:\Users\User\Documents\AI_Robotics Projects\AAU\Summer\Synthetic_Dataset_YOLO_50\runs\detect\train-2\weights\best.pt,43.65,35.5
C:\Users\User\Documents\AI_Robotics Projects\AAU\Summer\Synthetic_Dataset_YOLO_50\runs\detect\train-2\weights\best.pt,43.05,39.0
C:\Users\User\Documents\AI_Robotics Projects\AAU\Summer\Synthetic_Dataset_YOLO_50\runs\detect\train-2\weights\best.pt,50.7,37.8
C:\Users\User\Documents\AI_Robotics Projects\AAU\Summer\Synthetic_Dataset_YOLO_50\runs\detect\train-2\weights\best.pt,62.6,31.2
C:\Users\User\Documents\AI_Robotics Projects\AAU\Summer\Synthetic_Dataset_YOLO_50\runs\detect\train-2\weights\best.pt,42.94,69.2
C:\Users\User\Documents\AI_Robotics Projects\AAU\Summer\Synthetic_Dataset_YOLO_50\runs\detect\train-2\weights\best.pt,43.15,37.4
C:\Users\User\Documents\AI_Robotics Projects\AAU\Summer\Synthetic_Dataset_YOLO_50\runs\detect\train-2\weights\best.pt,46.71,37.0
C:\Users\User\Documents\AI_Robotics Projects\AAU\Summer\Synthetic_Dataset_YOLO_50\runs\detect\train-2\weights\best.pt,44.26,40.4
C:\Users\User\Documents\AI_Robotics Projects\AAU\Summer\Synthetic_Dataset_YOLO_50\runs\detect\train-2\weights\best.pt,42.31,37.1
C:\Users\User\Documents\AI_Robotics Projects\AAU\Summer\Synthetic_Dataset_YOLO_50\runs\detect\train-2\weights\best.pt,43.39,35.9
C:\Users\User\Documents\AI_Robotics Projects\AAU\Summer\Synthetic_Dataset_YOLO_50\runs\detect\train-2\weights\best.pt,43.36,38.6
C:\Users\User\Documents\AI_Robotics Projects\AAU\Summer\Synthetic_Dataset_YOLO_50\runs\detect\train-2\weights\best.pt,44.5,29.7
C:\Users\User\Documents\AI_Robotics Projects\AAU\Summer\Synthetic_Dataset_YOLO_50\runs\detect\train-2\weights\best.pt,44.25,46.9
C:\Users\User\Documents\AI_Robotics Projects\AAU\Summer\Synthetic_Dataset_YOLO_50\runs\detect\train-2\weights\best.pt,43.17,37.9
C:\Users\User\Documents\AI_Robotics Projects\AAU\Summer\Synthetic_Dataset_YOLO_50\runs\detect\train-2\weights\best.pt,43.34,38.4
C:\Users\User\Documents\AI_Robotics Projects\AAU\Summer\Synthetic_Dataset_YOLO_50\runs\detect\train-2\weights\best.pt,43.84,37.9
C:\Users\User\Documents\AI_Robotics Projects\AAU\Summer\Synthetic_Dataset_YOLO_50\runs\detect\train-2\weights\best.pt,44.76,37.5
C:\Users\User\Documents\AI_Robotics Projects\AAU\Summer\Synthetic_Dataset_YOLO_50\runs\detect\train-2\weights\best.pt,50.21,37.5
C:\Users\User\Documents\AI_Robotics Projects\AAU\Summer\Synthetic_Dataset_YOLO_50\runs\detect\train-2\weights\best.pt,43.18,36.9
C:\Users\User\Documents\AI_Robotics Projects\AAU\Summer\Synthetic_Dataset_YOLO_50\runs\detect\train-2\weights\best.pt,42.15,84.4
C:\Users\User\Documents\AI_Robotics Projects\AAU\Summer\Synthetic_Dataset_YOLO_50\runs\detect\train-2\weights\best.pt,42.58,39.4
C:\Users\User\Documents\AI_Robotics Projects\AAU\Summer\Synthetic_Dataset_YOLO_50\runs\detect\train-2\weights\best.pt,44.16,74.4
C:\Users\User\Documents\AI_Robotics Projects\AAU\Summer\Synthetic_Dataset_YOLO_50\runs\detect\train-2\weights\best.pt,41.5,70.1
C:\Users\User\Documents\AI_Robotics Projects\AAU\Summer\Synthetic_Dataset_YOLO_50\runs\detect\train-2\weights\best.pt,41.18,75.1
C:\Users\User\Documents\AI_Robotics Projects\AAU\Summer\Synthetic_Dataset_YOLO_50\runs\detect\train-2\weights\best.pt,42.54,90.1
C:\Users\User\Documents\AI_Robotics Projects\AAU\Summer\Synthetic_Dataset_YOLO_50\runs\detect\train-2\weights\best.pt,42.13,72.4
C:\Users\User\Documents\AI_Robotics Projects\AAU\Summer\Synthetic_Dataset_YOLO_50\runs\detect\train-2\weights\best.pt,40.61,136.2
C:\Users\User\Documents\AI_Robotics Projects\AAU\Summer\Synthetic_Dataset_YOLO_50\runs\detect\train-2\weights\best.pt,42.3,103.5
C:\Users\User\Documents\AI_Robotics Projects\AAU\Summer\Synthetic_Dataset_YOLO_50\runs\detect\train-2\weights\best.pt,42.91,74.1
C:\Users\User\Documents\AI_Robotics Projects\AAU\Summer\Synthetic_Dataset_YOLO_50\runs\detect\train-2\weights\best.pt,40.67,73.5
C:\Users\User\Documents\AI_Robotics Projects\AAU\Summer\Synthetic_Dataset_YOLO_50\runs\detect\train-2\weights\best.pt,81.81,66.1
C:\Users\User\Documents\AI_Robotics Projects\AAU\Summer\Synthetic_Dataset_YOLO_50\runs\detect\train-2\weights\best.pt,42.15,69.2
C:\Users\User\Documents\AI_Robotics Projects\AAU\Summer\Synthetic_Dataset_YOLO_50\runs\detect\train-2\weights\best.pt,40.86,76.1
C:\Users\User\Documents\AI_Robotics Projects\AAU\Summer\Synthetic_Dataset_YOLO_50\runs\detect\train-2\weights\best.pt,43.86,78.2
C:\Users\User\Documents\AI_Robotics Projects\AAU\Summer\Synthetic_Dataset_YOLO_50\runs\detect\train-2\weights\best.pt,54.15,75.6
C:\Users\User\Documents\AI_Robotics Projects\AAU\Summer\Synthetic_Dataset_YOLO_50\runs\detect\train-2\weights\best.pt,52.37,64.4
C:\Users\User\Documents\AI_Robotics Projects\AAU\Summer\Synthetic_Dataset_YOLO_50\runs\detect\train-2\weights\best.pt,43.59,35.8
C:\Users\User\Documents\AI_Robotics Projects\AAU\Summer\Synthetic_Dataset_YOLO_50\runs\detect\train-2\weights\best.pt,43.15,78.7
C:\Users\User\Documents\AI_Robotics Projects\AAU\Summer\Synthetic_Dataset_YOLO_50\runs\detect\train-2\weights\best.pt,45.73,73.2
C:\Users\User\Documents\AI_Robotics Projects\AAU\Summer\Synthetic_Dataset_YOLO_50\runs\detect\train-2\weights\best.pt,41.27,67.8
C:\Users\User\Documents\AI_Robotics Projects\AAU\Summer\Synthetic_Dataset_YOLO_50\runs\detect\train-2\weights\best.pt,47.23,34.5
C:\Users\User\Documents\AI_Robotics Projects\AAU\Summer\Synthetic_Dataset_YOLO_50\runs\detect\train-2\weights\best.pt,44.76,35.9
C:\Users\User\Documents\AI_Robotics Projects\AAU\Summer\Synthetic_Dataset_YOLO_50\runs\detect\train-2\weights\best.pt,41.29,63.8
C:\Users\User\Documents\AI_Robotics Projects\AAU\Summer\Synthetic_Dataset_YOLO_50\runs\detect\train-2\weights\best.pt,42.97,37.1
C:\Users\User\Documents\AI_Robotics Projects\AAU\Summer\Synthetic_Dataset_YOLO_50\runs\detect\train-2\weights\best.pt,43.16,69.8
C:\Users\User\Documents\AI_Robotics Projects\AAU\Summer\Synthetic_Dataset_YOLO_50\runs\detect\train-2\weights\best.pt,42.69,39.6
C:\Users\User\Documents\AI_Robotics Projects\AAU\Summer\Synthetic_Dataset_YOLO_50\runs\detect\train-2\weights\best.pt,41.66,78.4
C:\Users\User\Documents\AI_Robotics Projects\AAU\Summer\Synthetic_Dataset_YOLO_50\runs\detect\train-2\weights\best.pt,42.97,74.4
C:\Users\User\Documents\AI_Robotics Projects\AAU\Summer\Synthetic_Dataset_YOLO_50\runs\detect\train-2\weights\best.pt,41.34,74.5
C:\Users\User\Documents\AI_Robotics Projects\AAU\Summer\Synthetic_Dataset_YOLO_50\runs\detect\train-2\weights\best.pt,43.68,35.7
C:\Users\User\Documents\AI_Robotics Projects\AAU\Summer\Synthetic_Dataset_YOLO_50\runs\detect\train-2\weights\best.pt,50.27,77.2
C:\Users\User\Documents\AI_Robotics Projects\AAU\Summer\Synthetic_Dataset_YOLO_50\runs\detect\train-2\weights\best.pt,60.74,65.8
C:\Users\User\Documents\AI_Robotics Projects\AAU\Summer\Synthetic_Dataset_YOLO_50\runs\detect\train-2\weights\best.pt,45.39,71.8
C:\Users\User\Documents\AI_Robotics Projects\AAU\Summer\Synthetic_Dataset_YOLO_50\runs\detect\train-2\weights\best.pt,42.66,72.4
C:\Users\User\Documents\AI_Robotics Projects\AAU\Summer\Synthetic_Dataset_YOLO_50\runs\detect\train-2\weights\best.pt,43.02,58.8
C:\Users\User\Documents\AI_Robotics Projects\AAU\Summer\Synthetic_Dataset_YOLO_50\runs\detect\train-2\weights\best.pt,43.99,72.9
C:\Users\User\Documents\AI_Robotics Projects\AAU\Summer\Synthetic_Dataset_YOLO_50\runs\detect\train-2\weights\best.pt,42.1,74.3
C:\Users\User\Documents\AI_Robotics Projects\AAU\Summer\Synthetic_Dataset_YOLO_50\runs\detect\train-2\weights\best.pt,45.47,36.4
C:\Users\User\Documents\AI_Robotics Projects\AAU\Summer\Synthetic_Dataset_YOLO_50\runs\detect\train-2\weights\best.pt,57.82,68.7
C:\Users\User\Documents\AI_Robotics Projects\AAU\Summer\Synthetic_Dataset_YOLO_50\runs\detect\train-2\weights\best.pt,71.09,60.8
C:\Users\User\Documents\AI_Robotics Projects\AAU\Summer\Synthetic_Dataset_YOLO_50\runs\detect\train-2\weights\best.pt,53.01,70.5
C:\Users\User\Documents\AI_Robotics Projects\AAU\Summer\Synthetic_Dataset_YOLO_50\runs\detect\train-2\weights\best.pt,62.06,68.3
C:\Users\User\Documents\AI_Robotics Projects\AAU\Summer\Synthetic_Dataset_YOLO_50\runs\detect\train-2\weights\best.pt,56.39,68.7
C:\Users\User\Documents\AI_Robotics Projects\AAU\Summer\Synthetic_Dataset_YOLO_50\runs\detect\train-2\weights\best.pt,48.72,34.6
C:\Users\User\Documents\AI_Robotics Projects\AAU\Summer\Synthetic_Dataset_YOLO_50\runs\detect\train-2\weights\best.pt,52.41,35.7
C:\Users\User\Documents\AI_Robotics Projects\AAU\Summer\Synthetic_Dataset_YOLO_50\runs\detect\train-2\weights\best.pt,47.3,71.3
C:\Users\User\Documents\AI_Robotics Projects\AAU\Summer\Synthetic_Dataset_YOLO_50\runs\detect\train-2\weights\best.pt,50.59,69.5
C:\Users\User\Documents\AI_Robotics Projects\AAU\Summer\Synthetic_Dataset_YOLO_50\runs\detect\train-2\weights\best.pt,54.77,65.9
C:\Users\User\Documents\AI_Robotics Projects\AAU\Summer\Synthetic_Dataset_YOLO_50\runs\detect\train-2\weights\best.pt,47.42,36.0
C:\Users\User\Documents\AI_Robotics Projects\AAU\Summer\Synthetic_Dataset_YOLO_50\runs\detect\train-2\weights\best.pt,54.0,37.2
C:\Users\User\Documents\AI_Robotics Projects\AAU\Summer\Synthetic_Dataset_YOLO_50\runs\detect\train-2\weights\best.pt,53.47,34.2
C:\Users\User\Documents\AI_Robotics Projects\AAU\Summer\Synthetic_Dataset_YOLO_50\runs\detect\train-2\weights\best.pt,48.37,66.7
C:\Users\User\Documents\AI_Robotics Projects\AAU\Summer\Synthetic_Dataset_YOLO_50\runs\detect\train-2\weights\best.pt,44.18,72.6
C:\Users\User\Documents\AI_Robotics Projects\AAU\Summer\Synthetic_Dataset_YOLO_50\runs\detect\train-2\weights\best.pt,43.58,66.7
C:\Users\User\Documents\AI_Robotics Projects\AAU\Summer\Synthetic_Dataset_YOLO_50\runs\detect\train-2\weights\best.pt,43.95,39.5
C:\Users\User\Documents\AI_Robotics Projects\AAU\Summer\Synthetic_Dataset_YOLO_50\runs\detect\train-2\weights\best.pt,42.78,78.2
C:\Users\User\Documents\AI_Robotics Projects\AAU\Summer\Synthetic_Dataset_YOLO_50\runs\detect\train-2\weights\best.pt,43.0,73.2
C:\Users\User\Documents\AI_Robotics Projects\AAU\Summer\Synthetic_Dataset_YOLO_50\runs\detect\train-2\weights\best.pt,46.04,69.8
C:\Users\User\Documents\AI_Robotics Projects\AAU\Summer\Synthetic_Dataset_YOLO_50\runs\detect\train-2\weights\best.pt,46.71,67.8
C:\Users\User\Documents\AI_Robotics Projects\AAU\Summer\Synthetic_Dataset_YOLO_50\runs\detect\train-2\weights\best.pt,44.28,72.3
C:\Users\User\Documents\AI_Robotics Projects\AAU\Summer\Synthetic_Dataset_YOLO_50\runs\detect\train-2\weights\best.pt,44.19,72.4
C:\Users\User\Documents\AI_Robotics Projects\AAU\Summer\Synthetic_Dataset_YOLO_50\runs\detect\train-2\weights\best.pt,45.03,43.8
C:\Users\User\Documents\AI_Robotics Projects\AAU\Summer\Synthetic_Dataset_YOLO_50\runs\detect\train-2\weights\best.pt,50.64,72.9
C:\Users\User\Documents\AI_Robotics Projects\AAU\Summer\Synthetic_Dataset_YOLO_50\runs\detect\train-2\weights\best.pt,53.01,34.4
C:\Users\User\Documents\AI_Robotics Projects\AAU\Summer\Synthetic_Dataset_YOLO_50\runs\detect\train-2\weights\best.pt,48.08,35.6
C:\Users\User\Documents\AI_Robotics Projects\AAU\Summer\Synthetic_Dataset_YOLO_50\runs\detect\train-2\weights\best.pt,46.03,82.1
C:\Users\User\Documents\AI_Robotics Projects\AAU\Summer\Synthetic_Dataset_YOLO_50\runs\detect\train-2\weights\best.pt,46.39,70.5
C:\Users\User\Documents\AI_Robotics Projects\AAU\Summer\Synthetic_Dataset_YOLO_50\runs\detect\train-2\weights\best.pt,43.66,75.4
C:\Users\User\Documents\AI_Robotics Projects\AAU\Summer\Synthetic_Dataset_YOLO_50\runs\detect\train-2\weights\best.pt,66.39,60.4
C:\Users\User\Documents\AI_Robotics Projects\AAU\Summer\Synthetic_Dataset_YOLO_50\runs\detect\train-2\weights\best.pt,45.15,72.7
C:\Users\User\Documents\AI_Robotics Projects\AAU\Summer\Synthetic_Dataset_YOLO_50\runs\detect\train-2\weights\best.pt,43.24,72.0
C:\Users\User\Documents\AI_Robotics Projects\AAU\Summer\Synthetic_Dataset_YOLO_50\runs\detect\train-2\weights\best.pt,45.98,67.8
C:\Users\User\Documents\AI_Robotics Projects\AAU\Summer\Synthetic_Dataset_YOLO_50\runs\detect\train-2\weights\best.pt,44.65,65.0
C:\Users\User\Documents\AI_Robotics Projects\AAU\Summer\Synthetic_Dataset_YOLO_50\runs\detect\train-2\weights\best.pt,42.52,65.6
C:\Users\User\Documents\AI_Robotics Projects\AAU\Summer\Synthetic_Dataset_YOLO_50\runs\detect\train-2\weights\best.pt,44.76,34.6
C:\Users\User\Documents\AI_Robotics Projects\AAU\Summer\Synthetic_Dataset_YOLO_50\runs\detect\train-2\weights\best.pt,48.69,65.0
C:\Users\User\Documents\AI_Robotics Projects\AAU\Summer\Synthetic_Dataset_YOLO_50\runs\detect\train-2\weights\best.pt,46.43,67.8
C:\Users\User\Documents\AI_Robotics Projects\AAU\Summer\Synthetic_Dataset_YOLO_50\runs\detect\train-2\weights\best.pt,43.9,32.4
C:\Users\User\Documents\AI_Robotics Projects\AAU\Summer\Synthetic_Dataset_YOLO_50\runs\detect\train-2\weights\best.pt,44.43,65.8
C:\Users\User\Documents\AI_Robotics Projects\AAU\Summer\Synthetic_Dataset_YOLO_50\runs\detect\train-2\weights\best.pt,58.34,65.6
C:\Users\User\Documents\AI_Robotics Projects\AAU\Summer\Synthetic_Dataset_YOLO_50\runs\detect\train-2\weights\best.pt,45.41,66.4
C:\Users\User\Documents\AI_Robotics Projects\AAU\Summer\Synthetic_Dataset_YOLO_50\runs\detect\train-2\weights\best.pt,49.72,59.5
C:\Users\User\Documents\AI_Robotics Projects\AAU\Summer\Synthetic_Dataset_YOLO_50\runs\detect\train-2\weights\best.pt,46.39,65.3
C:\Users\User\Documents\AI_Robotics Projects\AAU\Summer\Synthetic_Dataset_YOLO_50\runs\detect\train-2\weights\best.pt,43.27,66.6
C:\Users\User\Documents\AI_Robotics Projects\AAU\Summer\Synthetic_Dataset_YOLO_50\runs\detect\train-2\weights\best.pt,47.18,66.6
C:\Users\User\Documents\AI_Robotics Projects\AAU\Summer\Synthetic_Dataset_YOLO_50\runs\detect\train-2\weights\best.pt,45.45,69.4
C:\Users\User\Documents\AI_Robotics Projects\AAU\Summer\Synthetic_Dataset_YOLO_50\runs\detect\train-2\weights\best.pt,44.37,70.2
C:\Users\User\Documents\AI_Robotics Projects\AAU\Summer\Synthetic_Dataset_YOLO_50\runs\detect\train-2\weights\best.pt,46.12,68.1
C:\Users\User\Documents\AI_Robotics Projects\AAU\Summer\Synthetic_Dataset_YOLO_50\runs\detect\train-2\weights\best.pt,45.1,73.8
C:\Users\User\Documents\AI_Robotics Projects\AAU\Summer\Synthetic_Dataset_YOLO_50\runs\detect\train-2\weights\best.pt,45.87,37.3
C:\Users\User\Documents\AI_Robotics Projects\AAU\Summer\Synthetic_Dataset_YOLO_50\runs\detect\train-2\weights\best.pt,44.96,37.8
C:\Users\User\Documents\AI_Robotics Projects\AAU\Summer\Synthetic_Dataset_YOLO_50\runs\detect\train-2\weights\best.pt,45.12,71.2
C:\Users\User\Documents\AI_Robotics Projects\AAU\Summer\Synthetic_Dataset_YOLO_50\runs\detect\train-2\weights\best.pt,45.12,67.3
C:\Users\User\Documents\AI_Robotics Projects\AAU\Summer\Synthetic_Dataset_YOLO_50\runs\detect\train-2\weights\best.pt,45.43,64.8
C:\Users\User\Documents\AI_Robotics Projects\AAU\Summer\Synthetic_Dataset_YOLO_50\runs\detect\train-2\weights\best.pt,48.23,67.8
C:\Users\User\Documents\AI_Robotics Projects\AAU\Summer\Synthetic_Dataset_YOLO_50\runs\detect\train-2\weights\best.pt,46.44,67.2
C:\Users\User\Documents\AI_Robotics Projects\AAU\Summer\Synthetic_Dataset_YOLO_50\runs\detect\train-2\weights\best.pt,55.55,61.0
C:\Users\User\Documents\AI_Robotics Projects\AAU\Summer\Synthetic_Dataset_YOLO_50\runs\detect\train-2\weights\best.pt,55.02,63.5
C:\Users\User\Documents\AI_Robotics Projects\AAU\Summer\Synthetic_Dataset_YOLO_50\runs\detect\train-2\weights\best.pt,62.58,60.1
C:\Users\User\Documents\AI_Robotics Projects\AAU\Summer\Synthetic_Dataset_YOLO_50\runs\detect\train-2\weights\best.pt,47.47,59.4
C:\Users\User\Documents\AI_Robotics Projects\AAU\Summer\Synthetic_Dataset_YOLO_50\runs\detect\train-2\weights\best.pt,46.82,67.8
C:\Users\User\Documents\AI_Robotics Projects\AAU\Summer\Synthetic_Dataset_YOLO_50\runs\detect\train-2\weights\best.pt,46.74,69.6
C:\Users\User\Documents\AI_Robotics Projects\AAU\Summer\Synthetic_Dataset_YOLO_50\runs\detect\train-2\weights\best.pt,45.4,36.6
C:\Users\User\Documents\AI_Robotics Projects\AAU\Summer\Synthetic_Dataset_YOLO_50\runs\detect\train-2\weights\best.pt,46.55,92.3
C:\Users\User\Documents\AI_Robotics Projects\AAU\Summer\Synthetic_Dataset_YOLO_50\runs\detect\train-2\weights\best.pt,48.0,30.7
C:\Users\User\Documents\AI_Robotics Projects\AAU\Summer\Synthetic_Dataset_YOLO_50\runs\detect\train-2\weights\best.pt,46.35,69.5
C:\Users\User\Documents\AI_Robotics Projects\AAU\Summer\Synthetic_Dataset_YOLO_50\runs\detect\train-2\weights\best.pt,46.5,68.4
C:\Users\User\Documents\AI_Robotics Projects\AAU\Summer\Synthetic_Dataset_YOLO_50\runs\detect\train-2\weights\best.pt,44.76,78.5
C:\Users\User\Documents\AI_Robotics Projects\AAU\Summer\Synthetic_Dataset_YOLO_50\runs\detect\train-2\weights\best.pt,47.87,22.1
C:\Users\User\Documents\AI_Robotics Projects\AAU\Summer\Synthetic_Dataset_YOLO_50\runs\detect\train-2\weights\best.pt,46.02,25.6
C:\Users\User\Documents\AI_Robotics Projects\AAU\Summer\Synthetic_Dataset_YOLO_50\runs\detect\train-2\weights\best.pt,57.89,63.4
C:\Users\User\Documents\AI_Robotics Projects\AAU\Summer\Synthetic_Dataset_YOLO_50\runs\detect\train-2\weights\best.pt,50.15,61.1
C:\Users\User\Documents\AI_Robotics Projects\AAU\Summer\Synthetic_Dataset_YOLO_50\runs\detect\train-2\weights\best.pt,45.71,64.0
C:\Users\User\Documents\AI_Robotics Projects\AAU\Summer\Synthetic_Dataset_YOLO_50\runs\detect\train-2\weights\best.pt,58.29,60.7
C:\Users\User\Documents\AI_Robotics Projects\AAU\Summer\Synthetic_Dataset_YOLO_50\runs\detect\train-2\weights\best.pt,49.0,69.4
C:\Users\User\Documents\AI_Robotics Projects\AAU\Summer\Synthetic_Dataset_YOLO_50\runs\detect\train-2\weights\best.pt,46.45,74.7
C:\Users\User\Documents\AI_Robotics Projects\AAU\Summer\Synthetic_Dataset_YOLO_50\runs\detect\train-2\weights\best.pt,44.67,103.8
C:\Users\User\Documents\AI_Robotics Projects\AAU\Summer\Synthetic_Dataset_YOLO_50\runs\detect\train-2\weights\best.pt,43.68,90.8
C:\Users\User\Documents\AI_Robotics Projects\AAU\Summer\Synthetic_Dataset_YOLO_50\runs\detect\train-2\weights\best.pt,47.76,41.6
C:\Users\User\Documents\AI_Robotics Projects\AAU\Summer\Synthetic_Dataset_YOLO_50\runs\detect\train-2\weights\best.pt,43.59,74.8
C:\Users\User\Documents\AI_Robotics Projects\AAU\Summer\Synthetic_Dataset_YOLO_50\runs\detect\train-2\weights\best.pt,46.41,72.0
C:\Users\User\Documents\AI_Robotics Projects\AAU\Summer\Synthetic_Dataset_YOLO_50\runs\detect\train-2\weights\best.pt,46.11,83.0
C:\Users\User\Documents\AI_Robotics Projects\AAU\Summer\Synthetic_Dataset_YOLO_50\runs\detect\train-2\weights\best.pt,45.22,89.4
C:\Users\User\Documents\AI_Robotics Projects\AAU\Summer\Synthetic_Dataset_YOLO_50\runs\detect\train-2\weights\best.pt,47.0,83.2
C:\Users\User\Documents\AI_Robotics Projects\AAU\Summer\Synthetic_Dataset_YOLO_50\runs\detect\train-2\weights\best.pt,45.56,86.5
C:\Users\User\Documents\AI_Robotics Projects\AAU\Summer\Synthetic_Dataset_YOLO_50\runs\detect\train-2\weights\best.pt,46.16,87.0
C:\Users\User\Documents\AI_Robotics Projects\AAU\Summer\Synthetic_Dataset_YOLO_50\runs\detect\train-2\weights\best.pt,43.47,82.9
C:\Users\User\Documents\AI_Robotics Projects\AAU\Summer\Synthetic_Dataset_YOLO_50\runs\detect\train-2\weights\best.pt,45.65,79.1
C:\Users\User\Documents\AI_Robotics Projects\AAU\Summer\Synthetic_Dataset_YOLO_50\runs\detect\train-2\weights\best.pt,48.17,73.4
C:\Users\User\Documents\AI_Robotics Projects\AAU\Summer\Synthetic_Dataset_YOLO_50\runs\detect\train-2\weights\best.pt,54.6,69.8
C:\Users\User\Documents\AI_Robotics Projects\AAU\Summer\Synthetic_Dataset_YOLO_50\runs\detect\train-2\weights\best.pt,66.42,75.8
C:\Users\User\Documents\AI_Robotics Projects\AAU\Summer\Synthetic_Dataset_YOLO_50\runs\detect\train-2\weights\best.pt,57.05,64.3
C:\Users\User\Documents\AI_Robotics Projects\AAU\Summer\Synthetic_Dataset_YOLO_50\runs\detect\train-2\weights\best.pt,54.72,56.7
C:\Users\User\Documents\AI_Robotics Projects\AAU\Summer\Synthetic_Dataset_YOLO_50\runs\detect\train-2\weights\best.pt,76.16,31.3
C:\Users\User\Documents\AI_Robotics Projects\AAU\Summer\Synthetic_Dataset_YOLO_50\runs\detect\train-2\weights\best.pt,55.66,58.1
C:\Users\User\Documents\AI_Robotics Projects\AAU\Summer\Synthetic_Dataset_YOLO_50\runs\detect\train-2\weights\best.pt,52.4,60.4
C:\Users\User\Documents\AI_Robotics Projects\AAU\Summer\Synthetic_Dataset_YOLO_50\runs\detect\train-2\weights\best.pt,49.29,25.1
C:\Users\User\Documents\AI_Robotics Projects\AAU\Summer\Synthetic_Dataset_YOLO_50\runs\detect\train-2\weights\best.pt,46.1,35.5
C:\Users\User\Documents\AI_Robotics Projects\AAU\Summer\Synthetic_Dataset_YOLO_50\runs\detect\train-2\weights\best.pt,44.36,62.7
C:\Users\User\Documents\AI_Robotics Projects\AAU\Summer\Synthetic_Dataset_YOLO_50\runs\detect\train-2\weights\best.pt,43.08,38.3
C:\Users\User\Documents\AI_Robotics Projects\AAU\Summer\Synthetic_Dataset_YOLO_50\runs\detect\train-2\weights\best.pt,42.76,38.5
C:\Users\User\Documents\AI_Robotics Projects\AAU\Summer\Synthetic_Dataset_YOLO_50\runs\detect\train-2\weights\best.pt,45.1,37.9
C:\Users\User\Documents\AI_Robotics Projects\AAU\Summer\Synthetic_Dataset_YOLO_50\runs\detect\train-2\weights\best.pt,43.99,41.0
C:\Users\User\Documents\AI_Robotics Projects\AAU\Summer\Synthetic_Dataset_YOLO_50\runs\detect\train-2\weights\best.pt,44.42,37.5
C:\Users\User\Documents\AI_Robotics Projects\AAU\Summer\Synthetic_Dataset_YOLO_50\runs\detect\train-2\weights\best.pt,50.69,35.0
C:\Users\User\Documents\AI_Robotics Projects\AAU\Summer\Synthetic_Dataset_YOLO_50\runs\detect\train-2\weights\best.pt,51.7,33.0
C:\Users\User\Documents\AI_Robotics Projects\AAU\Summer\Synthetic_Dataset_YOLO_50\runs\detect\train-2\weights\best.pt,46.9,37.3
C:\Users\User\Documents\AI_Robotics Projects\AAU\Summer\Synthetic_Dataset_YOLO_50\runs\detect\train-2\weights\best.pt,45.91,37.1
C:\Users\User\Documents\AI_Robotics Projects\AAU\Summer\Synthetic_Dataset_YOLO_50\runs\detect\train-2\weights\best.pt,45.29,34.1
C:\Users\User\Documents\AI_Robotics Projects\AAU\Summer\Synthetic_Dataset_YOLO_50\runs\detect\train-2\weights\best.pt,43.76,34.0
C:\Users\User\Documents\AI_Robotics Projects\AAU\Summer\Synthetic_Dataset_YOLO_50\runs\detect\train-2\weights\best.pt,42.66,35.4
C:\Users\User\Documents\AI_Robotics Projects\AAU\Summer\Synthetic_Dataset_YOLO_50\runs\detect\train-2\weights\best.pt,42.78,35.3
C:\Users\User\Documents\AI_Robotics Projects\AAU\Summer\Synthetic_Dataset_YOLO_50\runs\detect\train-2\weights\best.pt,42.82,41.6
C:\Users\User\Documents\AI_Robotics Projects\AAU\Summer\Synthetic_Dataset_YOLO_50\runs\detect\train-2\weights\best.pt,43.72,32.0
C:\Users\User\Documents\AI_Robotics Projects\AAU\Summer\Synthetic_Dataset_YOLO_50\runs\detect\train-2\weights\best.pt,55.81,34.3
C:\Users\User\Documents\AI_Robotics Projects\AAU\Summer\Synthetic_Dataset_YOLO_50\runs\detect\train-2\weights\best.pt,53.13,27.8
C:\Users\User\Documents\AI_Robotics Projects\AAU\Summer\Synthetic_Dataset_YOLO_50\runs\detect\train-2\weights\best.pt,45.31,35.2
C:\Users\User\Documents\AI_Robotics Projects\AAU\Summer\Synthetic_Dataset_YOLO_50\runs\detect\train-2\weights\best.pt,44.87,34.0
C:\Users\User\Documents\AI_Robotics Projects\AAU\Summer\Synthetic_Dataset_YOLO_50\runs\detect\train-2\weights\best.pt,52.26,34.5
C:\Users\User\Documents\AI_Robotics Projects\AAU\Summer\Synthetic_Dataset_YOLO_50\runs\detect\train-2\weights\best.pt,49.61,30.3
C:\Users\User\Documents\AI_Robotics Projects\AAU\Summer\Synthetic_Dataset_YOLO_50\runs\detect\train-2\weights\best.pt,49.17,36.1
C:\Users\User\Documents\AI_Robotics Projects\AAU\Summer\Synthetic_Dataset_YOLO_50\runs\detect\train-2\weights\best.pt,44.36,33.6
C:\Users\User\Documents\AI_Robotics Projects\AAU\Summer\Synthetic_Dataset_YOLO_50\runs\detect\train-2\weights\best.pt,43.7,35.1
C:\Users\User\Documents\AI_Robotics Projects\AAU\Summer\Synthetic_Dataset_YOLO_50\runs\detect\train-2\weights\best.pt,44.19,37.4
C:\Users\User\Documents\AI_Robotics Projects\AAU\Summer\Synthetic_Dataset_YOLO_50\runs\detect\train-2\weights\best.pt,45.15,50.6
C:\Users\User\Documents\AI_Robotics Projects\AAU\Summer\Synthetic_Dataset_YOLO_50\runs\detect\train-2\weights\best.pt,42.05,52.4
C:\Users\User\Documents\AI_Robotics Projects\AAU\Summer\Synthetic_Dataset_YOLO_50\runs\detect\train-2\weights\best.pt,40.01,49.1
C:\Users\User\Documents\AI_Robotics Projects\AAU\Summer\Synthetic_Dataset_YOLO_50\runs\detect\train-2\weights\best.pt,45.28,49.6
C:\Users\User\Documents\AI_Robotics Projects\AAU\Summer\Synthetic_Dataset_YOLO_50\runs\detect\train-2\weights\best.pt,44.1,46.3
C:\Users\User\Documents\AI_Robotics Projects\AAU\Summer\Synthetic_Dataset_YOLO_50\runs\detect\train-2\weights\best.pt,50.38,50.0
C:\Users\User\Documents\AI_Robotics Projects\AAU\Summer\Synthetic_Dataset_YOLO_50\runs\detect\train-2\weights\best.pt,53.04,31.0
C:\Users\User\Documents\AI_Robotics Projects\AAU\Summer\Synthetic_Dataset_YOLO_50\runs\detect\train-2\weights\best.pt,45.78,35.9
C:\Users\User\Documents\AI_Robotics Projects\AAU\Summer\Synthetic_Dataset_YOLO_50\runs\detect\train-2\weights\best.pt,45.66,35.6
C:\Users\User\Documents\AI_Robotics Projects\AAU\Summer\Synthetic_Dataset_YOLO_50\runs\detect\train-2\weights\best.pt,45.15,34.5
C:\Users\User\Documents\AI_Robotics Projects\AAU\Summer\Synthetic_Dataset_YOLO_50\runs\detect\train-2\weights\best.pt,47.15,34.6
C:\Users\User\Documents\AI_Robotics Projects\AAU\Summer\Synthetic_Dataset_YOLO_50\runs\detect\train-2\weights\best.pt,53.59,33.5
C:\Users\User\Documents\AI_Robotics Projects\AAU\Summer\Synthetic_Dataset_YOLO_50\runs\detect\train-2\weights\best.pt,46.7,35.6
C:\Users\User\Documents\AI_Robotics Projects\AAU\Summer\Synthetic_Dataset_YOLO_50\runs\detect\train-2\weights\best.pt,43.46,36.0
C:\Users\User\Documents\AI_Robotics Projects\AAU\Summer\Synthetic_Dataset_YOLO_50\runs\detect\train-2\weights\best.pt,61.11,35.8
C:\Users\User\Documents\AI_Robotics Projects\AAU\Summer\Synthetic_Dataset_YOLO_50\runs\detect\train-2\weights\best.pt,48.52,30.1
C:\Users\User\Documents\AI_Robotics Projects\AAU\Summer\Synthetic_Dataset_YOLO_50\runs\detect\train-2\weights\best.pt,46.08,34.4
C:\Users\User\Documents\AI_Robotics Projects\AAU\Summer\Synthetic_Dataset_YOLO_50\runs\detect\train-2\weights\best.pt,44.78,23.3
C:\Users\User\Documents\AI_Robotics Projects\AAU\Summer\Synthetic_Dataset_YOLO_50\runs\detect\train-2\weights\best.pt,48.16,34.8
C:\Users\User\Documents\AI_Robotics Projects\AAU\Summer\Synthetic_Dataset_YOLO_50\runs\detect\train-2\weights\best.pt,53.45,35.0
C:\Users\User\Documents\AI_Robotics Projects\AAU\Summer\Synthetic_Dataset_YOLO_50\runs\detect\train-2\weights\best.pt,46.23,72.6
C:\Users\User\Documents\AI_Robotics Projects\AAU\Summer\Synthetic_Dataset_YOLO_50\runs\detect\train-2\weights\best.pt,48.52,70.2
C:\Users\User\Documents\AI_Robotics Projects\AAU\Summer\Synthetic_Dataset_YOLO_50\runs\detect\train-2\weights\best.pt,43.67,70.1
C:\Users\User\Documents\AI_Robotics Projects\AAU\Summer\Synthetic_Dataset_YOLO_50\runs\detect\train-2\weights\best.pt,42.18,72.5
C:\Users\User\Documents\AI_Robotics Projects\AAU\Summer\Synthetic_Dataset_YOLO_50\runs\detect\train-2\weights\best.pt,43.35,36.4
C:\Users\User\Documents\AI_Robotics Projects\AAU\Summer\Synthetic_Dataset_YOLO_50\runs\detect\train-2\weights\best.pt,62.2,69.2
C:\Users\User\Documents\AI_Robotics Projects\AAU\Summer\Synthetic_Dataset_YOLO_50\runs\detect\train-2\weights\best.pt,45.78,68.6
C:\Users\User\Documents\AI_Robotics Projects\AAU\Summer\Synthetic_Dataset_YOLO_50\runs\detect\train-2\weights\best.pt,45.95,35.0
C:\Users\User\Documents\AI_Robotics Projects\AAU\Summer\Synthetic_Dataset_YOLO_50\runs\detect\train-2\weights\best.pt,48.55,37.7
C:\Users\User\Documents\AI_Robotics Projects\AAU\Summer\Synthetic_Dataset_YOLO_50\runs\detect\train-2\weights\best.pt,46.76,35.8
C:\Users\User\Documents\AI_Robotics Projects\AAU\Summer\Synthetic_Dataset_YOLO_50\runs\detect\train-2\weights\best.pt,44.84,38.5
C:\Users\User\Documents\AI_Robotics Projects\AAU\Summer\Synthetic_Dataset_YOLO_50\runs\detect\train-2\weights\best.pt,43.93,35.2
C:\Users\User\Documents\AI_Robotics Projects\AAU\Summer\Synthetic_Dataset_YOLO_50\runs\detect\train-2\weights\best.pt,45.83,34.8
C:\Users\User\Documents\AI_Robotics Projects\AAU\Summer\Synthetic_Dataset_YOLO_50\runs\detect\train-2\weights\best.pt,44.91,67.3
C:\Users\User\Documents\AI_Robotics Projects\AAU\Summer\Synthetic_Dataset_YOLO_50\runs\detect\train-2\weights\best.pt,45.53,70.1
C:\Users\User\Documents\AI_Robotics Projects\AAU\Summer\Synthetic_Dataset_YOLO_50\runs\detect\train-2\weights\best.pt,43.92,68.3
C:\Users\User\Documents\AI_Robotics Projects\AAU\Summer\Synthetic_Dataset_YOLO_50\runs\detect\train-2\weights\best.pt,44.7,70.5
C:\Users\User\Documents\AI_Robotics Projects\AAU\Summer\Synthetic_Dataset_YOLO_50\runs\detect\train-2\weights\best.pt,42.91,75.8
C:\Users\User\Documents\AI_Robotics Projects\AAU\Summer\Synthetic_Dataset_YOLO_50\runs\detect\train-2\weights\best.pt,43.49,67.8
C:\Users\User\Documents\AI_Robotics Projects\AAU\Summer\Synthetic_Dataset_YOLO_50\runs\detect\train-2\weights\best.pt,43.22,64.8
C:\Users\User\Documents\AI_Robotics Projects\AAU\Summer\Synthetic_Dataset_YOLO_50\runs\detect\train-2\weights\best.pt,45.77,66.9
C:\Users\User\Documents\AI_Robotics Projects\AAU\Summer\Synthetic_Dataset_YOLO_50\runs\detect\train-2\weights\best.pt,47.72,30.0
C:\Users\User\Documents\AI_Robotics Projects\AAU\Summer\Synthetic_Dataset_YOLO_50\runs\detect\train-2\weights\best.pt,68.57,30.4
C:\Users\User\Documents\AI_Robotics Projects\AAU\Summer\Synthetic_Dataset_YOLO_50\runs\detect\train-2\weights\best.pt,50.49,31.6
C:\Users\User\Documents\AI_Robotics Projects\AAU\Summer\Synthetic_Dataset_YOLO_50\runs\detect\train-2\weights\best.pt,45.97,32.9
C:\Users\User\Documents\AI_Robotics Projects\AAU\Summer\Synthetic_Dataset_YOLO_50\runs\detect\train-2\weights\best.pt,45.38,33.0
C:\Users\User\Documents\AI_Robotics Projects\AAU\Summer\Synthetic_Dataset_YOLO_50\runs\detect\train-2\weights\best.pt,45.17,34.7
C:\Users\User\Documents\AI_Robotics Projects\AAU\Summer\Synthetic_Dataset_YOLO_50\runs\detect\train-2\weights\best.pt,45.21,36.6
C:\Users\User\Documents\AI_Robotics Projects\AAU\Summer\Synthetic_Dataset_YOLO_50\runs\detect\train-2\weights\best.pt,51.17,34.8
C:\Users\User\Documents\AI_Robotics Projects\AAU\Summer\Synthetic_Dataset_YOLO_50\runs\detect\train-2\weights\best.pt,45.65,33.5
C:\Users\User\Documents\AI_Robotics Projects\AAU\Summer\Synthetic_Dataset_YOLO_50\runs\detect\train-2\weights\best.pt,45.64,32.9
C:\Users\User\Documents\AI_Robotics Projects\AAU\Summer\Synthetic_Dataset_YOLO_50\runs\detect\train-2\weights\best.pt,45.18,32.7
C:\Users\User\Documents\AI_Robotics Projects\AAU\Summer\Synthetic_Dataset_YOLO_50\runs\detect\train-2\weights\best.pt,51.13,33.2
C:\Users\User\Documents\AI_Robotics Projects\AAU\Summer\Synthetic_Dataset_YOLO_50\runs\detect\train-2\weights\best.pt,45.06,32.1
C:\Users\User\Documents\AI_Robotics Projects\AAU\Summer\Synthetic_Dataset_YOLO_50\runs\detect\train-2\weights\best.pt,45.83,23.3
C:\Users\User\Documents\AI_Robotics Projects\AAU\Summer\Synthetic_Dataset_YOLO_50\runs\detect\train-2\weights\best.pt,60.64,31.5
C:\Users\User\Documents\AI_Robotics Projects\AAU\Summer\Synthetic_Dataset_YOLO_50\runs\detect\train-2\weights\best.pt,50.28,33.0
C:\Users\User\Documents\AI_Robotics Projects\AAU\Summer\Synthetic_Dataset_YOLO_50\runs\detect\train-2\weights\best.pt,47.79,33.7
C:\Users\User\Documents\AI_Robotics Projects\AAU\Summer\Synthetic_Dataset_YOLO_50\runs\detect\train-2\weights\best.pt,50.22,33.1
C:\Users\User\Documents\AI_Robotics Projects\AAU\Summer\Synthetic_Dataset_YOLO_50\runs\detect\train-2\weights\best.pt,44.02,35.9
C:\Users\User\Documents\AI_Robotics Projects\AAU\Summer\Synthetic_Dataset_YOLO_50\runs\detect\train-2\weights\best.pt,46.47,33.6
C:\Users\User\Documents\AI_Robotics Projects\AAU\Summer\Synthetic_Dataset_YOLO_50\runs\detect\train-2\weights\best.pt,48.96,36.6
C:\Users\User\Documents\AI_Robotics Projects\AAU\Summer\Synthetic_Dataset_YOLO_50\runs\detect\train-2\weights\best.pt,46.49,34.5
C:\Users\User\Documents\AI_Robotics Projects\AAU\Summer\Synthetic_Dataset_YOLO_50\runs\detect\train-2\weights\best.pt,45.55,34.4
C:\Users\User\Documents\AI_Robotics Projects\AAU\Summer\Synthetic_Dataset_YOLO_50\runs\detect\train-2\weights\best.pt,56.14,33.9
C:\Users\User\Documents\AI_Robotics Projects\AAU\Summer\Synthetic_Dataset_YOLO_50\runs\detect\train-2\weights\best.pt,58.76,32.7
C:\Users\User\Documents\AI_Robotics Projects\AAU\Summer\Synthetic_Dataset_YOLO_50\runs\detect\train-2\weights\best.pt,47.73,29.8
C:\Users\User\Documents\AI_Robotics Projects\AAU\Summer\Synthetic_Dataset_YOLO_50\runs\detect\train-2\weights\best.pt,48.88,33.7
C:\Users\User\Documents\AI_Robotics Projects\AAU\Summer\Synthetic_Dataset_YOLO_50\runs\detect\train-2\weights\best.pt,51.66,34.2
C:\Users\User\Documents\AI_Robotics Projects\AAU\Summer\Synthetic_Dataset_YOLO_50\runs\detect\train-2\weights\best.pt,45.05,31.4
C:\Users\User\Documents\AI_Robotics Projects\AAU\Summer\Synthetic_Dataset_YOLO_50\runs\detect\train-2\weights\best.pt,45.92,33.0
C:\Users\User\Documents\AI_Robotics Projects\AAU\Summer\Synthetic_Dataset_YOLO_50\runs\detect\train-2\weights\best.pt,46.08,34.7
C:\Users\User\Documents\AI_Robotics Projects\AAU\Summer\Synthetic_Dataset_YOLO_50\runs\detect\train-2\weights\best.pt,42.06,35.4
C:\Users\User\Documents\AI_Robotics Projects\AAU\Summer\Synthetic_Dataset_YOLO_50\runs\detect\train-2\weights\best.pt,43.64,36.1
C:\Users\User\Documents\AI_Robotics Projects\AAU\Summer\Synthetic_Dataset_YOLO_50\runs\detect\train-2\weights\best.pt,43.06,36.7
C:\Users\User\Documents\AI_Robotics Projects\AAU\Summer\Synthetic_Dataset_YOLO_50\runs\detect\train-2\weights\best.pt,43.24,33.6
C:\Users\User\Documents\AI_Robotics Projects\AAU\Summer\Synthetic_Dataset_YOLO_50\runs\detect\train-2\weights\best.pt,45.43,34.4
C:\Users\User\Documents\AI_Robotics Projects\AAU\Summer\Synthetic_Dataset_YOLO_50\runs\detect\train-2\weights\best.pt,44.66,35.0
C:\Users\User\Documents\AI_Robotics Projects\AAU\Summer\Synthetic_Dataset_YOLO_50\runs\detect\train-2\weights\best.pt,43.91,42.8
C:\Users\User\Documents\AI_Robotics Projects\AAU\Summer\Synthetic_Dataset_YOLO_50\runs\detect\train-2\weights\best.pt,45.52,38.6
C:\Users\User\Documents\AI_Robotics Projects\AAU\Summer\Synthetic_Dataset_YOLO_50\runs\detect\train-2\weights\best.pt,43.09,36.5
C:\Users\User\Documents\AI_Robotics Projects\AAU\Summer\Synthetic_Dataset_YOLO_50\runs\detect\train-2\weights\best.pt,46.74,71.2
C:\Users\User\Documents\AI_Robotics Projects\AAU\Summer\Synthetic_Dataset_YOLO_50\runs\detect\train-2\weights\best.pt,119.06,21.7
C:\Users\User\Documents\AI_Robotics Projects\AAU\Summer\Synthetic_Dataset_YOLO_50\runs\detect\train-2\weights\best.pt,73.25,82.2
C:\Users\User\Documents\AI_Robotics Projects\AAU\Summer\Synthetic_Dataset_YOLO_50\runs\detect\train-2\weights\best.pt,80.46,86.3
C:\Users\User\Documents\AI_Robotics Projects\AAU\Summer\Synthetic_Dataset_YOLO_50\runs\detect\train-2\weights\best.pt,85.31,84.9
C:\Users\User\Documents\AI_Robotics Projects\AAU\Summer\Synthetic_Dataset_YOLO_50\runs\detect\train-2\weights\best.pt,75.33,84.7
C:\Users\User\Documents\AI_Robotics Projects\AAU\Summer\Synthetic_Dataset_YOLO_50\runs\detect\train-2\weights\best.pt,80.85,79.9
C:\Users\User\Documents\AI_Robotics Projects\AAU\Summer\Synthetic_Dataset_YOLO_50\runs\detect\train-2\weights\best.pt,69.88,110.3
C:\Users\User\Documents\AI_Robotics Projects\AAU\Summer\Synthetic_Dataset_YOLO_50\runs\detect\train-2\weights\best.pt,76.29,93.6
C:\Users\User\Documents\AI_Robotics Projects\AAU\Summer\Synthetic_Dataset_YOLO_50\runs\detect\train-2\weights\best.pt,73.78,104.6
C:\Users\User\Documents\AI_Robotics Projects\AAU\Summer\Synthetic_Dataset_YOLO_50\runs\detect\train-2\weights\best.pt,78.0,94.5
C:\Users\User\Documents\AI_Robotics Projects\AAU\Summer\Synthetic_Dataset_YOLO_50\runs\detect\train-2\weights\best.pt,75.67,118.3
C:\Users\User\Documents\AI_Robotics Projects\AAU\Summer\Synthetic_Dataset_YOLO_50\runs\detect\train-2\weights\best.pt,133.58,14.5
C:\Users\User\Documents\AI_Robotics Projects\AAU\Summer\Synthetic_Dataset_YOLO_50\runs\detect\train-2\weights\best.pt,111.73,48.9
C:\Users\User\Documents\AI_Robotics Projects\AAU\Summer\Synthetic_Dataset_YOLO_50\runs\detect\train-2\weights\best.pt,109.37,88.2
C:\Users\User\Documents\AI_Robotics Projects\AAU\Summer\Synthetic_Dataset_YOLO_50\runs\detect\train-2\weights\best.pt,100.73,82.6
C:\Users\User\Documents\AI_Robotics Projects\AAU\Summer\Synthetic_Dataset_YOLO_50\runs\detect\train-2\weights\best.pt,86.46,93.3
C:\Users\User\Documents\AI_Robotics Projects\AAU\Summer\Synthetic_Dataset_YOLO_50\runs\detect\train-2\weights\best.pt,298.0,69.3
C:\Users\User\Documents\AI_Robotics Projects\AAU\Summer\Synthetic_Dataset_YOLO_50\runs\detect\train-2\weights\best.pt,113.23,82.6
C:\Users\User\Documents\AI_Robotics Projects\AAU\Summer\Synthetic_Dataset_YOLO_50\runs\detect\train-2\weights\best.pt,94.39,53.4
C:\Users\User\Documents\AI_Robotics Projects\AAU\Summer\Synthetic_Dataset_YOLO_50\runs\detect\train-2\weights\best.pt,81.12,86.0
C:\Users\User\Documents\AI_Robotics Projects\AAU\Summer\Synthetic_Dataset_YOLO_50\runs\detect\train-2\weights\best.pt,88.14,95.0
C:\Users\User\Documents\AI_Robotics Projects\AAU\Summer\Synthetic_Dataset_YOLO_50\runs\detect\train-2\weights\best.pt,78.99,84.3
C:\Users\User\Documents\AI_Robotics Projects\AAU\Summer\Synthetic_Dataset_YOLO_50\runs\detect\train-2\weights\best.pt,77.81,107.7
C:\Users\User\Documents\AI_Robotics Projects\AAU\Summer\Synthetic_Dataset_YOLO_50\runs\detect\train-2\weights\best.pt,82.06,98.4
C:\Users\User\Documents\AI_Robotics Projects\AAU\Summer\Synthetic_Dataset_YOLO_50\runs\detect\train-2\weights\best.pt,76.51,99.1
C:\Users\User\Documents\AI_Robotics Projects\AAU\Summer\Synthetic_Dataset_YOLO_50\runs\detect\train-2\weights\best.pt,79.05,90.9
C:\Users\User\Documents\AI_Robotics Projects\AAU\Summer\Synthetic_Dataset_YOLO_50\runs\detect\train-2\weights\best.pt,45.6,0.6
C:\Users\User\Documents\AI_Robotics Projects\AAU\Summer\Synthetic_Dataset_YOLO_50\runs\detect\train-2\weights\best.pt,44.21,111.2
C:\Users\User\Documents\AI_Robotics Projects\AAU\Summer\Synthetic_Dataset_YOLO_50\runs\detect\train-2\weights\best.pt,53.94,97.5
C:\Users\User\Documents\AI_Robotics Projects\AAU\Summer\Synthetic_Dataset_YOLO_50\runs\detect\train-2\weights\best.pt,41.76,106.9
C:\Users\User\Documents\AI_Robotics Projects\AAU\Summer\Synthetic_Dataset_YOLO_50\runs\detect\train-2\weights\best.pt,45.98,99.3
C:\Users\User\Documents\AI_Robotics Projects\AAU\Summer\Synthetic_Dataset_YOLO_50\runs\detect\train-2\weights\best.pt,73.18,99.6
C:\Users\User\Documents\AI_Robotics Projects\AAU\Summer\Synthetic_Dataset_YOLO_50\runs\detect\train-2\weights\best.pt,78.16,103.0
C:\Users\User\Documents\AI_Robotics Projects\AAU\Summer\Synthetic_Dataset_YOLO_50\runs\detect\train-2\weights\best.pt,91.88,93.0
C:\Users\User\Documents\AI_Robotics Projects\AAU\Summer\Synthetic_Dataset_YOLO_50\runs\detect\train-2\weights\best.pt,84.15,93.9
C:\Users\User\Documents\AI_Robotics Projects\AAU\Summer\Synthetic_Dataset_YOLO_50\runs\detect\train-2\weights\best.pt,79.21,83.3
C:\Users\User\Documents\AI_Robotics Projects\AAU\Summer\Synthetic_Dataset_YOLO_50\runs\detect\train-2\weights\best.pt,74.91,112.6
C:\Users\User\Documents\AI_Robotics Projects\AAU\Summer\Synthetic_Dataset_YOLO_50\runs\detect\train-2\weights\best.pt,64.25,95.2
C:\Users\User\Documents\AI_Robotics Projects\AAU\Summer\Synthetic_Dataset_YOLO_50\runs\detect\train-2\weights\best.pt,65.1,92.1
C:\Users\User\Documents\AI_Robotics Projects\AAU\Summer\Synthetic_Dataset_YOLO_50\runs\detect\train-2\weights\best.pt,74.35,102.9
C:\Users\User\Documents\AI_Robotics Projects\AAU\Summer\Synthetic_Dataset_YOLO_50\runs\detect\train-2\weights\best.pt,71.91,86.6
C:\Users\User\Documents\AI_Robotics Projects\AAU\Summer\Synthetic_Dataset_YOLO_50\runs\detect\train-2\weights\best.pt,78.47,93.7
C:\Users\User\Documents\AI_Robotics Projects\AAU\Summer\Synthetic_Dataset_YOLO_50\runs\detect\train-2\weights\best.pt,66.92,110.7
C:\Users\User\Documents\AI_Robotics Projects\AAU\Summer\Synthetic_Dataset_YOLO_50\runs\detect\train-2\weights\best.pt,68.14,95.8
C:\Users\User\Documents\AI_Robotics Projects\AAU\Summer\Synthetic_Dataset_YOLO_50\runs\detect\train-2\weights\best.pt,72.47,94.9
C:\Users\User\Documents\AI_Robotics Projects\AAU\Summer\Synthetic_Dataset_YOLO_50\runs\detect\train-2\weights\best.pt,64.2,110.6
C:\Users\User\Documents\AI_Robotics Projects\AAU\Summer\Synthetic_Dataset_YOLO_50\runs\detect\train-2\weights\best.pt,79.54,98.5
C:\Users\User\Documents\AI_Robotics Projects\AAU\Summer\Synthetic_Dataset_YOLO_50\runs\detect\train-2\weights\best.pt,66.61,95.8
C:\Users\User\Documents\AI_Robotics Projects\AAU\Summer\Synthetic_Dataset_YOLO_50\runs\detect\train-2\weights\best.pt,61.41,111.1
C:\Users\User\Documents\AI_Robotics Projects\AAU\Summer\Synthetic_Dataset_YOLO_50\runs\detect\train-2\weights\best.pt,67.41,100.9
C:\Users\User\Documents\AI_Robotics Projects\AAU\Summer\Synthetic_Dataset_YOLO_50\runs\detect\train-2\weights\best.pt,57.17,121.7
C:\Users\User\Documents\AI_Robotics Projects\AAU\Summer\Synthetic_Dataset_YOLO_50\runs\detect\train-2\weights\best.pt,65.12,99.4
C:\Users\User\Documents\AI_Robotics Projects\AAU\Summer\Synthetic_Dataset_YOLO_50\runs\detect\train-2\weights\best.pt,57.45,83.4
C:\Users\User\Documents\AI_Robotics Projects\AAU\Summer\Synthetic_Dataset_YOLO_50\runs\detect\train-2\weights\best.pt,66.36,98.9
C:\Users\User\Documents\AI_Robotics Projects\AAU\Summer\Synthetic_Dataset_YOLO_50\runs\detect\train-2\weights\best.pt,55.06,113.5
C:\Users\User\Documents\AI_Robotics Projects\AAU\Summer\Synthetic_Dataset_YOLO_50\runs\detect\train-2\weights\best.pt,56.08,101.9
C:\Users\User\Documents\AI_Robotics Projects\AAU\Summer\Synthetic_Dataset_YOLO_50\runs\detect\train-2\weights\best.pt,67.72,91.6
C:\Users\User\Documents\AI_Robotics Projects\AAU\Summer\Synthetic_Dataset_YOLO_50\runs\detect\train-2\weights\best.pt,72.01,90.5
C:\Users\User\Documents\AI_Robotics Projects\AAU\Summer\Synthetic_Dataset_YOLO_50\runs\detect\train-2\weights\best.pt,78.77,91.2
C:\Users\User\Documents\AI_Robotics Projects\AAU\Summer\Synthetic_Dataset_YOLO_50\runs\detect\train-2\weights\best.pt,80.59,82.4
C:\Users\User\Documents\AI_Robotics Projects\AAU\Summer\Synthetic_Dataset_YOLO_50\runs\detect\train-2\weights\best.pt,101.03,91.4
C:\Users\User\Documents\AI_Robotics Projects\AAU\Summer\Synthetic_Dataset_YOLO_50\runs\detect\train-2\weights\best.pt,85.36,90.3
C:\Users\User\Documents\AI_Robotics Projects\AAU\Summer\Synthetic_Dataset_YOLO_50\runs\detect\train-2\weights\best.pt,81.81,76.7
C:\Users\User\Documents\AI_Robotics Projects\AAU\Summer\Synthetic_Dataset_YOLO_50\runs\detect\train-2\weights\best.pt,71.93,92.8
C:\Users\User\Documents\AI_Robotics Projects\AAU\Summer\Synthetic_Dataset_YOLO_50\runs\detect\train-2\weights\best.pt,90.06,79.5
C:\Users\User\Documents\AI_Robotics Projects\AAU\Summer\Synthetic_Dataset_YOLO_50\runs\detect\train-2\weights\best.pt,82.23,96.1
C:\Users\User\Documents\AI_Robotics Projects\AAU\Summer\Synthetic_Dataset_YOLO_50\runs\detect\train-2\weights\best.pt,78.77,99.5
C:\Users\User\Documents\AI_Robotics Projects\AAU\Summer\Synthetic_Dataset_YOLO_50\runs\detect\train-2\weights\best.pt,55.13,112.2
C:\Users\User\Documents\AI_Robotics Projects\AAU\Summer\Synthetic_Dataset_YOLO_50\runs\detect\train-2\weights\best.pt,57.65,100.0
C:\Users\User\Documents\AI_Robotics Projects\AAU\Summer\Synthetic_Dataset_YOLO_50\runs\detect\train-2\weights\best.pt,71.08,131.9
C:\Users\User\Documents\AI_Robotics Projects\AAU\Summer\Synthetic_Dataset_YOLO_50\runs\detect\train-2\weights\best.pt,67.71,110.2
C:\Users\User\Documents\AI_Robotics Projects\AAU\Summer\Synthetic_Dataset_YOLO_50\runs\detect\train-2\weights\best.pt,57.15,82.6
C:\Users\User\Documents\AI_Robotics Projects\AAU\Summer\Synthetic_Dataset_YOLO_50\runs\detect\train-2\weights\best.pt,59.61,67.9
C:\Users\User\Documents\AI_Robotics Projects\AAU\Summer\Synthetic_Dataset_YOLO_50\runs\detect\train-2\weights\best.pt,59.48,61.6
C:\Users\User\Documents\AI_Robotics Projects\AAU\Summer\Synthetic_Dataset_YOLO_50\runs\detect\train-2\weights\best.pt,69.33,66.4
C:\Users\User\Documents\AI_Robotics Projects\AAU\Summer\Synthetic_Dataset_YOLO_50\runs\detect\train-2\weights\best.pt,85.44,34.4
C:\Users\User\Documents\AI_Robotics Projects\AAU\Summer\Synthetic_Dataset_YOLO_50\runs\detect\train-2\weights\best.pt,73.75,34.4
C:\Users\User\Documents\AI_Robotics Projects\AAU\Summer\Synthetic_Dataset_YOLO_50\runs\detect\train-2\weights\best.pt,66.42,36.8
C:\Users\User\Documents\AI_Robotics Projects\AAU\Summer\Synthetic_Dataset_YOLO_50\runs\detect\train-2\weights\best.pt,62.57,37.6
C:\Users\User\Documents\AI_Robotics Projects\AAU\Summer\Synthetic_Dataset_YOLO_50\runs\detect\train-2\weights\best.pt,66.83,38.7
C:\Users\User\Documents\AI_Robotics Projects\AAU\Summer\Synthetic_Dataset_YOLO_50\runs\detect\train-2\weights\best.pt,65.78,37.8
C:\Users\User\Documents\AI_Robotics Projects\AAU\Summer\Synthetic_Dataset_YOLO_50\runs\detect\train-2\weights\best.pt,58.76,38.5
C:\Users\User\Documents\AI_Robotics Projects\AAU\Summer\Synthetic_Dataset_YOLO_50\runs\detect\train-2\weights\best.pt,78.07,36.5
C:\Users\User\Documents\AI_Robotics Projects\AAU\Summer\Synthetic_Dataset_YOLO_50\runs\detect\train-2\weights\best.pt,63.41,37.9
C:\Users\User\Documents\AI_Robotics Projects\AAU\Summer\Synthetic_Dataset_YOLO_50\runs\detect\train-2\weights\best.pt,62.17,37.2
C:\Users\User\Documents\AI_Robotics Projects\AAU\Summer\Synthetic_Dataset_YOLO_50\runs\detect\train-2\weights\best.pt,78.5,38.3
C:\Users\User\Documents\AI_Robotics Projects\AAU\Summer\Synthetic_Dataset_YOLO_50\runs\detect\train-2\weights\best.pt,61.59,36.0
C:\Users\User\Documents\AI_Robotics Projects\AAU\Summer\Synthetic_Dataset_YOLO_50\runs\detect\train-2\weights\best.pt,73.07,35.4
C:\Users\User\Documents\AI_Robotics Projects\AAU\Summer\Synthetic_Dataset_YOLO_50\runs\detect\train-2\weights\best.pt,75.64,36.8
C:\Users\User\Documents\AI_Robotics Projects\AAU\Summer\Synthetic_Dataset_YOLO_50\runs\detect\train-2\weights\best.pt,65.24,35.0
C:\Users\User\Documents\AI_Robotics Projects\AAU\Summer\Synthetic_Dataset_YOLO_50\runs\detect\train-2\weights\best.pt,68.8,37.3
C:\Users\User\Documents\AI_Robotics Projects\AAU\Summer\Synthetic_Dataset_YOLO_50\runs\detect\train-2\weights\best.pt,100.01,32.9
C:\Users\User\Documents\AI_Robotics Projects\AAU\Summer\Synthetic_Dataset_YOLO_50\runs\detect\train-2\weights\best.pt,79.37,35.0
C:\Users\User\Documents\AI_Robotics Projects\AAU\Summer\Synthetic_Dataset_YOLO_50\runs\detect\train-2\weights\best.pt,77.0,32.6
C:\Users\User\Documents\AI_Robotics Projects\AAU\Summer\Synthetic_Dataset_YOLO_50\runs\detect\train-2\weights\best.pt,80.11,33.0
C:\Users\User\Documents\AI_Robotics Projects\AAU\Summer\Synthetic_Dataset_YOLO_50\runs\detect\train-2\weights\best.pt,61.65,37.3
C:\Users\User\Documents\AI_Robotics Projects\AAU\Summer\Synthetic_Dataset_YOLO_50\runs\detect\train-2\weights\best.pt,65.04,31.4
C:\Users\User\Documents\AI_Robotics Projects\AAU\Summer\Synthetic_Dataset_YOLO_50\runs\detect\train-2\weights\best.pt,65.53,35.8
C:\Users\User\Documents\AI_Robotics Projects\AAU\Summer\Synthetic_Dataset_YOLO_50\runs\detect\train-2\weights\best.pt,61.16,36.1
C:\Users\User\Documents\AI_Robotics Projects\AAU\Summer\Synthetic_Dataset_YOLO_50\runs\detect\train-2\weights\best.pt,71.57,35.4
C:\Users\User\Documents\AI_Robotics Projects\AAU\Summer\Synthetic_Dataset_YOLO_50\runs\detect\train-2\weights\best.pt,61.64,36.8
C:\Users\User\Documents\AI_Robotics Projects\AAU\Summer\Synthetic_Dataset_YOLO_50\runs\detect\train-2\weights\best.pt,60.49,35.0
C:\Users\User\Documents\AI_Robotics Projects\AAU\Summer\Synthetic_Dataset_YOLO_50\runs\detect\train-2\weights\best.pt,62.38,39.3
C:\Users\User\Documents\AI_Robotics Projects\AAU\Summer\Synthetic_Dataset_YOLO_50\runs\detect\train-2\weights\best.pt,64.18,38.2
C:\Users\User\Documents\AI_Robotics Projects\AAU\Summer\Synthetic_Dataset_YOLO_50\runs\detect\train-2\weights\best.pt,68.28,36.7
C:\Users\User\Documents\AI_Robotics Projects\AAU\Summer\Synthetic_Dataset_YOLO_50\runs\detect\train-2\weights\best.pt,63.89,37.6
C:\Users\User\Documents\AI_Robotics Projects\AAU\Summer\Synthetic_Dataset_YOLO_50\runs\detect\train-2\weights\best.pt,64.78,33.9
C:\Users\User\Documents\AI_Robotics Projects\AAU\Summer\Synthetic_Dataset_YOLO_50\runs\detect\train-2\weights\best.pt,75.03,37.1
C:\Users\User\Documents\AI_Robotics Projects\AAU\Summer\Synthetic_Dataset_YOLO_50\runs\detect\train-2\weights\best.pt,63.61,36.3
C:\Users\User\Documents\AI_Robotics Projects\AAU\Summer\Synthetic_Dataset_YOLO_50\runs\detect\train-2\weights\best.pt,67.32,35.8
C:\Users\User\Documents\AI_Robotics Projects\AAU\Summer\Synthetic_Dataset_YOLO_50\runs\detect\train-2\weights\best.pt,77.0,38.6
C:\Users\User\Documents\AI_Robotics Projects\AAU\Summer\Synthetic_Dataset_YOLO_50\runs\detect\train-2\weights\best.pt,77.05,35.0
C:\Users\User\Documents\AI_Robotics Projects\AAU\Summer\Synthetic_Dataset_YOLO_50\runs\detect\train-2\weights\best.pt,83.08,35.5
C:\Users\User\Documents\AI_Robotics Projects\AAU\Summer\Synthetic_Dataset_YOLO_50\runs\detect\train-2\weights\best.pt,68.63,34.2
C:\Users\User\Documents\AI_Robotics Projects\AAU\Summer\Synthetic_Dataset_YOLO_50\runs\detect\train-2\weights\best.pt,74.36,38.1
C:\Users\User\Documents\AI_Robotics Projects\AAU\Summer\Synthetic_Dataset_YOLO_50\runs\detect\train-2\weights\best.pt,70.33,31.5
C:\Users\User\Documents\AI_Robotics Projects\AAU\Summer\Synthetic_Dataset_YOLO_50\runs\detect\train-2\weights\best.pt,70.1,35.3
C:\Users\User\Documents\AI_Robotics Projects\AAU\Summer\Synthetic_Dataset_YOLO_50\runs\detect\train-2\weights\best.pt,61.03,33.8
C:\Users\User\Documents\AI_Robotics Projects\AAU\Summer\Synthetic_Dataset_YOLO_50\runs\detect\train-2\weights\best.pt,71.16,34.8
C:\Users\User\Documents\AI_Robotics Projects\AAU\Summer\Synthetic_Dataset_YOLO_50\runs\detect\train-2\weights\best.pt,68.92,34.3
C:\Users\User\Documents\AI_Robotics Projects\AAU\Summer\Synthetic_Dataset_YOLO_50\runs\detect\train-2\weights\best.pt,90.96,31.0
C:\Users\User\Documents\AI_Robotics Projects\AAU\Summer\Synthetic_Dataset_YOLO_50\runs\detect\train-2\weights\best.pt,90.91,32.8
C:\Users\User\Documents\AI_Robotics Projects\AAU\Summer\Synthetic_Dataset_YOLO_50\runs\detect\train-2\weights\best.pt,93.73,32.6
C:\Users\User\Documents\AI_Robotics Projects\AAU\Summer\Synthetic_Dataset_YOLO_50\runs\detect\train-2\weights\best.pt,95.42,31.5
C:\Users\User\Documents\AI_Robotics Projects\AAU\Summer\Synthetic_Dataset_YOLO_50\runs\detect\train-2\weights\best.pt,89.61,29.7
C:\Users\User\Documents\AI_Robotics Projects\AAU\Summer\Synthetic_Dataset_YOLO_50\runs\detect\train-2\weights\best.pt,90.87,30.0
C:\Users\User\Documents\AI_Robotics Projects\AAU\Summer\Synthetic_Dataset_YOLO_50\runs\detect\train-2\weights\best.pt,87.12,33.7
C:\Users\User\Documents\AI_Robotics Projects\AAU\Summer\Synthetic_Dataset_YOLO_50\runs\detect\train-2\weights\best.pt,97.6,31.3
C:\Users\User\Documents\AI_Robotics Projects\AAU\Summer\Synthetic_Dataset_YOLO_50\runs\detect\train-2\weights\best.pt,99.91,29.6
C:\Users\User\Documents\AI_Robotics Projects\AAU\Summer\Synthetic_Dataset_YOLO_50\runs\detect\train-2\weights\best.pt,104.95,29.1
C:\Users\User\Documents\AI_Robotics Projects\AAU\Summer\Synthetic_Dataset_YOLO_50\runs\detect\train-2\weights\best.pt,95.24,31.2
C:\Users\User\Documents\AI_Robotics Projects\AAU\Summer\Synthetic_Dataset_YOLO_50\runs\detect\train-2\weights\best.pt,89.65,30.4
C:\Users\User\Documents\AI_Robotics Projects\AAU\Summer\Synthetic_Dataset_YOLO_50\runs\detect\train-2\weights\best.pt,98.93,28.8
C:\Users\User\Documents\AI_Robotics Projects\AAU\Summer\Synthetic_Dataset_YOLO_50\runs\detect\train-2\weights\best.pt,91.66,31.2
C:\Users\User\Documents\AI_Robotics Projects\AAU\Summer\Synthetic_Dataset_YOLO_50\runs\detect\train-2\weights\best.pt,89.06,30.0
C:\Users\User\Documents\AI_Robotics Projects\AAU\Summer\Synthetic_Dataset_YOLO_50\runs\detect\train-2\weights\best.pt,83.11,29.0
C:\Users\User\Documents\AI_Robotics Projects\AAU\Summer\Synthetic_Dataset_YOLO_50\runs\detect\train-2\weights\best.pt,81.49,30.6
C:\Users\User\Documents\AI_Robotics Projects\AAU\Summer\Synthetic_Dataset_YOLO_50\runs\detect\train-2\weights\best.pt,78.67,34.3
C:\Users\User\Documents\AI_Robotics Projects\AAU\Summer\Synthetic_Dataset_YOLO_50\runs\detect\train-2\weights\best.pt,84.87,30.9
C:\Users\User\Documents\AI_Robotics Projects\AAU\Summer\Synthetic_Dataset_YOLO_50\runs\detect\train-2\weights\best.pt,74.47,31.5
C:\Users\User\Documents\AI_Robotics Projects\AAU\Summer\Synthetic_Dataset_YOLO_50\runs\detect\train-2\weights\best.pt,86.04,30.2
C:\Users\User\Documents\AI_Robotics Projects\AAU\Summer\Synthetic_Dataset_YOLO_50\runs\detect\train-2\weights\best.pt,79.24,29.9
C:\Users\User\Documents\AI_Robotics Projects\AAU\Summer\Synthetic_Dataset_YOLO_50\runs\detect\train-2\weights\best.pt,81.73,30.6
C:\Users\User\Documents\AI_Robotics Projects\AAU\Summer\Synthetic_Dataset_YOLO_50\runs\detect\train-2\weights\best.pt,85.0,32.7
C:\Users\User\Documents\AI_Robotics Projects\AAU\Summer\Synthetic_Dataset_YOLO_50\runs\detect\train-2\weights\best.pt,90.17,31.6
C:\Users\User\Documents\AI_Robotics Projects\AAU\Summer\Synthetic_Dataset_YOLO_50\runs\detect\train-2\weights\best.pt,88.46,28.4
C:\Users\User\Documents\AI_Robotics Projects\AAU\Summer\Synthetic_Dataset_YOLO_50\runs\detect\train-2\weights\best.pt,90.61,31.5
C:\Users\User\Documents\AI_Robotics Projects\AAU\Summer\Synthetic_Dataset_YOLO_50\runs\detect\train-2\weights\best.pt,76.43,34.1
C:\Users\User\Documents\AI_Robotics Projects\AAU\Summer\Synthetic_Dataset_YOLO_50\runs\detect\train-2\weights\best.pt,96.0,31.5
C:\Users\User\Documents\AI_Robotics Projects\AAU\Summer\Synthetic_Dataset_YOLO_50\runs\detect\train-2\weights\best.pt,102.66,30.3
C:\Users\User\Documents\AI_Robotics Projects\AAU\Summer\Synthetic_Dataset_YOLO_50\runs\detect\train-2\weights\best.pt,91.61,28.9
C:\Users\User\Documents\AI_Robotics Projects\AAU\Summer\Synthetic_Dataset_YOLO_50\runs\detect\train-2\weights\best.pt,97.98,31.5
C:\Users\User\Documents\AI_Robotics Projects\AAU\Summer\Synthetic_Dataset_YOLO_50\runs\detect\train-2\weights\best.pt,98.83,28.0
C:\Users\User\Documents\AI_Robotics Projects\AAU\Summer\Synthetic_Dataset_YOLO_50\runs\detect\train-2\weights\best.pt,130.82,27.5
C:\Users\User\Documents\AI_Robotics Projects\AAU\Summer\Synthetic_Dataset_YOLO_50\runs\detect\train-2\weights\best.pt,98.96,28.7
C:\Users\User\Documents\AI_Robotics Projects\AAU\Summer\Synthetic_Dataset_YOLO_50\runs\detect\train-2\weights\best.pt,102.06,29.5
C:\Users\User\Documents\AI_Robotics Projects\AAU\Summer\Synthetic_Dataset_YOLO_50\runs\detect\train-2\weights\best.pt,88.75,29.4
C:\Users\User\Documents\AI_Robotics Projects\AAU\Summer\Synthetic_Dataset_YOLO_50\runs\detect\train-2\weights\best.pt,98.3,30.4
C:\Users\User\Documents\AI_Robotics Projects\AAU\Summer\Synthetic_Dataset_YOLO_50\runs\detect\train-2\weights\best.pt,92.84,29.8
C:\Users\User\Documents\AI_Robotics Projects\AAU\Summer\Synthetic_Dataset_YOLO_50\runs\detect\train-2\weights\best.pt,96.58,31.1
C:\Users\User\Documents\AI_Robotics Projects\AAU\Summer\Synthetic_Dataset_YOLO_50\runs\detect\train-2\weights\best.pt,90.76,28.4
C:\Users\User\Documents\AI_Robotics Projects\AAU\Summer\Synthetic_Dataset_YOLO_50\runs\detect\train-2\weights\best.pt,106.26,29.6
C:\Users\User\Documents\AI_Robotics Projects\AAU\Summer\Synthetic_Dataset_YOLO_50\runs\detect\train-2\weights\best.pt,92.72,27.9
C:\Users\User\Documents\AI_Robotics Projects\AAU\Summer\Synthetic_Dataset_YOLO_50\runs\detect\train-2\weights\best.pt,75.21,28.8
C:\Users\User\Documents\AI_Robotics Projects\AAU\Summer\Synthetic_Dataset_YOLO_50\runs\detect\train-2\weights\best.pt,70.19,22.2
C:\Users\User\Documents\AI_Robotics Projects\AAU\Summer\Synthetic_Dataset_YOLO_50\runs\detect\train-2\weights\best.pt,79.38,56.9
C:\Users\User\Documents\AI_Robotics Projects\AAU\Summer\Synthetic_Dataset_YOLO_50\runs\detect\train-2\weights\best.pt,84.56,56.1
C:\Users\User\Documents\AI_Robotics Projects\AAU\Summer\Synthetic_Dataset_YOLO_50\runs\detect\train-2\weights\best.pt,79.14,28.4
C:\Users\User\Documents\AI_Robotics Projects\AAU\Summer\Synthetic_Dataset_YOLO_50\runs\detect\train-2\weights\best.pt,84.56,66.1
C:\Users\User\Documents\AI_Robotics Projects\AAU\Summer\Synthetic_Dataset_YOLO_50\runs\detect\train-2\weights\best.pt,67.82,32.6
C:\Users\User\Documents\AI_Robotics Projects\AAU\Summer\Synthetic_Dataset_YOLO_50\runs\detect\train-2\weights\best.pt,74.12,29.4
C:\Users\User\Documents\AI_Robotics Projects\AAU\Summer\Synthetic_Dataset_YOLO_50\runs\detect\train-2\weights\best.pt,85.03,69.7
C:\Users\User\Documents\AI_Robotics Projects\AAU\Summer\Synthetic_Dataset_YOLO_50\runs\detect\train-2\weights\best.pt,83.71,70.7
C:\Users\User\Documents\AI_Robotics Projects\AAU\Summer\Synthetic_Dataset_YOLO_50\runs\detect\train-2\weights\best.pt,89.54,72.1
C:\Users\User\Documents\AI_Robotics Projects\AAU\Summer\Synthetic_Dataset_YOLO_50\runs\detect\train-2\weights\best.pt,79.6,59.9
C:\Users\User\Documents\AI_Robotics Projects\AAU\Summer\Synthetic_Dataset_YOLO_50\runs\detect\train-2\weights\best.pt,76.83,30.6
C:\Users\User\Documents\AI_Robotics Projects\AAU\Summer\Synthetic_Dataset_YOLO_50\runs\detect\train-2\weights\best.pt,78.2,61.2
C:\Users\User\Documents\AI_Robotics Projects\AAU\Summer\Synthetic_Dataset_YOLO_50\runs\detect\train-2\weights\best.pt,70.41,29.8
C:\Users\User\Documents\AI_Robotics Projects\AAU\Summer\Synthetic_Dataset_YOLO_50\runs\detect\train-2\weights\best.pt,73.8,63.5
C:\Users\User\Documents\AI_Robotics Projects\AAU\Summer\Synthetic_Dataset_YOLO_50\runs\detect\train-2\weights\best.pt,80.73,51.4
C:\Users\User\Documents\AI_Robotics Projects\AAU\Summer\Synthetic_Dataset_YOLO_50\runs\detect\train-2\weights\best.pt,88.9,29.9
C:\Users\User\Documents\AI_Robotics Projects\AAU\Summer\Synthetic_Dataset_YOLO_50\runs\detect\train-2\weights\best.pt,84.22,28.3
C:\Users\User\Documents\AI_Robotics Projects\AAU\Summer\Synthetic_Dataset_YOLO_50\runs\detect\train-2\weights\best.pt,103.58,27.9
C:\Users\User\Documents\AI_Robotics Projects\AAU\Summer\Synthetic_Dataset_YOLO_50\runs\detect\train-2\weights\best.pt,104.1,25.7
C:\Users\User\Documents\AI_Robotics Projects\AAU\Summer\Synthetic_Dataset_YOLO_50\runs\detect\train-2\weights\best.pt,94.46,27.0
C:\Users\User\Documents\AI_Robotics Projects\AAU\Summer\Synthetic_Dataset_YOLO_50\runs\detect\train-2\weights\best.pt,91.27,31.1
C:\Users\User\Documents\AI_Robotics Projects\AAU\Summer\Synthetic_Dataset_YOLO_50\runs\detect\train-2\weights\best.pt,94.64,28.8
C:\Users\User\Documents\AI_Robotics Projects\AAU\Summer\Synthetic_Dataset_YOLO_50\runs\detect\train-2\weights\best.pt,106.07,29.4
C:\Users\User\Documents\AI_Robotics Projects\AAU\Summer\Synthetic_Dataset_YOLO_50\runs\detect\train-2\weights\best.pt,100.35,30.9
C:\Users\User\Documents\AI_Robotics Projects\AAU\Summer\Synthetic_Dataset_YOLO_50\runs\detect\train-2\weights\best.pt,94.56,29.4
C:\Users\User\Documents\AI_Robotics Projects\AAU\Summer\Synthetic_Dataset_YOLO_50\runs\detect\train-2\weights\best.pt,88.22,28.8
C:\Users\User\Documents\AI_Robotics Projects\AAU\Summer\Synthetic_Dataset_YOLO_50\runs\detect\train-2\weights\best.pt,95.87,29.2
C:\Users\User\Documents\AI_Robotics Projects\AAU\Summer\Synthetic_Dataset_YOLO_50\runs\detect\train-2\weights\best.pt,95.27,22.4
C:\Users\User\Documents\AI_Robotics Projects\AAU\Summer\Synthetic_Dataset_YOLO_50\runs\detect\train-2\weights\best.pt,89.87,56.9
C:\Users\User\Documents\AI_Robotics Projects\AAU\Summer\Synthetic_Dataset_YOLO_50\runs\detect\train-2\weights\best.pt,93.04,29.7
C:\Users\User\Documents\AI_Robotics Projects\AAU\Summer\Synthetic_Dataset_YOLO_50\runs\detect\train-2\weights\best.pt,73.71,30.8
C:\Users\User\Documents\AI_Robotics Projects\AAU\Summer\Synthetic_Dataset_YOLO_50\runs\detect\train-2\weights\best.pt,84.96,28.0
C:\Users\User\Documents\AI_Robotics Projects\AAU\Summer\Synthetic_Dataset_YOLO_50\runs\detect\train-2\weights\best.pt,89.33,30.1
C:\Users\User\Documents\AI_Robotics Projects\AAU\Summer\Synthetic_Dataset_YOLO_50\runs\detect\train-2\weights\best.pt,115.13,26.3
C:\Users\User\Documents\AI_Robotics Projects\AAU\Summer\Synthetic_Dataset_YOLO_50\runs\detect\train-2\weights\best.pt,99.67,32.0
C:\Users\User\Documents\AI_Robotics Projects\AAU\Summer\Synthetic_Dataset_YOLO_50\runs\detect\train-2\weights\best.pt,94.56,28.5
C:\Users\User\Documents\AI_Robotics Projects\AAU\Summer\Synthetic_Dataset_YOLO_50\runs\detect\train-2\weights\best.pt,110.26,28.0
C:\Users\User\Documents\AI_Robotics Projects\AAU\Summer\Synthetic_Dataset_YOLO_50\runs\detect\train-2\weights\best.pt,105.19,54.7
C:\Users\User\Documents\AI_Robotics Projects\AAU\Summer\Synthetic_Dataset_YOLO_50\runs\detect\train-2\weights\best.pt,112.88,53.6
C:\Users\User\Documents\AI_Robotics Projects\AAU\Summer\Synthetic_Dataset_YOLO_50\runs\detect\train-2\weights\best.pt,112.27,26.4
C:\Users\User\Documents\AI_Robotics Projects\AAU\Summer\Synthetic_Dataset_YOLO_50\runs\detect\train-2\weights\best.pt,103.31,49.6
C:\Users\User\Documents\AI_Robotics Projects\AAU\Summer\Synthetic_Dataset_YOLO_50\runs\detect\train-2\weights\best.pt,91.45,26.0
C:\Users\User\Documents\AI_Robotics Projects\AAU\Summer\Synthetic_Dataset_YOLO_50\runs\detect\train-2\weights\best.pt,102.33,25.7
C:\Users\User\Documents\AI_Robotics Projects\AAU\Summer\Synthetic_Dataset_YOLO_50\runs\detect\train-2\weights\best.pt,75.41,30.2
C:\Users\User\Documents\AI_Robotics Projects\AAU\Summer\Synthetic_Dataset_YOLO_50\runs\detect\train-2\weights\best.pt,80.43,30.5
C:\Users\User\Documents\AI_Robotics Projects\AAU\Summer\Synthetic_Dataset_YOLO_50\runs\detect\train-2\weights\best.pt,80.23,29.6
C:\Users\User\Documents\AI_Robotics Projects\AAU\Summer\Synthetic_Dataset_YOLO_50\runs\detect\train-2\weights\best.pt,96.23,27.1
C:\Users\User\Documents\AI_Robotics Projects\AAU\Summer\Synthetic_Dataset_YOLO_50\runs\detect\train-2\weights\best.pt,98.87,26.3
C:\Users\User\Documents\AI_Robotics Projects\AAU\Summer\Synthetic_Dataset_YOLO_50\runs\detect\train-2\weights\best.pt,101.35,30.1
C:\Users\User\Documents\AI_Robotics Projects\AAU\Summer\Synthetic_Dataset_YOLO_50\runs\detect\train-2\weights\best.pt,90.21,26.9
C:\Users\User\Documents\AI_Robotics Projects\AAU\Summer\Synthetic_Dataset_YOLO_50\runs\detect\train-2\weights\best.pt,94.79,23.4
C:\Users\User\Documents\AI_Robotics Projects\AAU\Summer\Synthetic_Dataset_YOLO_50\runs\detect\train-2\weights\best.pt,103.01,30.6
C:\Users\User\Documents\AI_Robotics Projects\AAU\Summer\Synthetic_Dataset_YOLO_50\runs\detect\train-2\weights\best.pt,94.2,29.5
C:\Users\User\Documents\AI_Robotics Projects\AAU\Summer\Synthetic_Dataset_YOLO_50\runs\detect\train-2\weights\best.pt,90.39,29.1
C:\Users\User\Documents\AI_Robotics Projects\AAU\Summer\Synthetic_Dataset_YOLO_50\runs\detect\train-2\weights\best.pt,82.19,31.6
C:\Users\User\Documents\AI_Robotics Projects\AAU\Summer\Synthetic_Dataset_YOLO_50\runs\detect\train-2\weights\best.pt,76.74,29.5
C:\Users\User\Documents\AI_Robotics Projects\AAU\Summer\Synthetic_Dataset_YOLO_50\runs\detect\train-2\weights\best.pt,89.55,31.4
C:\Users\User\Documents\AI_Robotics Projects\AAU\Summer\Synthetic_Dataset_YOLO_50\runs\detect\train-2\weights\best.pt,106.97,29.6
C:\Users\User\Documents\AI_Robotics Projects\AAU\Summer\Synthetic_Dataset_YOLO_50\runs\detect\train-2\weights\best.pt,99.95,62.9
C:\Users\User\Documents\AI_Robotics Projects\AAU\Summer\Synthetic_Dataset_YOLO_50\runs\detect\train-2\weights\best.pt,77.99,34.6
C:\Users\User\Documents\AI_Robotics Projects\AAU\Summer\Synthetic_Dataset_YOLO_50\runs\detect\train-2\weights\best.pt,86.49,56.4
C:\Users\User\Documents\AI_Robotics Projects\AAU\Summer\Synthetic_Dataset_YOLO_50\runs\detect\train-2\weights\best.pt,108.93,45.6
C:\Users\User\Documents\AI_Robotics Projects\AAU\Summer\Synthetic_Dataset_YOLO_50\runs\detect\train-2\weights\best.pt,96.43,56.1
C:\Users\User\Documents\AI_Robotics Projects\AAU\Summer\Synthetic_Dataset_YOLO_50\runs\detect\train-2\weights\best.pt,95.61,49.9
C:\Users\User\Documents\AI_Robotics Projects\AAU\Summer\Synthetic_Dataset_YOLO_50\runs\detect\train-2\weights\best.pt,100.77,56.6
C:\Users\User\Documents\AI_Robotics Projects\AAU\Summer\Synthetic_Dataset_YOLO_50\runs\detect\train-2\weights\best.pt,96.9,54.0
C:\Users\User\Documents\AI_Robotics Projects\AAU\Summer\Synthetic_Dataset_YOLO_50\runs\detect\train-2\weights\best.pt,94.36,51.0
C:\Users\User\Documents\AI_Robotics Projects\AAU\Summer\Synthetic_Dataset_YOLO_50\runs\detect\train-2\weights\best.pt,90.53,51.1
C:\Users\User\Documents\AI_Robotics Projects\AAU\Summer\Synthetic_Dataset_YOLO_50\runs\detect\train-2\weights\best.pt,92.6,51.8
C:\Users\User\Documents\AI_Robotics Projects\AAU\Summer\Synthetic_Dataset_YOLO_50\runs\detect\train-2\weights\best.pt,98.09,36.4
C:\Users\User\Documents\AI_Robotics Projects\AAU\Summer\Synthetic_Dataset_YOLO_50\runs\detect\train-2\weights\best.pt,89.51,37.9
C:\Users\User\Documents\AI_Robotics Projects\AAU\Summer\Synthetic_Dataset_YOLO_50\runs\detect\train-2\weights\best.pt,93.26,53.6
C:\Users\User\Documents\AI_Robotics Projects\AAU\Summer\Synthetic_Dataset_YOLO_50\runs\detect\train-2\weights\best.pt,87.31,64.1
C:\Users\User\Documents\AI_Robotics Projects\AAU\Summer\Synthetic_Dataset_YOLO_50\runs\detect\train-2\weights\best.pt,85.69,60.2
C:\Users\User\Documents\AI_Robotics Projects\AAU\Summer\Synthetic_Dataset_YOLO_50\runs\detect\train-2\weights\best.pt,82.34,33.1
C:\Users\User\Documents\AI_Robotics Projects\AAU\Summer\Synthetic_Dataset_YOLO_50\runs\detect\train-2\weights\best.pt,81.76,31.9
C:\Users\User\Documents\AI_Robotics Projects\AAU\Summer\Synthetic_Dataset_YOLO_50\runs\detect\train-2\weights\best.pt,96.19,32.1
C:\Users\User\Documents\AI_Robotics Projects\AAU\Summer\Synthetic_Dataset_YOLO_50\runs\detect\train-2\weights\best.pt,96.1,27.4
C:\Users\User\Documents\AI_Robotics Projects\AAU\Summer\Synthetic_Dataset_YOLO_50\runs\detect\train-2\weights\best.pt,84.07,27.8
C:\Users\User\Documents\AI_Robotics Projects\AAU\Summer\Synthetic_Dataset_YOLO_50\runs\detect\train-2\weights\best.pt,85.13,27.4
C:\Users\User\Documents\AI_Robotics Projects\AAU\Summer\Synthetic_Dataset_YOLO_50\runs\detect\train-2\weights\best.pt,87.37,58.4
C:\Users\User\Documents\AI_Robotics Projects\AAU\Summer\Synthetic_Dataset_YOLO_50\runs\detect\train-2\weights\best.pt,85.96,32.3
C:\Users\User\Documents\AI_Robotics Projects\AAU\Summer\Synthetic_Dataset_YOLO_50\runs\detect\train-2\weights\best.pt,88.1,30.1
C:\Users\User\Documents\AI_Robotics Projects\AAU\Summer\Synthetic_Dataset_YOLO_50\runs\detect\train-2\weights\best.pt,90.83,28.9
C:\Users\User\Documents\AI_Robotics Projects\AAU\Summer\Synthetic_Dataset_YOLO_50\runs\detect\train-2\weights\best.pt,78.12,31.6
C:\Users\User\Documents\AI_Robotics Projects\AAU\Summer\Synthetic_Dataset_YOLO_50\runs\detect\train-2\weights\best.pt,78.77,33.3
C:\Users\User\Documents\AI_Robotics Projects\AAU\Summer\Synthetic_Dataset_YOLO_50\runs\detect\train-2\weights\best.pt,68.95,34.1
C:\Users\User\Documents\AI_Robotics Projects\AAU\Summer\Synthetic_Dataset_YOLO_50\runs\detect\train-2\weights\best.pt,90.8,29.8
C:\Users\User\Documents\AI_Robotics Projects\AAU\Summer\Synthetic_Dataset_YOLO_50\runs\detect\train-2\weights\best.pt,75.71,31.6
C:\Users\User\Documents\AI_Robotics Projects\AAU\Summer\Synthetic_Dataset_YOLO_50\runs\detect\train-2\weights\best.pt,78.93,32.5
C:\Users\User\Documents\AI_Robotics Projects\AAU\Summer\Synthetic_Dataset_YOLO_50\runs\detect\train-2\weights\best.pt,75.57,35.8
C:\Users\User\Documents\AI_Robotics Projects\AAU\Summer\Synthetic_Dataset_YOLO_50\runs\detect\train-2\weights\best.pt,70.66,30.0
C:\Users\User\Documents\AI_Robotics Projects\AAU\Summer\Synthetic_Dataset_YOLO_50\runs\detect\train-2\weights\best.pt,69.57,34.3
C:\Users\User\Documents\AI_Robotics Projects\AAU\Summer\Synthetic_Dataset_YOLO_50\runs\detect\train-2\weights\best.pt,66.83,32.7
C:\Users\User\Documents\AI_Robotics Projects\AAU\Summer\Synthetic_Dataset_YOLO_50\runs\detect\train-2\weights\best.pt,76.37,33.4
C:\Users\User\Documents\AI_Robotics Projects\AAU\Summer\Synthetic_Dataset_YOLO_50\runs\detect\train-2\weights\best.pt,87.84,33.2
C:\Users\User\Documents\AI_Robotics Projects\AAU\Summer\Synthetic_Dataset_YOLO_50\runs\detect\train-2\weights\best.pt,84.78,30.6
C:\Users\User\Documents\AI_Robotics Projects\AAU\Summer\Synthetic_Dataset_YOLO_50\runs\detect\train-2\weights\best.pt,76.78,32.7
C:\Users\User\Documents\AI_Robotics Projects\AAU\Summer\Synthetic_Dataset_YOLO_50\runs\detect\train-2\weights\best.pt,75.49,34.1
C:\Users\User\Documents\AI_Robotics Projects\AAU\Summer\Synthetic_Dataset_YOLO_50\runs\detect\train-2\weights\best.pt,78.84,33.4
C:\Users\User\Documents\AI_Robotics Projects\AAU\Summer\Synthetic_Dataset_YOLO_50\runs\detect\train-2\weights\best.pt,73.07,30.6
C:\Users\User\Documents\AI_Robotics Projects\AAU\Summer\Synthetic_Dataset_YOLO_50\runs\detect\train-2\weights\best.pt,74.16,33.6
C:\Users\User\Documents\AI_Robotics Projects\AAU\Summer\Synthetic_Dataset_YOLO_50\runs\detect\train-2\weights\best.pt,72.54,31.8
C:\Users\User\Documents\AI_Robotics Projects\AAU\Summer\Synthetic_Dataset_YOLO_50\runs\detect\train-2\weights\best.pt,70.52,32.5
C:\Users\User\Documents\AI_Robotics Projects\AAU\Summer\Synthetic_Dataset_YOLO_50\runs\detect\train-2\weights\best.pt,77.97,32.3
C:\Users\User\Documents\AI_Robotics Projects\AAU\Summer\Synthetic_Dataset_YOLO_50\runs\detect\train-2\weights\best.pt,86.19,33.0
C:\Users\User\Documents\AI_Robotics Projects\AAU\Summer\Synthetic_Dataset_YOLO_50\runs\detect\train-2\weights\best.pt,76.37,34.3
C:\Users\User\Documents\AI_Robotics Projects\AAU\Summer\Synthetic_Dataset_YOLO_50\runs\detect\train-2\weights\best.pt,72.94,32.3
C:\Users\User\Documents\AI_Robotics Projects\AAU\Summer\Synthetic_Dataset_YOLO_50\runs\detect\train-2\weights\best.pt,68.84,34.5
C:\Users\User\Documents\AI_Robotics Projects\AAU\Summer\Synthetic_Dataset_YOLO_50\runs\detect\train-2\weights\best.pt,75.89,31.6
C:\Users\User\Documents\AI_Robotics Projects\AAU\Summer\Synthetic_Dataset_YOLO_50\runs\detect\train-2\weights\best.pt,75.79,32.6
C:\Users\User\Documents\AI_Robotics Projects\AAU\Summer\Synthetic_Dataset_YOLO_50\runs\detect\train-2\weights\best.pt,87.74,29.7
C:\Users\User\Documents\AI_Robotics Projects\AAU\Summer\Synthetic_Dataset_YOLO_50\runs\detect\train-2\weights\best.pt,90.06,31.4
C:\Users\User\Documents\AI_Robotics Projects\AAU\Summer\Synthetic_Dataset_YOLO_50\runs\detect\train-2\weights\best.pt,74.82,30.9
C:\Users\User\Documents\AI_Robotics Projects\AAU\Summer\Synthetic_Dataset_YOLO_50\runs\detect\train-2\weights\best.pt,73.71,30.8
C:\Users\User\Documents\AI_Robotics Projects\AAU\Summer\Synthetic_Dataset_YOLO_50\runs\detect\train-2\weights\best.pt,80.42,29.3
C:\Users\User\Documents\AI_Robotics Projects\AAU\Summer\Synthetic_Dataset_YOLO_50\runs\detect\train-2\weights\best.pt,86.61,30.5
C:\Users\User\Documents\AI_Robotics Projects\AAU\Summer\Synthetic_Dataset_YOLO_50\runs\detect\train-2\weights\best.pt,82.05,32.0
C:\Users\User\Documents\AI_Robotics Projects\AAU\Summer\Synthetic_Dataset_YOLO_50\runs\detect\train-2\weights\best.pt,76.68,30.5
C:\Users\User\Documents\AI_Robotics Projects\AAU\Summer\Synthetic_Dataset_YOLO_50\runs\detect\train-2\weights\best.pt,87.37,30.0
C:\Users\User\Documents\AI_Robotics Projects\AAU\Summer\Synthetic_Dataset_YOLO_50\runs\detect\train-2\weights\best.pt,91.04,30.2
C:\Users\User\Documents\AI_Robotics Projects\AAU\Summer\Synthetic_Dataset_YOLO_50\runs\detect\train-2\weights\best.pt,88.23,30.6
C:\Users\User\Documents\AI_Robotics Projects\AAU\Summer\Synthetic_Dataset_YOLO_50\runs\detect\train-2\weights\best.pt,89.65,30.1
C:\Users\User\Documents\AI_Robotics Projects\AAU\Summer\Synthetic_Dataset_YOLO_50\runs\detect\train-2\weights\best.pt,89.95,27.8
C:\Users\User\Documents\AI_Robotics Projects\AAU\Summer\Synthetic_Dataset_YOLO_50\runs\detect\train-2\weights\best.pt,88.15,30.0
C:\Users\User\Documents\AI_Robotics Projects\AAU\Summer\Synthetic_Dataset_YOLO_50\runs\detect\train-2\weights\best.pt,95.79,29.7
C:\Users\User\Documents\AI_Robotics Projects\AAU\Summer\Synthetic_Dataset_YOLO_50\runs\detect\train-2\weights\best.pt,98.55,29.1
C:\Users\User\Documents\AI_Robotics Projects\AAU\Summer\Synthetic_Dataset_YOLO_50\runs\detect\train-2\weights\best.pt,88.86,30.1
C:\Users\User\Documents\AI_Robotics Projects\AAU\Summer\Synthetic_Dataset_YOLO_50\runs\detect\train-2\weights\best.pt,92.46,27.9
C:\Users\User\Documents\AI_Robotics Projects\AAU\Summer\Synthetic_Dataset_YOLO_50\runs\detect\train-2\weights\best.pt,88.97,28.8
C:\Users\User\Documents\AI_Robotics Projects\AAU\Summer\Synthetic_Dataset_YOLO_50\runs\detect\train-2\weights\best.pt,88.35,32.0
C:\Users\User\Documents\AI_Robotics Projects\AAU\Summer\Synthetic_Dataset_YOLO_50\runs\detect\train-2\weights\best.pt,95.46,29.2
C:\Users\User\Documents\AI_Robotics Projects\AAU\Summer\Synthetic_Dataset_YOLO_50\runs\detect\train-2\weights\best.pt,91.35,28.1
C:\Users\User\Documents\AI_Robotics Projects\AAU\Summer\Synthetic_Dataset_YOLO_50\runs\detect\train-2\weights\best.pt,91.2,33.1
C:\Users\User\Documents\AI_Robotics Projects\AAU\Summer\Synthetic_Dataset_YOLO_50\runs\detect\train-2\weights\best.pt,87.62,49.3
C:\Users\User\Documents\AI_Robotics Projects\AAU\Summer\Synthetic_Dataset_YOLO_50\runs\detect\train-2\weights\best.pt,83.26,51.1
C:\Users\User\Documents\AI_Robotics Projects\AAU\Summer\Synthetic_Dataset_YOLO_50\runs\detect\train-2\weights\best.pt,77.48,54.6
C:\Users\User\Documents\AI_Robotics Projects\AAU\Summer\Synthetic_Dataset_YOLO_50\runs\detect\train-2\weights\best.pt,80.46,59.5
C:\Users\User\Documents\AI_Robotics Projects\AAU\Summer\Synthetic_Dataset_YOLO_50\runs\detect\train-2\weights\best.pt,88.06,46.1
C:\Users\User\Documents\AI_Robotics Projects\AAU\Summer\Synthetic_Dataset_YOLO_50\runs\detect\train-2\weights\best.pt,100.44,47.5
C:\Users\User\Documents\AI_Robotics Projects\AAU\Summer\Synthetic_Dataset_YOLO_50\runs\detect\train-2\weights\best.pt,83.33,54.4
C:\Users\User\Documents\AI_Robotics Projects\AAU\Summer\Synthetic_Dataset_YOLO_50\runs\detect\train-2\weights\best.pt,75.61,60.1
C:\Users\User\Documents\AI_Robotics Projects\AAU\Summer\Synthetic_Dataset_YOLO_50\runs\detect\train-2\weights\best.pt,77.44,53.1
C:\Users\User\Documents\AI_Robotics Projects\AAU\Summer\Synthetic_Dataset_YOLO_50\runs\detect\train-2\weights\best.pt,80.32,48.4
C:\Users\User\Documents\AI_Robotics Projects\AAU\Summer\Synthetic_Dataset_YOLO_50\runs\detect\train-2\weights\best.pt,89.08,54.6
C:\Users\User\Documents\AI_Robotics Projects\AAU\Summer\Synthetic_Dataset_YOLO_50\runs\detect\train-2\weights\best.pt,88.82,58.3
C:\Users\User\Documents\AI_Robotics Projects\AAU\Summer\Synthetic_Dataset_YOLO_50\runs\detect\train-2\weights\best.pt,97.51,50.8
C:\Users\User\Documents\AI_Robotics Projects\AAU\Summer\Synthetic_Dataset_YOLO_50\runs\detect\train-2\weights\best.pt,96.63,55.7
C:\Users\User\Documents\AI_Robotics Projects\AAU\Summer\Synthetic_Dataset_YOLO_50\runs\detect\train-2\weights\best.pt,81.29,56.6
C:\Users\User\Documents\AI_Robotics Projects\AAU\Summer\Synthetic_Dataset_YOLO_50\runs\detect\train-2\weights\best.pt,79.4,54.7
C:\Users\User\Documents\AI_Robotics Projects\AAU\Summer\Synthetic_Dataset_YOLO_50\runs\detect\train-2\weights\best.pt,89.74,34.8
C:\Users\User\Documents\AI_Robotics Projects\AAU\Summer\Synthetic_Dataset_YOLO_50\runs\detect\train-2\weights\best.pt,84.35,50.9
C:\Users\User\Documents\AI_Robotics Projects\AAU\Summer\Synthetic_Dataset_YOLO_50\runs\detect\train-2\weights\best.pt,87.7,70.8
C:\Users\User\Documents\AI_Robotics Projects\AAU\Summer\Synthetic_Dataset_YOLO_50\runs\detect\train-2\weights\best.pt,94.73,60.3
C:\Users\User\Documents\AI_Robotics Projects\AAU\Summer\Synthetic_Dataset_YOLO_50\runs\detect\train-2\weights\best.pt,78.53,47.1
C:\Users\User\Documents\AI_Robotics Projects\AAU\Summer\Synthetic_Dataset_YOLO_50\runs\detect\train-2\weights\best.pt,75.63,28.4
C:\Users\User\Documents\AI_Robotics Projects\AAU\Summer\Synthetic_Dataset_YOLO_50\runs\detect\train-2\weights\best.pt,91.23,27.1
C:\Users\User\Documents\AI_Robotics Projects\AAU\Summer\Synthetic_Dataset_YOLO_50\runs\detect\train-2\weights\best.pt,89.99,25.0
C:\Users\User\Documents\AI_Robotics Projects\AAU\Summer\Synthetic_Dataset_YOLO_50\runs\detect\train-2\weights\best.pt,92.96,28.1
C:\Users\User\Documents\AI_Robotics Projects\AAU\Summer\Synthetic_Dataset_YOLO_50\runs\detect\train-2\weights\best.pt,95.89,28.0
C:\Users\User\Documents\AI_Robotics Projects\AAU\Summer\Synthetic_Dataset_YOLO_50\runs\detect\train-2\weights\best.pt,79.0,29.1
C:\Users\User\Documents\AI_Robotics Projects\AAU\Summer\Synthetic_Dataset_YOLO_50\runs\detect\train-2\weights\best.pt,77.11,27.8
C:\Users\User\Documents\AI_Robotics Projects\AAU\Summer\Synthetic_Dataset_YOLO_50\runs\detect\train-2\weights\best.pt,70.9,31.0
C:\Users\User\Documents\AI_Robotics Projects\AAU\Summer\Synthetic_Dataset_YOLO_50\runs\detect\train-2\weights\best.pt,86.28,30.5
C:\Users\User\Documents\AI_Robotics Projects\AAU\Summer\Synthetic_Dataset_YOLO_50\runs\detect\train-2\weights\best.pt,85.13,28.7
C:\Users\User\Documents\AI_Robotics Projects\AAU\Summer\Synthetic_Dataset_YOLO_50\runs\detect\train-2\weights\best.pt,95.76,28.6
C:\Users\User\Documents\AI_Robotics Projects\AAU\Summer\Synthetic_Dataset_YOLO_50\runs\detect\train-2\weights\best.pt,86.22,27.6
C:\Users\User\Documents\AI_Robotics Projects\AAU\Summer\Synthetic_Dataset_YOLO_50\runs\detect\train-2\weights\best.pt,89.23,26.2
C:\Users\User\Documents\AI_Robotics Projects\AAU\Summer\Synthetic_Dataset_YOLO_50\runs\detect\train-2\weights\best.pt,110.32,25.8
C:\Users\User\Documents\AI_Robotics Projects\AAU\Summer\Synthetic_Dataset_YOLO_50\runs\detect\train-2\weights\best.pt,90.93,25.4
C:\Users\User\Documents\AI_Robotics Projects\AAU\Summer\Synthetic_Dataset_YOLO_50\runs\detect\train-2\weights\best.pt,88.77,28.7
C:\Users\User\Documents\AI_Robotics Projects\AAU\Summer\Synthetic_Dataset_YOLO_50\runs\detect\train-2\weights\best.pt,97.45,27.6
C:\Users\User\Documents\AI_Robotics Projects\AAU\Summer\Synthetic_Dataset_YOLO_50\runs\detect\train-2\weights\best.pt,94.09,28.8
C:\Users\User\Documents\AI_Robotics Projects\AAU\Summer\Synthetic_Dataset_YOLO_50\runs\detect\train-2\weights\best.pt,90.08,52.0
C:\Users\User\Documents\AI_Robotics Projects\AAU\Summer\Synthetic_Dataset_YOLO_50\runs\detect\train-2\weights\best.pt,87.46,27.6
C:\Users\User\Documents\AI_Robotics Projects\AAU\Summer\Synthetic_Dataset_YOLO_50\runs\detect\train-2\weights\best.pt,97.27,27.4
C:\Users\User\Documents\AI_Robotics Projects\AAU\Summer\Synthetic_Dataset_YOLO_50\runs\detect\train-2\weights\best.pt,95.6,29.1
C:\Users\User\Documents\AI_Robotics Projects\AAU\Summer\Synthetic_Dataset_YOLO_50\runs\detect\train-2\weights\best.pt,87.64,30.3
C:\Users\User\Documents\AI_Robotics Projects\AAU\Summer\Synthetic_Dataset_YOLO_50\runs\detect\train-2\weights\best.pt,88.45,29.8
C:\Users\User\Documents\AI_Robotics Projects\AAU\Summer\Synthetic_Dataset_YOLO_50\runs\detect\train-2\weights\best.pt,83.77,27.5
C:\Users\User\Documents\AI_Robotics Projects\AAU\Summer\Synthetic_Dataset_YOLO_50\runs\detect\train-2\weights\best.pt,77.1,27.1
C:\Users\User\Documents\AI_Robotics Projects\AAU\Summer\Synthetic_Dataset_YOLO_50\runs\detect\train-2\weights\best.pt,98.13,58.3
C:\Users\User\Documents\AI_Robotics Projects\AAU\Summer\Synthetic_Dataset_YOLO_50\runs\detect\train-2\weights\best.pt,87.98,27.4
C:\Users\User\Documents\AI_Robotics Projects\AAU\Summer\Synthetic_Dataset_YOLO_50\runs\detect\train-2\weights\best.pt,97.32,29.2
C:\Users\User\Documents\AI_Robotics Projects\AAU\Summer\Synthetic_Dataset_YOLO_50\runs\detect\train-2\weights\best.pt,88.63,26.7
C:\Users\User\Documents\AI_Robotics Projects\AAU\Summer\Synthetic_Dataset_YOLO_50\runs\detect\train-2\weights\best.pt,78.13,27.0
C:\Users\User\Documents\AI_Robotics Projects\AAU\Summer\Synthetic_Dataset_YOLO_50\runs\detect\train-2\weights\best.pt,84.8,29.5
C:\Users\User\Documents\AI_Robotics Projects\AAU\Summer\Synthetic_Dataset_YOLO_50\runs\detect\train-2\weights\best.pt,83.34,30.1
C:\Users\User\Documents\AI_Robotics Projects\AAU\Summer\Synthetic_Dataset_YOLO_50\runs\detect\train-2\weights\best.pt,82.03,28.6
C:\Users\User\Documents\AI_Robotics Projects\AAU\Summer\Synthetic_Dataset_YOLO_50\runs\detect\train-2\weights\best.pt,80.55,31.6
C:\Users\User\Documents\AI_Robotics Projects\AAU\Summer\Synthetic_Dataset_YOLO_50\runs\detect\train-2\weights\best.pt,77.79,30.1
C:\Users\User\Documents\AI_Robotics Projects\AAU\Summer\Synthetic_Dataset_YOLO_50\runs\detect\train-2\weights\best.pt,88.06,29.1
C:\Users\User\Documents\AI_Robotics Projects\AAU\Summer\Synthetic_Dataset_YOLO_50\runs\detect\train-2\weights\best.pt,87.46,30.6
C:\Users\User\Documents\AI_Robotics Projects\AAU\Summer\Synthetic_Dataset_YOLO_50\runs\detect\train-2\weights\best.pt,84.84,30.4
C:\Users\User\Documents\AI_Robotics Projects\AAU\Summer\Synthetic_Dataset_YOLO_50\runs\detect\train-2\weights\best.pt,85.45,27.6
C:\Users\User\Documents\AI_Robotics Projects\AAU\Summer\Synthetic_Dataset_YOLO_50\runs\detect\train-2\weights\best.pt,84.41,33.3
C:\Users\User\Documents\AI_Robotics Projects\AAU\Summer\Synthetic_Dataset_YOLO_50\runs\detect\train-2\weights\best.pt,79.92,29.7
C:\Users\User\Documents\AI_Robotics Projects\AAU\Summer\Synthetic_Dataset_YOLO_50\runs\detect\train-2\weights\best.pt,70.73,30.6
C:\Users\User\Documents\AI_Robotics Projects\AAU\Summer\Synthetic_Dataset_YOLO_50\runs\detect\train-2\weights\best.pt,77.97,32.9
C:\Users\User\Documents\AI_Robotics Projects\AAU\Summer\Synthetic_Dataset_YOLO_50\runs\detect\train-2\weights\best.pt,74.16,31.8
C:\Users\User\Documents\AI_Robotics Projects\AAU\Summer\Synthetic_Dataset_YOLO_50\runs\detect\train-2\weights\best.pt,76.13,29.0
C:\Users\User\Documents\AI_Robotics Projects\AAU\Summer\Synthetic_Dataset_YOLO_50\runs\detect\train-2\weights\best.pt,94.39,30.5
C:\Users\User\Documents\AI_Robotics Projects\AAU\Summer\Synthetic_Dataset_YOLO_50\runs\detect\train-2\weights\best.pt,89.79,30.6
C:\Users\User\Documents\AI_Robotics Projects\AAU\Summer\Synthetic_Dataset_YOLO_50\runs\detect\train-2\weights\best.pt,83.57,34.0
C:\Users\User\Documents\AI_Robotics Projects\AAU\Summer\Synthetic_Dataset_YOLO_50\runs\detect\train-2\weights\best.pt,86.97,73.6
C:\Users\User\Documents\AI_Robotics Projects\AAU\Summer\Synthetic_Dataset_YOLO_50\runs\detect\train-2\weights\best.pt,86.05,77.0
C:\Users\User\Documents\AI_Robotics Projects\AAU\Summer\Synthetic_Dataset_YOLO_50\runs\detect\train-2\weights\best.pt,76.38,64.8
C:\Users\User\Documents\AI_Robotics Projects\AAU\Summer\Synthetic_Dataset_YOLO_50\runs\detect\train-2\weights\best.pt,91.26,64.2
C:\Users\User\Documents\AI_Robotics Projects\AAU\Summer\Synthetic_Dataset_YOLO_50\runs\detect\train-2\weights\best.pt,84.05,61.6
C:\Users\User\Documents\AI_Robotics Projects\AAU\Summer\Synthetic_Dataset_YOLO_50\runs\detect\train-2\weights\best.pt,84.02,56.9
C:\Users\User\Documents\AI_Robotics Projects\AAU\Summer\Synthetic_Dataset_YOLO_50\runs\detect\train-2\weights\best.pt,84.1,54.9
C:\Users\User\Documents\AI_Robotics Projects\AAU\Summer\Synthetic_Dataset_YOLO_50\runs\detect\train-2\weights\best.pt,74.19,60.3
C:\Users\User\Documents\AI_Robotics Projects\AAU\Summer\Synthetic_Dataset_YOLO_50\runs\detect\train-2\weights\best.pt,94.09,52.8
C:\Users\User\Documents\AI_Robotics Projects\AAU\Summer\Synthetic_Dataset_YOLO_50\runs\detect\train-2\weights\best.pt,86.38,56.7
C:\Users\User\Documents\AI_Robotics Projects\AAU\Summer\Synthetic_Dataset_YOLO_50\runs\detect\train-2\weights\best.pt,83.64,54.3
C:\Users\User\Documents\AI_Robotics Projects\AAU\Summer\Synthetic_Dataset_YOLO_50\runs\detect\train-2\weights\best.pt,68.85,55.5
C:\Users\User\Documents\AI_Robotics Projects\AAU\Summer\Synthetic_Dataset_YOLO_50\runs\detect\train-2\weights\best.pt,79.16,66.1
C:\Users\User\Documents\AI_Robotics Projects\AAU\Summer\Synthetic_Dataset_YOLO_50\runs\detect\train-2\weights\best.pt,86.05,63.3
C:\Users\User\Documents\AI_Robotics Projects\AAU\Summer\Synthetic_Dataset_YOLO_50\runs\detect\train-2\weights\best.pt,74.84,64.2
C:\Users\User\Documents\AI_Robotics Projects\AAU\Summer\Synthetic_Dataset_YOLO_50\runs\detect\train-2\weights\best.pt,86.5,68.7
C:\Users\User\Documents\AI_Robotics Projects\AAU\Summer\Synthetic_Dataset_YOLO_50\runs\detect\train-2\weights\best.pt,85.59,63.3
C:\Users\User\Documents\AI_Robotics Projects\AAU\Summer\Synthetic_Dataset_YOLO_50\runs\detect\train-2\weights\best.pt,84.97,76.9
C:\Users\User\Documents\AI_Robotics Projects\AAU\Summer\Synthetic_Dataset_YOLO_50\runs\detect\train-2\weights\best.pt,85.8,79.9
C:\Users\User\Documents\AI_Robotics Projects\AAU\Summer\Synthetic_Dataset_YOLO_50\runs\detect\train-2\weights\best.pt,90.9,77.8
C:\Users\User\Documents\AI_Robotics Projects\AAU\Summer\Synthetic_Dataset_YOLO_50\runs\detect\train-2\weights\best.pt,89.17,42.4
C:\Users\User\Documents\AI_Robotics Projects\AAU\Summer\Synthetic_Dataset_YOLO_50\runs\detect\train-2\weights\best.pt,85.31,44.8
C:\Users\User\Documents\AI_Robotics Projects\AAU\Summer\Synthetic_Dataset_YOLO_50\runs\detect\train-2\weights\best.pt,88.57,74.3
C:\Users\User\Documents\AI_Robotics Projects\AAU\Summer\Synthetic_Dataset_YOLO_50\runs\detect\train-2\weights\best.pt,84.94,78.7
C:\Users\User\Documents\AI_Robotics Projects\AAU\Summer\Synthetic_Dataset_YOLO_50\runs\detect\train-2\weights\best.pt,87.23,82.2
C:\Users\User\Documents\AI_Robotics Projects\AAU\Summer\Synthetic_Dataset_YOLO_50\runs\detect\train-2\weights\best.pt,93.07,70.3
C:\Users\User\Documents\AI_Robotics Projects\AAU\Summer\Synthetic_Dataset_YOLO_50\runs\detect\train-2\weights\best.pt,96.92,56.2
C:\Users\User\Documents\AI_Robotics Projects\AAU\Summer\Synthetic_Dataset_YOLO_50\runs\detect\train-2\weights\best.pt,110.5,27.5
C:\Users\User\Documents\AI_Robotics Projects\AAU\Summer\Synthetic_Dataset_YOLO_50\runs\detect\train-2\weights\best.pt,99.59,57.2
C:\Users\User\Documents\AI_Robotics Projects\AAU\Summer\Synthetic_Dataset_YOLO_50\runs\detect\train-2\weights\best.pt,89.48,52.2
C:\Users\User\Documents\AI_Robotics Projects\AAU\Summer\Synthetic_Dataset_YOLO_50\runs\detect\train-2\weights\best.pt,83.55,55.7
C:\Users\User\Documents\AI_Robotics Projects\AAU\Summer\Synthetic_Dataset_YOLO_50\runs\detect\train-2\weights\best.pt,88.85,49.2
C:\Users\User\Documents\AI_Robotics Projects\AAU\Summer\Synthetic_Dataset_YOLO_50\runs\detect\train-2\weights\best.pt,91.33,54.5
C:\Users\User\Documents\AI_Robotics Projects\AAU\Summer\Synthetic_Dataset_YOLO_50\runs\detect\train-2\weights\best.pt,94.09,30.2
C:\Users\User\Documents\AI_Robotics Projects\AAU\Summer\Synthetic_Dataset_YOLO_50\runs\detect\train-2\weights\best.pt,94.33,58.7
C:\Users\User\Documents\AI_Robotics Projects\AAU\Summer\Synthetic_Dataset_YOLO_50\runs\detect\train-2\weights\best.pt,95.01,58.3
C:\Users\User\Documents\AI_Robotics Projects\AAU\Summer\Synthetic_Dataset_YOLO_50\runs\detect\train-2\weights\best.pt,97.38,73.7
C:\Users\User\Documents\AI_Robotics Projects\AAU\Summer\Synthetic_Dataset_YOLO_50\runs\detect\train-2\weights\best.pt,92.9,78.4
C:\Users\User\Documents\AI_Robotics Projects\AAU\Summer\Synthetic_Dataset_YOLO_50\runs\detect\train-2\weights\best.pt,78.55,79.6
C:\Users\User\Documents\AI_Robotics Projects\AAU\Summer\Synthetic_Dataset_YOLO_50\runs\detect\train-2\weights\best.pt,98.69,77.3
C:\Users\User\Documents\AI_Robotics Projects\AAU\Summer\Synthetic_Dataset_YOLO_50\runs\detect\train-2\weights\best.pt,87.18,83.4
C:\Users\User\Documents\AI_Robotics Projects\AAU\Summer\Synthetic_Dataset_YOLO_50\runs\detect\train-2\weights\best.pt,90.7,76.3
C:\Users\User\Documents\AI_Robotics Projects\AAU\Summer\Synthetic_Dataset_YOLO_50\runs\detect\train-2\weights\best.pt,90.42,68.4
C:\Users\User\Documents\AI_Robotics Projects\AAU\Summer\Synthetic_Dataset_YOLO_50\runs\detect\train-2\weights\best.pt,95.8,55.7
C:\Users\User\Documents\AI_Robotics Projects\AAU\Summer\Synthetic_Dataset_YOLO_50\runs\detect\train-2\weights\best.pt,82.84,54.3
C:\Users\User\Documents\AI_Robotics Projects\AAU\Summer\Synthetic_Dataset_YOLO_50\runs\detect\train-2\weights\best.pt,79.29,55.1
C:\Users\User\Documents\AI_Robotics Projects\AAU\Summer\Synthetic_Dataset_YOLO_50\runs\detect\train-2\weights\best.pt,101.21,49.8
C:\Users\User\Documents\AI_Robotics Projects\AAU\Summer\Synthetic_Dataset_YOLO_50\runs\detect\train-2\weights\best.pt,96.96,52.4
C:\Users\User\Documents\AI_Robotics Projects\AAU\Summer\Synthetic_Dataset_YOLO_50\runs\detect\train-2\weights\best.pt,101.71,56.7
C:\Users\User\Documents\AI_Robotics Projects\AAU\Summer\Synthetic_Dataset_YOLO_50\runs\detect\train-2\weights\best.pt,87.53,54.7
C:\Users\User\Documents\AI_Robotics Projects\AAU\Summer\Synthetic_Dataset_YOLO_50\runs\detect\train-2\weights\best.pt,93.49,55.2
C:\Users\User\Documents\AI_Robotics Projects\AAU\Summer\Synthetic_Dataset_YOLO_50\runs\detect\train-2\weights\best.pt,95.89,53.1
C:\Users\User\Documents\AI_Robotics Projects\AAU\Summer\Synthetic_Dataset_YOLO_50\runs\detect\train-2\weights\best.pt,96.64,54.3
C:\Users\User\Documents\AI_Robotics Projects\AAU\Summer\Synthetic_Dataset_YOLO_50\runs\detect\train-2\weights\best.pt,81.74,52.3
C:\Users\User\Documents\AI_Robotics Projects\AAU\Summer\Synthetic_Dataset_YOLO_50\runs\detect\train-2\weights\best.pt,84.38,59.3
C:\Users\User\Documents\AI_Robotics Projects\AAU\Summer\Synthetic_Dataset_YOLO_50\runs\detect\train-2\weights\best.pt,68.9,38.1
C:\Users\User\Documents\AI_Robotics Projects\AAU\Summer\Synthetic_Dataset_YOLO_50\runs\detect\train-2\weights\best.pt,76.68,62.2
C:\Users\User\Documents\AI_Robotics Projects\AAU\Summer\Synthetic_Dataset_YOLO_50\runs\detect\train-2\weights\best.pt,68.35,76.6
C:\Users\User\Documents\AI_Robotics Projects\AAU\Summer\Synthetic_Dataset_YOLO_50\runs\detect\train-2\weights\best.pt,68.84,71.0
C:\Users\User\Documents\AI_Robotics Projects\AAU\Summer\Synthetic_Dataset_YOLO_50\runs\detect\train-2\weights\best.pt,84.84,86.4
C:\Users\User\Documents\AI_Robotics Projects\AAU\Summer\Synthetic_Dataset_YOLO_50\runs\detect\train-2\weights\best.pt,85.59,83.1
C:\Users\User\Documents\AI_Robotics Projects\AAU\Summer\Synthetic_Dataset_YOLO_50\runs\detect\train-2\weights\best.pt,79.96,76.2
C:\Users\User\Documents\AI_Robotics Projects\AAU\Summer\Synthetic_Dataset_YOLO_50\runs\detect\train-2\weights\best.pt,78.32,37.2
C:\Users\User\Documents\AI_Robotics Projects\AAU\Summer\Synthetic_Dataset_YOLO_50\runs\detect\train-2\weights\best.pt,83.53,35.1
C:\Users\User\Documents\AI_Robotics Projects\AAU\Summer\Synthetic_Dataset_YOLO_50\runs\detect\train-2\weights\best.pt,88.43,72.4
C:\Users\User\Documents\AI_Robotics Projects\AAU\Summer\Synthetic_Dataset_YOLO_50\runs\detect\train-2\weights\best.pt,82.37,74.9
C:\Users\User\Documents\AI_Robotics Projects\AAU\Summer\Synthetic_Dataset_YOLO_50\runs\detect\train-2\weights\best.pt,68.21,79.4
C:\Users\User\Documents\AI_Robotics Projects\AAU\Summer\Synthetic_Dataset_YOLO_50\runs\detect\train-2\weights\best.pt,71.3,73.3
C:\Users\User\Documents\AI_Robotics Projects\AAU\Summer\Synthetic_Dataset_YOLO_50\runs\detect\train-2\weights\best.pt,74.58,32.9
C:\Users\User\Documents\AI_Robotics Projects\AAU\Summer\Synthetic_Dataset_YOLO_50\runs\detect\train-2\weights\best.pt,65.19,64.6
C:\Users\User\Documents\AI_Robotics Projects\AAU\Summer\Synthetic_Dataset_YOLO_50\runs\detect\train-2\weights\best.pt,68.9,64.7
C:\Users\User\Documents\AI_Robotics Projects\AAU\Summer\Synthetic_Dataset_YOLO_50\runs\detect\train-2\weights\best.pt,74.89,25.6
C:\Users\User\Documents\AI_Robotics Projects\AAU\Summer\Synthetic_Dataset_YOLO_50\runs\detect\train-2\weights\best.pt,65.41,27.5
C:\Users\User\Documents\AI_Robotics Projects\AAU\Summer\Synthetic_Dataset_YOLO_50\runs\detect\train-2\weights\best.pt,68.42,63.3
C:\Users\User\Documents\AI_Robotics Projects\AAU\Summer\Synthetic_Dataset_YOLO_50\runs\detect\train-2\weights\best.pt,74.28,57.2
C:\Users\User\Documents\AI_Robotics Projects\AAU\Summer\Synthetic_Dataset_YOLO_50\runs\detect\train-2\weights\best.pt,71.46,60.2
C:\Users\User\Documents\AI_Robotics Projects\AAU\Summer\Synthetic_Dataset_YOLO_50\runs\detect\train-2\weights\best.pt,80.09,58.5
C:\Users\User\Documents\AI_Robotics Projects\AAU\Summer\Synthetic_Dataset_YOLO_50\runs\detect\train-2\weights\best.pt,88.99,49.7
C:\Users\User\Documents\AI_Robotics Projects\AAU\Summer\Synthetic_Dataset_YOLO_50\runs\detect\train-2\weights\best.pt,74.18,57.1
C:\Users\User\Documents\AI_Robotics Projects\AAU\Summer\Synthetic_Dataset_YOLO_50\runs\detect\train-2\weights\best.pt,73.53,54.0
C:\Users\User\Documents\AI_Robotics Projects\AAU\Summer\Synthetic_Dataset_YOLO_50\runs\detect\train-2\weights\best.pt,74.79,29.1
C:\Users\User\Documents\AI_Robotics Projects\AAU\Summer\Synthetic_Dataset_YOLO_50\runs\detect\train-2\weights\best.pt,82.37,26.5
C:\Users\User\Documents\AI_Robotics Projects\AAU\Summer\Synthetic_Dataset_YOLO_50\runs\detect\train-2\weights\best.pt,75.09,26.6
C:\Users\User\Documents\AI_Robotics Projects\AAU\Summer\Synthetic_Dataset_YOLO_50\runs\detect\train-2\weights\best.pt,84.92,26.9
C:\Users\User\Documents\AI_Robotics Projects\AAU\Summer\Synthetic_Dataset_YOLO_50\runs\detect\train-2\weights\best.pt,87.4,25.5
C:\Users\User\Documents\AI_Robotics Projects\AAU\Summer\Synthetic_Dataset_YOLO_50\runs\detect\train-2\weights\best.pt,90.39,24.9
C:\Users\User\Documents\AI_Robotics Projects\AAU\Summer\Synthetic_Dataset_YOLO_50\runs\detect\train-2\weights\best.pt,83.15,26.4
C:\Users\User\Documents\AI_Robotics Projects\AAU\Summer\Synthetic_Dataset_YOLO_50\runs\detect\train-2\weights\best.pt,87.48,25.5
C:\Users\User\Documents\AI_Robotics Projects\AAU\Summer\Synthetic_Dataset_YOLO_50\runs\detect\train-2\weights\best.pt,97.4,55.4
C:\Users\User\Documents\AI_Robotics Projects\AAU\Summer\Synthetic_Dataset_YOLO_50\runs\detect\train-2\weights\best.pt,104.66,24.0
C:\Users\User\Documents\AI_Robotics Projects\AAU\Summer\Synthetic_Dataset_YOLO_50\runs\detect\train-2\weights\best.pt,95.89,25.1
C:\Users\User\Documents\AI_Robotics Projects\AAU\Summer\Synthetic_Dataset_YOLO_50\runs\detect\train-2\weights\best.pt,100.91,55.3
C:\Users\User\Documents\AI_Robotics Projects\AAU\Summer\Synthetic_Dataset_YOLO_50\runs\detect\train-2\weights\best.pt,89.01,56.4
C:\Users\User\Documents\AI_Robotics Projects\AAU\Summer\Synthetic_Dataset_YOLO_50\runs\detect\train-2\weights\best.pt,84.39,61.7
C:\Users\User\Documents\AI_Robotics Projects\AAU\Summer\Synthetic_Dataset_YOLO_50\runs\detect\train-2\weights\best.pt,99.81,64.2
C:\Users\User\Documents\AI_Robotics Projects\AAU\Summer\Synthetic_Dataset_YOLO_50\runs\detect\train-2\weights\best.pt,88.43,67.7
C:\Users\User\Documents\AI_Robotics Projects\AAU\Summer\Synthetic_Dataset_YOLO_50\runs\detect\train-2\weights\best.pt,84.57,73.6
C:\Users\User\Documents\AI_Robotics Projects\AAU\Summer\Synthetic_Dataset_YOLO_50\runs\detect\train-2\weights\best.pt,85.76,73.4
C:\Users\User\Documents\AI_Robotics Projects\AAU\Summer\Synthetic_Dataset_YOLO_50\runs\detect\train-2\weights\best.pt,80.33,79.4
C:\Users\User\Documents\AI_Robotics Projects\AAU\Summer\Synthetic_Dataset_YOLO_50\runs\detect\train-2\weights\best.pt,76.85,88.2
C:\Users\User\Documents\AI_Robotics Projects\AAU\Summer\Synthetic_Dataset_YOLO_50\runs\detect\train-2\weights\best.pt,77.17,73.2
C:\Users\User\Documents\AI_Robotics Projects\AAU\Summer\Synthetic_Dataset_YOLO_50\runs\detect\train-2\weights\best.pt,74.14,68.5
C:\Users\User\Documents\AI_Robotics Projects\AAU\Summer\Synthetic_Dataset_YOLO_50\runs\detect\train-2\weights\best.pt,85.86,31.5
C:\Users\User\Documents\AI_Robotics Projects\AAU\Summer\Synthetic_Dataset_YOLO_50\runs\detect\train-2\weights\best.pt,90.78,26.3
C:\Users\User\Documents\AI_Robotics Projects\AAU\Summer\Synthetic_Dataset_YOLO_50\runs\detect\train-2\weights\best.pt,87.17,27.5
C:\Users\User\Documents\AI_Robotics Projects\AAU\Summer\Synthetic_Dataset_YOLO_50\runs\detect\train-2\weights\best.pt,89.61,27.3
C:\Users\User\Documents\AI_Robotics Projects\AAU\Summer\Synthetic_Dataset_YOLO_50\runs\detect\train-2\weights\best.pt,71.57,28.6
C:\Users\User\Documents\AI_Robotics Projects\AAU\Summer\Synthetic_Dataset_YOLO_50\runs\detect\train-2\weights\best.pt,78.49,30.2
C:\Users\User\Documents\AI_Robotics Projects\AAU\Summer\Synthetic_Dataset_YOLO_50\runs\detect\train-2\weights\best.pt,75.72,30.1
C:\Users\User\Documents\AI_Robotics Projects\AAU\Summer\Synthetic_Dataset_YOLO_50\runs\detect\train-2\weights\best.pt,78.55,30.2
C:\Users\User\Documents\AI_Robotics Projects\AAU\Summer\Synthetic_Dataset_YOLO_50\runs\detect\train-2\weights\best.pt,80.67,29.7
C:\Users\User\Documents\AI_Robotics Projects\AAU\Summer\Synthetic_Dataset_YOLO_50\runs\detect\train-2\weights\best.pt,79.68,25.3
C:\Users\User\Documents\AI_Robotics Projects\AAU\Summer\Synthetic_Dataset_YOLO_50\runs\detect\train-2\weights\best.pt,71.37,30.4
C:\Users\User\Documents\AI_Robotics Projects\AAU\Summer\Synthetic_Dataset_YOLO_50\runs\detect\train-2\weights\best.pt,81.53,31.1
C:\Users\User\Documents\AI_Robotics Projects\AAU\Summer\Synthetic_Dataset_YOLO_50\runs\detect\train-2\weights\best.pt,76.12,27.0
C:\Users\User\Documents\AI_Robotics Projects\AAU\Summer\Synthetic_Dataset_YOLO_50\runs\detect\train-2\weights\best.pt,81.12,62.2
C:\Users\User\Documents\AI_Robotics Projects\AAU\Summer\Synthetic_Dataset_YOLO_50\runs\detect\train-2\weights\best.pt,80.38,66.2
C:\Users\User\Documents\AI_Robotics Projects\AAU\Summer\Synthetic_Dataset_YOLO_50\runs\detect\train-2\weights\best.pt,83.58,64.8
C:\Users\User\Documents\AI_Robotics Projects\AAU\Summer\Synthetic_Dataset_YOLO_50\runs\detect\train-2\weights\best.pt,98.77,16.4
C:\Users\User\Documents\AI_Robotics Projects\AAU\Summer\Synthetic_Dataset_YOLO_50\runs\detect\train-2\weights\best.pt,92.36,57.6
C:\Users\User\Documents\AI_Robotics Projects\AAU\Summer\Synthetic_Dataset_YOLO_50\runs\detect\train-2\weights\best.pt,88.58,26.9
C:\Users\User\Documents\AI_Robotics Projects\AAU\Summer\Synthetic_Dataset_YOLO_50\runs\detect\train-2\weights\best.pt,82.83,28.3
C:\Users\User\Documents\AI_Robotics Projects\AAU\Summer\Synthetic_Dataset_YOLO_50\runs\detect\train-2\weights\best.pt,89.03,27.1
C:\Users\User\Documents\AI_Robotics Projects\AAU\Summer\Synthetic_Dataset_YOLO_50\runs\detect\train-2\weights\best.pt,86.38,28.3
C:\Users\User\Documents\AI_Robotics Projects\AAU\Summer\Synthetic_Dataset_YOLO_50\runs\detect\train-2\weights\best.pt,84.68,28.6
C:\Users\User\Documents\AI_Robotics Projects\AAU\Summer\Synthetic_Dataset_YOLO_50\runs\detect\train-2\weights\best.pt,95.77,29.2
C:\Users\User\Documents\AI_Robotics Projects\AAU\Summer\Synthetic_Dataset_YOLO_50\runs\detect\train-2\weights\best.pt,90.58,31.1
C:\Users\User\Documents\AI_Robotics Projects\AAU\Summer\Synthetic_Dataset_YOLO_50\runs\detect\train-2\weights\best.pt,83.63,29.2
C:\Users\User\Documents\AI_Robotics Projects\AAU\Summer\Synthetic_Dataset_YOLO_50\runs\detect\train-2\weights\best.pt,85.65,30.2
C:\Users\User\Documents\AI_Robotics Projects\AAU\Summer\Synthetic_Dataset_YOLO_50\runs\detect\train-2\weights\best.pt,86.98,30.1
C:\Users\User\Documents\AI_Robotics Projects\AAU\Summer\Synthetic_Dataset_YOLO_50\runs\detect\train-2\weights\best.pt,96.05,28.3
C:\Users\User\Documents\AI_Robotics Projects\AAU\Summer\Synthetic_Dataset_YOLO_50\runs\detect\train-2\weights\best.pt,95.03,30.1
C:\Users\User\Documents\AI_Robotics Projects\AAU\Summer\Synthetic_Dataset_YOLO_50\runs\detect\train-2\weights\best.pt,83.31,31.1
C:\Users\User\Documents\AI_Robotics Projects\AAU\Summer\Synthetic_Dataset_YOLO_50\runs\detect\train-2\weights\best.pt,84.57,31.4
C:\Users\User\Documents\AI_Robotics Projects\AAU\Summer\Synthetic_Dataset_YOLO_50\runs\detect\train-2\weights\best.pt,79.53,32.2
C:\Users\User\Documents\AI_Robotics Projects\AAU\Summer\Synthetic_Dataset_YOLO_50\runs\detect\train-2\weights\best.pt,86.36,56.9
C:\Users\User\Documents\AI_Robotics Projects\AAU\Summer\Synthetic_Dataset_YOLO_50\runs\detect\train-2\weights\best.pt,88.18,60.2
C:\Users\User\Documents\AI_Robotics Projects\AAU\Summer\Synthetic_Dataset_YOLO_50\runs\detect\train-2\weights\best.pt,93.28,53.1
C:\Users\User\Documents\AI_Robotics Projects\AAU\Summer\Synthetic_Dataset_YOLO_50\runs\detect\train-2\weights\best.pt,92.96,50.6
C:\Users\User\Documents\AI_Robotics Projects\AAU\Summer\Synthetic_Dataset_YOLO_50\runs\detect\train-2\weights\best.pt,94.68,58.1
C:\Users\User\Documents\AI_Robotics Projects\AAU\Summer\Synthetic_Dataset_YOLO_50\runs\detect\train-2\weights\best.pt,91.15,58.7
C:\Users\User\Documents\AI_Robotics Projects\AAU\Summer\Synthetic_Dataset_YOLO_50\runs\detect\train-2\weights\best.pt,92.57,60.3
C:\Users\User\Documents\AI_Robotics Projects\AAU\Summer\Synthetic_Dataset_YOLO_50\runs\detect\train-2\weights\best.pt,94.01,61.1
C:\Users\User\Documents\AI_Robotics Projects\AAU\Summer\Synthetic_Dataset_YOLO_50\runs\detect\train-2\weights\best.pt,92.86,21.0
C:\Users\User\Documents\AI_Robotics Projects\AAU\Summer\Synthetic_Dataset_YOLO_50\runs\detect\train-2\weights\best.pt,85.07,12.8
C:\Users\User\Documents\AI_Robotics Projects\AAU\Summer\Synthetic_Dataset_YOLO_50\runs\detect\train-2\weights\best.pt,77.01,28.7
C:\Users\User\Documents\AI_Robotics Projects\AAU\Summer\Synthetic_Dataset_YOLO_50\runs\detect\train-2\weights\best.pt,90.06,26.0
C:\Users\User\Documents\AI_Robotics Projects\AAU\Summer\Synthetic_Dataset_YOLO_50\runs\detect\train-2\weights\best.pt,94.58,31.8
C:\Users\User\Documents\AI_Robotics Projects\AAU\Summer\Synthetic_Dataset_YOLO_50\runs\detect\train-2\weights\best.pt,95.68,28.7
C:\Users\User\Documents\AI_Robotics Projects\AAU\Summer\Synthetic_Dataset_YOLO_50\runs\detect\train-2\weights\best.pt,96.49,28.0
C:\Users\User\Documents\AI_Robotics Projects\AAU\Summer\Synthetic_Dataset_YOLO_50\runs\detect\train-2\weights\best.pt,90.06,28.4
C:\Users\User\Documents\AI_Robotics Projects\AAU\Summer\Synthetic_Dataset_YOLO_50\runs\detect\train-2\weights\best.pt,87.55,52.9
C:\Users\User\Documents\AI_Robotics Projects\AAU\Summer\Synthetic_Dataset_YOLO_50\runs\detect\train-2\weights\best.pt,85.1,46.3
C:\Users\User\Documents\AI_Robotics Projects\AAU\Summer\Synthetic_Dataset_YOLO_50\runs\detect\train-2\weights\best.pt,100.47,31.9
C:\Users\User\Documents\AI_Robotics Projects\AAU\Summer\Synthetic_Dataset_YOLO_50\runs\detect\train-2\weights\best.pt,82.68,33.1
C:\Users\User\Documents\AI_Robotics Projects\AAU\Summer\Synthetic_Dataset_YOLO_50\runs\detect\train-2\weights\best.pt,92.03,56.0
C:\Users\User\Documents\AI_Robotics Projects\AAU\Summer\Synthetic_Dataset_YOLO_50\runs\detect\train-2\weights\best.pt,87.46,48.8
C:\Users\User\Documents\AI_Robotics Projects\AAU\Summer\Synthetic_Dataset_YOLO_50\runs\detect\train-2\weights\best.pt,101.61,30.7
C:\Users\User\Documents\AI_Robotics Projects\AAU\Summer\Synthetic_Dataset_YOLO_50\runs\detect\train-2\weights\best.pt,89.08,31.4
C:\Users\User\Documents\AI_Robotics Projects\AAU\Summer\Synthetic_Dataset_YOLO_50\runs\detect\train-2\weights\best.pt,93.46,33.9
C:\Users\User\Documents\AI_Robotics Projects\AAU\Summer\Synthetic_Dataset_YOLO_50\runs\detect\train-2\weights\best.pt,97.95,32.1
C:\Users\User\Documents\AI_Robotics Projects\AAU\Summer\Synthetic_Dataset_YOLO_50\runs\detect\train-2\weights\best.pt,85.88,30.1
C:\Users\User\Documents\AI_Robotics Projects\AAU\Summer\Synthetic_Dataset_YOLO_50\runs\detect\train-2\weights\best.pt,92.92,31.6
C:\Users\User\Documents\AI_Robotics Projects\AAU\Summer\Synthetic_Dataset_YOLO_50\runs\detect\train-2\weights\best.pt,99.63,30.0
C:\Users\User\Documents\AI_Robotics Projects\AAU\Summer\Synthetic_Dataset_YOLO_50\runs\detect\train-2\weights\best.pt,81.14,29.8
C:\Users\User\Documents\AI_Robotics Projects\AAU\Summer\Synthetic_Dataset_YOLO_50\runs\detect\train-2\weights\best.pt,87.57,29.9
C:\Users\User\Documents\AI_Robotics Projects\AAU\Summer\Synthetic_Dataset_YOLO_50\runs\detect\train-2\weights\best.pt,80.96,30.4
C:\Users\User\Documents\AI_Robotics Projects\AAU\Summer\Synthetic_Dataset_YOLO_50\runs\detect\train-2\weights\best.pt,83.95,29.5
C:\Users\User\Documents\AI_Robotics Projects\AAU\Summer\Synthetic_Dataset_YOLO_50\runs\detect\train-2\weights\best.pt,93.23,66.7
C:\Users\User\Documents\AI_Robotics Projects\AAU\Summer\Synthetic_Dataset_YOLO_50\runs\detect\train-2\weights\best.pt,92.28,79.6
C:\Users\User\Documents\AI_Robotics Projects\AAU\Summer\Synthetic_Dataset_YOLO_50\runs\detect\train-2\weights\best.pt,91.39,79.0
C:\Users\User\Documents\AI_Robotics Projects\AAU\Summer\Synthetic_Dataset_YOLO_50\runs\detect\train-2\weights\best.pt,86.4,59.3
C:\Users\User\Documents\AI_Robotics Projects\AAU\Summer\Synthetic_Dataset_YOLO_50\runs\detect\train-2\weights\best.pt,89.66,66.2
C:\Users\User\Documents\AI_Robotics Projects\AAU\Summer\Synthetic_Dataset_YOLO_50\runs\detect\train-2\weights\best.pt,81.63,36.6
C:\Users\User\Documents\AI_Robotics Projects\AAU\Summer\Synthetic_Dataset_YOLO_50\runs\detect\train-2\weights\best.pt,74.78,79.3
C:\Users\User\Documents\AI_Robotics Projects\AAU\Summer\Synthetic_Dataset_YOLO_50\runs\detect\train-2\weights\best.pt,84.0,39.4
C:\Users\User\Documents\AI_Robotics Projects\AAU\Summer\Synthetic_Dataset_YOLO_50\runs\detect\train-2\weights\best.pt,86.43,40.1
C:\Users\User\Documents\AI_Robotics Projects\AAU\Summer\Synthetic_Dataset_YOLO_50\runs\detect\train-2\weights\best.pt,84.38,76.3
C:\Users\User\Documents\AI_Robotics Projects\AAU\Summer\Synthetic_Dataset_YOLO_50\runs\detect\train-2\weights\best.pt,79.22,82.7
C:\Users\User\Documents\AI_Robotics Projects\AAU\Summer\Synthetic_Dataset_YOLO_50\runs\detect\train-2\weights\best.pt,84.4,41.0
C:\Users\User\Documents\AI_Robotics Projects\AAU\Summer\Synthetic_Dataset_YOLO_50\runs\detect\train-2\weights\best.pt,88.33,38.0
C:\Users\User\Documents\AI_Robotics Projects\AAU\Summer\Synthetic_Dataset_YOLO_50\runs\detect\train-2\weights\best.pt,82.34,38.4
C:\Users\User\Documents\AI_Robotics Projects\AAU\Summer\Synthetic_Dataset_YOLO_50\runs\detect\train-2\weights\best.pt,75.52,38.1
C:\Users\User\Documents\AI_Robotics Projects\AAU\Summer\Synthetic_Dataset_YOLO_50\runs\detect\train-2\weights\best.pt,87.84,36.7
C:\Users\User\Documents\AI_Robotics Projects\AAU\Summer\Synthetic_Dataset_YOLO_50\runs\detect\train-2\weights\best.pt,83.21,43.6
C:\Users\User\Documents\AI_Robotics Projects\AAU\Summer\Synthetic_Dataset_YOLO_50\runs\detect\train-2\weights\best.pt,72.36,118.1
C:\Users\User\Documents\AI_Robotics Projects\AAU\Summer\Synthetic_Dataset_YOLO_50\runs\detect\train-2\weights\best.pt,89.5,94.6
C:\Users\User\Documents\AI_Robotics Projects\AAU\Summer\Synthetic_Dataset_YOLO_50\runs\detect\train-2\weights\best.pt,86.59,105.8
C:\Users\User\Documents\AI_Robotics Projects\AAU\Summer\Synthetic_Dataset_YOLO_50\runs\detect\train-2\weights\best.pt,96.47,40.3
C:\Users\User\Documents\AI_Robotics Projects\AAU\Summer\Synthetic_Dataset_YOLO_50\runs\detect\train-2\weights\best.pt,99.3,85.5
C:\Users\User\Documents\AI_Robotics Projects\AAU\Summer\Synthetic_Dataset_YOLO_50\runs\detect\train-2\weights\best.pt,73.52,85.8
C:\Users\User\Documents\AI_Robotics Projects\AAU\Summer\Synthetic_Dataset_YOLO_50\runs\detect\train-2\weights\best.pt,72.76,82.4
C:\Users\User\Documents\AI_Robotics Projects\AAU\Summer\Synthetic_Dataset_YOLO_50\runs\detect\train-2\weights\best.pt,86.17,69.4
C:\Users\User\Documents\AI_Robotics Projects\AAU\Summer\Synthetic_Dataset_YOLO_50\runs\detect\train-2\weights\best.pt,83.54,95.0
C:\Users\User\Documents\AI_Robotics Projects\AAU\Summer\Synthetic_Dataset_YOLO_50\runs\detect\train-2\weights\best.pt,73.75,80.7
C:\Users\User\Documents\AI_Robotics Projects\AAU\Summer\Synthetic_Dataset_YOLO_50\runs\detect\train-2\weights\best.pt,83.1,86.4
C:\Users\User\Documents\AI_Robotics Projects\AAU\Summer\Synthetic_Dataset_YOLO_50\runs\detect\train-2\weights\best.pt,73.19,79.6
C:\Users\User\Documents\AI_Robotics Projects\AAU\Summer\Synthetic_Dataset_YOLO_50\runs\detect\train-2\weights\best.pt,83.23,82.5
C:\Users\User\Documents\AI_Robotics Projects\AAU\Summer\Synthetic_Dataset_YOLO_50\runs\detect\train-2\weights\best.pt,91.72,87.8
C:\Users\User\Documents\AI_Robotics Projects\AAU\Summer\Synthetic_Dataset_YOLO_50\runs\detect\train-2\weights\best.pt,100.36,48.3
C:\Users\User\Documents\AI_Robotics Projects\AAU\Summer\Synthetic_Dataset_YOLO_50\runs\detect\train-2\weights\best.pt,74.25,86.4
C:\Users\User\Documents\AI_Robotics Projects\AAU\Summer\Synthetic_Dataset_YOLO_50\runs\detect\train-2\weights\best.pt,82.78,86.3
C:\Users\User\Documents\AI_Robotics Projects\AAU\Summer\Synthetic_Dataset_YOLO_50\runs\detect\train-2\weights\best.pt,75.05,88.0
C:\Users\User\Documents\AI_Robotics Projects\AAU\Summer\Synthetic_Dataset_YOLO_50\runs\detect\train-2\weights\best.pt,72.23,37.2
C:\Users\User\Documents\AI_Robotics Projects\AAU\Summer\Synthetic_Dataset_YOLO_50\runs\detect\train-2\weights\best.pt,81.94,37.9
C:\Users\User\Documents\AI_Robotics Projects\AAU\Summer\Synthetic_Dataset_YOLO_50\runs\detect\train-2\weights\best.pt,88.83,35.3
C:\Users\User\Documents\AI_Robotics Projects\AAU\Summer\Synthetic_Dataset_YOLO_50\runs\detect\train-2\weights\best.pt,86.21,90.3
C:\Users\User\Documents\AI_Robotics Projects\AAU\Summer\Synthetic_Dataset_YOLO_50\runs\detect\train-2\weights\best.pt,91.06,86.4
C:\Users\User\Documents\AI_Robotics Projects\AAU\Summer\Synthetic_Dataset_YOLO_50\runs\detect\train-2\weights\best.pt,85.84,86.3
C:\Users\User\Documents\AI_Robotics Projects\AAU\Summer\Synthetic_Dataset_YOLO_50\runs\detect\train-2\weights\best.pt,97.47,42.5
C:\Users\User\Documents\AI_Robotics Projects\AAU\Summer\Synthetic_Dataset_YOLO_50\runs\detect\train-2\weights\best.pt,82.58,90.5
C:\Users\User\Documents\AI_Robotics Projects\AAU\Summer\Synthetic_Dataset_YOLO_50\runs\detect\train-2\weights\best.pt,86.26,43.7
C:\Users\User\Documents\AI_Robotics Projects\AAU\Summer\Synthetic_Dataset_YOLO_50\runs\detect\train-2\weights\best.pt,86.15,33.7
C:\Users\User\Documents\AI_Robotics Projects\AAU\Summer\Synthetic_Dataset_YOLO_50\runs\detect\train-2\weights\best.pt,84.39,65.8
C:\Users\User\Documents\AI_Robotics Projects\AAU\Summer\Synthetic_Dataset_YOLO_50\runs\detect\train-2\weights\best.pt,85.32,71.1
C:\Users\User\Documents\AI_Robotics Projects\AAU\Summer\Synthetic_Dataset_YOLO_50\runs\detect\train-2\weights\best.pt,84.95,81.3
C:\Users\User\Documents\AI_Robotics Projects\AAU\Summer\Synthetic_Dataset_YOLO_50\runs\detect\train-2\weights\best.pt,76.23,38.8
C:\Users\User\Documents\AI_Robotics Projects\AAU\Summer\Synthetic_Dataset_YOLO_50\runs\detect\train-2\weights\best.pt,69.61,79.2
C:\Users\User\Documents\AI_Robotics Projects\AAU\Summer\Synthetic_Dataset_YOLO_50\runs\detect\train-2\weights\best.pt,71.29,82.9
C:\Users\User\Documents\AI_Robotics Projects\AAU\Summer\Synthetic_Dataset_YOLO_50\runs\detect\train-2\weights\best.pt,70.23,79.2
C:\Users\User\Documents\AI_Robotics Projects\AAU\Summer\Synthetic_Dataset_YOLO_50\runs\detect\train-2\weights\best.pt,86.99,82.5
C:\Users\User\Documents\AI_Robotics Projects\AAU\Summer\Synthetic_Dataset_YOLO_50\runs\detect\train-2\weights\best.pt,87.9,60.3
C:\Users\User\Documents\AI_Robotics Projects\AAU\Summer\Synthetic_Dataset_YOLO_50\runs\detect\train-2\weights\best.pt,93.06,25.3
C:\Users\User\Documents\AI_Robotics Projects\AAU\Summer\Synthetic_Dataset_YOLO_50\runs\detect\train-2\weights\best.pt,88.45,24.1
C:\Users\User\Documents\AI_Robotics Projects\AAU\Summer\Synthetic_Dataset_YOLO_50\runs\detect\train-2\weights\best.pt,86.5,27.2
C:\Users\User\Documents\AI_Robotics Projects\AAU\Summer\Synthetic_Dataset_YOLO_50\runs\detect\train-2\weights\best.pt,89.57,28.0
C:\Users\User\Documents\AI_Robotics Projects\AAU\Summer\Synthetic_Dataset_YOLO_50\runs\detect\train-2\weights\best.pt,75.11,27.3
C:\Users\User\Documents\AI_Robotics Projects\AAU\Summer\Synthetic_Dataset_YOLO_50\runs\detect\train-2\weights\best.pt,80.49,25.4
C:\Users\User\Documents\AI_Robotics Projects\AAU\Summer\Synthetic_Dataset_YOLO_50\runs\detect\train-2\weights\best.pt,81.86,27.5
C:\Users\User\Documents\AI_Robotics Projects\AAU\Summer\Synthetic_Dataset_YOLO_50\runs\detect\train-2\weights\best.pt,69.27,27.3
C:\Users\User\Documents\AI_Robotics Projects\AAU\Summer\Synthetic_Dataset_YOLO_50\runs\detect\train-2\weights\best.pt,93.5,25.6
C:\Users\User\Documents\AI_Robotics Projects\AAU\Summer\Synthetic_Dataset_YOLO_50\runs\detect\train-2\weights\best.pt,85.55,29.4
C:\Users\User\Documents\AI_Robotics Projects\AAU\Summer\Synthetic_Dataset_YOLO_50\runs\detect\train-2\weights\best.pt,90.85,27.2
C:\Users\User\Documents\AI_Robotics Projects\AAU\Summer\Synthetic_Dataset_YOLO_50\runs\detect\train-2\weights\best.pt,80.08,26.7
C:\Users\User\Documents\AI_Robotics Projects\AAU\Summer\Synthetic_Dataset_YOLO_50\runs\detect\train-2\weights\best.pt,94.33,26.9
C:\Users\User\Documents\AI_Robotics Projects\AAU\Summer\Synthetic_Dataset_YOLO_50\runs\detect\train-2\weights\best.pt,87.48,26.0
C:\Users\User\Documents\AI_Robotics Projects\AAU\Summer\Synthetic_Dataset_YOLO_50\runs\detect\train-2\weights\best.pt,89.75,27.5
C:\Users\User\Documents\AI_Robotics Projects\AAU\Summer\Synthetic_Dataset_YOLO_50\runs\detect\train-2\weights\best.pt,76.44,26.8
C:\Users\User\Documents\AI_Robotics Projects\AAU\Summer\Synthetic_Dataset_YOLO_50\runs\detect\train-2\weights\best.pt,80.49,27.6
C:\Users\User\Documents\AI_Robotics Projects\AAU\Summer\Synthetic_Dataset_YOLO_50\runs\detect\train-2\weights\best.pt,76.44,27.6
C:\Users\User\Documents\AI_Robotics Projects\AAU\Summer\Synthetic_Dataset_YOLO_50\runs\detect\train-2\weights\best.pt,83.8,26.8
C:\Users\User\Documents\AI_Robotics Projects\AAU\Summer\Synthetic_Dataset_YOLO_50\runs\detect\train-2\weights\best.pt,79.3,27.1
C:\Users\User\Documents\AI_Robotics Projects\AAU\Summer\Synthetic_Dataset_YOLO_50\runs\detect\train-2\weights\best.pt,85.5,37.8
C:\Users\User\Documents\AI_Robotics Projects\AAU\Summer\Synthetic_Dataset_YOLO_50\runs\detect\train-2\weights\best.pt,91.47,82.6
C:\Users\User\Documents\AI_Robotics Projects\AAU\Summer\Synthetic_Dataset_YOLO_50\runs\detect\train-2\weights\best.pt,71.88,67.2
C:\Users\User\Documents\AI_Robotics Projects\AAU\Summer\Synthetic_Dataset_YOLO_50\runs\detect\train-2\weights\best.pt,68.95,65.4
C:\Users\User\Documents\AI_Robotics Projects\AAU\Summer\Synthetic_Dataset_YOLO_50\runs\detect\train-2\weights\best.pt,71.6,41.5
C:\Users\User\Documents\AI_Robotics Projects\AAU\Summer\Synthetic_Dataset_YOLO_50\runs\detect\train-2\weights\best.pt,65.46,38.0
C:\Users\User\Documents\AI_Robotics Projects\AAU\Summer\Synthetic_Dataset_YOLO_50\runs\detect\train-2\weights\best.pt,65.46,39.4
C:\Users\User\Documents\AI_Robotics Projects\AAU\Summer\Synthetic_Dataset_YOLO_50\runs\detect\train-2\weights\best.pt,65.45,29.1
C:\Users\User\Documents\AI_Robotics Projects\AAU\Summer\Synthetic_Dataset_YOLO_50\runs\detect\train-2\weights\best.pt,67.55,25.8
C:\Users\User\Documents\AI_Robotics Projects\AAU\Summer\Synthetic_Dataset_YOLO_50\runs\detect\train-2\weights\best.pt,70.92,36.2
C:\Users\User\Documents\AI_Robotics Projects\AAU\Summer\Synthetic_Dataset_YOLO_50\runs\detect\train-2\weights\best.pt,73.51,36.3
C:\Users\User\Documents\AI_Robotics Projects\AAU\Summer\Synthetic_Dataset_YOLO_50\runs\detect\train-2\weights\best.pt,66.23,63.4
C:\Users\User\Documents\AI_Robotics Projects\AAU\Summer\Synthetic_Dataset_YOLO_50\runs\detect\train-2\weights\best.pt,70.21,60.4
C:\Users\User\Documents\AI_Robotics Projects\AAU\Summer\Synthetic_Dataset_YOLO_50\runs\detect\train-2\weights\best.pt,65.34,66.3
C:\Users\User\Documents\AI_Robotics Projects\AAU\Summer\Synthetic_Dataset_YOLO_50\runs\detect\train-2\weights\best.pt,85.21,64.8
C:\Users\User\Documents\AI_Robotics Projects\AAU\Summer\Synthetic_Dataset_YOLO_50\runs\detect\train-2\weights\best.pt,86.64,68.4
C:\Users\User\Documents\AI_Robotics Projects\AAU\Summer\Synthetic_Dataset_YOLO_50\runs\detect\train-2\weights\best.pt,64.11,29.0
C:\Users\User\Documents\AI_Robotics Projects\AAU\Summer\Synthetic_Dataset_YOLO_50\runs\detect\train-2\weights\best.pt,60.09,39.5
C:\Users\User\Documents\AI_Robotics Projects\AAU\Summer\Synthetic_Dataset_YOLO_50\runs\detect\train-2\weights\best.pt,55.85,41.9
C:\Users\User\Documents\AI_Robotics Projects\AAU\Summer\Synthetic_Dataset_YOLO_50\runs\detect\train-2\weights\best.pt,60.72,45.2
C:\Users\User\Documents\AI_Robotics Projects\AAU\Summer\Synthetic_Dataset_YOLO_50\runs\detect\train-2\weights\best.pt,57.47,31.0
C:\Users\User\Documents\AI_Robotics Projects\AAU\Summer\Synthetic_Dataset_YOLO_50\runs\detect\train-2\weights\best.pt,63.34,42.0
C:\Users\User\Documents\AI_Robotics Projects\AAU\Summer\Synthetic_Dataset_YOLO_50\runs\detect\train-2\weights\best.pt,63.34,72.6
C:\Users\User\Documents\AI_Robotics Projects\AAU\Summer\Synthetic_Dataset_YOLO_50\runs\detect\train-2\weights\best.pt,75.21,65.4
C:\Users\User\Documents\AI_Robotics Projects\AAU\Summer\Synthetic_Dataset_YOLO_50\runs\detect\train-2\weights\best.pt,69.11,28.1
C:\Users\User\Documents\AI_Robotics Projects\AAU\Summer\Synthetic_Dataset_YOLO_50\runs\detect\train-2\weights\best.pt,62.08,25.3
C:\Users\User\Documents\AI_Robotics Projects\AAU\Summer\Synthetic_Dataset_YOLO_50\runs\detect\train-2\weights\best.pt,66.42,46.9
C:\Users\User\Documents\AI_Robotics Projects\AAU\Summer\Synthetic_Dataset_YOLO_50\runs\detect\train-2\weights\best.pt,75.04,27.9
C:\Users\User\Documents\AI_Robotics Projects\AAU\Summer\Synthetic_Dataset_YOLO_50\runs\detect\train-2\weights\best.pt,76.63,30.1
C:\Users\User\Documents\AI_Robotics Projects\AAU\Summer\Synthetic_Dataset_YOLO_50\runs\detect\train-2\weights\best.pt,77.66,36.3
C:\Users\User\Documents\AI_Robotics Projects\AAU\Summer\Synthetic_Dataset_YOLO_50\runs\detect\train-2\weights\best.pt,67.58,41.1
C:\Users\User\Documents\AI_Robotics Projects\AAU\Summer\Synthetic_Dataset_YOLO_50\runs\detect\train-2\weights\best.pt,65.85,41.6
C:\Users\User\Documents\AI_Robotics Projects\AAU\Summer\Synthetic_Dataset_YOLO_50\runs\detect\train-2\weights\best.pt,66.79,32.0
C:\Users\User\Documents\AI_Robotics Projects\AAU\Summer\Synthetic_Dataset_YOLO_50\runs\detect\train-2\weights\best.pt,61.81,40.6
C:\Users\User\Documents\AI_Robotics Projects\AAU\Summer\Synthetic_Dataset_YOLO_50\runs\detect\train-2\weights\best.pt,64.97,30.7
C:\Users\User\Documents\AI_Robotics Projects\AAU\Summer\Synthetic_Dataset_YOLO_50\runs\detect\train-2\weights\best.pt,61.17,30.8
C:\Users\User\Documents\AI_Robotics Projects\AAU\Summer\Synthetic_Dataset_YOLO_50\runs\detect\train-2\weights\best.pt,62.32,30.2
C:\Users\User\Documents\AI_Robotics Projects\AAU\Summer\Synthetic_Dataset_YOLO_50\runs\detect\train-2\weights\best.pt,65.59,40.7
C:\Users\User\Documents\AI_Robotics Projects\AAU\Summer\Synthetic_Dataset_YOLO_50\runs\detect\train-2\weights\best.pt,65.7,31.0
C:\Users\User\Documents\AI_Robotics Projects\AAU\Summer\Synthetic_Dataset_YOLO_50\runs\detect\train-2\weights\best.pt,62.15,31.3
C:\Users\User\Documents\AI_Robotics Projects\AAU\Summer\Synthetic_Dataset_YOLO_50\runs\detect\train-2\weights\best.pt,69.98,29.9
C:\Users\User\Documents\AI_Robotics Projects\AAU\Summer\Synthetic_Dataset_YOLO_50\runs\detect\train-2\weights\best.pt,89.31,30.0
C:\Users\User\Documents\AI_Robotics Projects\AAU\Summer\Synthetic_Dataset_YOLO_50\runs\detect\train-2\weights\best.pt,88.85,28.3
C:\Users\User\Documents\AI_Robotics Projects\AAU\Summer\Synthetic_Dataset_YOLO_50\runs\detect\train-2\weights\best.pt,94.92,27.2
C:\Users\User\Documents\AI_Robotics Projects\AAU\Summer\Synthetic_Dataset_YOLO_50\runs\detect\train-2\weights\best.pt,72.32,27.5
C:\Users\User\Documents\AI_Robotics Projects\AAU\Summer\Synthetic_Dataset_YOLO_50\runs\detect\train-2\weights\best.pt,79.24,31.6
C:\Users\User\Documents\AI_Robotics Projects\AAU\Summer\Synthetic_Dataset_YOLO_50\runs\detect\train-2\weights\best.pt,79.74,28.2
C:\Users\User\Documents\AI_Robotics Projects\AAU\Summer\Synthetic_Dataset_YOLO_50\runs\detect\train-2\weights\best.pt,81.44,54.5
C:\Users\User\Documents\AI_Robotics Projects\AAU\Summer\Synthetic_Dataset_YOLO_50\runs\detect\train-2\weights\best.pt,79.02,35.0
C:\Users\User\Documents\AI_Robotics Projects\AAU\Summer\Synthetic_Dataset_YOLO_50\runs\detect\train-2\weights\best.pt,67.08,62.4
C:\Users\User\Documents\AI_Robotics Projects\AAU\Summer\Synthetic_Dataset_YOLO_50\runs\detect\train-2\weights\best.pt,71.5,64.2
C:\Users\User\Documents\AI_Robotics Projects\AAU\Summer\Synthetic_Dataset_YOLO_50\runs\detect\train-2\weights\best.pt,72.93,58.0
C:\Users\User\Documents\AI_Robotics Projects\AAU\Summer\Synthetic_Dataset_YOLO_50\runs\detect\train-2\weights\best.pt,69.06,64.8
C:\Users\User\Documents\AI_Robotics Projects\AAU\Summer\Synthetic_Dataset_YOLO_50\runs\detect\train-2\weights\best.pt,63.45,60.4
C:\Users\User\Documents\AI_Robotics Projects\AAU\Summer\Synthetic_Dataset_YOLO_50\runs\detect\train-2\weights\best.pt,80.54,55.7
C:\Users\User\Documents\AI_Robotics Projects\AAU\Summer\Synthetic_Dataset_YOLO_50\runs\detect\train-2\weights\best.pt,86.46,19.3
C:\Users\User\Documents\AI_Robotics Projects\AAU\Summer\Synthetic_Dataset_YOLO_50\runs\detect\train-2\weights\best.pt,62.64,67.6
C:\Users\User\Documents\AI_Robotics Projects\AAU\Summer\Synthetic_Dataset_YOLO_50\runs\detect\train-2\weights\best.pt,74.21,60.3
C:\Users\User\Documents\AI_Robotics Projects\AAU\Summer\Synthetic_Dataset_YOLO_50\runs\detect\train-2\weights\best.pt,63.16,64.7
C:\Users\User\Documents\AI_Robotics Projects\AAU\Summer\Synthetic_Dataset_YOLO_50\runs\detect\train-2\weights\best.pt,63.13,69.2
C:\Users\User\Documents\AI_Robotics Projects\AAU\Summer\Synthetic_Dataset_YOLO_50\runs\detect\train-2\weights\best.pt,75.9,60.2
C:\Users\User\Documents\AI_Robotics Projects\AAU\Summer\Synthetic_Dataset_YOLO_50\runs\detect\train-2\weights\best.pt,72.1,68.9
C:\Users\User\Documents\AI_Robotics Projects\AAU\Summer\Synthetic_Dataset_YOLO_50\runs\detect\train-2\weights\best.pt,69.93,31.3
C:\Users\User\Documents\AI_Robotics Projects\AAU\Summer\Synthetic_Dataset_YOLO_50\runs\detect\train-2\weights\best.pt,66.24,24.6
C:\Users\User\Documents\AI_Robotics Projects\AAU\Summer\Synthetic_Dataset_YOLO_50\runs\detect\train-2\weights\best.pt,61.96,26.7
C:\Users\User\Documents\AI_Robotics Projects\AAU\Summer\Synthetic_Dataset_YOLO_50\runs\detect\train-2\weights\best.pt,68.15,28.8
C:\Users\User\Documents\AI_Robotics Projects\AAU\Summer\Synthetic_Dataset_YOLO_50\runs\detect\train-2\weights\best.pt,73.01,29.2
C:\Users\User\Documents\AI_Robotics Projects\AAU\Summer\Synthetic_Dataset_YOLO_50\runs\detect\train-2\weights\best.pt,81.97,26.2
C:\Users\User\Documents\AI_Robotics Projects\AAU\Summer\Synthetic_Dataset_YOLO_50\runs\detect\train-2\weights\best.pt,68.17,30.3
C:\Users\User\Documents\AI_Robotics Projects\AAU\Summer\Synthetic_Dataset_YOLO_50\runs\detect\train-2\weights\best.pt,63.57,29.7
C:\Users\User\Documents\AI_Robotics Projects\AAU\Summer\Synthetic_Dataset_YOLO_50\runs\detect\train-2\weights\best.pt,64.13,28.7
C:\Users\User\Documents\AI_Robotics Projects\AAU\Summer\Synthetic_Dataset_YOLO_50\runs\detect\train-2\weights\best.pt,64.97,26.7
C:\Users\User\Documents\AI_Robotics Projects\AAU\Summer\Synthetic_Dataset_YOLO_50\runs\detect\train-2\weights\best.pt,68.09,28.4
C:\Users\User\Documents\AI_Robotics Projects\AAU\Summer\Synthetic_Dataset_YOLO_50\runs\detect\train-2\weights\best.pt,72.28,28.1
C:\Users\User\Documents\AI_Robotics Projects\AAU\Summer\Synthetic_Dataset_YOLO_50\runs\detect\train-2\weights\best.pt,90.39,27.7
C:\Users\User\Documents\AI_Robotics Projects\AAU\Summer\Synthetic_Dataset_YOLO_50\runs\detect\train-2\weights\best.pt,77.87,27.4
C:\Users\User\Documents\AI_Robotics Projects\AAU\Summer\Synthetic_Dataset_YOLO_50\runs\detect\train-2\weights\best.pt,75.17,25.4
C:\Users\User\Documents\AI_Robotics Projects\AAU\Summer\Synthetic_Dataset_YOLO_50\runs\detect\train-2\weights\best.pt,81.93,27.5
C:\Users\User\Documents\AI_Robotics Projects\AAU\Summer\Synthetic_Dataset_YOLO_50\runs\detect\train-2\weights\best.pt,64.45,29.0
C:\Users\User\Documents\AI_Robotics Projects\AAU\Summer\Synthetic_Dataset_YOLO_50\runs\detect\train-2\weights\best.pt,66.15,29.2
C:\Users\User\Documents\AI_Robotics Projects\AAU\Summer\Synthetic_Dataset_YOLO_50\runs\detect\train-2\weights\best.pt,67.66,29.9
C:\Users\User\Documents\AI_Robotics Projects\AAU\Summer\Synthetic_Dataset_YOLO_50\runs\detect\train-2\weights\best.pt,66.68,29.3
C:\Users\User\Documents\AI_Robotics Projects\AAU\Summer\Synthetic_Dataset_YOLO_50\runs\detect\train-2\weights\best.pt,62.77,29.9
C:\Users\User\Documents\AI_Robotics Projects\AAU\Summer\Synthetic_Dataset_YOLO_50\runs\detect\train-2\weights\best.pt,59.73,28.5
C:\Users\User\Documents\AI_Robotics Projects\AAU\Summer\Synthetic_Dataset_YOLO_50\runs\detect\train-2\weights\best.pt,67.98,29.5
C:\Users\User\Documents\AI_Robotics Projects\AAU\Summer\Synthetic_Dataset_YOLO_50\runs\detect\train-2\weights\best.pt,70.97,28.9
C:\Users\User\Documents\AI_Robotics Projects\AAU\Summer\Synthetic_Dataset_YOLO_50\runs\detect\train-2\weights\best.pt,71.85,30.7
C:\Users\User\Documents\AI_Robotics Projects\AAU\Summer\Synthetic_Dataset_YOLO_50\runs\detect\train-2\weights\best.pt,86.76,28.5
C:\Users\User\Documents\AI_Robotics Projects\AAU\Summer\Synthetic_Dataset_YOLO_50\runs\detect\train-2\weights\best.pt,83.68,27.6
C:\Users\User\Documents\AI_Robotics Projects\AAU\Summer\Synthetic_Dataset_YOLO_50\runs\detect\train-2\weights\best.pt,68.95,29.2
C:\Users\User\Documents\AI_Robotics Projects\AAU\Summer\Synthetic_Dataset_YOLO_50\runs\detect\train-2\weights\best.pt,62.7,28.8
C:\Users\User\Documents\AI_Robotics Projects\AAU\Summer\Synthetic_Dataset_YOLO_50\runs\detect\train-2\weights\best.pt,63.57,29.3
C:\Users\User\Documents\AI_Robotics Projects\AAU\Summer\Synthetic_Dataset_YOLO_50\runs\detect\train-2\weights\best.pt,66.89,31.8
C:\Users\User\Documents\AI_Robotics Projects\AAU\Summer\Synthetic_Dataset_YOLO_50\runs\detect\train-2\weights\best.pt,79.08,29.2
C:\Users\User\Documents\AI_Robotics Projects\AAU\Summer\Synthetic_Dataset_YOLO_50\runs\detect\train-2\weights\best.pt,64.15,26.4
C:\Users\User\Documents\AI_Robotics Projects\AAU\Summer\Synthetic_Dataset_YOLO_50\runs\detect\train-2\weights\best.pt,72.51,28.9
C:\Users\User\Documents\AI_Robotics Projects\AAU\Summer\Synthetic_Dataset_YOLO_50\runs\detect\train-2\weights\best.pt,56.96,29.8
C:\Users\User\Documents\AI_Robotics Projects\AAU\Summer\Synthetic_Dataset_YOLO_50\runs\detect\train-2\weights\best.pt,59.37,31.9
C:\Users\User\Documents\AI_Robotics Projects\AAU\Summer\Synthetic_Dataset_YOLO_50\runs\detect\train-2\weights\best.pt,78.88,30.5
C:\Users\User\Documents\AI_Robotics Projects\AAU\Summer\Synthetic_Dataset_YOLO_50\runs\detect\train-2\weights\best.pt,64.34,28.8
C:\Users\User\Documents\AI_Robotics Projects\AAU\Summer\Synthetic_Dataset_YOLO_50\runs\detect\train-2\weights\best.pt,58.85,30.2
C:\Users\User\Documents\AI_Robotics Projects\AAU\Summer\Synthetic_Dataset_YOLO_50\runs\detect\train-2\weights\best.pt,61.36,33.0
C:\Users\User\Documents\AI_Robotics Projects\AAU\Summer\Synthetic_Dataset_YOLO_50\runs\detect\train-2\weights\best.pt,57.64,34.5
C:\Users\User\Documents\AI_Robotics Projects\AAU\Summer\Synthetic_Dataset_YOLO_50\runs\detect\train-2\weights\best.pt,71.92,31.9
C:\Users\User\Documents\AI_Robotics Projects\AAU\Summer\Synthetic_Dataset_YOLO_50\runs\detect\train-2\weights\best.pt,61.77,33.8
C:\Users\User\Documents\AI_Robotics Projects\AAU\Summer\Synthetic_Dataset_YOLO_50\runs\detect\train-2\weights\best.pt,57.71,32.7
C:\Users\User\Documents\AI_Robotics Projects\AAU\Summer\Synthetic_Dataset_YOLO_50\runs\detect\train-2\weights\best.pt,61.5,32.8
C:\Users\User\Documents\AI_Robotics Projects\AAU\Summer\Synthetic_Dataset_YOLO_50\runs\detect\train-2\weights\best.pt,59.77,30.8
C:\Users\User\Documents\AI_Robotics Projects\AAU\Summer\Synthetic_Dataset_YOLO_50\runs\detect\train-2\weights\best.pt,55.6,30.9
C:\Users\User\Documents\AI_Robotics Projects\AAU\Summer\Synthetic_Dataset_YOLO_50\runs\detect\train-2\weights\best.pt,61.5,30.7
C:\Users\User\Documents\AI_Robotics Projects\AAU\Summer\Synthetic_Dataset_YOLO_50\runs\detect\train-2\weights\best.pt,73.04,86.4
C:\Users\User\Documents\AI_Robotics Projects\AAU\Summer\Synthetic_Dataset_YOLO_50\runs\detect\train-2\weights\best.pt,72.54,73.6
C:\Users\User\Documents\AI_Robotics Projects\AAU\Summer\Synthetic_Dataset_YOLO_50\runs\detect\train-2\weights\best.pt,60.26,100.5
C:\Users\User\Documents\AI_Robotics Projects\AAU\Summer\Synthetic_Dataset_YOLO_50\runs\detect\train-2\weights\best.pt,54.02,74.9
C:\Users\User\Documents\AI_Robotics Projects\AAU\Summer\Synthetic_Dataset_YOLO_50\runs\detect\train-2\weights\best.pt,57.95,74.7
C:\Users\User\Documents\AI_Robotics Projects\AAU\Summer\Synthetic_Dataset_YOLO_50\runs\detect\train-2\weights\best.pt,57.94,77.1
C:\Users\User\Documents\AI_Robotics Projects\AAU\Summer\Synthetic_Dataset_YOLO_50\runs\detect\train-2\weights\best.pt,66.95,80.2
C:\Users\User\Documents\AI_Robotics Projects\AAU\Summer\Synthetic_Dataset_YOLO_50\runs\detect\train-2\weights\best.pt,60.81,77.8
C:\Users\User\Documents\AI_Robotics Projects\AAU\Summer\Synthetic_Dataset_YOLO_50\runs\detect\train-2\weights\best.pt,65.87,77.6
C:\Users\User\Documents\AI_Robotics Projects\AAU\Summer\Synthetic_Dataset_YOLO_50\runs\detect\train-2\weights\best.pt,65.25,69.2
C:\Users\User\Documents\AI_Robotics Projects\AAU\Summer\Synthetic_Dataset_YOLO_50\runs\detect\train-2\weights\best.pt,69.5,81.9
C:\Users\User\Documents\AI_Robotics Projects\AAU\Summer\Synthetic_Dataset_YOLO_50\runs\detect\train-2\weights\best.pt,70.67,86.5
C:\Users\User\Documents\AI_Robotics Projects\AAU\Summer\Synthetic_Dataset_YOLO_50\runs\detect\train-2\weights\best.pt,61.63,73.6
C:\Users\User\Documents\AI_Robotics Projects\AAU\Summer\Synthetic_Dataset_YOLO_50\runs\detect\train-2\weights\best.pt,60.05,73.7
C:\Users\User\Documents\AI_Robotics Projects\AAU\Summer\Synthetic_Dataset_YOLO_50\runs\detect\train-2\weights\best.pt,90.88,73.6
C:\Users\User\Documents\AI_Robotics Projects\AAU\Summer\Synthetic_Dataset_YOLO_50\runs\detect\train-2\weights\best.pt,97.73,66.8
C:\Users\User\Documents\AI_Robotics Projects\AAU\Summer\Synthetic_Dataset_YOLO_50\runs\detect\train-2\weights\best.pt,78.92,74.2
C:\Users\User\Documents\AI_Robotics Projects\AAU\Summer\Synthetic_Dataset_YOLO_50\runs\detect\train-2\weights\best.pt,59.72,73.9
C:\Users\User\Documents\AI_Robotics Projects\AAU\Summer\Synthetic_Dataset_YOLO_50\runs\detect\train-2\weights\best.pt,57.39,82.9
C:\Users\User\Documents\AI_Robotics Projects\AAU\Summer\Synthetic_Dataset_YOLO_50\runs\detect\train-2\weights\best.pt,53.68,82.3
C:\Users\User\Documents\AI_Robotics Projects\AAU\Summer\Synthetic_Dataset_YOLO_50\runs\detect\train-2\weights\best.pt,64.44,76.5
C:\Users\User\Documents\AI_Robotics Projects\AAU\Summer\Synthetic_Dataset_YOLO_50\runs\detect\train-2\weights\best.pt,58.51,75.6
C:\Users\User\Documents\AI_Robotics Projects\AAU\Summer\Synthetic_Dataset_YOLO_50\runs\detect\train-2\weights\best.pt,58.51,85.7
C:\Users\User\Documents\AI_Robotics Projects\AAU\Summer\Synthetic_Dataset_YOLO_50\runs\detect\train-2\weights\best.pt,65.33,84.0
C:\Users\User\Documents\AI_Robotics Projects\AAU\Summer\Synthetic_Dataset_YOLO_50\runs\detect\train-2\weights\best.pt,64.61,39.4
C:\Users\User\Documents\AI_Robotics Projects\AAU\Summer\Synthetic_Dataset_YOLO_50\runs\detect\train-2\weights\best.pt,66.13,82.7
C:\Users\User\Documents\AI_Robotics Projects\AAU\Summer\Synthetic_Dataset_YOLO_50\runs\detect\train-2\weights\best.pt,60.53,75.7
C:\Users\User\Documents\AI_Robotics Projects\AAU\Summer\Synthetic_Dataset_YOLO_50\runs\detect\train-2\weights\best.pt,60.98,72.8
C:\Users\User\Documents\AI_Robotics Projects\AAU\Summer\Synthetic_Dataset_YOLO_50\runs\detect\train-2\weights\best.pt,65.37,88.8
C:\Users\User\Documents\AI_Robotics Projects\AAU\Summer\Synthetic_Dataset_YOLO_50\runs\detect\train-2\weights\best.pt,83.27,74.5
C:\Users\User\Documents\AI_Robotics Projects\AAU\Summer\Synthetic_Dataset_YOLO_50\runs\detect\train-2\weights\best.pt,71.39,78.6
C:\Users\User\Documents\AI_Robotics Projects\AAU\Summer\Synthetic_Dataset_YOLO_50\runs\detect\train-2\weights\best.pt,64.99,78.9
C:\Users\User\Documents\AI_Robotics Projects\AAU\Summer\Synthetic_Dataset_YOLO_50\runs\detect\train-2\weights\best.pt,70.38,86.4
C:\Users\User\Documents\AI_Robotics Projects\AAU\Summer\Synthetic_Dataset_YOLO_50\runs\detect\train-2\weights\best.pt,69.96,81.3
C:\Users\User\Documents\AI_Robotics Projects\AAU\Summer\Synthetic_Dataset_YOLO_50\runs\detect\train-2\weights\best.pt,70.45,93.9
C:\Users\User\Documents\AI_Robotics Projects\AAU\Summer\Synthetic_Dataset_YOLO_50\runs\detect\train-2\weights\best.pt,64.14,91.1
C:\Users\User\Documents\AI_Robotics Projects\AAU\Summer\Synthetic_Dataset_YOLO_50\runs\detect\train-2\weights\best.pt,59.78,81.7
C:\Users\User\Documents\AI_Robotics Projects\AAU\Summer\Synthetic_Dataset_YOLO_50\runs\detect\train-2\weights\best.pt,69.49,94.7
C:\Users\User\Documents\AI_Robotics Projects\AAU\Summer\Synthetic_Dataset_YOLO_50\runs\detect\train-2\weights\best.pt,63.14,84.1
C:\Users\User\Documents\AI_Robotics Projects\AAU\Summer\Synthetic_Dataset_YOLO_50\runs\detect\train-2\weights\best.pt,68.61,98.3
C:\Users\User\Documents\AI_Robotics Projects\AAU\Summer\Synthetic_Dataset_YOLO_50\runs\detect\train-2\weights\best.pt,69.42,80.3
C:\Users\User\Documents\AI_Robotics Projects\AAU\Summer\Synthetic_Dataset_YOLO_50\runs\detect\train-2\weights\best.pt,64.62,94.7
C:\Users\User\Documents\AI_Robotics Projects\AAU\Summer\Synthetic_Dataset_YOLO_50\runs\detect\train-2\weights\best.pt,63.82,78.7
C:\Users\User\Documents\AI_Robotics Projects\AAU\Summer\Synthetic_Dataset_YOLO_50\runs\detect\train-2\weights\best.pt,74.53,91.4
C:\Users\User\Documents\AI_Robotics Projects\AAU\Summer\Synthetic_Dataset_YOLO_50\runs\detect\train-2\weights\best.pt,95.18,75.0
C:\Users\User\Documents\AI_Robotics Projects\AAU\Summer\Synthetic_Dataset_YOLO_50\runs\detect\train-2\weights\best.pt,93.83,73.0
C:\Users\User\Documents\AI_Robotics Projects\AAU\Summer\Synthetic_Dataset_YOLO_50\runs\detect\train-2\weights\best.pt,94.05,75.6
C:\Users\User\Documents\AI_Robotics Projects\AAU\Summer\Synthetic_Dataset_YOLO_50\runs\detect\train-2\weights\best.pt,99.59,69.2
C:\Users\User\Documents\AI_Robotics Projects\AAU\Summer\Synthetic_Dataset_YOLO_50\runs\detect\train-2\weights\best.pt,95.36,78.3
C:\Users\User\Documents\AI_Robotics Projects\AAU\Summer\Synthetic_Dataset_YOLO_50\runs\detect\train-2\weights\best.pt,91.77,72.4
C:\Users\User\Documents\AI_Robotics Projects\AAU\Summer\Synthetic_Dataset_YOLO_50\runs\detect\train-2\weights\best.pt,86.14,69.8
C:\Users\User\Documents\AI_Robotics Projects\AAU\Summer\Synthetic_Dataset_YOLO_50\runs\detect\train-2\weights\best.pt,81.87,86.8
C:\Users\User\Documents\AI_Robotics Projects\AAU\Summer\Synthetic_Dataset_YOLO_50\runs\detect\train-2\weights\best.pt,63.4,77.9
C:\Users\User\Documents\AI_Robotics Projects\AAU\Summer\Synthetic_Dataset_YOLO_50\runs\detect\train-2\weights\best.pt,63.75,84.9
C:\Users\User\Documents\AI_Robotics Projects\AAU\Summer\Synthetic_Dataset_YOLO_50\runs\detect\train-2\weights\best.pt,63.03,100.9
C:\Users\User\Documents\AI_Robotics Projects\AAU\Summer\Synthetic_Dataset_YOLO_50\runs\detect\train-2\weights\best.pt,87.05,99.5
C:\Users\User\Documents\AI_Robotics Projects\AAU\Summer\Synthetic_Dataset_YOLO_50\runs\detect\train-2\weights\best.pt,94.57,67.3
C:\Users\User\Documents\AI_Robotics Projects\AAU\Summer\Synthetic_Dataset_YOLO_50\runs\detect\train-2\weights\best.pt,74.24,77.9
C:\Users\User\Documents\AI_Robotics Projects\AAU\Summer\Synthetic_Dataset_YOLO_50\runs\detect\train-2\weights\best.pt,87.7,83.0
C:\Users\User\Documents\AI_Robotics Projects\AAU\Summer\Synthetic_Dataset_YOLO_50\runs\detect\train-2\weights\best.pt,77.43,73.7
C:\Users\User\Documents\AI_Robotics Projects\AAU\Summer\Synthetic_Dataset_YOLO_50\runs\detect\train-2\weights\best.pt,64.7,71.9
C:\Users\User\Documents\AI_Robotics Projects\AAU\Summer\Synthetic_Dataset_YOLO_50\runs\detect\train-2\weights\best.pt,68.69,43.2
C:\Users\User\Documents\AI_Robotics Projects\AAU\Summer\Synthetic_Dataset_YOLO_50\runs\detect\train-2\weights\best.pt,68.33,80.2
C:\Users\User\Documents\AI_Robotics Projects\AAU\Summer\Synthetic_Dataset_YOLO_50\runs\detect\train-2\weights\best.pt,63.55,90.6
C:\Users\User\Documents\AI_Robotics Projects\AAU\Summer\Synthetic_Dataset_YOLO_50\runs\detect\train-2\weights\best.pt,68.12,90.4
C:\Users\User\Documents\AI_Robotics Projects\AAU\Summer\Synthetic_Dataset_YOLO_50\runs\detect\train-2\weights\best.pt,60.79,87.4
C:\Users\User\Documents\AI_Robotics Projects\AAU\Summer\Synthetic_Dataset_YOLO_50\runs\detect\train-2\weights\best.pt,70.69,70.9
C:\Users\User\Documents\AI_Robotics Projects\AAU\Summer\Synthetic_Dataset_YOLO_50\runs\detect\train-2\weights\best.pt,64.52,73.7
C:\Users\User\Documents\AI_Robotics Projects\AAU\Summer\Synthetic_Dataset_YOLO_50\runs\detect\train-2\weights\best.pt,68.94,35.1
C:\Users\User\Documents\AI_Robotics Projects\AAU\Summer\Synthetic_Dataset_YOLO_50\runs\detect\train-2\weights\best.pt,77.57,28.3
C:\Users\User\Documents\AI_Robotics Projects\AAU\Summer\Synthetic_Dataset_YOLO_50\runs\detect\train-2\weights\best.pt,78.87,30.2
C:\Users\User\Documents\AI_Robotics Projects\AAU\Summer\Synthetic_Dataset_YOLO_50\runs\detect\train-2\weights\best.pt,68.48,29.1
C:\Users\User\Documents\AI_Robotics Projects\AAU\Summer\Synthetic_Dataset_YOLO_50\runs\detect\train-2\weights\best.pt,79.64,31.9
C:\Users\User\Documents\AI_Robotics Projects\AAU\Summer\Synthetic_Dataset_YOLO_50\runs\detect\train-2\weights\best.pt,67.99,31.9
C:\Users\User\Documents\AI_Robotics Projects\AAU\Summer\Synthetic_Dataset_YOLO_50\runs\detect\train-2\weights\best.pt,63.81,29.6
C:\Users\User\Documents\AI_Robotics Projects\AAU\Summer\Synthetic_Dataset_YOLO_50\runs\detect\train-2\weights\best.pt,66.27,32.5
C:\Users\User\Documents\AI_Robotics Projects\AAU\Summer\Synthetic_Dataset_YOLO_50\runs\detect\train-2\weights\best.pt,68.86,34.5
C:\Users\User\Documents\AI_Robotics Projects\AAU\Summer\Synthetic_Dataset_YOLO_50\runs\detect\train-2\weights\best.pt,60.26,36.2
C:\Users\User\Documents\AI_Robotics Projects\AAU\Summer\Synthetic_Dataset_YOLO_50\runs\detect\train-2\weights\best.pt,81.76,49.6
C:\Users\User\Documents\AI_Robotics Projects\AAU\Summer\Synthetic_Dataset_YOLO_50\runs\detect\train-2\weights\best.pt,68.49,45.4
C:\Users\User\Documents\AI_Robotics Projects\AAU\Summer\Synthetic_Dataset_YOLO_50\runs\detect\train-2\weights\best.pt,78.0,79.6
C:\Users\User\Documents\AI_Robotics Projects\AAU\Summer\Synthetic_Dataset_YOLO_50\runs\detect\train-2\weights\best.pt,69.5,39.0
C:\Users\User\Documents\AI_Robotics Projects\AAU\Summer\Synthetic_Dataset_YOLO_50\runs\detect\train-2\weights\best.pt,74.77,38.9
C:\Users\User\Documents\AI_Robotics Projects\AAU\Summer\Synthetic_Dataset_YOLO_50\runs\detect\train-2\weights\best.pt,81.47,62.8
C:\Users\User\Documents\AI_Robotics Projects\AAU\Summer\Synthetic_Dataset_YOLO_50\runs\detect\train-2\weights\best.pt,82.95,34.8
C:\Users\User\Documents\AI_Robotics Projects\AAU\Summer\Synthetic_Dataset_YOLO_50\runs\detect\train-2\weights\best.pt,82.24,37.1
C:\Users\User\Documents\AI_Robotics Projects\AAU\Summer\Synthetic_Dataset_YOLO_50\runs\detect\train-2\weights\best.pt,65.17,33.6
C:\Users\User\Documents\AI_Robotics Projects\AAU\Summer\Synthetic_Dataset_YOLO_50\runs\detect\train-2\weights\best.pt,68.85,37.4
C:\Users\User\Documents\AI_Robotics Projects\AAU\Summer\Synthetic_Dataset_YOLO_50\runs\detect\train-2\weights\best.pt,69.73,79.7
C:\Users\User\Documents\AI_Robotics Projects\AAU\Summer\Synthetic_Dataset_YOLO_50\runs\detect\train-2\weights\best.pt,73.44,87.2
C:\Users\User\Documents\AI_Robotics Projects\AAU\Summer\Synthetic_Dataset_YOLO_50\runs\detect\train-2\weights\best.pt,63.53,79.4
C:\Users\User\Documents\AI_Robotics Projects\AAU\Summer\Synthetic_Dataset_YOLO_50\runs\detect\train-2\weights\best.pt,66.07,91.0
C:\Users\User\Documents\AI_Robotics Projects\AAU\Summer\Synthetic_Dataset_YOLO_50\runs\detect\train-2\weights\best.pt,64.82,41.4
C:\Users\User\Documents\AI_Robotics Projects\AAU\Summer\Synthetic_Dataset_YOLO_50\runs\detect\train-2\weights\best.pt,59.47,43.2
C:\Users\User\Documents\AI_Robotics Projects\AAU\Summer\Synthetic_Dataset_YOLO_50\runs\detect\train-2\weights\best.pt,68.21,42.3
C:\Users\User\Documents\AI_Robotics Projects\AAU\Summer\Synthetic_Dataset_YOLO_50\runs\detect\train-2\weights\best.pt,61.29,44.9
C:\Users\User\Documents\AI_Robotics Projects\AAU\Summer\Synthetic_Dataset_YOLO_50\runs\detect\train-2\weights\best.pt,68.43,46.2
C:\Users\User\Documents\AI_Robotics Projects\AAU\Summer\Synthetic_Dataset_YOLO_50\runs\detect\train-2\weights\best.pt,60.31,43.5
C:\Users\User\Documents\AI_Robotics Projects\AAU\Summer\Synthetic_Dataset_YOLO_50\runs\detect\train-2\weights\best.pt,57.18,90.2
C:\Users\User\Documents\AI_Robotics Projects\AAU\Summer\Synthetic_Dataset_YOLO_50\runs\detect\train-2\weights\best.pt,61.91,44.2
C:\Users\User\Documents\AI_Robotics Projects\AAU\Summer\Synthetic_Dataset_YOLO_50\runs\detect\train-2\weights\best.pt,71.05,42.8
C:\Users\User\Documents\AI_Robotics Projects\AAU\Summer\Synthetic_Dataset_YOLO_50\runs\detect\train-2\weights\best.pt,75.6,93.5
C:\Users\User\Documents\AI_Robotics Projects\AAU\Summer\Synthetic_Dataset_YOLO_50\runs\detect\train-2\weights\best.pt,69.45,84.1
C:\Users\User\Documents\AI_Robotics Projects\AAU\Summer\Synthetic_Dataset_YOLO_50\runs\detect\train-2\weights\best.pt,64.58,97.2
C:\Users\User\Documents\AI_Robotics Projects\AAU\Summer\Synthetic_Dataset_YOLO_50\runs\detect\train-2\weights\best.pt,55.54,90.3
C:\Users\User\Documents\AI_Robotics Projects\AAU\Summer\Synthetic_Dataset_YOLO_50\runs\detect\train-2\weights\best.pt,67.4,41.9
C:\Users\User\Documents\AI_Robotics Projects\AAU\Summer\Synthetic_Dataset_YOLO_50\runs\detect\train-2\weights\best.pt,57.46,44.0
C:\Users\User\Documents\AI_Robotics Projects\AAU\Summer\Synthetic_Dataset_YOLO_50\runs\detect\train-2\weights\best.pt,58.38,99.6
C:\Users\User\Documents\AI_Robotics Projects\AAU\Summer\Synthetic_Dataset_YOLO_50\runs\detect\train-2\weights\best.pt,63.81,80.6
C:\Users\User\Documents\AI_Robotics Projects\AAU\Summer\Synthetic_Dataset_YOLO_50\runs\detect\train-2\weights\best.pt,58.11,72.7
C:\Users\User\Documents\AI_Robotics Projects\AAU\Summer\Synthetic_Dataset_YOLO_50\runs\detect\train-2\weights\best.pt,66.74,102.2
C:\Users\User\Documents\AI_Robotics Projects\AAU\Summer\Synthetic_Dataset_YOLO_50\runs\detect\train-2\weights\best.pt,73.36,106.5
C:\Users\User\Documents\AI_Robotics Projects\AAU\Summer\Synthetic_Dataset_YOLO_50\runs\detect\train-2\weights\best.pt,63.91,74.0
C:\Users\User\Documents\AI_Robotics Projects\AAU\Summer\Synthetic_Dataset_YOLO_50\runs\detect\train-2\weights\best.pt,73.26,110.7
C:\Users\User\Documents\AI_Robotics Projects\AAU\Summer\Synthetic_Dataset_YOLO_50\runs\detect\train-2\weights\best.pt,67.09,82.0
C:\Users\User\Documents\AI_Robotics Projects\AAU\Summer\Synthetic_Dataset_YOLO_50\runs\detect\train-2\weights\best.pt,73.43,86.6
C:\Users\User\Documents\AI_Robotics Projects\AAU\Summer\Synthetic_Dataset_YOLO_50\runs\detect\train-2\weights\best.pt,64.43,43.6
C:\Users\User\Documents\AI_Robotics Projects\AAU\Summer\Synthetic_Dataset_YOLO_50\runs\detect\train-2\weights\best.pt,64.31,57.6
C:\Users\User\Documents\AI_Robotics Projects\AAU\Summer\Synthetic_Dataset_YOLO_50\runs\detect\train-2\weights\best.pt,71.92,84.4
C:\Users\User\Documents\AI_Robotics Projects\AAU\Summer\Synthetic_Dataset_YOLO_50\runs\detect\train-2\weights\best.pt,78.26,101.6
C:\Users\User\Documents\AI_Robotics Projects\AAU\Summer\Synthetic_Dataset_YOLO_50\runs\detect\train-2\weights\best.pt,81.27,87.4
C:\Users\User\Documents\AI_Robotics Projects\AAU\Summer\Synthetic_Dataset_YOLO_50\runs\detect\train-2\weights\best.pt,60.03,101.5
C:\Users\User\Documents\AI_Robotics Projects\AAU\Summer\Synthetic_Dataset_YOLO_50\runs\detect\train-2\weights\best.pt,68.75,101.0
C:\Users\User\Documents\AI_Robotics Projects\AAU\Summer\Synthetic_Dataset_YOLO_50\runs\detect\train-2\weights\best.pt,67.23,85.1
C:\Users\User\Documents\AI_Robotics Projects\AAU\Summer\Synthetic_Dataset_YOLO_50\runs\detect\train-2\weights\best.pt,63.04,87.4
C:\Users\User\Documents\AI_Robotics Projects\AAU\Summer\Synthetic_Dataset_YOLO_50\runs\detect\train-2\weights\best.pt,62.99,84.7
C:\Users\User\Documents\AI_Robotics Projects\AAU\Summer\Synthetic_Dataset_YOLO_50\runs\detect\train-2\weights\best.pt,58.41,53.2
C:\Users\User\Documents\AI_Robotics Projects\AAU\Summer\Synthetic_Dataset_YOLO_50\runs\detect\train-2\weights\best.pt,67.01,108.9
C:\Users\User\Documents\AI_Robotics Projects\AAU\Summer\Synthetic_Dataset_YOLO_50\runs\detect\train-2\weights\best.pt,61.75,88.7
C:\Users\User\Documents\AI_Robotics Projects\AAU\Summer\Synthetic_Dataset_YOLO_50\runs\detect\train-2\weights\best.pt,54.85,100.3
C:\Users\User\Documents\AI_Robotics Projects\AAU\Summer\Synthetic_Dataset_YOLO_50\runs\detect\train-2\weights\best.pt,66.31,104.5
C:\Users\User\Documents\AI_Robotics Projects\AAU\Summer\Synthetic_Dataset_YOLO_50\runs\detect\train-2\weights\best.pt,56.93,62.4
C:\Users\User\Documents\AI_Robotics Projects\AAU\Summer\Synthetic_Dataset_YOLO_50\runs\detect\train-2\weights\best.pt,55.97,95.7
C:\Users\User\Documents\AI_Robotics Projects\AAU\Summer\Synthetic_Dataset_YOLO_50\runs\detect\train-2\weights\best.pt,58.34,87.1
C:\Users\User\Documents\AI_Robotics Projects\AAU\Summer\Synthetic_Dataset_YOLO_50\runs\detect\train-2\weights\best.pt,65.62,87.9
C:\Users\User\Documents\AI_Robotics Projects\AAU\Summer\Synthetic_Dataset_YOLO_50\runs\detect\train-2\weights\best.pt,61.83,98.7
C:\Users\User\Documents\AI_Robotics Projects\AAU\Summer\Synthetic_Dataset_YOLO_50\runs\detect\train-2\weights\best.pt,67.07,47.9
C:\Users\User\Documents\AI_Robotics Projects\AAU\Summer\Synthetic_Dataset_YOLO_50\runs\detect\train-2\weights\best.pt,68.55,47.5
C:\Users\User\Documents\AI_Robotics Projects\AAU\Summer\Synthetic_Dataset_YOLO_50\runs\detect\train-2\weights\best.pt,76.45,85.1
C:\Users\User\Documents\AI_Robotics Projects\AAU\Summer\Synthetic_Dataset_YOLO_50\runs\detect\train-2\weights\best.pt,70.1,87.7
C:\Users\User\Documents\AI_Robotics Projects\AAU\Summer\Synthetic_Dataset_YOLO_50\runs\detect\train-2\weights\best.pt,68.92,94.8
C:\Users\User\Documents\AI_Robotics Projects\AAU\Summer\Synthetic_Dataset_YOLO_50\runs\detect\train-2\weights\best.pt,59.85,82.2
C:\Users\User\Documents\AI_Robotics Projects\AAU\Summer\Synthetic_Dataset_YOLO_50\runs\detect\train-2\weights\best.pt,57.14,94.5
C:\Users\User\Documents\AI_Robotics Projects\AAU\Summer\Synthetic_Dataset_YOLO_50\runs\detect\train-2\weights\best.pt,62.23,45.8
C:\Users\User\Documents\AI_Robotics Projects\AAU\Summer\Synthetic_Dataset_YOLO_50\runs\detect\train-2\weights\best.pt,67.57,89.5
C:\Users\User\Documents\AI_Robotics Projects\AAU\Summer\Synthetic_Dataset_YOLO_50\runs\detect\train-2\weights\best.pt,60.09,40.3
C:\Users\User\Documents\AI_Robotics Projects\AAU\Summer\Synthetic_Dataset_YOLO_50\runs\detect\train-2\weights\best.pt,66.99,98.3
C:\Users\User\Documents\AI_Robotics Projects\AAU\Summer\Synthetic_Dataset_YOLO_50\runs\detect\train-2\weights\best.pt,67.47,83.8
C:\Users\User\Documents\AI_Robotics Projects\AAU\Summer\Synthetic_Dataset_YOLO_50\runs\detect\train-2\weights\best.pt,67.51,55.7
C:\Users\User\Documents\AI_Robotics Projects\AAU\Summer\Synthetic_Dataset_YOLO_50\runs\detect\train-2\weights\best.pt,85.95,45.0
C:\Users\User\Documents\AI_Robotics Projects\AAU\Summer\Synthetic_Dataset_YOLO_50\runs\detect\train-2\weights\best.pt,64.22,88.0
C:\Users\User\Documents\AI_Robotics Projects\AAU\Summer\Synthetic_Dataset_YOLO_50\runs\detect\train-2\weights\best.pt,80.54,87.3
C:\Users\User\Documents\AI_Robotics Projects\AAU\Summer\Synthetic_Dataset_YOLO_50\runs\detect\train-2\weights\best.pt,64.76,91.5
C:\Users\User\Documents\AI_Robotics Projects\AAU\Summer\Synthetic_Dataset_YOLO_50\runs\detect\train-2\weights\best.pt,59.97,84.2
C:\Users\User\Documents\AI_Robotics Projects\AAU\Summer\Synthetic_Dataset_YOLO_50\runs\detect\train-2\weights\best.pt,59.87,113.5
C:\Users\User\Documents\AI_Robotics Projects\AAU\Summer\Synthetic_Dataset_YOLO_50\runs\detect\train-2\weights\best.pt,68.92,104.4
C:\Users\User\Documents\AI_Robotics Projects\AAU\Summer\Synthetic_Dataset_YOLO_50\runs\detect\train-2\weights\best.pt,65.74,74.8
C:\Users\User\Documents\AI_Robotics Projects\AAU\Summer\Synthetic_Dataset_YOLO_50\runs\detect\train-2\weights\best.pt,77.77,98.0
C:\Users\User\Documents\AI_Robotics Projects\AAU\Summer\Synthetic_Dataset_YOLO_50\runs\detect\train-2\weights\best.pt,75.81,91.4
C:\Users\User\Documents\AI_Robotics Projects\AAU\Summer\Synthetic_Dataset_YOLO_50\runs\detect\train-2\weights\best.pt,59.94,99.5
C:\Users\User\Documents\AI_Robotics Projects\AAU\Summer\Synthetic_Dataset_YOLO_50\runs\detect\train-2\weights\best.pt,67.64,77.9
C:\Users\User\Documents\AI_Robotics Projects\AAU\Summer\Synthetic_Dataset_YOLO_50\runs\detect\train-2\weights\best.pt,62.75,70.8
C:\Users\User\Documents\AI_Robotics Projects\AAU\Summer\Synthetic_Dataset_YOLO_50\runs\detect\train-2\weights\best.pt,69.42,95.7
C:\Users\User\Documents\AI_Robotics Projects\AAU\Summer\Synthetic_Dataset_YOLO_50\runs\detect\train-2\weights\best.pt,60.62,85.4
C:\Users\User\Documents\AI_Robotics Projects\AAU\Summer\Synthetic_Dataset_YOLO_50\runs\detect\train-2\weights\best.pt,57.53,46.6
C:\Users\User\Documents\AI_Robotics Projects\AAU\Summer\Synthetic_Dataset_YOLO_50\runs\detect\train-2\weights\best.pt,62.3,94.6
C:\Users\User\Documents\AI_Robotics Projects\AAU\Summer\Synthetic_Dataset_YOLO_50\runs\detect\train-2\weights\best.pt,64.6,82.4
C:\Users\User\Documents\AI_Robotics Projects\AAU\Summer\Synthetic_Dataset_YOLO_50\runs\detect\train-2\weights\best.pt,63.0,98.7
C:\Users\User\Documents\AI_Robotics Projects\AAU\Summer\Synthetic_Dataset_YOLO_50\runs\detect\train-2\weights\best.pt,63.16,76.3
C:\Users\User\Documents\AI_Robotics Projects\AAU\Summer\Synthetic_Dataset_YOLO_50\runs\detect\train-2\weights\best.pt,63.81,99.4
C:\Users\User\Documents\AI_Robotics Projects\AAU\Summer\Synthetic_Dataset_YOLO_50\runs\detect\train-2\weights\best.pt,64.42,66.1
C:\Users\User\Documents\AI_Robotics Projects\AAU\Summer\Synthetic_Dataset_YOLO_50\runs\detect\train-2\weights\best.pt,62.41,97.4
C:\Users\User\Documents\AI_Robotics Projects\AAU\Summer\Synthetic_Dataset_YOLO_50\runs\detect\train-2\weights\best.pt,63.51,89.8
C:\Users\User\Documents\AI_Robotics Projects\AAU\Summer\Synthetic_Dataset_YOLO_50\runs\detect\train-2\weights\best.pt,62.94,90.8
C:\Users\User\Documents\AI_Robotics Projects\AAU\Summer\Synthetic_Dataset_YOLO_50\runs\detect\train-2\weights\best.pt,76.58,14.0
C:\Users\User\Documents\AI_Robotics Projects\AAU\Summer\Synthetic_Dataset_YOLO_50\runs\detect\train-2\weights\best.pt,81.1,31.4
C:\Users\User\Documents\AI_Robotics Projects\AAU\Summer\Synthetic_Dataset_YOLO_50\runs\detect\train-2\weights\best.pt,74.95,29.6
C:\Users\User\Documents\AI_Robotics Projects\AAU\Summer\Synthetic_Dataset_YOLO_50\runs\detect\train-2\weights\best.pt,76.19,27.4
C:\Users\User\Documents\AI_Robotics Projects\AAU\Summer\Synthetic_Dataset_YOLO_50\runs\detect\train-2\weights\best.pt,71.73,27.6
C:\Users\User\Documents\AI_Robotics Projects\AAU\Summer\Synthetic_Dataset_YOLO_50\runs\detect\train-2\weights\best.pt,87.15,28.5
C:\Users\User\Documents\AI_Robotics Projects\AAU\Summer\Synthetic_Dataset_YOLO_50\runs\detect\train-2\weights\best.pt,73.72,62.2
C:\Users\User\Documents\AI_Robotics Projects\AAU\Summer\Synthetic_Dataset_YOLO_50\runs\detect\train-2\weights\best.pt,60.18,56.5
C:\Users\User\Documents\AI_Robotics Projects\AAU\Summer\Synthetic_Dataset_YOLO_50\runs\detect\train-2\weights\best.pt,65.3,61.6
C:\Users\User\Documents\AI_Robotics Projects\AAU\Summer\Synthetic_Dataset_YOLO_50\runs\detect\train-2\weights\best.pt,65.06,30.9
C:\Users\User\Documents\AI_Robotics Projects\AAU\Summer\Synthetic_Dataset_YOLO_50\runs\detect\train-2\weights\best.pt,62.78,31.9
C:\Users\User\Documents\AI_Robotics Projects\AAU\Summer\Synthetic_Dataset_YOLO_50\runs\detect\train-2\weights\best.pt,63.56,32.0
C:\Users\User\Documents\AI_Robotics Projects\AAU\Summer\Synthetic_Dataset_YOLO_50\runs\detect\train-2\weights\best.pt,63.83,32.0
C:\Users\User\Documents\AI_Robotics Projects\AAU\Summer\Synthetic_Dataset_YOLO_50\runs\detect\train-2\weights\best.pt,63.89,30.4
C:\Users\User\Documents\AI_Robotics Projects\AAU\Summer\Synthetic_Dataset_YOLO_50\runs\detect\train-2\weights\best.pt,78.34,31.9
C:\Users\User\Documents\AI_Robotics Projects\AAU\Summer\Synthetic_Dataset_YOLO_50\runs\detect\train-2\weights\best.pt,74.87,27.9
C:\Users\User\Documents\AI_Robotics Projects\AAU\Summer\Synthetic_Dataset_YOLO_50\runs\detect\train-2\weights\best.pt,66.14,31.3
C:\Users\User\Documents\AI_Robotics Projects\AAU\Summer\Synthetic_Dataset_YOLO_50\runs\detect\train-2\weights\best.pt,62.88,58.1
C:\Users\User\Documents\AI_Robotics Projects\AAU\Summer\Synthetic_Dataset_YOLO_50\runs\detect\train-2\weights\best.pt,66.16,52.0
C:\Users\User\Documents\AI_Robotics Projects\AAU\Summer\Synthetic_Dataset_YOLO_50\runs\detect\train-2\weights\best.pt,65.11,38.0
C:\Users\User\Documents\AI_Robotics Projects\AAU\Summer\Synthetic_Dataset_YOLO_50\runs\detect\train-2\weights\best.pt,63.81,71.0
C:\Users\User\Documents\AI_Robotics Projects\AAU\Summer\Synthetic_Dataset_YOLO_50\runs\detect\train-2\weights\best.pt,71.44,73.1
C:\Users\User\Documents\AI_Robotics Projects\AAU\Summer\Synthetic_Dataset_YOLO_50\runs\detect\train-2\weights\best.pt,78.43,71.8
C:\Users\User\Documents\AI_Robotics Projects\AAU\Summer\Synthetic_Dataset_YOLO_50\runs\detect\train-2\weights\best.pt,73.0,65.5
C:\Users\User\Documents\AI_Robotics Projects\AAU\Summer\Synthetic_Dataset_YOLO_50\runs\detect\train-2\weights\best.pt,63.05,76.6
C:\Users\User\Documents\AI_Robotics Projects\AAU\Summer\Synthetic_Dataset_YOLO_50\runs\detect\train-2\weights\best.pt,65.27,83.2
C:\Users\User\Documents\AI_Robotics Projects\AAU\Summer\Synthetic_Dataset_YOLO_50\runs\detect\train-2\weights\best.pt,62.44,67.6
C:\Users\User\Documents\AI_Robotics Projects\AAU\Summer\Synthetic_Dataset_YOLO_50\runs\detect\train-2\weights\best.pt,78.71,71.1
C:\Users\User\Documents\AI_Robotics Projects\AAU\Summer\Synthetic_Dataset_YOLO_50\runs\detect\train-2\weights\best.pt,76.56,70.5
C:\Users\User\Documents\AI_Robotics Projects\AAU\Summer\Synthetic_Dataset_YOLO_50\runs\detect\train-2\weights\best.pt,68.21,82.6
C:\Users\User\Documents\AI_Robotics Projects\AAU\Summer\Synthetic_Dataset_YOLO_50\runs\detect\train-2\weights\best.pt,62.96,79.3
C:\Users\User\Documents\AI_Robotics Projects\AAU\Summer\Synthetic_Dataset_YOLO_50\runs\detect\train-2\weights\best.pt,73.55,78.7
C:\Users\User\Documents\AI_Robotics Projects\AAU\Summer\Synthetic_Dataset_YOLO_50\runs\detect\train-2\weights\best.pt,83.32,53.9
C:\Users\User\Documents\AI_Robotics Projects\AAU\Summer\Synthetic_Dataset_YOLO_50\runs\detect\train-2\weights\best.pt,82.08,32.0
C:\Users\User\Documents\AI_Robotics Projects\AAU\Summer\Synthetic_Dataset_YOLO_50\runs\detect\train-2\weights\best.pt,85.47,30.0
C:\Users\User\Documents\AI_Robotics Projects\AAU\Summer\Synthetic_Dataset_YOLO_50\runs\detect\train-2\weights\best.pt,100.35,31.9
C:\Users\User\Documents\AI_Robotics Projects\AAU\Summer\Synthetic_Dataset_YOLO_50\runs\detect\train-2\weights\best.pt,90.4,31.2
C:\Users\User\Documents\AI_Robotics Projects\AAU\Summer\Synthetic_Dataset_YOLO_50\runs\detect\train-2\weights\best.pt,86.23,31.7
C:\Users\User\Documents\AI_Robotics Projects\AAU\Summer\Synthetic_Dataset_YOLO_50\runs\detect\train-2\weights\best.pt,83.3,26.8
C:\Users\User\Documents\AI_Robotics Projects\AAU\Summer\Synthetic_Dataset_YOLO_50\runs\detect\train-2\weights\best.pt,86.04,28.5
C:\Users\User\Documents\AI_Robotics Projects\AAU\Summer\Synthetic_Dataset_YOLO_50\runs\detect\train-2\weights\best.pt,102.97,27.1
C:\Users\User\Documents\AI_Robotics Projects\AAU\Summer\Synthetic_Dataset_YOLO_50\runs\detect\train-2\weights\best.pt,90.71,31.6
C:\Users\User\Documents\AI_Robotics Projects\AAU\Summer\Synthetic_Dataset_YOLO_50\runs\detect\train-2\weights\best.pt,88.21,31.9
C:\Users\User\Documents\AI_Robotics Projects\AAU\Summer\Synthetic_Dataset_YOLO_50\runs\detect\train-2\weights\best.pt,71.64,29.0
C:\Users\User\Documents\AI_Robotics Projects\AAU\Summer\Synthetic_Dataset_YOLO_50\runs\detect\train-2\weights\best.pt,87.94,31.6
C:\Users\User\Documents\AI_Robotics Projects\AAU\Summer\Synthetic_Dataset_YOLO_50\runs\detect\train-2\weights\best.pt,80.31,30.2
C:\Users\User\Documents\AI_Robotics Projects\AAU\Summer\Synthetic_Dataset_YOLO_50\runs\detect\train-2\weights\best.pt,85.55,29.8
C:\Users\User\Documents\AI_Robotics Projects\AAU\Summer\Synthetic_Dataset_YOLO_50\runs\detect\train-2\weights\best.pt,103.01,13.0
C:\Users\User\Documents\AI_Robotics Projects\AAU\Summer\Synthetic_Dataset_YOLO_50\runs\detect\train-2\weights\best.pt,91.19,29.5
C:\Users\User\Documents\AI_Robotics Projects\AAU\Summer\Synthetic_Dataset_YOLO_50\runs\detect\train-2\weights\best.pt,100.53,12.8
C:\Users\User\Documents\AI_Robotics Projects\AAU\Summer\Synthetic_Dataset_YOLO_50\runs\detect\train-2\weights\best.pt,82.25,31.6
C:\Users\User\Documents\AI_Robotics Projects\AAU\Summer\Synthetic_Dataset_YOLO_50\runs\detect\train-2\weights\best.pt,79.52,61.7
C:\Users\User\Documents\AI_Robotics Projects\AAU\Summer\Synthetic_Dataset_YOLO_50\runs\detect\train-2\weights\best.pt,83.69,55.5
C:\Users\User\Documents\AI_Robotics Projects\AAU\Summer\Synthetic_Dataset_YOLO_50\runs\detect\train-2\weights\best.pt,66.43,60.1
C:\Users\User\Documents\AI_Robotics Projects\AAU\Summer\Synthetic_Dataset_YOLO_50\runs\detect\train-2\weights\best.pt,73.35,35.0
C:\Users\User\Documents\AI_Robotics Projects\AAU\Summer\Synthetic_Dataset_YOLO_50\runs\detect\train-2\weights\best.pt,76.38,32.0
C:\Users\User\Documents\AI_Robotics Projects\AAU\Summer\Synthetic_Dataset_YOLO_50\runs\detect\train-2\weights\best.pt,74.83,35.1
C:\Users\User\Documents\AI_Robotics Projects\AAU\Summer\Synthetic_Dataset_YOLO_50\runs\detect\train-2\weights\best.pt,62.54,32.3
C:\Users\User\Documents\AI_Robotics Projects\AAU\Summer\Synthetic_Dataset_YOLO_50\runs\detect\train-2\weights\best.pt,65.39,38.6
C:\Users\User\Documents\AI_Robotics Projects\AAU\Summer\Synthetic_Dataset_YOLO_50\runs\detect\train-2\weights\best.pt,57.53,39.0
C:\Users\User\Documents\AI_Robotics Projects\AAU\Summer\Synthetic_Dataset_YOLO_50\runs\detect\train-2\weights\best.pt,60.19,34.9
C:\Users\User\Documents\AI_Robotics Projects\AAU\Summer\Synthetic_Dataset_YOLO_50\runs\detect\train-2\weights\best.pt,67.68,35.0
C:\Users\User\Documents\AI_Robotics Projects\AAU\Summer\Synthetic_Dataset_YOLO_50\runs\detect\train-2\weights\best.pt,65.47,36.6
C:\Users\User\Documents\AI_Robotics Projects\AAU\Summer\Synthetic_Dataset_YOLO_50\runs\detect\train-2\weights\best.pt,69.5,34.9
C:\Users\User\Documents\AI_Robotics Projects\AAU\Summer\Synthetic_Dataset_YOLO_50\runs\detect\train-2\weights\best.pt,64.48,35.7
C:\Users\User\Documents\AI_Robotics Projects\AAU\Summer\Synthetic_Dataset_YOLO_50\runs\detect\train-2\weights\best.pt,82.57,34.9
C:\Users\User\Documents\AI_Robotics Projects\AAU\Summer\Synthetic_Dataset_YOLO_50\runs\detect\train-2\weights\best.pt,78.7,36.5
C:\Users\User\Documents\AI_Robotics Projects\AAU\Summer\Synthetic_Dataset_YOLO_50\runs\detect\train-2\weights\best.pt,69.27,35.4
C:\Users\User\Documents\AI_Robotics Projects\AAU\Summer\Synthetic_Dataset_YOLO_50\runs\detect\train-2\weights\best.pt,58.11,34.4
C:\Users\User\Documents\AI_Robotics Projects\AAU\Summer\Synthetic_Dataset_YOLO_50\runs\detect\train-2\weights\best.pt,62.62,33.3
C:\Users\User\Documents\AI_Robotics Projects\AAU\Summer\Synthetic_Dataset_YOLO_50\runs\detect\train-2\weights\best.pt,58.31,35.0
C:\Users\User\Documents\AI_Robotics Projects\AAU\Summer\Synthetic_Dataset_YOLO_50\runs\detect\train-2\weights\best.pt,60.78,34.6
C:\Users\User\Documents\AI_Robotics Projects\AAU\Summer\Synthetic_Dataset_YOLO_50\runs\detect\train-2\weights\best.pt,56.37,35.5
C:\Users\User\Documents\AI_Robotics Projects\AAU\Summer\Synthetic_Dataset_YOLO_50\runs\detect\train-2\weights\best.pt,59.61,32.7
C:\Users\User\Documents\AI_Robotics Projects\AAU\Summer\Synthetic_Dataset_YOLO_50\runs\detect\train-2\weights\best.pt,55.13,36.8
C:\Users\User\Documents\AI_Robotics Projects\AAU\Summer\Synthetic_Dataset_YOLO_50\runs\detect\train-2\weights\best.pt,60.31,34.3
C:\Users\User\Documents\AI_Robotics Projects\AAU\Summer\Synthetic_Dataset_YOLO_50\runs\detect\train-2\weights\best.pt,66.78,33.2
C:\Users\User\Documents\AI_Robotics Projects\AAU\Summer\Synthetic_Dataset_YOLO_50\runs\detect\train-2\weights\best.pt,61.63,32.4
C:\Users\User\Documents\AI_Robotics Projects\AAU\Summer\Synthetic_Dataset_YOLO_50\runs\detect\train-2\weights\best.pt,56.52,33.8
C:\Users\User\Documents\AI_Robotics Projects\AAU\Summer\Synthetic_Dataset_YOLO_50\runs\detect\train-2\weights\best.pt,59.53,32.3
C:\Users\User\Documents\AI_Robotics Projects\AAU\Summer\Synthetic_Dataset_YOLO_50\runs\detect\train-2\weights\best.pt,81.43,34.0
C:\Users\User\Documents\AI_Robotics Projects\AAU\Summer\Synthetic_Dataset_YOLO_50\runs\detect\train-2\weights\best.pt,63.12,34.4
C:\Users\User\Documents\AI_Robotics Projects\AAU\Summer\Synthetic_Dataset_YOLO_50\runs\detect\train-2\weights\best.pt,72.94,34.8
C:\Users\User\Documents\AI_Robotics Projects\AAU\Summer\Synthetic_Dataset_YOLO_50\runs\detect\train-2\weights\best.pt,71.09,31.2
C:\Users\User\Documents\AI_Robotics Projects\AAU\Summer\Synthetic_Dataset_YOLO_50\runs\detect\train-2\weights\best.pt,62.44,33.2
C:\Users\User\Documents\AI_Robotics Projects\AAU\Summer\Synthetic_Dataset_YOLO_50\runs\detect\train-2\weights\best.pt,73.36,35.4
C:\Users\User\Documents\AI_Robotics Projects\AAU\Summer\Synthetic_Dataset_YOLO_50\runs\detect\train-2\weights\best.pt,61.33,36.1
C:\Users\User\Documents\AI_Robotics Projects\AAU\Summer\Synthetic_Dataset_YOLO_50\runs\detect\train-2\weights\best.pt,62.41,36.1
C:\Users\User\Documents\AI_Robotics Projects\AAU\Summer\Synthetic_Dataset_YOLO_50\runs\detect\train-2\weights\best.pt,77.47,27.5
C:\Users\User\Documents\AI_Robotics Projects\AAU\Summer\Synthetic_Dataset_YOLO_50\runs\detect\train-2\weights\best.pt,71.33,34.2
C:\Users\User\Documents\AI_Robotics Projects\AAU\Summer\Synthetic_Dataset_YOLO_50\runs\detect\train-2\weights\best.pt,85.45,33.5
C:\Users\User\Documents\AI_Robotics Projects\AAU\Summer\Synthetic_Dataset_YOLO_50\runs\detect\train-2\weights\best.pt,76.09,33.4
C:\Users\User\Documents\AI_Robotics Projects\AAU\Summer\Synthetic_Dataset_YOLO_50\runs\detect\train-2\weights\best.pt,65.0,72.9
C:\Users\User\Documents\AI_Robotics Projects\AAU\Summer\Synthetic_Dataset_YOLO_50\runs\detect\train-2\weights\best.pt,76.75,79.8
C:\Users\User\Documents\AI_Robotics Projects\AAU\Summer\Synthetic_Dataset_YOLO_50\runs\detect\train-2\weights\best.pt,74.25,75.7
C:\Users\User\Documents\AI_Robotics Projects\AAU\Summer\Synthetic_Dataset_YOLO_50\runs\detect\train-2\weights\best.pt,66.32,107.7
C:\Users\User\Documents\AI_Robotics Projects\AAU\Summer\Synthetic_Dataset_YOLO_50\runs\detect\train-2\weights\best.pt,68.12,98.5
C:\Users\User\Documents\AI_Robotics Projects\AAU\Summer\Synthetic_Dataset_YOLO_50\runs\detect\train-2\weights\best.pt,64.03,45.4
C:\Users\User\Documents\AI_Robotics Projects\AAU\Summer\Synthetic_Dataset_YOLO_50\runs\detect\train-2\weights\best.pt,61.4,43.0
C:\Users\User\Documents\AI_Robotics Projects\AAU\Summer\Synthetic_Dataset_YOLO_50\runs\detect\train-2\weights\best.pt,59.02,99.3
C:\Users\User\Documents\AI_Robotics Projects\AAU\Summer\Synthetic_Dataset_YOLO_50\runs\detect\train-2\weights\best.pt,67.48,106.9
C:\Users\User\Documents\AI_Robotics Projects\AAU\Summer\Synthetic_Dataset_YOLO_50\runs\detect\train-2\weights\best.pt,71.5,127.7
C:\Users\User\Documents\AI_Robotics Projects\AAU\Summer\Synthetic_Dataset_YOLO_50\runs\detect\train-2\weights\best.pt,65.48,102.6
C:\Users\User\Documents\AI_Robotics Projects\AAU\Summer\Synthetic_Dataset_YOLO_50\runs\detect\train-2\weights\best.pt,58.84,99.4
C:\Users\User\Documents\AI_Robotics Projects\AAU\Summer\Synthetic_Dataset_YOLO_50\runs\detect\train-2\weights\best.pt,72.49,51.6
C:\Users\User\Documents\AI_Robotics Projects\AAU\Summer\Synthetic_Dataset_YOLO_50\runs\detect\train-2\weights\best.pt,58.46,94.8
C:\Users\User\Documents\AI_Robotics Projects\AAU\Summer\Synthetic_Dataset_YOLO_50\runs\detect\train-2\weights\best.pt,67.12,47.1
C:\Users\User\Documents\AI_Robotics Projects\AAU\Summer\Synthetic_Dataset_YOLO_50\runs\detect\train-2\weights\best.pt,62.57,43.4
C:\Users\User\Documents\AI_Robotics Projects\AAU\Summer\Synthetic_Dataset_YOLO_50\runs\detect\train-2\weights\best.pt,86.87,42.7
C:\Users\User\Documents\AI_Robotics Projects\AAU\Summer\Synthetic_Dataset_YOLO_50\runs\detect\train-2\weights\best.pt,67.58,56.3
C:\Users\User\Documents\AI_Robotics Projects\AAU\Summer\Synthetic_Dataset_YOLO_50\runs\detect\train-2\weights\best.pt,68.48,99.5
C:\Users\User\Documents\AI_Robotics Projects\AAU\Summer\Synthetic_Dataset_YOLO_50\runs\detect\train-2\weights\best.pt,77.56,104.4
C:\Users\User\Documents\AI_Robotics Projects\AAU\Summer\Synthetic_Dataset_YOLO_50\runs\detect\train-2\weights\best.pt,65.49,94.4
C:\Users\User\Documents\AI_Robotics Projects\AAU\Summer\Synthetic_Dataset_YOLO_50\runs\detect\train-2\weights\best.pt,63.82,82.4
C:\Users\User\Documents\AI_Robotics Projects\AAU\Summer\Synthetic_Dataset_YOLO_50\runs\detect\train-2\weights\best.pt,70.46,102.8
C:\Users\User\Documents\AI_Robotics Projects\AAU\Summer\Synthetic_Dataset_YOLO_50\runs\detect\train-2\weights\best.pt,61.32,105.6
C:\Users\User\Documents\AI_Robotics Projects\AAU\Summer\Synthetic_Dataset_YOLO_50\runs\detect\train-2\weights\best.pt,62.42,117.0
C:\Users\User\Documents\AI_Robotics Projects\AAU\Summer\Synthetic_Dataset_YOLO_50\runs\detect\train-2\weights\best.pt,68.55,51.3
C:\Users\User\Documents\AI_Robotics Projects\AAU\Summer\Synthetic_Dataset_YOLO_50\runs\detect\train-2\weights\best.pt,71.1,94.9
C:\Users\User\Documents\AI_Robotics Projects\AAU\Summer\Synthetic_Dataset_YOLO_50\runs\detect\train-2\weights\best.pt,70.87,103.9
C:\Users\User\Documents\AI_Robotics Projects\AAU\Summer\Synthetic_Dataset_YOLO_50\runs\detect\train-2\weights\best.pt,75.1,104.6
C:\Users\User\Documents\AI_Robotics Projects\AAU\Summer\Synthetic_Dataset_YOLO_50\runs\detect\train-2\weights\best.pt,76.68,83.8
C:\Users\User\Documents\AI_Robotics Projects\AAU\Summer\Synthetic_Dataset_YOLO_50\runs\detect\train-2\weights\best.pt,75.43,110.7
C:\Users\User\Documents\AI_Robotics Projects\AAU\Summer\Synthetic_Dataset_YOLO_50\runs\detect\train-2\weights\best.pt,91.22,99.5
C:\Users\User\Documents\AI_Robotics Projects\AAU\Summer\Synthetic_Dataset_YOLO_50\runs\detect\train-2\weights\best.pt,76.44,110.6
C:\Users\User\Documents\AI_Robotics Projects\AAU\Summer\Synthetic_Dataset_YOLO_50\runs\detect\train-2\weights\best.pt,77.86,92.8
C:\Users\User\Documents\AI_Robotics Projects\AAU\Summer\Synthetic_Dataset_YOLO_50\runs\detect\train-2\weights\best.pt,78.67,107.8
C:\Users\User\Documents\AI_Robotics Projects\AAU\Summer\Synthetic_Dataset_YOLO_50\runs\detect\train-2\weights\best.pt,62.85,110.6
C:\Users\User\Documents\AI_Robotics Projects\AAU\Summer\Synthetic_Dataset_YOLO_50\runs\detect\train-2\weights\best.pt,67.79,117.0
C:\Users\User\Documents\AI_Robotics Projects\AAU\Summer\Synthetic_Dataset_YOLO_50\runs\detect\train-2\weights\best.pt,68.35,104.0
C:\Users\User\Documents\AI_Robotics Projects\AAU\Summer\Synthetic_Dataset_YOLO_50\runs\detect\train-2\weights\best.pt,60.82,101.1
C:\Users\User\Documents\AI_Robotics Projects\AAU\Summer\Synthetic_Dataset_YOLO_50\runs\detect\train-2\weights\best.pt,62.57,99.5
C:\Users\User\Documents\AI_Robotics Projects\AAU\Summer\Synthetic_Dataset_YOLO_50\runs\detect\train-2\weights\best.pt,69.57,118.6
C:\Users\User\Documents\AI_Robotics Projects\AAU\Summer\Synthetic_Dataset_YOLO_50\runs\detect\train-2\weights\best.pt,67.19,100.9
C:\Users\User\Documents\AI_Robotics Projects\AAU\Summer\Synthetic_Dataset_YOLO_50\runs\detect\train-2\weights\best.pt,63.89,90.5
C:\Users\User\Documents\AI_Robotics Projects\AAU\Summer\Synthetic_Dataset_YOLO_50\runs\detect\train-2\weights\best.pt,66.62,86.2
C:\Users\User\Documents\AI_Robotics Projects\AAU\Summer\Synthetic_Dataset_YOLO_50\runs\detect\train-2\weights\best.pt,63.75,86.4
C:\Users\User\Documents\AI_Robotics Projects\AAU\Summer\Synthetic_Dataset_YOLO_50\runs\detect\train-2\weights\best.pt,78.32,87.2
C:\Users\User\Documents\AI_Robotics Projects\AAU\Summer\Synthetic_Dataset_YOLO_50\runs\detect\train-2\weights\best.pt,70.71,36.2
C:\Users\User\Documents\AI_Robotics Projects\AAU\Summer\Synthetic_Dataset_YOLO_50\runs\detect\train-2\weights\best.pt,66.15,42.5
C:\Users\User\Documents\AI_Robotics Projects\AAU\Summer\Synthetic_Dataset_YOLO_50\runs\detect\train-2\weights\best.pt,84.49,36.4
C:\Users\User\Documents\AI_Robotics Projects\AAU\Summer\Synthetic_Dataset_YOLO_50\runs\detect\train-2\weights\best.pt,92.32,37.1
C:\Users\User\Documents\AI_Robotics Projects\AAU\Summer\Synthetic_Dataset_YOLO_50\runs\detect\train-2\weights\best.pt,81.75,95.8
C:\Users\User\Documents\AI_Robotics Projects\AAU\Summer\Synthetic_Dataset_YOLO_50\runs\detect\train-2\weights\best.pt,64.77,35.5
C:\Users\User\Documents\AI_Robotics Projects\AAU\Summer\Synthetic_Dataset_YOLO_50\runs\detect\train-2\weights\best.pt,67.76,37.7
C:\Users\User\Documents\AI_Robotics Projects\AAU\Summer\Synthetic_Dataset_YOLO_50\runs\detect\train-2\weights\best.pt,63.46,86.3
C:\Users\User\Documents\AI_Robotics Projects\AAU\Summer\Synthetic_Dataset_YOLO_50\runs\detect\train-2\weights\best.pt,67.1,40.2
C:\Users\User\Documents\AI_Robotics Projects\AAU\Summer\Synthetic_Dataset_YOLO_50\runs\detect\train-2\weights\best.pt,71.5,36.5
C:\Users\User\Documents\AI_Robotics Projects\AAU\Summer\Synthetic_Dataset_YOLO_50\runs\detect\train-2\weights\best.pt,63.96,37.5
C:\Users\User\Documents\AI_Robotics Projects\AAU\Summer\Synthetic_Dataset_YOLO_50\runs\detect\train-2\weights\best.pt,74.98,40.5
C:\Users\User\Documents\AI_Robotics Projects\AAU\Summer\Synthetic_Dataset_YOLO_50\runs\detect\train-2\weights\best.pt,62.41,44.5
C:\Users\User\Documents\AI_Robotics Projects\AAU\Summer\Synthetic_Dataset_YOLO_50\runs\detect\train-2\weights\best.pt,60.65,38.2
C:\Users\User\Documents\AI_Robotics Projects\AAU\Summer\Synthetic_Dataset_YOLO_50\runs\detect\train-2\weights\best.pt,64.27,41.6
C:\Users\User\Documents\AI_Robotics Projects\AAU\Summer\Synthetic_Dataset_YOLO_50\runs\detect\train-2\weights\best.pt,68.42,37.3
C:\Users\User\Documents\AI_Robotics Projects\AAU\Summer\Synthetic_Dataset_YOLO_50\runs\detect\train-2\weights\best.pt,75.5,36.1
C:\Users\User\Documents\AI_Robotics Projects\AAU\Summer\Synthetic_Dataset_YOLO_50\runs\detect\train-2\weights\best.pt,87.98,37.5
C:\Users\User\Documents\AI_Robotics Projects\AAU\Summer\Synthetic_Dataset_YOLO_50\runs\detect\train-2\weights\best.pt,84.29,34.3
C:\Users\User\Documents\AI_Robotics Projects\AAU\Summer\Synthetic_Dataset_YOLO_50\runs\detect\train-2\weights\best.pt,96.2,39.2
C:\Users\User\Documents\AI_Robotics Projects\AAU\Summer\Synthetic_Dataset_YOLO_50\runs\detect\train-2\weights\best.pt,122.23,39.8
C:\Users\User\Documents\AI_Robotics Projects\AAU\Summer\Synthetic_Dataset_YOLO_50\runs\detect\train-2\weights\best.pt,105.83,33.8
C:\Users\User\Documents\AI_Robotics Projects\AAU\Summer\Synthetic_Dataset_YOLO_50\runs\detect\train-2\weights\best.pt,75.58,36.1
C:\Users\User\Documents\AI_Robotics Projects\AAU\Summer\Synthetic_Dataset_YOLO_50\runs\detect\train-2\weights\best.pt,73.99,87.7
C:\Users\User\Documents\AI_Robotics Projects\AAU\Summer\Synthetic_Dataset_YOLO_50\runs\detect\train-2\weights\best.pt,61.18,43.9
C:\Users\User\Documents\AI_Robotics Projects\AAU\Summer\Synthetic_Dataset_YOLO_50\runs\detect\train-2\weights\best.pt,67.46,39.4
C:\Users\User\Documents\AI_Robotics Projects\AAU\Summer\Synthetic_Dataset_YOLO_50\runs\detect\train-2\weights\best.pt,69.13,108.9
C:\Users\User\Documents\AI_Robotics Projects\AAU\Summer\Synthetic_Dataset_YOLO_50\runs\detect\train-2\weights\best.pt,65.17,132.7
C:\Users\User\Documents\AI_Robotics Projects\AAU\Summer\Synthetic_Dataset_YOLO_50\runs\detect\train-2\weights\best.pt,66.47,99.5
C:\Users\User\Documents\AI_Robotics Projects\AAU\Summer\Synthetic_Dataset_YOLO_50\runs\detect\train-2\weights\best.pt,58.51,48.6
C:\Users\User\Documents\AI_Robotics Projects\AAU\Summer\Synthetic_Dataset_YOLO_50\runs\detect\train-2\weights\best.pt,73.57,90.3
C:\Users\User\Documents\AI_Robotics Projects\AAU\Summer\Synthetic_Dataset_YOLO_50\runs\detect\train-2\weights\best.pt,60.27,117.1
C:\Users\User\Documents\AI_Robotics Projects\AAU\Summer\Synthetic_Dataset_YOLO_50\runs\detect\train-2\weights\best.pt,57.53,113.7
C:\Users\User\Documents\AI_Robotics Projects\AAU\Summer\Synthetic_Dataset_YOLO_50\runs\detect\train-2\weights\best.pt,65.35,108.2
C:\Users\User\Documents\AI_Robotics Projects\AAU\Summer\Synthetic_Dataset_YOLO_50\runs\detect\train-2\weights\best.pt,70.86,110.6
C:\Users\User\Documents\AI_Robotics Projects\AAU\Summer\Synthetic_Dataset_YOLO_50\runs\detect\train-2\weights\best.pt,55.8,89.7
C:\Users\User\Documents\AI_Robotics Projects\AAU\Summer\Synthetic_Dataset_YOLO_50\runs\detect\train-2\weights\best.pt,56.2,86.9
C:\Users\User\Documents\AI_Robotics Projects\AAU\Summer\Synthetic_Dataset_YOLO_50\runs\detect\train-2\weights\best.pt,61.68,89.5
C:\Users\User\Documents\AI_Robotics Projects\AAU\Summer\Synthetic_Dataset_YOLO_50\runs\detect\train-2\weights\best.pt,70.49,86.1
C:\Users\User\Documents\AI_Robotics Projects\AAU\Summer\Synthetic_Dataset_YOLO_50\runs\detect\train-2\weights\best.pt,90.24,92.3
C:\Users\User\Documents\AI_Robotics Projects\AAU\Summer\Synthetic_Dataset_YOLO_50\runs\detect\train-2\weights\best.pt,87.94,84.6
C:\Users\User\Documents\AI_Robotics Projects\AAU\Summer\Synthetic_Dataset_YOLO_50\runs\detect\train-2\weights\best.pt,86.11,82.6
C:\Users\User\Documents\AI_Robotics Projects\AAU\Summer\Synthetic_Dataset_YOLO_50\runs\detect\train-2\weights\best.pt,74.53,100.6
C:\Users\User\Documents\AI_Robotics Projects\AAU\Summer\Synthetic_Dataset_YOLO_50\runs\detect\train-2\weights\best.pt,72.67,41.1
C:\Users\User\Documents\AI_Robotics Projects\AAU\Summer\Synthetic_Dataset_YOLO_50\runs\detect\train-2\weights\best.pt,74.24,42.7
C:\Users\User\Documents\AI_Robotics Projects\AAU\Summer\Synthetic_Dataset_YOLO_50\runs\detect\train-2\weights\best.pt,63.03,48.4
C:\Users\User\Documents\AI_Robotics Projects\AAU\Summer\Synthetic_Dataset_YOLO_50\runs\detect\train-2\weights\best.pt,79.2,100.1
C:\Users\User\Documents\AI_Robotics Projects\AAU\Summer\Synthetic_Dataset_YOLO_50\runs\detect\train-2\weights\best.pt,56.74,90.3
C:\Users\User\Documents\AI_Robotics Projects\AAU\Summer\Synthetic_Dataset_YOLO_50\runs\detect\train-2\weights\best.pt,69.99,97.3
C:\Users\User\Documents\AI_Robotics Projects\AAU\Summer\Synthetic_Dataset_YOLO_50\runs\detect\train-2\weights\best.pt,66.26,98.8
C:\Users\User\Documents\AI_Robotics Projects\AAU\Summer\Synthetic_Dataset_YOLO_50\runs\detect\train-2\weights\best.pt,64.19,99.7
C:\Users\User\Documents\AI_Robotics Projects\AAU\Summer\Synthetic_Dataset_YOLO_50\runs\detect\train-2\weights\best.pt,72.09,106.8
C:\Users\User\Documents\AI_Robotics Projects\AAU\Summer\Synthetic_Dataset_YOLO_50\runs\detect\train-2\weights\best.pt,65.16,99.6
C:\Users\User\Documents\AI_Robotics Projects\AAU\Summer\Synthetic_Dataset_YOLO_50\runs\detect\train-2\weights\best.pt,61.24,116.6
C:\Users\User\Documents\AI_Robotics Projects\AAU\Summer\Synthetic_Dataset_YOLO_50\runs\detect\train-2\weights\best.pt,67.68,120.4
C:\Users\User\Documents\AI_Robotics Projects\AAU\Summer\Synthetic_Dataset_YOLO_50\runs\detect\train-2\weights\best.pt,77.98,98.5
C:\Users\User\Documents\AI_Robotics Projects\AAU\Summer\Synthetic_Dataset_YOLO_50\runs\detect\train-2\weights\best.pt,69.9,43.2
C:\Users\User\Documents\AI_Robotics Projects\AAU\Summer\Synthetic_Dataset_YOLO_50\runs\detect\train-2\weights\best.pt,59.1,45.4
C:\Users\User\Documents\AI_Robotics Projects\AAU\Summer\Synthetic_Dataset_YOLO_50\runs\detect\train-2\weights\best.pt,62.26,46.4
C:\Users\User\Documents\AI_Robotics Projects\AAU\Summer\Synthetic_Dataset_YOLO_50\runs\detect\train-2\weights\best.pt,59.26,48.1
C:\Users\User\Documents\AI_Robotics Projects\AAU\Summer\Synthetic_Dataset_YOLO_50\runs\detect\train-2\weights\best.pt,60.23,45.5
C:\Users\User\Documents\AI_Robotics Projects\AAU\Summer\Synthetic_Dataset_YOLO_50\runs\detect\train-2\weights\best.pt,61.94,43.1
C:\Users\User\Documents\AI_Robotics Projects\AAU\Summer\Synthetic_Dataset_YOLO_30\runs\detect\train-2\weights\best.pt,90.09,22.5
C:\Users\User\Documents\AI_Robotics Projects\AAU\Summer\Synthetic_Dataset_YOLO_30\runs\detect\train-2\weights\best.pt,41.75,104.9
C:\Users\User\Documents\AI_Robotics Projects\AAU\Summer\Synthetic_Dataset_YOLO_30\runs\detect\train-2\weights\best.pt,36.65,50.3
C:\Users\User\Documents\AI_Robotics Projects\AAU\Summer\Synthetic_Dataset_YOLO_30\runs\detect\train-2\weights\best.pt,42.96,112.2
C:\Users\User\Documents\AI_Robotics Projects\AAU\Summer\Synthetic_Dataset_YOLO_30\runs\detect\train-2\weights\best.pt,33.77,48.5
C:\Users\User\Documents\AI_Robotics Projects\AAU\Summer\Synthetic_Dataset_YOLO_30\runs\detect\train-2\weights\best.pt,35.07,44.1
C:\Users\User\Documents\AI_Robotics Projects\AAU\Summer\Synthetic_Dataset_YOLO_30\runs\detect\train-2\weights\best.pt,35.84,45.6
C:\Users\User\Documents\AI_Robotics Projects\AAU\Summer\Synthetic_Dataset_YOLO_30\runs\detect\train-2\weights\best.pt,37.08,57.3
C:\Users\User\Documents\AI_Robotics Projects\AAU\Summer\Synthetic_Dataset_YOLO_30\runs\detect\train-2\weights\best.pt,39.11,58.7
C:\Users\User\Documents\AI_Robotics Projects\AAU\Summer\Synthetic_Dataset_YOLO_30\runs\detect\train-2\weights\best.pt,36.0,47.9
C:\Users\User\Documents\AI_Robotics Projects\AAU\Summer\Synthetic_Dataset_YOLO_30\runs\detect\train-2\weights\best.pt,36.01,44.2
C:\Users\User\Documents\AI_Robotics Projects\AAU\Summer\Synthetic_Dataset_YOLO_30\runs\detect\train-2\weights\best.pt,43.96,44.7
C:\Users\User\Documents\AI_Robotics Projects\AAU\Summer\Synthetic_Dataset_YOLO_30\runs\detect\train-2\weights\best.pt,34.21,38.5
C:\Users\User\Documents\AI_Robotics Projects\AAU\Summer\Synthetic_Dataset_YOLO_30\runs\detect\train-2\weights\best.pt,34.2,48.0
C:\Users\User\Documents\AI_Robotics Projects\AAU\Summer\Synthetic_Dataset_YOLO_30\runs\detect\train-2\weights\best.pt,42.37,53.5
C:\Users\User\Documents\AI_Robotics Projects\AAU\Summer\Synthetic_Dataset_YOLO_30\runs\detect\train-2\weights\best.pt,33.37,37.2
C:\Users\User\Documents\AI_Robotics Projects\AAU\Summer\Synthetic_Dataset_YOLO_30\runs\detect\train-2\weights\best.pt,34.26,48.8
C:\Users\User\Documents\AI_Robotics Projects\AAU\Summer\Synthetic_Dataset_YOLO_30\runs\detect\train-2\weights\best.pt,46.81,37.6
C:\Users\User\Documents\AI_Robotics Projects\AAU\Summer\Synthetic_Dataset_YOLO_30\runs\detect\train-2\weights\best.pt,35.02,37.5
C:\Users\User\Documents\AI_Robotics Projects\AAU\Summer\Synthetic_Dataset_YOLO_30\runs\detect\train-2\weights\best.pt,45.32,48.9
C:\Users\User\Documents\AI_Robotics Projects\AAU\Summer\Synthetic_Dataset_YOLO_30\runs\detect\train-2\weights\best.pt,32.71,34.7
C:\Users\User\Documents\AI_Robotics Projects\AAU\Summer\Synthetic_Dataset_YOLO_30\runs\detect\train-2\weights\best.pt,32.89,44.9
C:\Users\User\Documents\AI_Robotics Projects\AAU\Summer\Synthetic_Dataset_YOLO_30\runs\detect\train-2\weights\best.pt,46.96,40.9
C:\Users\User\Documents\AI_Robotics Projects\AAU\Summer\Synthetic_Dataset_YOLO_30\runs\detect\train-2\weights\best.pt,42.31,35.6
C:\Users\User\Documents\AI_Robotics Projects\AAU\Summer\Synthetic_Dataset_YOLO_30\runs\detect\train-2\weights\best.pt,43.29,55.7
C:\Users\User\Documents\AI_Robotics Projects\AAU\Summer\Synthetic_Dataset_YOLO_30\runs\detect\train-2\weights\best.pt,33.23,40.0
C:\Users\User\Documents\AI_Robotics Projects\AAU\Summer\Synthetic_Dataset_YOLO_30\runs\detect\train-2\weights\best.pt,33.6,44.7
C:\Users\User\Documents\AI_Robotics Projects\AAU\Summer\Synthetic_Dataset_YOLO_30\runs\detect\train-2\weights\best.pt,39.26,45.9
C:\Users\User\Documents\AI_Robotics Projects\AAU\Summer\Synthetic_Dataset_YOLO_30\runs\detect\train-2\weights\best.pt,34.41,32.2
C:\Users\User\Documents\AI_Robotics Projects\AAU\Summer\Synthetic_Dataset_YOLO_30\runs\detect\train-2\weights\best.pt,33.25,53.8
C:\Users\User\Documents\AI_Robotics Projects\AAU\Summer\Synthetic_Dataset_YOLO_30\runs\detect\train-2\weights\best.pt,35.22,49.1
C:\Users\User\Documents\AI_Robotics Projects\AAU\Summer\Synthetic_Dataset_YOLO_30\runs\detect\train-2\weights\best.pt,33.89,48.5
C:\Users\User\Documents\AI_Robotics Projects\AAU\Summer\Synthetic_Dataset_YOLO_30\runs\detect\train-2\weights\best.pt,40.72,42.6
C:\Users\User\Documents\AI_Robotics Projects\AAU\Summer\Synthetic_Dataset_YOLO_30\runs\detect\train-2\weights\best.pt,33.93,42.8
C:\Users\User\Documents\AI_Robotics Projects\AAU\Summer\Synthetic_Dataset_YOLO_30\runs\detect\train-2\weights\best.pt,32.81,39.4
C:\Users\User\Documents\AI_Robotics Projects\AAU\Summer\Synthetic_Dataset_YOLO_30\runs\detect\train-2\weights\best.pt,34.63,42.0
C:\Users\User\Documents\AI_Robotics Projects\AAU\Summer\Synthetic_Dataset_YOLO_30\runs\detect\train-2\weights\best.pt,32.96,30.8
C:\Users\User\Documents\AI_Robotics Projects\AAU\Summer\Synthetic_Dataset_YOLO_30\runs\detect\train-2\weights\best.pt,34.35,41.6
C:\Users\User\Documents\AI_Robotics Projects\AAU\Summer\Synthetic_Dataset_YOLO_30\runs\detect\train-2\weights\best.pt,35.57,29.5
C:\Users\User\Documents\AI_Robotics Projects\AAU\Summer\Synthetic_Dataset_YOLO_30\runs\detect\train-2\weights\best.pt,36.11,44.1
C:\Users\User\Documents\AI_Robotics Projects\AAU\Summer\Synthetic_Dataset_YOLO_30\runs\detect\train-2\weights\best.pt,41.86,48.2
C:\Users\User\Documents\AI_Robotics Projects\AAU\Summer\Synthetic_Dataset_YOLO_30\runs\detect\train-2\weights\best.pt,36.68,33.2
C:\Users\User\Documents\AI_Robotics Projects\AAU\Summer\Synthetic_Dataset_YOLO_30\runs\detect\train-2\weights\best.pt,42.79,31.0
C:\Users\User\Documents\AI_Robotics Projects\AAU\Summer\Synthetic_Dataset_YOLO_30\runs\detect\train-2\weights\best.pt,33.2,45.6
C:\Users\User\Documents\AI_Robotics Projects\AAU\Summer\Synthetic_Dataset_YOLO_30\runs\detect\train-2\weights\best.pt,33.84,37.4
C:\Users\User\Documents\AI_Robotics Projects\AAU\Summer\Synthetic_Dataset_YOLO_30\runs\detect\train-2\weights\best.pt,34.05,43.1
C:\Users\User\Documents\AI_Robotics Projects\AAU\Summer\Synthetic_Dataset_YOLO_30\runs\detect\train-2\weights\best.pt,38.3,44.3
C:\Users\User\Documents\AI_Robotics Projects\AAU\Summer\Synthetic_Dataset_YOLO_30\runs\detect\train-2\weights\best.pt,31.54,32.5
C:\Users\User\Documents\AI_Robotics Projects\AAU\Summer\Synthetic_Dataset_YOLO_30\runs\detect\train-2\weights\best.pt,34.09,40.5
C:\Users\User\Documents\AI_Robotics Projects\AAU\Summer\Synthetic_Dataset_YOLO_30\runs\detect\train-2\weights\best.pt,34.5,49.3
C:\Users\User\Documents\AI_Robotics Projects\AAU\Summer\Synthetic_Dataset_YOLO_30\runs\detect\train-2\weights\best.pt,52.3,52.1
C:\Users\User\Documents\AI_Robotics Projects\AAU\Summer\Synthetic_Dataset_YOLO_30\runs\detect\train-2\weights\best.pt,32.54,33.5
C:\Users\User\Documents\AI_Robotics Projects\AAU\Summer\Synthetic_Dataset_YOLO_30\runs\detect\train-2\weights\best.pt,40.35,79.5
C:\Users\User\Documents\AI_Robotics Projects\AAU\Summer\Synthetic_Dataset_YOLO_30\runs\detect\train-2\weights\best.pt,34.37,40.1
C:\Users\User\Documents\AI_Robotics Projects\AAU\Summer\Synthetic_Dataset_YOLO_30\runs\detect\train-2\weights\best.pt,42.85,44.0
C:\Users\User\Documents\AI_Robotics Projects\AAU\Summer\Synthetic_Dataset_YOLO_30\runs\detect\train-2\weights\best.pt,33.61,62.7
C:\Users\User\Documents\AI_Robotics Projects\AAU\Summer\Synthetic_Dataset_YOLO_30\runs\detect\train-2\weights\best.pt,34.2,40.9
C:\Users\User\Documents\AI_Robotics Projects\AAU\Summer\Synthetic_Dataset_YOLO_30\runs\detect\train-2\weights\best.pt,34.04,75.2
C:\Users\User\Documents\AI_Robotics Projects\AAU\Summer\Synthetic_Dataset_YOLO_30\runs\detect\train-2\weights\best.pt,33.65,44.1
C:\Users\User\Documents\AI_Robotics Projects\AAU\Summer\Synthetic_Dataset_YOLO_30\runs\detect\train-2\weights\best.pt,31.88,54.2
C:\Users\User\Documents\AI_Robotics Projects\AAU\Summer\Synthetic_Dataset_YOLO_30\runs\detect\train-2\weights\best.pt,33.62,89.2
C:\Users\User\Documents\AI_Robotics Projects\AAU\Summer\Synthetic_Dataset_YOLO_30\runs\detect\train-2\weights\best.pt,49.77,44.1
C:\Users\User\Documents\AI_Robotics Projects\AAU\Summer\Synthetic_Dataset_YOLO_30\runs\detect\train-2\weights\best.pt,38.37,73.5
C:\Users\User\Documents\AI_Robotics Projects\AAU\Summer\Synthetic_Dataset_YOLO_30\runs\detect\train-2\weights\best.pt,37.77,59.3
C:\Users\User\Documents\AI_Robotics Projects\AAU\Summer\Synthetic_Dataset_YOLO_30\runs\detect\train-2\weights\best.pt,33.92,46.9
C:\Users\User\Documents\AI_Robotics Projects\AAU\Summer\Synthetic_Dataset_YOLO_30\runs\detect\train-2\weights\best.pt,35.86,88.0
C:\Users\User\Documents\AI_Robotics Projects\AAU\Summer\Synthetic_Dataset_YOLO_30\runs\detect\train-2\weights\best.pt,40.18,78.8
C:\Users\User\Documents\AI_Robotics Projects\AAU\Summer\Synthetic_Dataset_YOLO_30\runs\detect\train-2\weights\best.pt,36.28,62.8
C:\Users\User\Documents\AI_Robotics Projects\AAU\Summer\Synthetic_Dataset_YOLO_30\runs\detect\train-2\weights\best.pt,35.65,43.9
C:\Users\User\Documents\AI_Robotics Projects\AAU\Summer\Synthetic_Dataset_YOLO_30\runs\detect\train-2\weights\best.pt,32.82,42.6
C:\Users\User\Documents\AI_Robotics Projects\AAU\Summer\Synthetic_Dataset_YOLO_30\runs\detect\train-2\weights\best.pt,36.24,44.1
C:\Users\User\Documents\AI_Robotics Projects\AAU\Summer\Synthetic_Dataset_YOLO_30\runs\detect\train-2\weights\best.pt,33.29,58.7
C:\Users\User\Documents\AI_Robotics Projects\AAU\Summer\Synthetic_Dataset_YOLO_30\runs\detect\train-2\weights\best.pt,36.55,51.1
C:\Users\User\Documents\AI_Robotics Projects\AAU\Summer\Synthetic_Dataset_YOLO_30\runs\detect\train-2\weights\best.pt,35.63,50.4
C:\Users\User\Documents\AI_Robotics Projects\AAU\Summer\Synthetic_Dataset_YOLO_30\runs\detect\train-2\weights\best.pt,40.92,36.2
C:\Users\User\Documents\AI_Robotics Projects\AAU\Summer\Synthetic_Dataset_YOLO_30\runs\detect\train-2\weights\best.pt,34.35,84.2
C:\Users\User\Documents\AI_Robotics Projects\AAU\Summer\Synthetic_Dataset_YOLO_30\runs\detect\train-2\weights\best.pt,34.57,34.3
C:\Users\User\Documents\AI_Robotics Projects\AAU\Summer\Synthetic_Dataset_YOLO_30\runs\detect\train-2\weights\best.pt,35.03,32.5
C:\Users\User\Documents\AI_Robotics Projects\AAU\Summer\Synthetic_Dataset_YOLO_30\runs\detect\train-2\weights\best.pt,34.92,40.8
C:\Users\User\Documents\AI_Robotics Projects\AAU\Summer\Synthetic_Dataset_YOLO_30\runs\detect\train-2\weights\best.pt,34.9,44.6
C:\Users\User\Documents\AI_Robotics Projects\AAU\Summer\Synthetic_Dataset_YOLO_30\runs\detect\train-2\weights\best.pt,39.84,30.6
C:\Users\User\Documents\AI_Robotics Projects\AAU\Summer\Synthetic_Dataset_YOLO_30\runs\detect\train-2\weights\best.pt,51.42,33.8
C:\Users\User\Documents\AI_Robotics Projects\AAU\Summer\Synthetic_Dataset_YOLO_30\runs\detect\train-2\weights\best.pt,40.9,31.4
C:\Users\User\Documents\AI_Robotics Projects\AAU\Summer\Synthetic_Dataset_YOLO_30\runs\detect\train-2\weights\best.pt,36.13,23.8
C:\Users\User\Documents\AI_Robotics Projects\AAU\Summer\Synthetic_Dataset_YOLO_30\runs\detect\train-2\weights\best.pt,43.16,35.8
C:\Users\User\Documents\AI_Robotics Projects\AAU\Summer\Synthetic_Dataset_YOLO_30\runs\detect\train-2\weights\best.pt,34.6,27.7
C:\Users\User\Documents\AI_Robotics Projects\AAU\Summer\Synthetic_Dataset_YOLO_30\runs\detect\train-2\weights\best.pt,40.19,34.1
C:\Users\User\Documents\AI_Robotics Projects\AAU\Summer\Synthetic_Dataset_YOLO_30\runs\detect\train-2\weights\best.pt,36.05,22.2
C:\Users\User\Documents\AI_Robotics Projects\AAU\Summer\Synthetic_Dataset_YOLO_30\runs\detect\train-2\weights\best.pt,44.51,25.4
C:\Users\User\Documents\AI_Robotics Projects\AAU\Summer\Synthetic_Dataset_YOLO_30\runs\detect\train-2\weights\best.pt,35.05,41.4
C:\Users\User\Documents\AI_Robotics Projects\AAU\Summer\Synthetic_Dataset_YOLO_30\runs\detect\train-2\weights\best.pt,36.66,27.6
C:\Users\User\Documents\AI_Robotics Projects\AAU\Summer\Synthetic_Dataset_YOLO_30\runs\detect\train-2\weights\best.pt,35.49,30.4
C:\Users\User\Documents\AI_Robotics Projects\AAU\Summer\Synthetic_Dataset_YOLO_30\runs\detect\train-2\weights\best.pt,35.37,42.2
C:\Users\User\Documents\AI_Robotics Projects\AAU\Summer\Synthetic_Dataset_YOLO_30\runs\detect\train-2\weights\best.pt,41.84,43.6
C:\Users\User\Documents\AI_Robotics Projects\AAU\Summer\Synthetic_Dataset_YOLO_30\runs\detect\train-2\weights\best.pt,35.23,55.2
C:\Users\User\Documents\AI_Robotics Projects\AAU\Summer\Synthetic_Dataset_YOLO_30\runs\detect\train-2\weights\best.pt,45.93,29.8
C:\Users\User\Documents\AI_Robotics Projects\AAU\Summer\Synthetic_Dataset_YOLO_30\runs\detect\train-2\weights\best.pt,35.87,42.8
C:\Users\User\Documents\AI_Robotics Projects\AAU\Summer\Synthetic_Dataset_YOLO_30\runs\detect\train-2\weights\best.pt,33.71,115.6
C:\Users\User\Documents\AI_Robotics Projects\AAU\Summer\Synthetic_Dataset_YOLO_30\runs\detect\train-2\weights\best.pt,43.29,34.8
C:\Users\User\Documents\AI_Robotics Projects\AAU\Summer\Synthetic_Dataset_YOLO_30\runs\detect\train-2\weights\best.pt,34.66,82.3
C:\Users\User\Documents\AI_Robotics Projects\AAU\Summer\Synthetic_Dataset_YOLO_30\runs\detect\train-2\weights\best.pt,35.44,42.7
C:\Users\User\Documents\AI_Robotics Projects\AAU\Summer\Synthetic_Dataset_YOLO_30\runs\detect\train-2\weights\best.pt,34.38,51.0
C:\Users\User\Documents\AI_Robotics Projects\AAU\Summer\Synthetic_Dataset_YOLO_30\runs\detect\train-2\weights\best.pt,35.37,33.5
C:\Users\User\Documents\AI_Robotics Projects\AAU\Summer\Synthetic_Dataset_YOLO_30\runs\detect\train-2\weights\best.pt,44.22,38.4
C:\Users\User\Documents\AI_Robotics Projects\AAU\Summer\Synthetic_Dataset_YOLO_30\runs\detect\train-2\weights\best.pt,35.81,41.4
C:\Users\User\Documents\AI_Robotics Projects\AAU\Summer\Synthetic_Dataset_YOLO_30\runs\detect\train-2\weights\best.pt,47.86,47.2
C:\Users\User\Documents\AI_Robotics Projects\AAU\Summer\Synthetic_Dataset_YOLO_30\runs\detect\train-2\weights\best.pt,36.35,31.4
C:\Users\User\Documents\AI_Robotics Projects\AAU\Summer\Synthetic_Dataset_YOLO_30\runs\detect\train-2\weights\best.pt,44.48,31.6
C:\Users\User\Documents\AI_Robotics Projects\AAU\Summer\Synthetic_Dataset_YOLO_30\runs\detect\train-2\weights\best.pt,34.85,24.8
C:\Users\User\Documents\AI_Robotics Projects\AAU\Summer\Synthetic_Dataset_YOLO_30\runs\detect\train-2\weights\best.pt,55.97,28.7
C:\Users\User\Documents\AI_Robotics Projects\AAU\Summer\Synthetic_Dataset_YOLO_30\runs\detect\train-2\weights\best.pt,37.35,27.4
C:\Users\User\Documents\AI_Robotics Projects\AAU\Summer\Synthetic_Dataset_YOLO_30\runs\detect\train-2\weights\best.pt,34.69,33.3
C:\Users\User\Documents\AI_Robotics Projects\AAU\Summer\Synthetic_Dataset_YOLO_30\runs\detect\train-2\weights\best.pt,36.32,33.5
C:\Users\User\Documents\AI_Robotics Projects\AAU\Summer\Synthetic_Dataset_YOLO_30\runs\detect\train-2\weights\best.pt,34.19,32.2
C:\Users\User\Documents\AI_Robotics Projects\AAU\Summer\Synthetic_Dataset_YOLO_30\runs\detect\train-2\weights\best.pt,39.53,26.9
C:\Users\User\Documents\AI_Robotics Projects\AAU\Summer\Synthetic_Dataset_YOLO_30\runs\detect\train-2\weights\best.pt,34.87,32.3
C:\Users\User\Documents\AI_Robotics Projects\AAU\Summer\Synthetic_Dataset_YOLO_30\runs\detect\train-2\weights\best.pt,50.27,34.0
C:\Users\User\Documents\AI_Robotics Projects\AAU\Summer\Synthetic_Dataset_YOLO_30\runs\detect\train-2\weights\best.pt,36.25,51.1
C:\Users\User\Documents\AI_Robotics Projects\AAU\Summer\Synthetic_Dataset_YOLO_30\runs\detect\train-2\weights\best.pt,42.06,30.6
C:\Users\User\Documents\AI_Robotics Projects\AAU\Summer\Synthetic_Dataset_YOLO_30\runs\detect\train-2\weights\best.pt,37.63,56.7
C:\Users\User\Documents\AI_Robotics Projects\AAU\Summer\Synthetic_Dataset_YOLO_30\runs\detect\train-2\weights\best.pt,34.77,32.2
C:\Users\User\Documents\AI_Robotics Projects\AAU\Summer\Synthetic_Dataset_YOLO_30\runs\detect\train-2\weights\best.pt,36.54,24.2
C:\Users\User\Documents\AI_Robotics Projects\AAU\Summer\Synthetic_Dataset_YOLO_30\runs\detect\train-2\weights\best.pt,36.08,37.1
C:\Users\User\Documents\AI_Robotics Projects\AAU\Summer\Synthetic_Dataset_YOLO_30\runs\detect\train-2\weights\best.pt,35.56,29.5
C:\Users\User\Documents\AI_Robotics Projects\AAU\Summer\Synthetic_Dataset_YOLO_30\runs\detect\train-2\weights\best.pt,55.92,37.5
C:\Users\User\Documents\AI_Robotics Projects\AAU\Summer\Synthetic_Dataset_YOLO_30\runs\detect\train-2\weights\best.pt,54.57,79.5
C:\Users\User\Documents\AI_Robotics Projects\AAU\Summer\Synthetic_Dataset_YOLO_30\runs\detect\train-2\weights\best.pt,60.49,37.8
C:\Users\User\Documents\AI_Robotics Projects\AAU\Summer\Synthetic_Dataset_YOLO_30\runs\detect\train-2\weights\best.pt,44.11,35.5
C:\Users\User\Documents\AI_Robotics Projects\AAU\Summer\Synthetic_Dataset_YOLO_30\runs\detect\train-2\weights\best.pt,45.75,39.4
C:\Users\User\Documents\AI_Robotics Projects\AAU\Summer\Synthetic_Dataset_YOLO_30\runs\detect\train-2\weights\best.pt,41.87,42.0
C:\Users\User\Documents\AI_Robotics Projects\AAU\Summer\Synthetic_Dataset_YOLO_30\runs\detect\train-2\weights\best.pt,35.11,39.5
C:\Users\User\Documents\AI_Robotics Projects\AAU\Summer\Synthetic_Dataset_YOLO_30\runs\detect\train-2\weights\best.pt,37.45,35.3
C:\Users\User\Documents\AI_Robotics Projects\AAU\Summer\Synthetic_Dataset_YOLO_30\runs\detect\train-2\weights\best.pt,54.17,24.3
C:\Users\User\Documents\AI_Robotics Projects\AAU\Summer\Synthetic_Dataset_YOLO_30\runs\detect\train-2\weights\best.pt,54.17,41.3
C:\Users\User\Documents\AI_Robotics Projects\AAU\Summer\Synthetic_Dataset_YOLO_30\runs\detect\train-2\weights\best.pt,57.05,33.1
C:\Users\User\Documents\AI_Robotics Projects\AAU\Summer\Synthetic_Dataset_YOLO_30\runs\detect\train-2\weights\best.pt,40.6,28.3
C:\Users\User\Documents\AI_Robotics Projects\AAU\Summer\Synthetic_Dataset_YOLO_30\runs\detect\train-2\weights\best.pt,45.13,36.3
C:\Users\User\Documents\AI_Robotics Projects\AAU\Summer\Synthetic_Dataset_YOLO_30\runs\detect\train-2\weights\best.pt,33.57,45.3
C:\Users\User\Documents\AI_Robotics Projects\AAU\Summer\Synthetic_Dataset_YOLO_30\runs\detect\train-2\weights\best.pt,55.09,50.1
C:\Users\User\Documents\AI_Robotics Projects\AAU\Summer\Synthetic_Dataset_YOLO_30\runs\detect\train-2\weights\best.pt,46.73,31.3
C:\Users\User\Documents\AI_Robotics Projects\AAU\Summer\Synthetic_Dataset_YOLO_30\runs\detect\train-2\weights\best.pt,35.93,39.9
C:\Users\User\Documents\AI_Robotics Projects\AAU\Summer\Synthetic_Dataset_YOLO_30\runs\detect\train-2\weights\best.pt,37.59,42.0
C:\Users\User\Documents\AI_Robotics Projects\AAU\Summer\Synthetic_Dataset_YOLO_30\runs\detect\train-2\weights\best.pt,35.86,44.1
C:\Users\User\Documents\AI_Robotics Projects\AAU\Summer\Synthetic_Dataset_YOLO_30\runs\detect\train-2\weights\best.pt,43.68,29.7
C:\Users\User\Documents\AI_Robotics Projects\AAU\Summer\Synthetic_Dataset_YOLO_30\runs\detect\train-2\weights\best.pt,33.34,33.2
C:\Users\User\Documents\AI_Robotics Projects\AAU\Summer\Synthetic_Dataset_YOLO_30\runs\detect\train-2\weights\best.pt,38.35,28.0
C:\Users\User\Documents\AI_Robotics Projects\AAU\Summer\Synthetic_Dataset_YOLO_30\runs\detect\train-2\weights\best.pt,44.15,39.3
C:\Users\User\Documents\AI_Robotics Projects\AAU\Summer\Synthetic_Dataset_YOLO_30\runs\detect\train-2\weights\best.pt,41.72,43.3
C:\Users\User\Documents\AI_Robotics Projects\AAU\Summer\Synthetic_Dataset_YOLO_30\runs\detect\train-2\weights\best.pt,36.49,32.0
C:\Users\User\Documents\AI_Robotics Projects\AAU\Summer\Synthetic_Dataset_YOLO_30\runs\detect\train-2\weights\best.pt,35.67,31.7
C:\Users\User\Documents\AI_Robotics Projects\AAU\Summer\Synthetic_Dataset_YOLO_30\runs\detect\train-2\weights\best.pt,39.93,31.6
C:\Users\User\Documents\AI_Robotics Projects\AAU\Summer\Synthetic_Dataset_YOLO_30\runs\detect\train-2\weights\best.pt,35.29,43.5
C:\Users\User\Documents\AI_Robotics Projects\AAU\Summer\Synthetic_Dataset_YOLO_30\runs\detect\train-2\weights\best.pt,43.7,25.9
C:\Users\User\Documents\AI_Robotics Projects\AAU\Summer\Synthetic_Dataset_YOLO_30\runs\detect\train-2\weights\best.pt,34.86,41.1
C:\Users\User\Documents\AI_Robotics Projects\AAU\Summer\Synthetic_Dataset_YOLO_30\runs\detect\train-2\weights\best.pt,35.84,30.5
C:\Users\User\Documents\AI_Robotics Projects\AAU\Summer\Synthetic_Dataset_YOLO_30\runs\detect\train-2\weights\best.pt,34.56,24.8
C:\Users\User\Documents\AI_Robotics Projects\AAU\Summer\Synthetic_Dataset_YOLO_30\runs\detect\train-2\weights\best.pt,34.86,26.8
C:\Users\User\Documents\AI_Robotics Projects\AAU\Summer\Synthetic_Dataset_YOLO_30\runs\detect\train-2\weights\best.pt,44.31,29.6
C:\Users\User\Documents\AI_Robotics Projects\AAU\Summer\Synthetic_Dataset_YOLO_30\runs\detect\train-2\weights\best.pt,35.18,47.0
C:\Users\User\Documents\AI_Robotics Projects\AAU\Summer\Synthetic_Dataset_YOLO_30\runs\detect\train-2\weights\best.pt,42.4,33.4
C:\Users\User\Documents\AI_Robotics Projects\AAU\Summer\Synthetic_Dataset_YOLO_30\runs\detect\train-2\weights\best.pt,35.14,37.1
C:\Users\User\Documents\AI_Robotics Projects\AAU\Summer\Synthetic_Dataset_YOLO_30\runs\detect\train-2\weights\best.pt,35.62,63.9
C:\Users\User\Documents\AI_Robotics Projects\AAU\Summer\Synthetic_Dataset_YOLO_30\runs\detect\train-2\weights\best.pt,34.26,46.6
C:\Users\User\Documents\AI_Robotics Projects\AAU\Summer\Synthetic_Dataset_YOLO_30\runs\detect\train-2\weights\best.pt,39.29,57.1
C:\Users\User\Documents\AI_Robotics Projects\AAU\Summer\Synthetic_Dataset_YOLO_30\runs\detect\train-2\weights\best.pt,42.0,48.7
C:\Users\User\Documents\AI_Robotics Projects\AAU\Summer\Synthetic_Dataset_YOLO_30\runs\detect\train-2\weights\best.pt,35.88,66.0
C:\Users\User\Documents\AI_Robotics Projects\AAU\Summer\Synthetic_Dataset_YOLO_30\runs\detect\train-2\weights\best.pt,41.52,38.2
C:\Users\User\Documents\AI_Robotics Projects\AAU\Summer\Synthetic_Dataset_YOLO_30\runs\detect\train-2\weights\best.pt,56.61,81.2
C:\Users\User\Documents\AI_Robotics Projects\AAU\Summer\Synthetic_Dataset_YOLO_30\runs\detect\train-2\weights\best.pt,55.06,63.8
C:\Users\User\Documents\AI_Robotics Projects\AAU\Summer\Synthetic_Dataset_YOLO_30\runs\detect\train-2\weights\best.pt,32.91,54.7
C:\Users\User\Documents\AI_Robotics Projects\AAU\Summer\Synthetic_Dataset_YOLO_30\runs\detect\train-2\weights\best.pt,45.99,44.3
C:\Users\User\Documents\AI_Robotics Projects\AAU\Summer\Synthetic_Dataset_YOLO_30\runs\detect\train-2\weights\best.pt,34.41,39.9
C:\Users\User\Documents\AI_Robotics Projects\AAU\Summer\Synthetic_Dataset_YOLO_30\runs\detect\train-2\weights\best.pt,47.31,42.4
C:\Users\User\Documents\AI_Robotics Projects\AAU\Summer\Synthetic_Dataset_YOLO_30\runs\detect\train-2\weights\best.pt,34.54,38.2
C:\Users\User\Documents\AI_Robotics Projects\AAU\Summer\Synthetic_Dataset_YOLO_30\runs\detect\train-2\weights\best.pt,38.61,44.2
C:\Users\User\Documents\AI_Robotics Projects\AAU\Summer\Synthetic_Dataset_YOLO_30\runs\detect\train-2\weights\best.pt,34.64,70.4
C:\Users\User\Documents\AI_Robotics Projects\AAU\Summer\Synthetic_Dataset_YOLO_30\runs\detect\train-2\weights\best.pt,37.78,74.8
C:\Users\User\Documents\AI_Robotics Projects\AAU\Summer\Synthetic_Dataset_YOLO_30\runs\detect\train-2\weights\best.pt,35.32,35.4
C:\Users\User\Documents\AI_Robotics Projects\AAU\Summer\Synthetic_Dataset_YOLO_30\runs\detect\train-2\weights\best.pt,36.67,64.2
C:\Users\User\Documents\AI_Robotics Projects\AAU\Summer\Synthetic_Dataset_YOLO_30\runs\detect\train-2\weights\best.pt,35.88,50.5
C:\Users\User\Documents\AI_Robotics Projects\AAU\Summer\Synthetic_Dataset_YOLO_30\runs\detect\train-2\weights\best.pt,36.0,72.7
C:\Users\User\Documents\AI_Robotics Projects\AAU\Summer\Synthetic_Dataset_YOLO_30\runs\detect\train-2\weights\best.pt,45.97,44.5
C:\Users\User\Documents\AI_Robotics Projects\AAU\Summer\Synthetic_Dataset_YOLO_30\runs\detect\train-2\weights\best.pt,34.8,85.2
C:\Users\User\Documents\AI_Robotics Projects\AAU\Summer\Synthetic_Dataset_YOLO_30\runs\detect\train-2\weights\best.pt,43.31,41.1
C:\Users\User\Documents\AI_Robotics Projects\AAU\Summer\Synthetic_Dataset_YOLO_30\runs\detect\train-2\weights\best.pt,36.5,72.0
C:\Users\User\Documents\AI_Robotics Projects\AAU\Summer\Synthetic_Dataset_YOLO_30\runs\detect\train-2\weights\best.pt,39.04,45.5
C:\Users\User\Documents\AI_Robotics Projects\AAU\Summer\Synthetic_Dataset_YOLO_30\runs\detect\train-2\weights\best.pt,36.29,54.3
C:\Users\User\Documents\AI_Robotics Projects\AAU\Summer\Synthetic_Dataset_YOLO_30\runs\detect\train-2\weights\best.pt,50.92,82.7
C:\Users\User\Documents\AI_Robotics Projects\AAU\Summer\Synthetic_Dataset_YOLO_30\runs\detect\train-2\weights\best.pt,43.63,69.9
C:\Users\User\Documents\AI_Robotics Projects\AAU\Summer\Synthetic_Dataset_YOLO_30\runs\detect\train-2\weights\best.pt,40.71,44.6
C:\Users\User\Documents\AI_Robotics Projects\AAU\Summer\Synthetic_Dataset_YOLO_30\runs\detect\train-2\weights\best.pt,46.83,85.0
C:\Users\User\Documents\AI_Robotics Projects\AAU\Summer\Synthetic_Dataset_YOLO_30\runs\detect\train-2\weights\best.pt,38.58,47.6
C:\Users\User\Documents\AI_Robotics Projects\AAU\Summer\Synthetic_Dataset_YOLO_30\runs\detect\train-2\weights\best.pt,39.05,41.3
C:\Users\User\Documents\AI_Robotics Projects\AAU\Summer\Synthetic_Dataset_YOLO_30\runs\detect\train-2\weights\best.pt,37.81,62.1
C:\Users\User\Documents\AI_Robotics Projects\AAU\Summer\Synthetic_Dataset_YOLO_30\runs\detect\train-2\weights\best.pt,38.88,24.3
C:\Users\User\Documents\AI_Robotics Projects\AAU\Summer\Synthetic_Dataset_YOLO_30\runs\detect\train-2\weights\best.pt,37.75,28.7
C:\Users\User\Documents\AI_Robotics Projects\AAU\Summer\Synthetic_Dataset_YOLO_30\runs\detect\train-2\weights\best.pt,39.72,24.1
C:\Users\User\Documents\AI_Robotics Projects\AAU\Summer\Synthetic_Dataset_YOLO_30\runs\detect\train-2\weights\best.pt,40.07,30.2
C:\Users\User\Documents\AI_Robotics Projects\AAU\Summer\Synthetic_Dataset_YOLO_30\runs\detect\train-2\weights\best.pt,57.38,34.4
C:\Users\User\Documents\AI_Robotics Projects\AAU\Summer\Synthetic_Dataset_YOLO_30\runs\detect\train-2\weights\best.pt,39.28,28.4
C:\Users\User\Documents\AI_Robotics Projects\AAU\Summer\Synthetic_Dataset_YOLO_30\runs\detect\train-2\weights\best.pt,52.03,65.6
C:\Users\User\Documents\AI_Robotics Projects\AAU\Summer\Synthetic_Dataset_YOLO_30\runs\detect\train-2\weights\best.pt,41.04,25.6
C:\Users\User\Documents\AI_Robotics Projects\AAU\Summer\Synthetic_Dataset_YOLO_30\runs\detect\train-2\weights\best.pt,39.79,24.4
C:\Users\User\Documents\AI_Robotics Projects\AAU\Summer\Synthetic_Dataset_YOLO_30\runs\detect\train-2\weights\best.pt,42.21,79.0
C:\Users\User\Documents\AI_Robotics Projects\AAU\Summer\Synthetic_Dataset_YOLO_30\runs\detect\train-2\weights\best.pt,51.29,43.1
C:\Users\User\Documents\AI_Robotics Projects\AAU\Summer\Synthetic_Dataset_YOLO_30\runs\detect\train-2\weights\best.pt,42.24,88.0
C:\Users\User\Documents\AI_Robotics Projects\AAU\Summer\Synthetic_Dataset_YOLO_30\runs\detect\train-2\weights\best.pt,43.61,36.2
C:\Users\User\Documents\AI_Robotics Projects\AAU\Summer\Synthetic_Dataset_YOLO_30\runs\detect\train-2\weights\best.pt,42.1,28.0
C:\Users\User\Documents\AI_Robotics Projects\AAU\Summer\Synthetic_Dataset_YOLO_30\runs\detect\train-2\weights\best.pt,42.61,37.2
C:\Users\User\Documents\AI_Robotics Projects\AAU\Summer\Synthetic_Dataset_YOLO_30\runs\detect\train-2\weights\best.pt,37.06,26.7
C:\Users\User\Documents\AI_Robotics Projects\AAU\Summer\Synthetic_Dataset_YOLO_30\runs\detect\train-2\weights\best.pt,39.83,40.2
C:\Users\User\Documents\AI_Robotics Projects\AAU\Summer\Synthetic_Dataset_YOLO_30\runs\detect\train-2\weights\best.pt,51.07,33.8
C:\Users\User\Documents\AI_Robotics Projects\AAU\Summer\Synthetic_Dataset_YOLO_30\runs\detect\train-2\weights\best.pt,41.35,27.8
C:\Users\User\Documents\AI_Robotics Projects\AAU\Summer\Synthetic_Dataset_YOLO_30\runs\detect\train-2\weights\best.pt,42.25,25.1
C:\Users\User\Documents\AI_Robotics Projects\AAU\Summer\Synthetic_Dataset_YOLO_30\runs\detect\train-2\weights\best.pt,44.45,33.1
C:\Users\User\Documents\AI_Robotics Projects\AAU\Summer\Synthetic_Dataset_YOLO_30\runs\detect\train-2\weights\best.pt,37.34,31.9
C:\Users\User\Documents\AI_Robotics Projects\AAU\Summer\Synthetic_Dataset_YOLO_30\runs\detect\train-2\weights\best.pt,38.58,30.9
C:\Users\User\Documents\AI_Robotics Projects\AAU\Summer\Synthetic_Dataset_YOLO_30\runs\detect\train-2\weights\best.pt,42.07,29.2
C:\Users\User\Documents\AI_Robotics Projects\AAU\Summer\Synthetic_Dataset_YOLO_30\runs\detect\train-2\weights\best.pt,40.05,26.4
C:\Users\User\Documents\AI_Robotics Projects\AAU\Summer\Synthetic_Dataset_YOLO_30\runs\detect\train-2\weights\best.pt,48.96,36.9
C:\Users\User\Documents\AI_Robotics Projects\AAU\Summer\Synthetic_Dataset_YOLO_30\runs\detect\train-2\weights\best.pt,46.15,33.6
C:\Users\User\Documents\AI_Robotics Projects\AAU\Summer\Synthetic_Dataset_YOLO_30\runs\detect\train-2\weights\best.pt,39.21,41.9
C:\Users\User\Documents\AI_Robotics Projects\AAU\Summer\Synthetic_Dataset_YOLO_30\runs\detect\train-2\weights\best.pt,39.6,27.1
C:\Users\User\Documents\AI_Robotics Projects\AAU\Summer\Synthetic_Dataset_YOLO_30\runs\detect\train-2\weights\best.pt,36.4,30.8
C:\Users\User\Documents\AI_Robotics Projects\AAU\Summer\Synthetic_Dataset_YOLO_30\runs\detect\train-2\weights\best.pt,58.86,35.7
C:\Users\User\Documents\AI_Robotics Projects\AAU\Summer\Synthetic_Dataset_YOLO_30\runs\detect\train-2\weights\best.pt,42.77,34.4
C:\Users\User\Documents\AI_Robotics Projects\AAU\Summer\Synthetic_Dataset_YOLO_30\runs\detect\train-2\weights\best.pt,40.16,33.4
C:\Users\User\Documents\AI_Robotics Projects\AAU\Summer\Synthetic_Dataset_YOLO_30\runs\detect\train-2\weights\best.pt,37.9,27.8
C:\Users\User\Documents\AI_Robotics Projects\AAU\Summer\Synthetic_Dataset_YOLO_30\runs\detect\train-2\weights\best.pt,48.92,29.8
C:\Users\User\Documents\AI_Robotics Projects\AAU\Summer\Synthetic_Dataset_YOLO_30\runs\detect\train-2\weights\best.pt,37.3,40.2
C:\Users\User\Documents\AI_Robotics Projects\AAU\Summer\Synthetic_Dataset_YOLO_30\runs\detect\train-2\weights\best.pt,38.32,40.1
C:\Users\User\Documents\AI_Robotics Projects\AAU\Summer\Synthetic_Dataset_YOLO_30\runs\detect\train-2\weights\best.pt,42.57,28.0
C:\Users\User\Documents\AI_Robotics Projects\AAU\Summer\Synthetic_Dataset_YOLO_30\runs\detect\train-2\weights\best.pt,38.54,26.0
C:\Users\User\Documents\AI_Robotics Projects\AAU\Summer\Synthetic_Dataset_YOLO_30\runs\detect\train-2\weights\best.pt,49.3,26.5
C:\Users\User\Documents\AI_Robotics Projects\AAU\Summer\Synthetic_Dataset_YOLO_30\runs\detect\train-2\weights\best.pt,49.52,24.5
C:\Users\User\Documents\AI_Robotics Projects\AAU\Summer\Synthetic_Dataset_YOLO_30\runs\detect\train-2\weights\best.pt,37.33,26.4
C:\Users\User\Documents\AI_Robotics Projects\AAU\Summer\Synthetic_Dataset_YOLO_30\runs\detect\train-2\weights\best.pt,40.0,36.3
C:\Users\User\Documents\AI_Robotics Projects\AAU\Summer\Synthetic_Dataset_YOLO_30\runs\detect\train-2\weights\best.pt,38.48,29.7
C:\Users\User\Documents\AI_Robotics Projects\AAU\Summer\Synthetic_Dataset_YOLO_30\runs\detect\train-2\weights\best.pt,38.11,40.3
C:\Users\User\Documents\AI_Robotics Projects\AAU\Summer\Synthetic_Dataset_YOLO_30\runs\detect\train-2\weights\best.pt,44.74,28.3
C:\Users\User\Documents\AI_Robotics Projects\AAU\Summer\Synthetic_Dataset_YOLO_30\runs\detect\train-2\weights\best.pt,37.54,37.3
C:\Users\User\Documents\AI_Robotics Projects\AAU\Summer\Synthetic_Dataset_YOLO_30\runs\detect\train-2\weights\best.pt,38.4,40.4
C:\Users\User\Documents\AI_Robotics Projects\AAU\Summer\Synthetic_Dataset_YOLO_30\runs\detect\train-2\weights\best.pt,52.01,26.4
C:\Users\User\Documents\AI_Robotics Projects\AAU\Summer\Synthetic_Dataset_YOLO_30\runs\detect\train-2\weights\best.pt,47.62,34.3
C:\Users\User\Documents\AI_Robotics Projects\AAU\Summer\Synthetic_Dataset_YOLO_30\runs\detect\train-2\weights\best.pt,40.68,31.6
C:\Users\User\Documents\AI_Robotics Projects\AAU\Summer\Synthetic_Dataset_YOLO_30\runs\detect\train-2\weights\best.pt,43.3,24.4
C:\Users\User\Documents\AI_Robotics Projects\AAU\Summer\Synthetic_Dataset_YOLO_30\runs\detect\train-2\weights\best.pt,45.12,35.7
C:\Users\User\Documents\AI_Robotics Projects\AAU\Summer\Synthetic_Dataset_YOLO_30\runs\detect\train-2\weights\best.pt,41.64,24.5
C:\Users\User\Documents\AI_Robotics Projects\AAU\Summer\Synthetic_Dataset_YOLO_30\runs\detect\train-2\weights\best.pt,38.71,25.4
C:\Users\User\Documents\AI_Robotics Projects\AAU\Summer\Synthetic_Dataset_YOLO_30\runs\detect\train-2\weights\best.pt,39.44,37.6
C:\Users\User\Documents\AI_Robotics Projects\AAU\Summer\Synthetic_Dataset_YOLO_30\runs\detect\train-2\weights\best.pt,60.06,35.7
C:\Users\User\Documents\AI_Robotics Projects\AAU\Summer\Synthetic_Dataset_YOLO_30\runs\detect\train-2\weights\best.pt,42.26,25.5
C:\Users\User\Documents\AI_Robotics Projects\AAU\Summer\Synthetic_Dataset_YOLO_30\runs\detect\train-2\weights\best.pt,43.67,25.0
C:\Users\User\Documents\AI_Robotics Projects\AAU\Summer\Synthetic_Dataset_YOLO_30\runs\detect\train-2\weights\best.pt,39.23,28.6
C:\Users\User\Documents\AI_Robotics Projects\AAU\Summer\Synthetic_Dataset_YOLO_30\runs\detect\train-2\weights\best.pt,39.5,36.5
C:\Users\User\Documents\AI_Robotics Projects\AAU\Summer\Synthetic_Dataset_YOLO_30\runs\detect\train-2\weights\best.pt,37.12,26.5
C:\Users\User\Documents\AI_Robotics Projects\AAU\Summer\Synthetic_Dataset_YOLO_30\runs\detect\train-2\weights\best.pt,38.56,31.2
C:\Users\User\Documents\AI_Robotics Projects\AAU\Summer\Synthetic_Dataset_YOLO_30\runs\detect\train-2\weights\best.pt,43.51,26.1
C:\Users\User\Documents\AI_Robotics Projects\AAU\Summer\Synthetic_Dataset_YOLO_30\runs\detect\train-2\weights\best.pt,42.05,40.2
C:\Users\User\Documents\AI_Robotics Projects\AAU\Summer\Synthetic_Dataset_YOLO_30\runs\detect\train-2\weights\best.pt,37.96,73.5
C:\Users\User\Documents\AI_Robotics Projects\AAU\Summer\Synthetic_Dataset_YOLO_30\runs\detect\train-2\weights\best.pt,39.01,86.6
C:\Users\User\Documents\AI_Robotics Projects\AAU\Summer\Synthetic_Dataset_YOLO_30\runs\detect\train-2\weights\best.pt,47.07,70.9
C:\Users\User\Documents\AI_Robotics Projects\AAU\Summer\Synthetic_Dataset_YOLO_30\runs\detect\train-2\weights\best.pt,41.84,59.1
C:\Users\User\Documents\AI_Robotics Projects\AAU\Summer\Synthetic_Dataset_YOLO_30\runs\detect\train-2\weights\best.pt,53.78,64.1
C:\Users\User\Documents\AI_Robotics Projects\AAU\Summer\Synthetic_Dataset_YOLO_30\runs\detect\train-2\weights\best.pt,39.56,39.0
C:\Users\User\Documents\AI_Robotics Projects\AAU\Summer\Synthetic_Dataset_YOLO_30\runs\detect\train-2\weights\best.pt,45.22,71.9
C:\Users\User\Documents\AI_Robotics Projects\AAU\Summer\Synthetic_Dataset_YOLO_30\runs\detect\train-2\weights\best.pt,51.04,38.9
C:\Users\User\Documents\AI_Robotics Projects\AAU\Summer\Synthetic_Dataset_YOLO_30\runs\detect\train-2\weights\best.pt,44.64,43.1
C:\Users\User\Documents\AI_Robotics Projects\AAU\Summer\Synthetic_Dataset_YOLO_30\runs\detect\train-2\weights\best.pt,35.98,53.9
C:\Users\User\Documents\AI_Robotics Projects\AAU\Summer\Synthetic_Dataset_YOLO_30\runs\detect\train-2\weights\best.pt,50.72,53.0
C:\Users\User\Documents\AI_Robotics Projects\AAU\Summer\Synthetic_Dataset_YOLO_30\runs\detect\train-2\weights\best.pt,40.5,70.1
C:\Users\User\Documents\AI_Robotics Projects\AAU\Summer\Synthetic_Dataset_YOLO_30\runs\detect\train-2\weights\best.pt,54.8,43.3
C:\Users\User\Documents\AI_Robotics Projects\AAU\Summer\Synthetic_Dataset_YOLO_30\runs\detect\train-2\weights\best.pt,39.02,55.6
C:\Users\User\Documents\AI_Robotics Projects\AAU\Summer\Synthetic_Dataset_YOLO_30\runs\detect\train-2\weights\best.pt,45.17,78.3
C:\Users\User\Documents\AI_Robotics Projects\AAU\Summer\Synthetic_Dataset_YOLO_30\runs\detect\train-2\weights\best.pt,37.96,63.4
C:\Users\User\Documents\AI_Robotics Projects\AAU\Summer\Synthetic_Dataset_YOLO_30\runs\detect\train-2\weights\best.pt,42.55,51.7
C:\Users\User\Documents\AI_Robotics Projects\AAU\Summer\Synthetic_Dataset_YOLO_30\runs\detect\train-2\weights\best.pt,39.62,39.3
C:\Users\User\Documents\AI_Robotics Projects\AAU\Summer\Synthetic_Dataset_YOLO_30\runs\detect\train-2\weights\best.pt,38.09,83.2
C:\Users\User\Documents\AI_Robotics Projects\AAU\Summer\Synthetic_Dataset_YOLO_30\runs\detect\train-2\weights\best.pt,60.38,40.4
C:\Users\User\Documents\AI_Robotics Projects\AAU\Summer\Synthetic_Dataset_YOLO_30\runs\detect\train-2\weights\best.pt,41.23,70.8
C:\Users\User\Documents\AI_Robotics Projects\AAU\Summer\Synthetic_Dataset_YOLO_30\runs\detect\train-2\weights\best.pt,54.49,52.0
C:\Users\User\Documents\AI_Robotics Projects\AAU\Summer\Synthetic_Dataset_YOLO_30\runs\detect\train-2\weights\best.pt,44.59,49.7
C:\Users\User\Documents\AI_Robotics Projects\AAU\Summer\Synthetic_Dataset_YOLO_30\runs\detect\train-2\weights\best.pt,39.54,41.2
C:\Users\User\Documents\AI_Robotics Projects\AAU\Summer\Synthetic_Dataset_YOLO_30\runs\detect\train-2\weights\best.pt,39.81,64.3
C:\Users\User\Documents\AI_Robotics Projects\AAU\Summer\Synthetic_Dataset_YOLO_30\runs\detect\train-2\weights\best.pt,39.26,90.2
C:\Users\User\Documents\AI_Robotics Projects\AAU\Summer\Synthetic_Dataset_YOLO_30\runs\detect\train-2\weights\best.pt,39.32,60.1
C:\Users\User\Documents\AI_Robotics Projects\AAU\Summer\Synthetic_Dataset_YOLO_30\runs\detect\train-2\weights\best.pt,37.45,52.1
C:\Users\User\Documents\AI_Robotics Projects\AAU\Summer\Synthetic_Dataset_YOLO_30\runs\detect\train-2\weights\best.pt,38.89,40.1
C:\Users\User\Documents\AI_Robotics Projects\AAU\Summer\Synthetic_Dataset_YOLO_30\runs\detect\train-2\weights\best.pt,38.49,82.7
C:\Users\User\Documents\AI_Robotics Projects\AAU\Summer\Synthetic_Dataset_YOLO_30\runs\detect\train-2\weights\best.pt,37.41,45.9
C:\Users\User\Documents\AI_Robotics Projects\AAU\Summer\Synthetic_Dataset_YOLO_30\runs\detect\train-2\weights\best.pt,75.29,56.8
C:\Users\User\Documents\AI_Robotics Projects\AAU\Summer\Synthetic_Dataset_YOLO_30\runs\detect\train-2\weights\best.pt,37.51,97.6
C:\Users\User\Documents\AI_Robotics Projects\AAU\Summer\Synthetic_Dataset_YOLO_30\runs\detect\train-2\weights\best.pt,39.81,69.3
C:\Users\User\Documents\AI_Robotics Projects\AAU\Summer\Synthetic_Dataset_YOLO_30\runs\detect\train-2\weights\best.pt,43.77,90.6
C:\Users\User\Documents\AI_Robotics Projects\AAU\Summer\Synthetic_Dataset_YOLO_30\runs\detect\train-2\weights\best.pt,37.75,88.4
C:\Users\User\Documents\AI_Robotics Projects\AAU\Summer\Synthetic_Dataset_YOLO_30\runs\detect\train-2\weights\best.pt,37.65,52.4
C:\Users\User\Documents\AI_Robotics Projects\AAU\Summer\Synthetic_Dataset_YOLO_30\runs\detect\train-2\weights\best.pt,42.89,41.0
C:\Users\User\Documents\AI_Robotics Projects\AAU\Summer\Synthetic_Dataset_YOLO_30\runs\detect\train-2\weights\best.pt,38.84,95.9
C:\Users\User\Documents\AI_Robotics Projects\AAU\Summer\Synthetic_Dataset_YOLO_30\runs\detect\train-2\weights\best.pt,39.58,68.2
C:\Users\User\Documents\AI_Robotics Projects\AAU\Summer\Synthetic_Dataset_YOLO_30\runs\detect\train-2\weights\best.pt,47.58,129.6
C:\Users\User\Documents\AI_Robotics Projects\AAU\Summer\Synthetic_Dataset_YOLO_30\runs\detect\train-2\weights\best.pt,41.87,108.2
C:\Users\User\Documents\AI_Robotics Projects\AAU\Summer\Synthetic_Dataset_YOLO_30\runs\detect\train-2\weights\best.pt,39.45,78.6
C:\Users\User\Documents\AI_Robotics Projects\AAU\Summer\Synthetic_Dataset_YOLO_30\runs\detect\train-2\weights\best.pt,36.63,39.2
C:\Users\User\Documents\AI_Robotics Projects\AAU\Summer\Synthetic_Dataset_YOLO_30\runs\detect\train-2\weights\best.pt,39.21,76.5
C:\Users\User\Documents\AI_Robotics Projects\AAU\Summer\Synthetic_Dataset_YOLO_30\runs\detect\train-2\weights\best.pt,39.97,80.8
C:\Users\User\Documents\AI_Robotics Projects\AAU\Summer\Synthetic_Dataset_YOLO_30\runs\detect\train-2\weights\best.pt,49.96,69.4
C:\Users\User\Documents\AI_Robotics Projects\AAU\Summer\Synthetic_Dataset_YOLO_30\runs\detect\train-2\weights\best.pt,39.33,56.1
C:\Users\User\Documents\AI_Robotics Projects\AAU\Summer\Synthetic_Dataset_YOLO_30\runs\detect\train-2\weights\best.pt,38.94,28.0
C:\Users\User\Documents\AI_Robotics Projects\AAU\Summer\Synthetic_Dataset_YOLO_30\runs\detect\train-2\weights\best.pt,37.79,44.6
C:\Users\User\Documents\AI_Robotics Projects\AAU\Summer\Synthetic_Dataset_YOLO_30\runs\detect\train-2\weights\best.pt,40.22,57.5
C:\Users\User\Documents\AI_Robotics Projects\AAU\Summer\Synthetic_Dataset_YOLO_30\runs\detect\train-2\weights\best.pt,55.44,104.1
C:\Users\User\Documents\AI_Robotics Projects\AAU\Summer\Synthetic_Dataset_YOLO_30\runs\detect\train-2\weights\best.pt,39.02,38.3
C:\Users\User\Documents\AI_Robotics Projects\AAU\Summer\Synthetic_Dataset_YOLO_30\runs\detect\train-2\weights\best.pt,47.65,25.5
C:\Users\User\Documents\AI_Robotics Projects\AAU\Summer\Synthetic_Dataset_YOLO_30\runs\detect\train-2\weights\best.pt,38.6,39.3
C:\Users\User\Documents\AI_Robotics Projects\AAU\Summer\Synthetic_Dataset_YOLO_30\runs\detect\train-2\weights\best.pt,41.94,27.9
C:\Users\User\Documents\AI_Robotics Projects\AAU\Summer\Synthetic_Dataset_YOLO_30\runs\detect\train-2\weights\best.pt,38.66,28.3
C:\Users\User\Documents\AI_Robotics Projects\AAU\Summer\Synthetic_Dataset_YOLO_30\runs\detect\train-2\weights\best.pt,53.06,24.8
C:\Users\User\Documents\AI_Robotics Projects\AAU\Summer\Synthetic_Dataset_YOLO_30\runs\detect\train-2\weights\best.pt,39.21,28.8
C:\Users\User\Documents\AI_Robotics Projects\AAU\Summer\Synthetic_Dataset_YOLO_30\runs\detect\train-2\weights\best.pt,60.43,28.7
C:\Users\User\Documents\AI_Robotics Projects\AAU\Summer\Synthetic_Dataset_YOLO_30\runs\detect\train-2\weights\best.pt,61.42,30.7
C:\Users\User\Documents\AI_Robotics Projects\AAU\Summer\Synthetic_Dataset_YOLO_30\runs\detect\train-2\weights\best.pt,48.63,29.5
C:\Users\User\Documents\AI_Robotics Projects\AAU\Summer\Synthetic_Dataset_YOLO_30\runs\detect\train-2\weights\best.pt,41.75,26.7
C:\Users\User\Documents\AI_Robotics Projects\AAU\Summer\Synthetic_Dataset_YOLO_30\runs\detect\train-2\weights\best.pt,39.38,20.2
C:\Users\User\Documents\AI_Robotics Projects\AAU\Summer\Synthetic_Dataset_YOLO_30\runs\detect\train-2\weights\best.pt,39.03,33.7
C:\Users\User\Documents\AI_Robotics Projects\AAU\Summer\Synthetic_Dataset_YOLO_30\runs\detect\train-2\weights\best.pt,40.83,27.2
C:\Users\User\Documents\AI_Robotics Projects\AAU\Summer\Synthetic_Dataset_YOLO_30\runs\detect\train-2\weights\best.pt,45.4,32.1
C:\Users\User\Documents\AI_Robotics Projects\AAU\Summer\Synthetic_Dataset_YOLO_30\runs\detect\train-2\weights\best.pt,46.29,38.5
C:\Users\User\Documents\AI_Robotics Projects\AAU\Summer\Synthetic_Dataset_YOLO_30\runs\detect\train-2\weights\best.pt,55.33,31.9
C:\Users\User\Documents\AI_Robotics Projects\AAU\Summer\Synthetic_Dataset_YOLO_30\runs\detect\train-2\weights\best.pt,54.25,31.7
C:\Users\User\Documents\AI_Robotics Projects\AAU\Summer\Synthetic_Dataset_YOLO_30\runs\detect\train-2\weights\best.pt,44.28,25.1
C:\Users\User\Documents\AI_Robotics Projects\AAU\Summer\Synthetic_Dataset_YOLO_30\runs\detect\train-2\weights\best.pt,41.28,63.5
C:\Users\User\Documents\AI_Robotics Projects\AAU\Summer\Synthetic_Dataset_YOLO_30\runs\detect\train-2\weights\best.pt,43.2,24.1
C:\Users\User\Documents\AI_Robotics Projects\AAU\Summer\Synthetic_Dataset_YOLO_30\runs\detect\train-2\weights\best.pt,41.5,38.8
C:\Users\User\Documents\AI_Robotics Projects\AAU\Summer\Synthetic_Dataset_YOLO_30\runs\detect\train-2\weights\best.pt,40.75,34.0
C:\Users\User\Documents\AI_Robotics Projects\AAU\Summer\Synthetic_Dataset_YOLO_30\runs\detect\train-2\weights\best.pt,47.99,27.0
C:\Users\User\Documents\AI_Robotics Projects\AAU\Summer\Synthetic_Dataset_YOLO_30\runs\detect\train-2\weights\best.pt,58.42,33.3
C:\Users\User\Documents\AI_Robotics Projects\AAU\Summer\Synthetic_Dataset_YOLO_30\runs\detect\train-2\weights\best.pt,43.87,26.5
C:\Users\User\Documents\AI_Robotics Projects\AAU\Summer\Synthetic_Dataset_YOLO_30\runs\detect\train-2\weights\best.pt,41.4,34.8
C:\Users\User\Documents\AI_Robotics Projects\AAU\Summer\Synthetic_Dataset_YOLO_30\runs\detect\train-2\weights\best.pt,51.89,29.8
C:\Users\User\Documents\AI_Robotics Projects\AAU\Summer\Synthetic_Dataset_YOLO_30\runs\detect\train-2\weights\best.pt,38.22,32.7
C:\Users\User\Documents\AI_Robotics Projects\AAU\Summer\Synthetic_Dataset_YOLO_30\runs\detect\train-2\weights\best.pt,37.4,36.2
C:\Users\User\Documents\AI_Robotics Projects\AAU\Summer\Synthetic_Dataset_YOLO_30\runs\detect\train-2\weights\best.pt,39.54,27.6
C:\Users\User\Documents\AI_Robotics Projects\AAU\Summer\Synthetic_Dataset_YOLO_30\runs\detect\train-2\weights\best.pt,50.38,27.5
C:\Users\User\Documents\AI_Robotics Projects\AAU\Summer\Synthetic_Dataset_YOLO_30\runs\detect\train-2\weights\best.pt,41.75,29.3
C:\Users\User\Documents\AI_Robotics Projects\AAU\Summer\Synthetic_Dataset_YOLO_30\runs\detect\train-2\weights\best.pt,38.88,28.1
C:\Users\User\Documents\AI_Robotics Projects\AAU\Summer\Synthetic_Dataset_YOLO_30\runs\detect\train-2\weights\best.pt,42.05,22.3
C:\Users\User\Documents\AI_Robotics Projects\AAU\Summer\Synthetic_Dataset_YOLO_30\runs\detect\train-2\weights\best.pt,42.03,25.5
C:\Users\User\Documents\AI_Robotics Projects\AAU\Summer\Synthetic_Dataset_YOLO_30\runs\detect\train-2\weights\best.pt,38.86,37.0
C:\Users\User\Documents\AI_Robotics Projects\AAU\Summer\Synthetic_Dataset_YOLO_30\runs\detect\train-2\weights\best.pt,42.68,32.2
C:\Users\User\Documents\AI_Robotics Projects\AAU\Summer\Synthetic_Dataset_YOLO_30\runs\detect\train-2\weights\best.pt,49.2,35.0
C:\Users\User\Documents\AI_Robotics Projects\AAU\Summer\Synthetic_Dataset_YOLO_30\runs\detect\train-2\weights\best.pt,38.28,26.5
C:\Users\User\Documents\AI_Robotics Projects\AAU\Summer\Synthetic_Dataset_YOLO_30\runs\detect\train-2\weights\best.pt,40.08,39.2
C:\Users\User\Documents\AI_Robotics Projects\AAU\Summer\Synthetic_Dataset_YOLO_30\runs\detect\train-2\weights\best.pt,38.79,24.6
C:\Users\User\Documents\AI_Robotics Projects\AAU\Summer\Synthetic_Dataset_YOLO_30\runs\detect\train-2\weights\best.pt,38.35,33.5
C:\Users\User\Documents\AI_Robotics Projects\AAU\Summer\Synthetic_Dataset_YOLO_30\runs\detect\train-2\weights\best.pt,38.67,36.8
C:\Users\User\Documents\AI_Robotics Projects\AAU\Summer\Synthetic_Dataset_YOLO_30\runs\detect\train-2\weights\best.pt,38.36,35.0
C:\Users\User\Documents\AI_Robotics Projects\AAU\Summer\Synthetic_Dataset_YOLO_30\runs\detect\train-2\weights\best.pt,52.32,28.7
C:\Users\User\Documents\AI_Robotics Projects\AAU\Summer\Synthetic_Dataset_YOLO_30\runs\detect\train-2\weights\best.pt,41.32,32.6
C:\Users\User\Documents\AI_Robotics Projects\AAU\Summer\Synthetic_Dataset_YOLO_30\runs\detect\train-2\weights\best.pt,44.53,29.0
C:\Users\User\Documents\AI_Robotics Projects\AAU\Summer\Synthetic_Dataset_YOLO_30\runs\detect\train-2\weights\best.pt,55.78,25.5
C:\Users\User\Documents\AI_Robotics Projects\AAU\Summer\Synthetic_Dataset_YOLO_30\runs\detect\train-2\weights\best.pt,40.48,32.2
C:\Users\User\Documents\AI_Robotics Projects\AAU\Summer\Synthetic_Dataset_YOLO_30\runs\detect\train-2\weights\best.pt,40.17,26.0
C:\Users\User\Documents\AI_Robotics Projects\AAU\Summer\Synthetic_Dataset_YOLO_30\runs\detect\train-2\weights\best.pt,39.98,33.0
C:\Users\User\Documents\AI_Robotics Projects\AAU\Summer\Synthetic_Dataset_YOLO_30\runs\detect\train-2\weights\best.pt,38.67,38.1
C:\Users\User\Documents\AI_Robotics Projects\AAU\Summer\Synthetic_Dataset_YOLO_30\runs\detect\train-2\weights\best.pt,48.88,38.3
C:\Users\User\Documents\AI_Robotics Projects\AAU\Summer\Synthetic_Dataset_YOLO_30\runs\detect\train-2\weights\best.pt,40.84,27.8
C:\Users\User\Documents\AI_Robotics Projects\AAU\Summer\Synthetic_Dataset_YOLO_30\runs\detect\train-2\weights\best.pt,41.06,25.5
C:\Users\User\Documents\AI_Robotics Projects\AAU\Summer\Synthetic_Dataset_YOLO_30\runs\detect\train-2\weights\best.pt,41.4,28.9
C:\Users\User\Documents\AI_Robotics Projects\AAU\Summer\Synthetic_Dataset_YOLO_30\runs\detect\train-2\weights\best.pt,44.44,25.9
C:\Users\User\Documents\AI_Robotics Projects\AAU\Summer\Synthetic_Dataset_YOLO_30\runs\detect\train-2\weights\best.pt,48.85,31.0
C:\Users\User\Documents\AI_Robotics Projects\AAU\Summer\Synthetic_Dataset_YOLO_30\runs\detect\train-2\weights\best.pt,42.84,24.7
C:\Users\User\Documents\AI_Robotics Projects\AAU\Summer\Synthetic_Dataset_YOLO_30\runs\detect\train-2\weights\best.pt,49.25,32.2
C:\Users\User\Documents\AI_Robotics Projects\AAU\Summer\Synthetic_Dataset_YOLO_30\runs\detect\train-2\weights\best.pt,39.73,30.2
C:\Users\User\Documents\AI_Robotics Projects\AAU\Summer\Synthetic_Dataset_YOLO_30\runs\detect\train-2\weights\best.pt,40.49,27.8
C:\Users\User\Documents\AI_Robotics Projects\AAU\Summer\Synthetic_Dataset_YOLO_30\runs\detect\train-2\weights\best.pt,45.23,33.2
C:\Users\User\Documents\AI_Robotics Projects\AAU\Summer\Synthetic_Dataset_YOLO_30\runs\detect\train-2\weights\best.pt,38.83,29.9
C:\Users\User\Documents\AI_Robotics Projects\AAU\Summer\Synthetic_Dataset_YOLO_30\runs\detect\train-2\weights\best.pt,40.76,27.1
C:\Users\User\Documents\AI_Robotics Projects\AAU\Summer\Synthetic_Dataset_YOLO_30\runs\detect\train-2\weights\best.pt,40.21,32.1
C:\Users\User\Documents\AI_Robotics Projects\AAU\Summer\Synthetic_Dataset_YOLO_30\runs\detect\train-2\weights\best.pt,48.0,32.5
C:\Users\User\Documents\AI_Robotics Projects\AAU\Summer\Synthetic_Dataset_YOLO_30\runs\detect\train-2\weights\best.pt,38.84,22.6
C:\Users\User\Documents\AI_Robotics Projects\AAU\Summer\Synthetic_Dataset_YOLO_30\runs\detect\train-2\weights\best.pt,48.92,27.0
C:\Users\User\Documents\AI_Robotics Projects\AAU\Summer\Synthetic_Dataset_YOLO_30\runs\detect\train-2\weights\best.pt,39.71,33.0
C:\Users\User\Documents\AI_Robotics Projects\AAU\Summer\Synthetic_Dataset_YOLO_30\runs\detect\train-2\weights\best.pt,49.29,26.3
C:\Users\User\Documents\AI_Robotics Projects\AAU\Summer\Synthetic_Dataset_YOLO_30\runs\detect\train-2\weights\best.pt,51.07,34.6
C:\Users\User\Documents\AI_Robotics Projects\AAU\Summer\Synthetic_Dataset_YOLO_30\runs\detect\train-2\weights\best.pt,58.0,26.9
C:\Users\User\Documents\AI_Robotics Projects\AAU\Summer\Synthetic_Dataset_YOLO_30\runs\detect\train-2\weights\best.pt,43.82,31.2
C:\Users\User\Documents\AI_Robotics Projects\AAU\Summer\Synthetic_Dataset_YOLO_30\runs\detect\train-2\weights\best.pt,46.3,25.6
C:\Users\User\Documents\AI_Robotics Projects\AAU\Summer\Synthetic_Dataset_YOLO_30\runs\detect\train-2\weights\best.pt,48.5,27.4
C:\Users\User\Documents\AI_Robotics Projects\AAU\Summer\Synthetic_Dataset_YOLO_30\runs\detect\train-2\weights\best.pt,39.39,28.1
C:\Users\User\Documents\AI_Robotics Projects\AAU\Summer\Synthetic_Dataset_YOLO_30\runs\detect\train-2\weights\best.pt,44.35,22.5
C:\Users\User\Documents\AI_Robotics Projects\AAU\Summer\Synthetic_Dataset_YOLO_30\runs\detect\train-2\weights\best.pt,46.55,27.3
C:\Users\User\Documents\AI_Robotics Projects\AAU\Summer\Synthetic_Dataset_YOLO_30\runs\detect\train-2\weights\best.pt,39.89,24.8
C:\Users\User\Documents\AI_Robotics Projects\AAU\Summer\Synthetic_Dataset_YOLO_30\runs\detect\train-2\weights\best.pt,42.29,31.5
C:\Users\User\Documents\AI_Robotics Projects\AAU\Summer\Synthetic_Dataset_YOLO_30\runs\detect\train-2\weights\best.pt,39.55,34.0
C:\Users\User\Documents\AI_Robotics Projects\AAU\Summer\Synthetic_Dataset_YOLO_30\runs\detect\train-2\weights\best.pt,41.96,27.0
C:\Users\User\Documents\AI_Robotics Projects\AAU\Summer\Synthetic_Dataset_YOLO_30\runs\detect\train-2\weights\best.pt,47.79,22.6
C:\Users\User\Documents\AI_Robotics Projects\AAU\Summer\Synthetic_Dataset_YOLO_30\runs\detect\train-2\weights\best.pt,51.88,27.1
C:\Users\User\Documents\AI_Robotics Projects\AAU\Summer\Synthetic_Dataset_YOLO_30\runs\detect\train-2\weights\best.pt,43.03,30.2
C:\Users\User\Documents\AI_Robotics Projects\AAU\Summer\Synthetic_Dataset_YOLO_30\runs\detect\train-2\weights\best.pt,44.58,27.2
C:\Users\User\Documents\AI_Robotics Projects\AAU\Summer\Synthetic_Dataset_YOLO_30\runs\detect\train-2\weights\best.pt,47.1,24.6
C:\Users\User\Documents\AI_Robotics Projects\AAU\Summer\Synthetic_Dataset_YOLO_30\runs\detect\train-2\weights\best.pt,40.03,25.1
C:\Users\User\Documents\AI_Robotics Projects\AAU\Summer\Synthetic_Dataset_YOLO_30\runs\detect\train-2\weights\best.pt,42.84,22.8
C:\Users\User\Documents\AI_Robotics Projects\AAU\Summer\Synthetic_Dataset_YOLO_30\runs\detect\train-2\weights\best.pt,41.17,26.4
C:\Users\User\Documents\AI_Robotics Projects\AAU\Summer\Synthetic_Dataset_YOLO_30\runs\detect\train-2\weights\best.pt,40.15,26.3
C:\Users\User\Documents\AI_Robotics Projects\AAU\Summer\Synthetic_Dataset_YOLO_30\runs\detect\train-2\weights\best.pt,41.53,31.8
C:\Users\User\Documents\AI_Robotics Projects\AAU\Summer\Synthetic_Dataset_YOLO_30\runs\detect\train-2\weights\best.pt,43.38,26.5
C:\Users\User\Documents\AI_Robotics Projects\AAU\Summer\Synthetic_Dataset_YOLO_30\runs\detect\train-2\weights\best.pt,40.78,26.8
C:\Users\User\Documents\AI_Robotics Projects\AAU\Summer\Synthetic_Dataset_YOLO_30\runs\detect\train-2\weights\best.pt,41.83,28.5
C:\Users\User\Documents\AI_Robotics Projects\AAU\Summer\Synthetic_Dataset_YOLO_30\runs\detect\train-2\weights\best.pt,60.48,29.8
C:\Users\User\Documents\AI_Robotics Projects\AAU\Summer\Synthetic_Dataset_YOLO_30\runs\detect\train-2\weights\best.pt,62.07,34.0
C:\Users\User\Documents\AI_Robotics Projects\AAU\Summer\Synthetic_Dataset_YOLO_30\runs\detect\train-2\weights\best.pt,45.0,31.0
C:\Users\User\Documents\AI_Robotics Projects\AAU\Summer\Synthetic_Dataset_YOLO_30\runs\detect\train-2\weights\best.pt,42.49,25.6
C:\Users\User\Documents\AI_Robotics Projects\AAU\Summer\Synthetic_Dataset_YOLO_30\runs\detect\train-2\weights\best.pt,49.35,25.8
C:\Users\User\Documents\AI_Robotics Projects\AAU\Summer\Synthetic_Dataset_YOLO_30\runs\detect\train-2\weights\best.pt,40.3,31.4
C:\Users\User\Documents\AI_Robotics Projects\AAU\Summer\Synthetic_Dataset_YOLO_30\runs\detect\train-2\weights\best.pt,42.12,25.5
C:\Users\User\Documents\AI_Robotics Projects\AAU\Summer\Synthetic_Dataset_YOLO_30\runs\detect\train-2\weights\best.pt,53.66,27.2
C:\Users\User\Documents\AI_Robotics Projects\AAU\Summer\Synthetic_Dataset_YOLO_30\runs\detect\train-2\weights\best.pt,40.38,23.5
C:\Users\User\Documents\AI_Robotics Projects\AAU\Summer\Synthetic_Dataset_YOLO_30\runs\detect\train-2\weights\best.pt,41.64,32.2
C:\Users\User\Documents\AI_Robotics Projects\AAU\Summer\Synthetic_Dataset_YOLO_30\runs\detect\train-2\weights\best.pt,41.79,32.0
C:\Users\User\Documents\AI_Robotics Projects\AAU\Summer\Synthetic_Dataset_YOLO_30\runs\detect\train-2\weights\best.pt,48.42,26.5
C:\Users\User\Documents\AI_Robotics Projects\AAU\Summer\Synthetic_Dataset_YOLO_30\runs\detect\train-2\weights\best.pt,42.25,25.2
C:\Users\User\Documents\AI_Robotics Projects\AAU\Summer\Synthetic_Dataset_YOLO_30\runs\detect\train-2\weights\best.pt,43.04,22.6
C:\Users\User\Documents\AI_Robotics Projects\AAU\Summer\Synthetic_Dataset_YOLO_30\runs\detect\train-2\weights\best.pt,59.71,29.7
C:\Users\User\Documents\AI_Robotics Projects\AAU\Summer\Synthetic_Dataset_YOLO_30\runs\detect\train-2\weights\best.pt,44.13,28.5
C:\Users\User\Documents\AI_Robotics Projects\AAU\Summer\Synthetic_Dataset_YOLO_30\runs\detect\train-2\weights\best.pt,48.16,23.1
C:\Users\User\Documents\AI_Robotics Projects\AAU\Summer\Synthetic_Dataset_YOLO_30\runs\detect\train-2\weights\best.pt,47.31,35.1
C:\Users\User\Documents\AI_Robotics Projects\AAU\Summer\Synthetic_Dataset_YOLO_30\runs\detect\train-2\weights\best.pt,43.12,24.1
C:\Users\User\Documents\AI_Robotics Projects\AAU\Summer\Synthetic_Dataset_YOLO_30\runs\detect\train-2\weights\best.pt,42.59,35.4
C:\Users\User\Documents\AI_Robotics Projects\AAU\Summer\Synthetic_Dataset_YOLO_30\runs\detect\train-2\weights\best.pt,40.55,23.1
C:\Users\User\Documents\AI_Robotics Projects\AAU\Summer\Synthetic_Dataset_YOLO_30\runs\detect\train-2\weights\best.pt,45.53,32.6
C:\Users\User\Documents\AI_Robotics Projects\AAU\Summer\Synthetic_Dataset_YOLO_30\runs\detect\train-2\weights\best.pt,39.67,25.7
C:\Users\User\Documents\AI_Robotics Projects\AAU\Summer\Synthetic_Dataset_YOLO_30\runs\detect\train-2\weights\best.pt,45.11,23.6
C:\Users\User\Documents\AI_Robotics Projects\AAU\Summer\Synthetic_Dataset_YOLO_30\runs\detect\train-2\weights\best.pt,51.92,35.7
C:\Users\User\Documents\AI_Robotics Projects\AAU\Summer\Synthetic_Dataset_YOLO_30\runs\detect\train-2\weights\best.pt,45.1,28.2
C:\Users\User\Documents\AI_Robotics Projects\AAU\Summer\Synthetic_Dataset_YOLO_30\runs\detect\train-2\weights\best.pt,60.27,28.4
C:\Users\User\Documents\AI_Robotics Projects\AAU\Summer\Synthetic_Dataset_YOLO_30\runs\detect\train-2\weights\best.pt,56.96,28.5
C:\Users\User\Documents\AI_Robotics Projects\AAU\Summer\Synthetic_Dataset_YOLO_30\runs\detect\train-2\weights\best.pt,52.12,29.4
C:\Users\User\Documents\AI_Robotics Projects\AAU\Summer\Synthetic_Dataset_YOLO_30\runs\detect\train-2\weights\best.pt,52.45,33.0
C:\Users\User\Documents\AI_Robotics Projects\AAU\Summer\Synthetic_Dataset_YOLO_30\runs\detect\train-2\weights\best.pt,42.96,24.4
C:\Users\User\Documents\AI_Robotics Projects\AAU\Summer\Synthetic_Dataset_YOLO_30\runs\detect\train-2\weights\best.pt,43.76,24.5
C:\Users\User\Documents\AI_Robotics Projects\AAU\Summer\Synthetic_Dataset_YOLO_30\runs\detect\train-2\weights\best.pt,43.77,23.7
C:\Users\User\Documents\AI_Robotics Projects\AAU\Summer\Synthetic_Dataset_YOLO_30\runs\detect\train-2\weights\best.pt,53.68,27.5
C:\Users\User\Documents\AI_Robotics Projects\AAU\Summer\Synthetic_Dataset_YOLO_30\runs\detect\train-2\weights\best.pt,42.25,31.9
C:\Users\User\Documents\AI_Robotics Projects\AAU\Summer\Synthetic_Dataset_YOLO_30\runs\detect\train-2\weights\best.pt,44.87,36.5
C:\Users\User\Documents\AI_Robotics Projects\AAU\Summer\Synthetic_Dataset_YOLO_30\runs\detect\train-2\weights\best.pt,52.71,25.9
C:\Users\User\Documents\AI_Robotics Projects\AAU\Summer\Synthetic_Dataset_YOLO_30\runs\detect\train-2\weights\best.pt,41.06,32.9
C:\Users\User\Documents\AI_Robotics Projects\AAU\Summer\Synthetic_Dataset_YOLO_30\runs\detect\train-2\weights\best.pt,43.42,28.2
C:\Users\User\Documents\AI_Robotics Projects\AAU\Summer\Synthetic_Dataset_YOLO_30\runs\detect\train-2\weights\best.pt,58.47,28.4
C:\Users\User\Documents\AI_Robotics Projects\AAU\Summer\Synthetic_Dataset_YOLO_30\runs\detect\train-2\weights\best.pt,59.38,32.4
C:\Users\User\Documents\AI_Robotics Projects\AAU\Summer\Synthetic_Dataset_YOLO_30\runs\detect\train-2\weights\best.pt,46.86,33.7
C:\Users\User\Documents\AI_Robotics Projects\AAU\Summer\Synthetic_Dataset_YOLO_30\runs\detect\train-2\weights\best.pt,45.46,23.8
C:\Users\User\Documents\AI_Robotics Projects\AAU\Summer\Synthetic_Dataset_YOLO_30\runs\detect\train-2\weights\best.pt,52.78,34.9
C:\Users\User\Documents\AI_Robotics Projects\AAU\Summer\Synthetic_Dataset_YOLO_30\runs\detect\train-2\weights\best.pt,45.14,27.8
C:\Users\User\Documents\AI_Robotics Projects\AAU\Summer\Synthetic_Dataset_YOLO_30\runs\detect\train-2\weights\best.pt,43.27,35.4
C:\Users\User\Documents\AI_Robotics Projects\AAU\Summer\Synthetic_Dataset_YOLO_30\runs\detect\train-2\weights\best.pt,62.25,31.7
C:\Users\User\Documents\AI_Robotics Projects\AAU\Summer\Synthetic_Dataset_YOLO_30\runs\detect\train-2\weights\best.pt,42.32,25.3
C:\Users\User\Documents\AI_Robotics Projects\AAU\Summer\Synthetic_Dataset_YOLO_30\runs\detect\train-2\weights\best.pt,42.87,34.0
C:\Users\User\Documents\AI_Robotics Projects\AAU\Summer\Synthetic_Dataset_YOLO_30\runs\detect\train-2\weights\best.pt,45.27,34.6
C:\Users\User\Documents\AI_Robotics Projects\AAU\Summer\Synthetic_Dataset_YOLO_30\runs\detect\train-2\weights\best.pt,41.44,38.6
C:\Users\User\Documents\AI_Robotics Projects\AAU\Summer\Synthetic_Dataset_YOLO_30\runs\detect\train-2\weights\best.pt,62.81,32.3
C:\Users\User\Documents\AI_Robotics Projects\AAU\Summer\Synthetic_Dataset_YOLO_30\runs\detect\train-2\weights\best.pt,47.94,52.2
C:\Users\User\Documents\AI_Robotics Projects\AAU\Summer\Synthetic_Dataset_YOLO_30\runs\detect\train-2\weights\best.pt,54.39,152.2
C:\Users\User\Documents\AI_Robotics Projects\AAU\Summer\Synthetic_Dataset_YOLO_30\runs\detect\train-2\weights\best.pt,44.81,160.1
C:\Users\User\Documents\AI_Robotics Projects\AAU\Summer\Synthetic_Dataset_YOLO_30\runs\detect\train-2\weights\best.pt,46.13,111.8
C:\Users\User\Documents\AI_Robotics Projects\AAU\Summer\Synthetic_Dataset_YOLO_30\runs\detect\train-2\weights\best.pt,41.95,124.2
C:\Users\User\Documents\AI_Robotics Projects\AAU\Summer\Synthetic_Dataset_YOLO_30\runs\detect\train-2\weights\best.pt,43.39,106.8
C:\Users\User\Documents\AI_Robotics Projects\AAU\Summer\Synthetic_Dataset_YOLO_30\runs\detect\train-2\weights\best.pt,120.29,71.7
C:\Users\User\Documents\AI_Robotics Projects\AAU\Summer\Synthetic_Dataset_YOLO_30\runs\detect\train-2\weights\best.pt,68.62,41.2
C:\Users\User\Documents\AI_Robotics Projects\AAU\Summer\Synthetic_Dataset_YOLO_30\runs\detect\train-2\weights\best.pt,85.34,67.7
C:\Users\User\Documents\AI_Robotics Projects\AAU\Summer\Synthetic_Dataset_YOLO_30\runs\detect\train-2\weights\best.pt,104.77,53.3
C:\Users\User\Documents\AI_Robotics Projects\AAU\Summer\Synthetic_Dataset_YOLO_30\runs\detect\train-2\weights\best.pt,80.94,67.2
C:\Users\User\Documents\AI_Robotics Projects\AAU\Summer\Synthetic_Dataset_YOLO_30\runs\detect\train-2\weights\best.pt,90.73,60.1
C:\Users\User\Documents\AI_Robotics Projects\AAU\Summer\Synthetic_Dataset_YOLO_30\runs\detect\train-2\weights\best.pt,90.24,64.1
C:\Users\User\Documents\AI_Robotics Projects\AAU\Summer\Synthetic_Dataset_YOLO_30\runs\detect\train-2\weights\best.pt,83.26,57.9
C:\Users\User\Documents\AI_Robotics Projects\AAU\Summer\Synthetic_Dataset_YOLO_30\runs\detect\train-2\weights\best.pt,92.46,67.6
C:\Users\User\Documents\AI_Robotics Projects\AAU\Summer\Synthetic_Dataset_YOLO_30\runs\detect\train-2\weights\best.pt,91.97,38.3
C:\Users\User\Documents\AI_Robotics Projects\AAU\Summer\Synthetic_Dataset_YOLO_30\runs\detect\train-2\weights\best.pt,85.97,53.7
C:\Users\User\Documents\AI_Robotics Projects\AAU\Summer\Synthetic_Dataset_YOLO_30\runs\detect\train-2\weights\best.pt,89.87,60.4
C:\Users\User\Documents\AI_Robotics Projects\AAU\Summer\Synthetic_Dataset_YOLO_30\runs\detect\train-2\weights\best.pt,68.46,67.5
C:\Users\User\Documents\AI_Robotics Projects\AAU\Summer\Synthetic_Dataset_YOLO_30\runs\detect\train-2\weights\best.pt,78.38,35.5
C:\Users\User\Documents\AI_Robotics Projects\AAU\Summer\Synthetic_Dataset_YOLO_30\runs\detect\train-2\weights\best.pt,66.73,36.1
C:\Users\User\Documents\AI_Robotics Projects\AAU\Summer\Synthetic_Dataset_YOLO_30\runs\detect\train-2\weights\best.pt,84.28,44.8
C:\Users\User\Documents\AI_Robotics Projects\AAU\Summer\Synthetic_Dataset_YOLO_30\runs\detect\train-2\weights\best.pt,77.79,44.2
C:\Users\User\Documents\AI_Robotics Projects\AAU\Summer\Synthetic_Dataset_YOLO_30\runs\detect\train-2\weights\best.pt,101.01,37.3
C:\Users\User\Documents\AI_Robotics Projects\AAU\Summer\Synthetic_Dataset_YOLO_30\runs\detect\train-2\weights\best.pt,83.45,84.1
C:\Users\User\Documents\AI_Robotics Projects\AAU\Summer\Synthetic_Dataset_YOLO_30\runs\detect\train-2\weights\best.pt,85.34,93.5
C:\Users\User\Documents\AI_Robotics Projects\AAU\Summer\Synthetic_Dataset_YOLO_30\runs\detect\train-2\weights\best.pt,98.32,77.1
C:\Users\User\Documents\AI_Robotics Projects\AAU\Summer\Synthetic_Dataset_YOLO_30\runs\detect\train-2\weights\best.pt,98.5,40.5
C:\Users\User\Documents\AI_Robotics Projects\AAU\Summer\Synthetic_Dataset_YOLO_30\runs\detect\train-2\weights\best.pt,100.5,42.3
C:\Users\User\Documents\AI_Robotics Projects\AAU\Summer\Synthetic_Dataset_YOLO_30\runs\detect\train-2\weights\best.pt,102.96,73.4
C:\Users\User\Documents\AI_Robotics Projects\AAU\Summer\Synthetic_Dataset_YOLO_30\runs\detect\train-2\weights\best.pt,109.54,38.6
C:\Users\User\Documents\AI_Robotics Projects\AAU\Summer\Synthetic_Dataset_YOLO_30\runs\detect\train-2\weights\best.pt,95.83,73.3
C:\Users\User\Documents\AI_Robotics Projects\AAU\Summer\Synthetic_Dataset_YOLO_30\runs\detect\train-2\weights\best.pt,93.41,82.8
C:\Users\User\Documents\AI_Robotics Projects\AAU\Summer\Synthetic_Dataset_YOLO_30\runs\detect\train-2\weights\best.pt,87.73,42.5
C:\Users\User\Documents\AI_Robotics Projects\AAU\Summer\Synthetic_Dataset_YOLO_30\runs\detect\train-2\weights\best.pt,90.15,42.2
C:\Users\User\Documents\AI_Robotics Projects\AAU\Summer\Synthetic_Dataset_YOLO_30\runs\detect\train-2\weights\best.pt,74.76,49.3
C:\Users\User\Documents\AI_Robotics Projects\AAU\Summer\Synthetic_Dataset_YOLO_30\runs\detect\train-2\weights\best.pt,67.28,45.1
C:\Users\User\Documents\AI_Robotics Projects\AAU\Summer\Synthetic_Dataset_YOLO_30\runs\detect\train-2\weights\best.pt,68.41,45.0
C:\Users\User\Documents\AI_Robotics Projects\AAU\Summer\Synthetic_Dataset_YOLO_30\runs\detect\train-2\weights\best.pt,83.71,92.7
