Class ID,Class Name,Object Geometry,Object Orientation (deg),Wrist Rotation,Grasp Type
67,cell phone,Box / Complex,-167.99,Right,Lateral Grasp
67,cell phone,Box / Complex,-166.86,Right,Lateral Grasp
67,cell phone,Box / Complex,-169.04,Center,Lateral Grasp
67,cell phone,Box / Complex,-168.44,Right,Lateral Grasp
67,cell phone,Box / Complex,-166.3,Right,Lateral Grasp
67,cell phone,Box / Complex,-168.15,Right,Lateral Grasp
1,bottle,Box / Complex,89.72,Right,Lateral Grasp
1,bottle,Box / Complex,90.12,Left,Lateral Grasp
1,bottle,Box / Complex,89.73,Right,Lateral Grasp
1,bottle,Box / Complex,-90.7,Right,Lateral Grasp
1,bottle,Box / Complex,-91.13,Right,Lateral Grasp
1,bottle,Box / Complex,90.2,Left,Lateral Grasp
1,bottle,Box / Complex,-90.79,Right,Lateral Grasp
1,bottle,Box / Complex,-91.84,Right,Lateral Grasp
1,bottle,Box / Complex,-91.38,Right,Lateral Grasp
1,bottle,Box / Complex,-92.07,Right,Lateral Grasp
1,bottle,Box / Complex,89.29,Right,Lateral Grasp
1,bottle,Box / Complex,-91.41,Right,Lateral Grasp
1,bottle,Box / Complex,-92.95,Right,Lateral Grasp
1,bottle,Box / Complex,-92.45,Right,Lateral Grasp
1,bottle,Box / Complex,-92.73,Right,Lateral Grasp
1,bottle,Box / Complex,-92.44,Right,Lateral Grasp
1,bottle,Box / Complex,-91.42,Right,Lateral Grasp
1,bottle,Box / Complex,-92.37,Right,Lateral Grasp
1,bottle,Box / Complex,-91.63,Right,Lateral Grasp
1,bottle,Box / Complex,-90.98,Right,Lateral Grasp
1,bottle,Box / Complex,-91.98,Right,Lateral Grasp
1,bottle,Box / Complex,-91.46,Right,Lateral Grasp
1,bottle,Box / Complex,-92.26,Right,Lateral Grasp
1,bottle,Box / Complex,-91.81,Right,Lateral Grasp
1,bottle,Box / Complex,-91.06,Right,Lateral Grasp
1,bottle,Box / Complex,-90.67,Right,Lateral Grasp
1,bottle,Box / Complex,89.64,Right,Lateral Grasp
1,bottle,Box / Complex,-90.97,Right,Lateral Grasp
1,bottle,Box / Complex,-91.42,Right,Lateral Grasp
1,bottle,Box / Complex,-91.71,Right,Lateral Grasp
1,bottle,Box / Complex,-91.42,Right,Lateral Grasp
1,bottle,Box / Complex,-91.64,Right,Lateral Grasp
1,bottle,Box / Complex,-91.89,Right,Lateral Grasp
1,bottle,Box / Complex,-91.7,Right,Lateral Grasp
1,bottle,Box / Complex,-91.92,Right,Lateral Grasp
1,bottle,Box / Complex,-91.62,Right,Lateral Grasp
1,bottle,Box / Complex,-91.22,Right,Lateral Grasp
1,bottle,Box / Complex,90.36,Left,Lateral Grasp
67,cell phone,Box / Complex,-163.67,Right,Lateral Grasp
67,cell phone,Box / Complex,-172.71,Center,Lateral Grasp
2,cup,Box / Complex,92.47,Left,Lateral Grasp
67,cell phone,Box / Complex,8.29,Right,Lateral Grasp
67,cell phone,Box / Complex,9.28,Right,Lateral Grasp
67,cell phone,Box / Complex,5.62,Right,Lateral Grasp
67,cell phone,Box / Complex,5.9,Right,Lateral Grasp
67,cell phone,Box / Complex,4.53,Right,Lateral Grasp
67,cell phone,Box / Complex,-5.01,Right,Lateral Grasp
67,cell phone,Box / Complex,-2.01,Right,Lateral Grasp
67,cell phone,Box / Complex,0.49,Right,Lateral Grasp
67,cell phone,Box / Complex,1.49,Right,Lateral Grasp
67,cell phone,Box / Complex,-2.66,Right,Lateral Grasp
64,mouse,Box / Complex,-10.87,Right,Lateral Grasp
64,mouse,Box / Complex,-13.35,Right,Lateral Grasp
64,mouse,Box / Complex,-10.45,Right,Lateral Grasp
64,mouse,Box / Complex,177.41,Center,Lateral Grasp
64,mouse,Box / Complex,-14.87,Right,Lateral Grasp
64,mouse,Box / Complex,168.42,Left,Lateral Grasp
64,mouse,Box / Complex,170.54,Center,Lateral Grasp
64,mouse,Box / Complex,163.32,Left,Lateral Grasp
64,mouse,Box / Complex,166.36,Left,Lateral Grasp
64,mouse,Box / Complex,-2.79,Right,Lateral Grasp
64,mouse,Box / Complex,170.21,Center,Lateral Grasp
64,mouse,Box / Complex,169.96,Left,Lateral Grasp
64,mouse,Box / Complex,1.48,Right,Lateral Grasp
64,mouse,Box / Complex,178.68,Center,Lateral Grasp
64,mouse,Box / Complex,175.53,Center,Lateral Grasp
64,mouse,Box / Complex,7.91,Right,Lateral Grasp
64,mouse,Box / Complex,-163.49,Right,Lateral Grasp
64,mouse,Box / Complex,7.53,Right,Lateral Grasp
64,mouse,Box / Complex,-179.96,Center,Lateral Grasp
64,mouse,Box / Complex,10.39,Right,Lateral Grasp
64,mouse,Box / Complex,178.62,Center,Lateral Grasp
64,mouse,Box / Complex,-102.74,Right,Lateral Grasp
64,mouse,Box / Complex,32.82,Right,Lateral Grasp
64,mouse,Box / Complex,-163.77,Right,Lateral Grasp
64,mouse,Box / Complex,3.99,Right,Lateral Grasp
64,mouse,Box / Complex,4.19,Right,Lateral Grasp
64,mouse,Box / Complex,176.36,Center,Lateral Grasp
64,mouse,Box / Complex,13.02,Right,Lateral Grasp
64,mouse,Box / Complex,-164.92,Right,Lateral Grasp
64,mouse,Box / Complex,-151.19,Right,Lateral Grasp
64,mouse,Box / Complex,-159.72,Right,Lateral Grasp
64,mouse,Box / Complex,-179.3,Center,Lateral Grasp
64,mouse,Box / Complex,10.68,Right,Lateral Grasp
64,mouse,Box / Complex,-173.83,Center,Lateral Grasp
64,mouse,Box / Complex,15.33,Right,Lateral Grasp
64,mouse,Box / Complex,-175.23,Center,Lateral Grasp
64,mouse,Box / Complex,10.28,Right,Lateral Grasp
64,mouse,Box / Complex,14.13,Right,Lateral Grasp
64,mouse,Box / Complex,11.09,Right,Lateral Grasp
64,mouse,Box / Complex,-170.7,Center,Lateral Grasp
64,mouse,Box / Complex,-152.62,Right,Lateral Grasp
64,mouse,Box / Complex,-163.95,Right,Lateral Grasp
64,mouse,Box / Complex,12.33,Right,Lateral Grasp
64,mouse,Box / Complex,-159.16,Right,Lateral Grasp
64,mouse,Box / Complex,45.14,Right,Lateral Grasp
64,mouse,Box / Complex,-147.31,Right,Lateral Grasp
64,mouse,Box / Complex,-176.19,Center,Lateral Grasp
64,mouse,Box / Complex,-148.04,Right,Lateral Grasp
64,mouse,Box / Complex,-145.03,Right,Lateral Grasp
64,mouse,Box / Complex,-160.72,Right,Lateral Grasp
64,mouse,Box / Complex,-173.84,Center,Lateral Grasp
64,mouse,Box / Complex,-143.22,Right,Lateral Grasp
64,mouse,Cylindrical,155.25,Left,Full Grasp
64,mouse,Cylindrical,162.86,Left,Full Grasp
2,cup,Box / Complex,-176.91,Center,Pinch Grasp
64,mouse,Box / Complex,-164.54,Right,Lateral Grasp
64,mouse,Box / Complex,-164.41,Right,Lateral Grasp
64,mouse,Box / Complex,-170.15,Center,Lateral Grasp
2,cup,Box / Complex,-22.63,Right,Lateral Grasp
2,cup,Box / Complex,-5.36,Right,Lateral Grasp
2,cup,Box / Complex,-10.57,Right,Lateral Grasp
2,cup,Box / Complex,-8.61,Right,Lateral Grasp
2,cup,Box / Complex,-8.09,Right,Lateral Grasp
2,cup,Box / Complex,-3.98,Right,Lateral Grasp
2,cup,Box / Complex,178.39,Center,Lateral Grasp
2,cup,Cylindrical,179.13,Center,Full Grasp
2,cup,Cylindrical,174.19,Center,Full Grasp
2,cup,Cylindrical,177.99,Center,Full Grasp
2,cup,Cylindrical,176.96,Center,Full Grasp
2,cup,Cylindrical,174.98,Center,Full Grasp
2,cup,Cylindrical,174.2,Center,Full Grasp
2,cup,Cylindrical,174.17,Center,Full Grasp
64,mouse,Cylindrical,-175.48,Center,Full Grasp
0,apple,Flat,-174.01,Center,Pinch Grasp
0,apple,Flat,-141.37,Right,Pinch Grasp
0,apple,Flat,-125.12,Right,Pinch Grasp
0,apple,Flat,-122.58,Right,Pinch Grasp
0,apple,Flat,-169.71,Center,Pinch Grasp
64,mouse,Spherical,-103.92,Right,Full Grasp
64,mouse,Spherical,85.07,Right,Full Grasp
64,mouse,Spherical,-99.28,Right,Full Grasp
64,mouse,Spherical,-87.54,Right,Full Grasp
64,mouse,Spherical,-86.41,Right,Full Grasp
64,mouse,Spherical,-85.6,Right,Full Grasp
64,mouse,Spherical,-88.63,Right,Full Grasp
64,mouse,Spherical,98.11,Left,Full Grasp
64,mouse,Spherical,-89.0,Right,Full Grasp
64,mouse,Spherical,97.76,Left,Full Grasp
64,mouse,Spherical,-89.24,Right,Full Grasp
64,mouse,Spherical,-87.61,Right,Full Grasp
64,mouse,Spherical,-88.52,Right,Full Grasp
64,mouse,Spherical,-115.65,Right,Full Grasp
64,mouse,Spherical,-125.94,Right,Full Grasp
64,mouse,Spherical,-122.21,Right,Full Grasp
64,mouse,Spherical,-125.34,Right,Full Grasp
64,mouse,Spherical,-145.98,Right,Full Grasp
2,cup,Spherical,130.97,Left,Full Grasp
2,cup,Spherical,131.04,Left,Full Grasp
2,cup,Spherical,131.68,Left,Full Grasp
2,cup,Spherical,130.82,Left,Full Grasp
2,cup,Box / Complex,87.06,Right,Lateral Grasp
2,cup,Box / Complex,88.19,Right,Lateral Grasp
2,cup,Cylindrical,123.54,Left,Full Grasp
2,cup,Cylindrical,125.02,Left,Full Grasp
2,cup,Cylindrical,113.53,Left,Full Grasp
2,cup,Cylindrical,113.85,Left,Full Grasp
2,cup,Cylindrical,108.28,Left,Full Grasp
2,cup,Cylindrical,83.77,Right,Full Grasp
2,cup,Cylindrical,-97.13,Right,Full Grasp
2,cup,Cylindrical,-95.62,Right,Full Grasp
2,cup,Cylindrical,92.85,Left,Full Grasp
2,cup,Cylindrical,87.49,Right,Full Grasp
2,cup,Cylindrical,133.66,Left,Full Grasp
2,cup,Cylindrical,119.93,Left,Full Grasp
2,cup,Cylindrical,116.67,Left,Full Grasp
2,cup,Cylindrical,141.27,Left,Full Grasp
2,cup,Box / Complex,-178.42,Center,Lateral Grasp
1,bottle,Cylindrical,88.19,Right,Full Grasp
1,bottle,Cylindrical,88.13,Right,Full Grasp
1,bottle,Cylindrical,88.72,Right,Full Grasp
1,bottle,Cylindrical,88.38,Right,Full Grasp
1,bottle,Cylindrical,-91.53,Right,Full Grasp
1,bottle,Cylindrical,-92.44,Right,Full Grasp
1,bottle,Cylindrical,-92.13,Right,Full Grasp
1,bottle,Cylindrical,-90.62,Right,Full Grasp
1,bottle,Cylindrical,-90.96,Right,Full Grasp
1,bottle,Box / Complex,-89.38,Right,Lateral Grasp
1,bottle,Box / Complex,-89.72,Right,Lateral Grasp
1,bottle,Cylindrical,90.61,Left,Full Grasp
1,bottle,Cylindrical,90.95,Left,Full Grasp
1,bottle,Cylindrical,90.83,Left,Full Grasp
1,bottle,Cylindrical,-90.27,Right,Full Grasp
1,bottle,Box / Complex,90.37,Left,Lateral Grasp
1,bottle,Box / Complex,90.88,Left,Lateral Grasp
1,bottle,Box / Complex,90.11,Left,Lateral Grasp
1,bottle,Box / Complex,90.07,Left,Lateral Grasp
1,bottle,Cylindrical,-90.19,Right,Full Grasp
1,bottle,Cylindrical,91.35,Left,Full Grasp
1,bottle,Cylindrical,-89.15,Right,Full Grasp
1,bottle,Cylindrical,91.83,Left,Full Grasp
1,bottle,Cylindrical,91.63,Left,Full Grasp
1,bottle,Cylindrical,92.38,Left,Full Grasp
1,bottle,Cylindrical,94.03,Left,Full Grasp
1,bottle,Cylindrical,92.85,Left,Full Grasp
1,bottle,Cylindrical,94.15,Left,Full Grasp
1,bottle,Cylindrical,93.98,Left,Full Grasp
1,bottle,Cylindrical,94.29,Left,Full Grasp
1,bottle,Cylindrical,95.08,Left,Full Grasp
1,bottle,Cylindrical,94.94,Left,Full Grasp
1,bottle,Cylindrical,94.8,Left,Full Grasp
1,bottle,Cylindrical,95.1,Left,Full Grasp
1,bottle,Cylindrical,94.99,Left,Full Grasp
1,bottle,Cylindrical,95.21,Left,Full Grasp
1,bottle,Cylindrical,95.16,Left,Full Grasp
1,bottle,Cylindrical,95.58,Left,Full Grasp
1,bottle,Cylindrical,93.9,Left,Full Grasp
1,bottle,Cylindrical,94.11,Left,Full Grasp
1,bottle,Cylindrical,94.54,Left,Full Grasp
1,bottle,Cylindrical,94.22,Left,Full Grasp
1,bottle,Cylindrical,93.58,Left,Full Grasp
1,bottle,Cylindrical,93.72,Left,Full Grasp
1,bottle,Cylindrical,92.16,Left,Full Grasp
1,bottle,Cylindrical,94.62,Left,Full Grasp
1,bottle,Cylindrical,94.96,Left,Full Grasp
1,bottle,Cylindrical,94.43,Left,Full Grasp
1,bottle,Cylindrical,95.51,Left,Full Grasp
1,bottle,Cylindrical,93.09,Left,Full Grasp
1,bottle,Cylindrical,94.47,Left,Full Grasp
1,bottle,Cylindrical,95.06,Left,Full Grasp
1,bottle,Cylindrical,93.44,Left,Full Grasp
1,bottle,Cylindrical,95.98,Left,Full Grasp
1,bottle,Cylindrical,94.43,Left,Full Grasp
1,bottle,Cylindrical,93.51,Left,Full Grasp
1,bottle,Cylindrical,94.55,Left,Full Grasp
1,bottle,Cylindrical,94.55,Left,Full Grasp
1,bottle,Cylindrical,94.58,Left,Full Grasp
1,bottle,Cylindrical,94.41,Left,Full Grasp
1,bottle,Cylindrical,94.88,Left,Full Grasp
1,bottle,Cylindrical,95.53,Left,Full Grasp
1,bottle,Cylindrical,93.93,Left,Full Grasp
1,bottle,Cylindrical,94.64,Left,Full Grasp
1,bottle,Cylindrical,94.09,Left,Full Grasp
1,bottle,Cylindrical,94.4,Left,Full Grasp
1,bottle,Cylindrical,92.39,Left,Full Grasp
79,toothbrush,Cylindrical,166.44,Left,Full Grasp
1,bottle,Cylindrical,-96.34,Right,Full Grasp
1,bottle,Cylindrical,-96.82,Right,Full Grasp
1,bottle,Cylindrical,-94.29,Right,Full Grasp
1,bottle,Cylindrical,-96.41,Right,Full Grasp
1,bottle,Cylindrical,-96.99,Right,Full Grasp
1,bottle,Cylindrical,-96.1,Right,Full Grasp
1,bottle,Cylindrical,-96.34,Right,Full Grasp
1,bottle,Cylindrical,-95.4,Right,Full Grasp
1,bottle,Cylindrical,-96.25,Right,Full Grasp
1,bottle,Cylindrical,-96.63,Right,Full Grasp
1,bottle,Cylindrical,-95.44,Right,Full Grasp
1,bottle,Cylindrical,-94.51,Right,Full Grasp
1,bottle,Cylindrical,98.05,Left,Full Grasp
1,bottle,Cylindrical,97.1,Left,Full Grasp
1,bottle,Cylindrical,95.98,Left,Full Grasp
1,bottle,Cylindrical,95.83,Left,Full Grasp
1,bottle,Cylindrical,97.4,Left,Full Grasp
1,bottle,Cylindrical,96.56,Left,Full Grasp
1,bottle,Cylindrical,96.27,Left,Full Grasp
1,bottle,Cylindrical,97.03,Left,Full Grasp
67,cell phone,Spherical,-96.52,Right,Full Grasp
67,cell phone,Spherical,-103.37,Right,Full Grasp
67,cell phone,Spherical,-98.09,Right,Full Grasp
67,cell phone,Spherical,138.86,Left,Full Grasp
73,book,Spherical,131.38,Left,Full Grasp
73,book,Spherical,130.24,Left,Full Grasp
73,book,Spherical,130.95,Left,Full Grasp
73,book,Spherical,130.17,Left,Full Grasp
73,book,Spherical,130.82,Left,Full Grasp
73,book,Spherical,131.66,Left,Full Grasp
73,book,Spherical,130.61,Left,Full Grasp
73,book,Spherical,131.25,Left,Full Grasp
73,book,Spherical,129.79,Left,Full Grasp
73,book,Spherical,130.54,Left,Full Grasp
73,book,Spherical,131.95,Left,Full Grasp
73,book,Spherical,133.85,Left,Full Grasp
73,book,Spherical,133.38,Left,Full Grasp
73,book,Spherical,132.68,Left,Full Grasp
73,book,Spherical,133.61,Left,Full Grasp
73,book,Spherical,-51.16,Right,Full Grasp
73,book,Box / Complex,-63.7,Right,Lateral Grasp
73,book,Box / Complex,120.36,Left,Lateral Grasp
73,book,Box / Complex,121.57,Left,Lateral Grasp
73,book,Box / Complex,114.77,Left,Lateral Grasp
73,book,Box / Complex,-66.71,Right,Lateral Grasp
73,book,Box / Complex,115.65,Left,Lateral Grasp
73,book,Box / Complex,116.71,Left,Lateral Grasp
73,book,Box / Complex,113.34,Left,Lateral Grasp
73,book,Box / Complex,116.52,Left,Lateral Grasp
73,book,Box / Complex,115.69,Left,Lateral Grasp
73,book,Box / Complex,116.55,Left,Lateral Grasp
73,book,Box / Complex,118.14,Left,Lateral Grasp
73,book,Box / Complex,115.28,Left,Lateral Grasp
73,book,Box / Complex,102.92,Left,Lateral Grasp
73,book,Box / Complex,-98.99,Right,Lateral Grasp
73,book,Box / Complex,-99.3,Right,Lateral Grasp
73,book,Box / Complex,-98.65,Right,Lateral Grasp
73,book,Box / Complex,88.06,Right,Lateral Grasp
73,book,Box / Complex,-97.47,Right,Lateral Grasp
73,book,Box / Complex,-93.91,Right,Lateral Grasp
73,book,Box / Complex,-96.45,Right,Lateral Grasp
73,book,Box / Complex,-94.4,Right,Lateral Grasp
73,book,Box / Complex,-93.08,Right,Lateral Grasp
73,book,Box / Complex,88.29,Right,Lateral Grasp
73,book,Box / Complex,86.45,Right,Lateral Grasp
73,book,Box / Complex,86.47,Right,Lateral Grasp
73,book,Box / Complex,-95.69,Right,Lateral Grasp
73,book,Box / Complex,84.61,Right,Lateral Grasp
73,book,Box / Complex,-93.3,Right,Lateral Grasp
73,book,Box / Complex,88.05,Right,Lateral Grasp
73,book,Box / Complex,84.27,Right,Lateral Grasp
73,book,Box / Complex,84.84,Right,Lateral Grasp
73,book,Box / Complex,84.12,Right,Lateral Grasp
73,book,Cylindrical,-83.79,Right,Full Grasp
73,book,Cylindrical,85.57,Right,Full Grasp
73,book,Box / Complex,-84.1,Right,Lateral Grasp
73,book,Box / Complex,-83.77,Right,Lateral Grasp
73,book,Box / Complex,-86.76,Right,Lateral Grasp
73,book,Box / Complex,-82.83,Right,Lateral Grasp
73,book,Box / Complex,-83.72,Right,Lateral Grasp
73,book,Box / Complex,-81.58,Right,Lateral Grasp
73,book,Box / Complex,92.59,Left,Lateral Grasp
73,book,Box / Complex,-81.19,Right,Lateral Grasp
73,book,Box / Complex,-84.75,Right,Lateral Grasp
73,book,Box / Complex,-86.38,Right,Lateral Grasp
73,book,Box / Complex,-87.18,Right,Lateral Grasp
73,book,Box / Complex,89.54,Right,Lateral Grasp
73,book,Box / Complex,89.15,Right,Lateral Grasp
73,book,Box / Complex,88.1,Right,Lateral Grasp
73,book,Box / Complex,-92.45,Right,Lateral Grasp
73,book,Box / Complex,-92.74,Right,Lateral Grasp
73,book,Box / Complex,-93.11,Right,Lateral Grasp
73,book,Box / Complex,-91.98,Right,Lateral Grasp
73,book,Box / Complex,-92.96,Right,Lateral Grasp
73,book,Box / Complex,-92.67,Right,Lateral Grasp
73,book,Box / Complex,-89.69,Right,Lateral Grasp
73,book,Box / Complex,-90.68,Right,Lateral Grasp
73,book,Box / Complex,87.41,Right,Lateral Grasp
73,book,Cylindrical,-90.18,Right,Full Grasp
73,book,Cylindrical,-90.88,Right,Full Grasp
73,book,Cylindrical,-90.51,Right,Full Grasp
73,book,Cylindrical,-89.69,Right,Full Grasp
73,book,Cylindrical,-89.84,Right,Full Grasp
73,book,Cylindrical,-89.14,Right,Full Grasp
73,book,Cylindrical,-88.08,Right,Full Grasp
73,book,Cylindrical,-88.23,Right,Full Grasp
73,book,Cylindrical,-88.55,Right,Full Grasp
73,book,Cylindrical,-87.98,Right,Full Grasp
73,book,Cylindrical,-88.53,Right,Full Grasp
73,book,Cylindrical,-88.1,Right,Full Grasp
73,book,Cylindrical,-87.69,Right,Full Grasp
73,book,Cylindrical,-88.61,Right,Full Grasp
73,book,Cylindrical,-89.16,Right,Full Grasp
73,book,Cylindrical,-89.21,Right,Full Grasp
73,book,Cylindrical,-88.57,Right,Full Grasp
73,book,Cylindrical,-88.7,Right,Full Grasp
73,book,Cylindrical,-87.78,Right,Full Grasp
73,book,Cylindrical,97.26,Left,Full Grasp
73,book,Box / Complex,-82.48,Right,Lateral Grasp
73,book,Box / Complex,97.83,Left,Lateral Grasp
73,book,Box / Complex,-85.65,Right,Pinch Grasp
73,book,Box / Complex,-84.19,Right,Pinch Grasp
73,book,Box / Complex,-85.55,Right,Pinch Grasp
73,book,Box / Complex,-84.51,Right,Lateral Grasp
73,book,Box / Complex,-85.45,Right,Lateral Grasp
73,book,Box / Complex,-84.65,Right,Lateral Grasp
73,book,Box / Complex,98.5,Left,Pinch Grasp
73,book,Cylindrical,-88.22,Right,Full Grasp
73,book,Cylindrical,-86.7,Right,Full Grasp
73,book,Cylindrical,-80.76,Right,Full Grasp
73,book,Cylindrical,-82.18,Right,Full Grasp
73,book,Cylindrical,-80.92,Right,Full Grasp
73,book,Cylindrical,-80.58,Right,Full Grasp
73,book,Cylindrical,-80.19,Right,Full Grasp
73,book,Cylindrical,-79.94,Right,Full Grasp
73,book,Cylindrical,-78.24,Right,Full Grasp
73,book,Cylindrical,-78.32,Right,Full Grasp
73,book,Cylindrical,-78.82,Right,Full Grasp
73,book,Cylindrical,100.22,Left,Full Grasp
73,book,Cylindrical,-79.1,Right,Full Grasp
73,book,Cylindrical,100.15,Left,Full Grasp
73,book,Cylindrical,-77.81,Right,Full Grasp
73,book,Cylindrical,-78.11,Right,Full Grasp
73,book,Cylindrical,-77.8,Right,Full Grasp
73,book,Cylindrical,-77.23,Right,Full Grasp
73,book,Cylindrical,-81.61,Right,Full Grasp
73,book,Cylindrical,-80.21,Right,Full Grasp
73,book,Cylindrical,-80.07,Right,Full Grasp
73,book,Cylindrical,-77.44,Right,Full Grasp
67,cell phone,Cylindrical,-71.34,Right,Full Grasp
67,cell phone,Cylindrical,-75.1,Right,Full Grasp
73,book,Box / Complex,-95.04,Right,Lateral Grasp
73,book,Box / Complex,-95.52,Right,Lateral Grasp
73,book,Cylindrical,-88.87,Right,Full Grasp
73,book,Cylindrical,-92.45,Right,Full Grasp
73,book,Cylindrical,-92.51,Right,Full Grasp
73,book,Cylindrical,-92.15,Right,Full Grasp
73,book,Cylindrical,-91.53,Right,Full Grasp
73,book,Cylindrical,-92.27,Right,Full Grasp
73,book,Cylindrical,-92.65,Right,Full Grasp
73,book,Cylindrical,-94.73,Right,Full Grasp
73,book,Cylindrical,-93.62,Right,Full Grasp
73,book,Cylindrical,-95.25,Right,Full Grasp
73,book,Cylindrical,-94.49,Right,Full Grasp
73,book,Cylindrical,-97.13,Right,Full Grasp
73,book,Cylindrical,-96.37,Right,Full Grasp
73,book,Cylindrical,-96.56,Right,Full Grasp
73,book,Cylindrical,-96.39,Right,Full Grasp
73,book,Cylindrical,-95.88,Right,Full Grasp
73,book,Cylindrical,-94.71,Right,Full Grasp
73,book,Box / Complex,-90.32,Right,Lateral Grasp
73,book,Box / Complex,-90.23,Right,Lateral Grasp
73,book,Box / Complex,-90.0,Right,Lateral Grasp
73,book,Box / Complex,-91.23,Right,Lateral Grasp
73,book,Box / Complex,-90.98,Right,Lateral Grasp
73,book,Box / Complex,-92.03,Right,Lateral Grasp
73,book,Spherical,-94.05,Right,Full Grasp
73,book,Box / Complex,-89.33,Right,Lateral Grasp
73,book,Box / Complex,-88.8,Right,Lateral Grasp
73,book,Box / Complex,-88.03,Right,Lateral Grasp
73,book,Box / Complex,-86.54,Right,Lateral Grasp
73,book,Box / Complex,-87.73,Right,Lateral Grasp
67,cell phone,Box / Complex,-86.8,Right,Lateral Grasp
67,cell phone,Box / Complex,93.13,Left,Lateral Grasp
73,book,Box / Complex,-89.57,Right,Lateral Grasp
73,book,Box / Complex,-89.23,Right,Lateral Grasp
73,book,Box / Complex,-87.66,Right,Lateral Grasp
73,book,Box / Complex,-87.35,Right,Lateral Grasp
73,book,Box / Complex,-89.8,Right,Lateral Grasp
73,book,Box / Complex,-88.84,Right,Lateral Grasp
73,book,Box / Complex,-89.77,Right,Lateral Grasp
73,book,Box / Complex,-89.32,Right,Lateral Grasp
73,book,Box / Complex,-87.46,Right,Lateral Grasp
73,book,Box / Complex,-89.92,Right,Lateral Grasp
73,book,Cylindrical,-89.51,Right,Full Grasp
73,book,Cylindrical,-87.58,Right,Full Grasp
73,book,Cylindrical,-87.84,Right,Full Grasp
73,book,Cylindrical,-86.86,Right,Full Grasp
73,book,Cylindrical,-86.56,Right,Full Grasp
73,book,Cylindrical,-86.86,Right,Full Grasp
73,book,Cylindrical,-89.17,Right,Full Grasp
73,book,Box / Complex,100.95,Left,Lateral Grasp
73,book,Box / Complex,102.64,Left,Lateral Grasp
73,book,Box / Complex,103.22,Left,Lateral Grasp
73,book,Box / Complex,106.63,Left,Lateral Grasp
73,book,Box / Complex,108.15,Left,Lateral Grasp
64,mouse,Box / Complex,169.29,Left,Lateral Grasp
64,mouse,Box / Complex,170.8,Center,Lateral Grasp
65,remote,Box / Complex,175.1,Center,Lateral Grasp
65,remote,Cylindrical,-179.87,Center,Full Grasp
65,remote,Cylindrical,-179.3,Center,Full Grasp
65,remote,Cylindrical,-179.9,Center,Full Grasp
64,mouse,Cylindrical,-179.76,Center,Full Grasp
64,mouse,Cylindrical,-178.21,Center,Full Grasp
64,mouse,Cylindrical,-179.33,Center,Full Grasp
64,mouse,Cylindrical,-177.55,Center,Full Grasp
64,mouse,Cylindrical,-177.89,Center,Full Grasp
64,mouse,Cylindrical,-177.87,Center,Full Grasp
64,mouse,Cylindrical,-176.89,Center,Full Grasp
64,mouse,Cylindrical,179.49,Center,Full Grasp
64,mouse,Cylindrical,179.71,Center,Full Grasp
64,mouse,Cylindrical,178.33,Center,Full Grasp
64,mouse,Spherical,155.95,Left,Full Grasp
64,mouse,Spherical,156.28,Left,Full Grasp
64,mouse,Cylindrical,179.61,Center,Full Grasp
64,mouse,Cylindrical,179.78,Center,Full Grasp
64,mouse,Cylindrical,178.79,Center,Full Grasp
64,mouse,Box / Complex,-157.78,Right,Lateral Grasp
64,mouse,Cylindrical,-178.8,Center,Full Grasp
64,mouse,Cylindrical,-179.06,Center,Full Grasp
64,mouse,Cylindrical,-177.12,Center,Full Grasp
64,mouse,Cylindrical,-178.02,Center,Full Grasp
64,mouse,Cylindrical,-177.67,Center,Full Grasp
64,mouse,Cylindrical,-177.47,Center,Full Grasp
64,mouse,Cylindrical,-177.32,Center,Full Grasp
64,mouse,Cylindrical,-177.39,Center,Full Grasp
64,mouse,Cylindrical,-178.51,Center,Full Grasp
64,mouse,Cylindrical,-177.9,Center,Full Grasp
64,mouse,Cylindrical,-177.1,Center,Full Grasp
64,mouse,Cylindrical,-178.79,Center,Full Grasp
64,mouse,Cylindrical,-177.47,Center,Full Grasp
64,mouse,Spherical,142.21,Left,Full Grasp
64,mouse,Spherical,144.25,Left,Full Grasp
64,mouse,Spherical,143.87,Left,Full Grasp
64,mouse,Spherical,144.63,Left,Full Grasp
64,mouse,Spherical,152.29,Left,Full Grasp
64,mouse,Spherical,150.83,Left,Full Grasp
64,mouse,Spherical,156.33,Left,Full Grasp
64,mouse,Spherical,158.25,Left,Full Grasp
64,mouse,Spherical,154.06,Left,Full Grasp
64,mouse,Spherical,150.02,Left,Full Grasp
64,mouse,Spherical,140.76,Left,Full Grasp
64,mouse,Spherical,148.58,Left,Full Grasp
64,mouse,Spherical,147.64,Left,Full Grasp
64,mouse,Spherical,151.49,Left,Full Grasp
64,mouse,Spherical,148.14,Left,Full Grasp
64,mouse,Spherical,153.39,Left,Full Grasp
64,mouse,Spherical,150.33,Left,Full Grasp
64,mouse,Spherical,147.48,Left,Full Grasp
64,mouse,Spherical,150.93,Left,Full Grasp
64,mouse,Spherical,147.96,Left,Full Grasp
64,mouse,Spherical,144.73,Left,Full Grasp
64,mouse,Spherical,149.16,Left,Full Grasp
64,mouse,Spherical,140.16,Left,Full Grasp
64,mouse,Spherical,152.63,Left,Full Grasp
64,mouse,Spherical,151.67,Left,Full Grasp
64,mouse,Spherical,151.75,Left,Full Grasp
64,mouse,Spherical,153.6,Left,Full Grasp
64,mouse,Spherical,154.97,Left,Full Grasp
64,mouse,Spherical,148.9,Left,Full Grasp
64,mouse,Spherical,151.19,Left,Full Grasp
64,mouse,Spherical,150.01,Left,Full Grasp
64,mouse,Spherical,146.58,Left,Full Grasp
64,mouse,Spherical,152.93,Left,Full Grasp
64,mouse,Spherical,146.2,Left,Full Grasp
64,mouse,Spherical,153.17,Left,Full Grasp
64,mouse,Spherical,149.66,Left,Full Grasp
64,mouse,Spherical,150.91,Left,Full Grasp
64,mouse,Spherical,155.59,Left,Full Grasp
64,mouse,Spherical,155.01,Left,Full Grasp
64,mouse,Spherical,153.13,Left,Full Grasp
64,mouse,Spherical,155.3,Left,Full Grasp
64,mouse,Spherical,153.62,Left,Full Grasp
64,mouse,Spherical,154.15,Left,Full Grasp
64,mouse,Spherical,153.72,Left,Full Grasp
1,bottle,Box / Complex,-96.99,Right,Lateral Grasp
1,bottle,Box / Complex,-95.92,Right,Lateral Grasp
1,bottle,Box / Complex,-94.58,Right,Lateral Grasp
1,bottle,Box / Complex,-93.84,Right,Lateral Grasp
1,bottle,Box / Complex,-92.71,Right,Lateral Grasp
1,bottle,Box / Complex,-93.26,Right,Lateral Grasp
1,bottle,Box / Complex,-94.6,Right,Lateral Grasp
1,bottle,Box / Complex,-90.52,Right,Lateral Grasp
1,bottle,Box / Complex,-91.33,Right,Lateral Grasp
1,bottle,Box / Complex,-90.92,Right,Lateral Grasp
1,bottle,Box / Complex,90.42,Left,Lateral Grasp
1,bottle,Box / Complex,-94.63,Right,Lateral Grasp
1,bottle,Box / Complex,-94.8,Right,Lateral Grasp
1,bottle,Box / Complex,-91.86,Right,Lateral Grasp
1,bottle,Box / Complex,-92.17,Right,Lateral Grasp
1,bottle,Box / Complex,-91.59,Right,Lateral Grasp
1,bottle,Box / Complex,-93.32,Right,Lateral Grasp
1,bottle,Box / Complex,-91.66,Right,Lateral Grasp
1,bottle,Box / Complex,-91.51,Right,Lateral Grasp
1,bottle,Box / Complex,-91.55,Right,Lateral Grasp
1,bottle,Box / Complex,-91.65,Right,Lateral Grasp
1,bottle,Box / Complex,-91.79,Right,Lateral Grasp
1,bottle,Box / Complex,-93.74,Right,Lateral Grasp
1,bottle,Box / Complex,-92.94,Right,Lateral Grasp
1,bottle,Box / Complex,-91.94,Right,Lateral Grasp
1,bottle,Box / Complex,-91.4,Right,Lateral Grasp
1,bottle,Box / Complex,-91.48,Right,Lateral Grasp
1,bottle,Box / Complex,-90.83,Right,Lateral Grasp
1,bottle,Cylindrical,91.28,Left,Full Grasp
1,bottle,Cylindrical,89.63,Right,Full Grasp
1,bottle,Cylindrical,-90.72,Right,Full Grasp
1,bottle,Cylindrical,90.66,Left,Full Grasp
1,bottle,Cylindrical,90.32,Left,Full Grasp
1,bottle,Cylindrical,91.64,Left,Full Grasp
1,bottle,Cylindrical,90.65,Left,Full Grasp
1,bottle,Cylindrical,91.13,Left,Full Grasp
1,bottle,Cylindrical,90.98,Left,Full Grasp
1,bottle,Cylindrical,91.02,Left,Full Grasp
1,bottle,Cylindrical,90.06,Left,Full Grasp
1,bottle,Cylindrical,90.41,Left,Full Grasp
1,bottle,Cylindrical,-90.8,Right,Full Grasp
1,bottle,Cylindrical,91.04,Left,Full Grasp
1,bottle,Cylindrical,90.49,Left,Full Grasp
1,bottle,Cylindrical,89.58,Right,Full Grasp
1,bottle,Cylindrical,90.42,Left,Full Grasp
1,bottle,Cylindrical,90.24,Left,Full Grasp
1,bottle,Cylindrical,90.86,Left,Full Grasp
1,bottle,Cylindrical,90.43,Left,Full Grasp
1,bottle,Cylindrical,-90.42,Right,Full Grasp
1,bottle,Cylindrical,89.69,Right,Full Grasp
1,bottle,Cylindrical,91.1,Left,Full Grasp
1,bottle,Cylindrical,90.76,Left,Full Grasp
1,bottle,Cylindrical,90.3,Left,Full Grasp
1,bottle,Cylindrical,90.91,Left,Full Grasp
1,bottle,Cylindrical,91.41,Left,Full Grasp
1,bottle,Cylindrical,90.84,Left,Full Grasp
1,bottle,Cylindrical,91.17,Left,Full Grasp
1,bottle,Cylindrical,90.98,Left,Full Grasp
1,bottle,Cylindrical,90.2,Left,Full Grasp
1,bottle,Cylindrical,90.77,Left,Full Grasp
1,bottle,Cylindrical,91.34,Left,Full Grasp
1,bottle,Cylindrical,92.31,Left,Full Grasp
1,bottle,Cylindrical,92.28,Left,Full Grasp
1,bottle,Cylindrical,91.11,Left,Full Grasp
1,bottle,Cylindrical,92.01,Left,Full Grasp
1,bottle,Cylindrical,90.43,Left,Full Grasp
1,bottle,Cylindrical,91.31,Left,Full Grasp
1,bottle,Cylindrical,90.32,Left,Full Grasp
1,bottle,Cylindrical,89.75,Right,Full Grasp
1,bottle,Cylindrical,90.31,Left,Full Grasp
1,bottle,Cylindrical,92.05,Left,Full Grasp
1,bottle,Cylindrical,91.79,Left,Full Grasp
1,bottle,Cylindrical,91.06,Left,Full Grasp
1,bottle,Cylindrical,-90.39,Right,Full Grasp
1,bottle,Cylindrical,91.71,Left,Full Grasp
67,cell phone,Box / Complex,174.02,Center,Lateral Grasp
67,cell phone,Box / Complex,170.9,Center,Lateral Grasp
67,cell phone,Box / Complex,-13.61,Right,Lateral Grasp
67,cell phone,Box / Complex,-171.22,Center,Lateral Grasp
67,cell phone,Box / Complex,-175.4,Center,Lateral Grasp
1,bottle,Cylindrical,90.65,Left,Full Grasp
1,bottle,Cylindrical,91.83,Left,Full Grasp
1,bottle,Cylindrical,92.01,Left,Full Grasp
1,bottle,Cylindrical,92.43,Left,Full Grasp
1,bottle,Cylindrical,93.56,Left,Full Grasp
1,bottle,Cylindrical,92.97,Left,Full Grasp
1,bottle,Cylindrical,93.58,Left,Full Grasp
1,bottle,Cylindrical,91.96,Left,Full Grasp
1,bottle,Cylindrical,92.19,Left,Full Grasp
1,bottle,Cylindrical,92.24,Left,Full Grasp
1,bottle,Cylindrical,94.34,Left,Full Grasp
1,bottle,Cylindrical,94.13,Left,Full Grasp
1,bottle,Cylindrical,93.63,Left,Full Grasp
1,bottle,Cylindrical,93.76,Left,Full Grasp
1,bottle,Cylindrical,93.69,Left,Full Grasp
1,bottle,Cylindrical,94.11,Left,Full Grasp
1,bottle,Cylindrical,93.26,Left,Full Grasp
1,bottle,Cylindrical,92.99,Left,Full Grasp
1,bottle,Cylindrical,92.44,Left,Full Grasp
1,bottle,Cylindrical,93.04,Left,Full Grasp
1,bottle,Cylindrical,93.42,Left,Full Grasp
1,bottle,Cylindrical,91.92,Left,Full Grasp
1,bottle,Cylindrical,92.6,Left,Full Grasp
1,bottle,Cylindrical,92.95,Left,Full Grasp
1,bottle,Cylindrical,-86.17,Right,Full Grasp
1,bottle,Cylindrical,-86.58,Right,Full Grasp
1,bottle,Cylindrical,93.8,Left,Full Grasp
1,bottle,Cylindrical,-86.12,Right,Full Grasp
1,bottle,Cylindrical,92.18,Left,Full Grasp
1,bottle,Cylindrical,93.32,Left,Full Grasp
1,bottle,Cylindrical,-86.34,Right,Full Grasp
1,bottle,Cylindrical,-86.51,Right,Full Grasp
1,bottle,Cylindrical,93.31,Left,Full Grasp
1,bottle,Cylindrical,91.06,Left,Full Grasp
1,bottle,Cylindrical,92.13,Left,Full Grasp
1,bottle,Cylindrical,92.06,Left,Full Grasp
1,bottle,Cylindrical,92.02,Left,Full Grasp
1,bottle,Cylindrical,91.77,Left,Full Grasp
1,bottle,Cylindrical,-86.45,Right,Full Grasp
1,bottle,Cylindrical,92.22,Left,Full Grasp
1,bottle,Cylindrical,-87.3,Right,Full Grasp
1,bottle,Cylindrical,-86.9,Right,Full Grasp
1,bottle,Cylindrical,-86.73,Right,Full Grasp
1,bottle,Cylindrical,-86.58,Right,Full Grasp
1,bottle,Cylindrical,-87.19,Right,Full Grasp
1,bottle,Cylindrical,91.54,Left,Full Grasp
1,bottle,Cylindrical,-88.11,Right,Full Grasp
1,bottle,Cylindrical,-87.77,Right,Full Grasp
1,bottle,Cylindrical,92.85,Left,Full Grasp
1,bottle,Cylindrical,-87.05,Right,Full Grasp
1,bottle,Cylindrical,92.58,Left,Full Grasp
1,bottle,Cylindrical,91.66,Left,Full Grasp
1,bottle,Cylindrical,-87.71,Right,Full Grasp
1,bottle,Cylindrical,92.17,Left,Full Grasp
1,bottle,Cylindrical,92.51,Left,Full Grasp
1,bottle,Cylindrical,-87.01,Right,Full Grasp
1,bottle,Cylindrical,91.03,Left,Full Grasp
1,bottle,Cylindrical,-87.19,Right,Full Grasp
1,bottle,Cylindrical,-88.17,Right,Full Grasp
1,bottle,Cylindrical,91.25,Left,Full Grasp
1,bottle,Cylindrical,-87.75,Right,Full Grasp
1,bottle,Cylindrical,-87.04,Right,Full Grasp
1,bottle,Cylindrical,-88.15,Right,Full Grasp
1,bottle,Cylindrical,-87.44,Right,Full Grasp
1,bottle,Cylindrical,-88.14,Right,Full Grasp
1,bottle,Cylindrical,92.19,Left,Full Grasp
1,bottle,Cylindrical,93.01,Left,Full Grasp
1,bottle,Cylindrical,92.81,Left,Full Grasp
1,bottle,Cylindrical,92.98,Left,Full Grasp
1,bottle,Cylindrical,-87.39,Right,Full Grasp
1,bottle,Cylindrical,-87.02,Right,Full Grasp
1,bottle,Cylindrical,-87.42,Right,Full Grasp
1,bottle,Cylindrical,-87.07,Right,Full Grasp
1,bottle,Cylindrical,92.78,Left,Full Grasp
1,bottle,Cylindrical,-86.48,Right,Full Grasp
1,bottle,Cylindrical,93.46,Left,Full Grasp
1,bottle,Cylindrical,-87.03,Right,Full Grasp
1,bottle,Cylindrical,-87.76,Right,Full Grasp
1,bottle,Cylindrical,92.98,Left,Full Grasp
1,bottle,Cylindrical,93.17,Left,Full Grasp
1,bottle,Cylindrical,-87.47,Right,Full Grasp
1,bottle,Cylindrical,93.01,Left,Full Grasp
1,bottle,Cylindrical,92.49,Left,Full Grasp
1,bottle,Cylindrical,92.79,Left,Full Grasp
1,bottle,Cylindrical,-87.43,Right,Full Grasp
1,bottle,Cylindrical,92.99,Left,Full Grasp
1,bottle,Cylindrical,92.35,Left,Full Grasp
1,bottle,Cylindrical,92.25,Left,Full Grasp
1,bottle,Cylindrical,-87.49,Right,Full Grasp
1,bottle,Cylindrical,-87.07,Right,Full Grasp
1,bottle,Cylindrical,93.46,Left,Full Grasp
1,bottle,Cylindrical,-87.55,Right,Full Grasp
1,bottle,Cylindrical,-87.83,Right,Full Grasp
1,bottle,Cylindrical,-88.05,Right,Full Grasp
1,bottle,Cylindrical,-89.08,Right,Full Grasp
1,bottle,Cylindrical,-89.47,Right,Full Grasp
1,bottle,Cylindrical,-88.7,Right,Full Grasp
1,bottle,Cylindrical,-88.91,Right,Full Grasp
1,bottle,Cylindrical,-88.68,Right,Full Grasp
1,bottle,Cylindrical,90.24,Left,Full Grasp
1,bottle,Cylindrical,-89.19,Right,Full Grasp
1,bottle,Cylindrical,89.25,Right,Full Grasp
1,bottle,Cylindrical,88.08,Right,Full Grasp
1,bottle,Cylindrical,87.66,Right,Full Grasp
1,bottle,Cylindrical,87.73,Right,Full Grasp
1,bottle,Cylindrical,-93.14,Right,Full Grasp
1,bottle,Cylindrical,88.35,Right,Full Grasp
67,cell phone,Box / Complex,-176.57,Center,Lateral Grasp
1,bottle,Box / Complex,-102.23,Right,Lateral Grasp
1,bottle,Cylindrical,-96.86,Right,Full Grasp
1,bottle,Cylindrical,-97.16,Right,Full Grasp
1,bottle,Cylindrical,-95.77,Right,Full Grasp
1,bottle,Cylindrical,-94.5,Right,Full Grasp
1,bottle,Cylindrical,-95.59,Right,Full Grasp
1,bottle,Cylindrical,-95.37,Right,Full Grasp
1,bottle,Cylindrical,-94.92,Right,Full Grasp
1,bottle,Box / Complex,86.25,Right,Lateral Grasp
1,bottle,Cylindrical,-94.03,Right,Full Grasp
1,bottle,Cylindrical,-93.9,Right,Full Grasp
1,bottle,Cylindrical,-96.21,Right,Full Grasp
1,bottle,Cylindrical,-94.97,Right,Full Grasp
1,bottle,Cylindrical,-94.6,Right,Full Grasp
1,bottle,Cylindrical,-93.38,Right,Full Grasp
1,bottle,Cylindrical,-94.27,Right,Full Grasp
1,bottle,Cylindrical,-93.97,Right,Full Grasp
1,bottle,Cylindrical,-94.31,Right,Full Grasp
1,bottle,Cylindrical,-94.46,Right,Full Grasp
1,bottle,Cylindrical,-95.43,Right,Full Grasp
1,bottle,Cylindrical,-95.27,Right,Full Grasp
1,bottle,Cylindrical,-90.88,Right,Full Grasp
1,bottle,Cylindrical,-92.65,Right,Full Grasp
1,bottle,Cylindrical,-92.5,Right,Full Grasp
1,bottle,Cylindrical,90.05,Left,Full Grasp
1,bottle,Cylindrical,91.21,Left,Full Grasp
1,bottle,Cylindrical,90.76,Left,Full Grasp
1,bottle,Cylindrical,91.69,Left,Full Grasp
1,bottle,Cylindrical,91.42,Left,Full Grasp
1,bottle,Cylindrical,91.48,Left,Full Grasp
1,bottle,Cylindrical,91.49,Left,Full Grasp
1,bottle,Cylindrical,90.51,Left,Full Grasp
1,bottle,Cylindrical,91.0,Left,Full Grasp
1,bottle,Cylindrical,-90.45,Right,Full Grasp
2,cup,Box / Complex,175.16,Center,Lateral Grasp
2,cup,Box / Complex,-177.39,Center,Lateral Grasp
2,cup,Box / Complex,169.85,Left,Lateral Grasp
2,cup,Box / Complex,-144.03,Right,Lateral Grasp
2,cup,Box / Complex,-164.66,Right,Lateral Grasp
2,cup,Box / Complex,-179.77,Center,Lateral Grasp
2,cup,Cylindrical,178.08,Center,Pinch Grasp
67,cell phone,Box / Complex,87.01,Right,Lateral Grasp
67,cell phone,Box / Complex,85.73,Right,Lateral Grasp
67,cell phone,Box / Complex,87.75,Right,Lateral Grasp
67,cell phone,Box / Complex,87.04,Right,Lateral Grasp
67,cell phone,Box / Complex,88.22,Right,Lateral Grasp
67,cell phone,Box / Complex,85.72,Right,Lateral Grasp
67,cell phone,Box / Complex,-93.5,Right,Lateral Grasp
67,cell phone,Box / Complex,-94.02,Right,Lateral Grasp
67,cell phone,Box / Complex,87.29,Right,Lateral Grasp
67,cell phone,Box / Complex,84.84,Right,Lateral Grasp
67,cell phone,Box / Complex,87.43,Right,Lateral Grasp
67,cell phone,Box / Complex,-92.04,Right,Lateral Grasp
67,cell phone,Box / Complex,85.69,Right,Lateral Grasp
67,cell phone,Box / Complex,-92.43,Right,Lateral Grasp
67,cell phone,Box / Complex,-92.9,Right,Lateral Grasp
2,cup,Cylindrical,178.83,Center,Full Grasp
2,cup,Cylindrical,-178.16,Center,Pinch Grasp
1,bottle,Box / Complex,-105.39,Right,Lateral Grasp
1,bottle,Box / Complex,-101.03,Right,Lateral Grasp
1,bottle,Box / Complex,-105.84,Right,Lateral Grasp
1,bottle,Box / Complex,-118.13,Right,Lateral Grasp
1,bottle,Box / Complex,-121.12,Right,Lateral Grasp
1,bottle,Box / Complex,-116.76,Right,Lateral Grasp
1,bottle,Box / Complex,-117.04,Right,Lateral Grasp
1,bottle,Box / Complex,-122.86,Right,Lateral Grasp
1,bottle,Box / Complex,-127.36,Right,Lateral Grasp
1,bottle,Box / Complex,-126.05,Right,Lateral Grasp
1,bottle,Box / Complex,-141.14,Right,Lateral Grasp
1,bottle,Box / Complex,-143.88,Right,Lateral Grasp
1,bottle,Box / Complex,-152.6,Right,Lateral Grasp
1,bottle,Box / Complex,-164.73,Right,Lateral Grasp
2,cup,Cylindrical,-176.91,Center,Full Grasp
79,toothbrush,Cylindrical,177.89,Center,Full Grasp
1,bottle,Box / Complex,-168.04,Right,Lateral Grasp
1,bottle,Box / Complex,-166.98,Right,Lateral Grasp
1,bottle,Box / Complex,-170.4,Center,Lateral Grasp
1,bottle,Box / Complex,-157.8,Right,Lateral Grasp
1,bottle,Box / Complex,-130.72,Right,Lateral Grasp
1,bottle,Box / Complex,-94.66,Right,Lateral Grasp
1,bottle,Box / Complex,86.17,Right,Lateral Grasp
1,bottle,Box / Complex,87.74,Right,Lateral Grasp
1,bottle,Box / Complex,-92.25,Right,Lateral Grasp
1,bottle,Box / Complex,-92.08,Right,Lateral Grasp
1,bottle,Box / Complex,-82.58,Right,Lateral Grasp
1,bottle,Box / Complex,-85.01,Right,Lateral Grasp
1,bottle,Box / Complex,-85.24,Right,Lateral Grasp
1,bottle,Box / Complex,-84.81,Right,Lateral Grasp
1,bottle,Box / Complex,-85.33,Right,Lateral Grasp
1,bottle,Box / Complex,-87.1,Right,Lateral Grasp
1,bottle,Box / Complex,-93.19,Right,Lateral Grasp
1,bottle,Box / Complex,-92.9,Right,Lateral Grasp
1,bottle,Box / Complex,-93.94,Right,Lateral Grasp
1,bottle,Box / Complex,-95.05,Right,Lateral Grasp
1,bottle,Box / Complex,-94.48,Right,Lateral Grasp
1,bottle,Box / Complex,-92.47,Right,Lateral Grasp
1,bottle,Box / Complex,90.37,Left,Lateral Grasp
1,bottle,Box / Complex,-84.13,Right,Lateral Grasp
1,bottle,Box / Complex,-86.09,Right,Lateral Grasp
1,bottle,Box / Complex,-84.26,Right,Lateral Grasp
1,bottle,Box / Complex,-92.79,Right,Lateral Grasp
2,cup,Cylindrical,-90.77,Right,Full Grasp
2,cup,Cylindrical,-91.04,Right,Full Grasp
2,cup,Cylindrical,-91.37,Right,Full Grasp
2,cup,Cylindrical,-91.59,Right,Full Grasp
2,cup,Cylindrical,-91.52,Right,Full Grasp
2,cup,Cylindrical,-91.31,Right,Full Grasp
2,cup,Cylindrical,-90.66,Right,Full Grasp
2,cup,Cylindrical,-91.23,Right,Full Grasp
2,cup,Cylindrical,-90.98,Right,Full Grasp
2,cup,Cylindrical,-90.69,Right,Full Grasp
2,cup,Cylindrical,-90.61,Right,Full Grasp
2,cup,Cylindrical,-90.92,Right,Full Grasp
2,cup,Cylindrical,-91.04,Right,Full Grasp
2,cup,Cylindrical,-89.75,Right,Full Grasp
2,cup,Cylindrical,90.89,Left,Full Grasp
2,cup,Cylindrical,90.9,Left,Full Grasp
2,cup,Cylindrical,-90.65,Right,Full Grasp
1,bottle,Box / Complex,-103.44,Right,Lateral Grasp
1,bottle,Box / Complex,-107.23,Right,Lateral Grasp
1,bottle,Box / Complex,-129.79,Right,Lateral Grasp
0,apple,Cylindrical,-100.36,Right,Full Grasp
0,apple,Cylindrical,-101.63,Right,Full Grasp
0,apple,Cylindrical,-101.27,Right,Full Grasp
0,apple,Cylindrical,-102.0,Right,Full Grasp
0,apple,Cylindrical,-101.49,Right,Full Grasp
0,apple,Cylindrical,-104.0,Right,Full Grasp
0,apple,Box / Complex,-101.59,Right,Lateral Grasp
1,bottle,Cylindrical,-91.96,Right,Full Grasp
1,bottle,Cylindrical,-91.12,Right,Full Grasp
1,bottle,Cylindrical,91.75,Left,Full Grasp
1,bottle,Cylindrical,91.31,Left,Full Grasp
2,cup,Cylindrical,-91.43,Right,Full Grasp
1,bottle,Cylindrical,92.32,Left,Full Grasp
1,bottle,Cylindrical,91.29,Left,Full Grasp
1,bottle,Cylindrical,89.67,Right,Full Grasp
2,cup,Box / Complex,167.55,Left,Lateral Grasp
64,mouse,Spherical,-165.66,Right,Full Grasp
64,mouse,Spherical,10.01,Right,Full Grasp
64,mouse,Spherical,-157.74,Right,Full Grasp
64,mouse,Spherical,-171.49,Center,Full Grasp
64,mouse,Spherical,-167.62,Right,Full Grasp
64,mouse,Spherical,-161.54,Right,Full Grasp
64,mouse,Spherical,-173.43,Center,Full Grasp
64,mouse,Spherical,-168.48,Right,Full Grasp
64,mouse,Spherical,-168.35,Right,Full Grasp
64,mouse,Box / Complex,176.07,Center,Lateral Grasp
64,mouse,Box / Complex,170.55,Center,Lateral Grasp
64,mouse,Box / Complex,173.04,Center,Lateral Grasp
67,cell phone,Spherical,82.52,Right,Full Grasp
67,cell phone,Spherical,-96.83,Right,Full Grasp
2,cup,Box / Complex,-147.75,Right,Lateral Grasp
2,cup,Box / Complex,-114.16,Right,Lateral Grasp
2,cup,Box / Complex,-142.59,Right,Lateral Grasp
2,cup,Box / Complex,-132.1,Right,Lateral Grasp
2,cup,Box / Complex,-133.86,Right,Lateral Grasp
2,cup,Box / Complex,-122.44,Right,Lateral Grasp
2,cup,Box / Complex,128.73,Left,Lateral Grasp
76,scissors,Cylindrical,-179.74,Center,Full Grasp
1,bottle,Cylindrical,-91.52,Right,Full Grasp
1,bottle,Cylindrical,88.73,Right,Full Grasp
1,bottle,Cylindrical,87.95,Right,Full Grasp
1,bottle,Cylindrical,88.63,Right,Full Grasp
1,bottle,Cylindrical,88.53,Right,Full Grasp
1,bottle,Cylindrical,-92.85,Right,Full Grasp
1,bottle,Cylindrical,-93.11,Right,Full Grasp
1,bottle,Cylindrical,88.23,Right,Full Grasp
1,bottle,Cylindrical,88.18,Right,Full Grasp
1,bottle,Cylindrical,87.48,Right,Full Grasp
1,bottle,Cylindrical,-92.9,Right,Full Grasp
76,scissors,Box / Complex,-174.12,Center,Lateral Grasp
1,bottle,Cylindrical,-91.97,Right,Full Grasp
1,bottle,Cylindrical,89.04,Right,Full Grasp
1,bottle,Cylindrical,-92.93,Right,Full Grasp
1,bottle,Box / Complex,88.31,Right,Lateral Grasp
1,bottle,Cylindrical,89.05,Right,Full Grasp
1,bottle,Cylindrical,-92.79,Right,Full Grasp
1,bottle,Cylindrical,-92.41,Right,Full Grasp
1,bottle,Cylindrical,-94.03,Right,Full Grasp
1,bottle,Cylindrical,-93.98,Right,Full Grasp
1,bottle,Cylindrical,-92.44,Right,Full Grasp
1,bottle,Cylindrical,-91.88,Right,Full Grasp
1,bottle,Cylindrical,-92.2,Right,Full Grasp
1,bottle,Cylindrical,-91.92,Right,Full Grasp
1,bottle,Cylindrical,-92.01,Right,Full Grasp
1,bottle,Cylindrical,-91.24,Right,Full Grasp
1,bottle,Cylindrical,-91.67,Right,Full Grasp
1,bottle,Cylindrical,-93.18,Right,Full Grasp
1,bottle,Cylindrical,-92.75,Right,Full Grasp
1,bottle,Cylindrical,-92.21,Right,Full Grasp
1,bottle,Cylindrical,-91.42,Right,Full Grasp
1,bottle,Cylindrical,-92.62,Right,Full Grasp
1,bottle,Cylindrical,-92.23,Right,Full Grasp
1,bottle,Cylindrical,-92.87,Right,Full Grasp
1,bottle,Cylindrical,-92.84,Right,Full Grasp
1,bottle,Cylindrical,88.27,Right,Full Grasp
1,bottle,Cylindrical,-92.24,Right,Full Grasp
1,bottle,Cylindrical,-92.56,Right,Full Grasp
1,bottle,Cylindrical,-92.63,Right,Full Grasp
1,bottle,Cylindrical,-92.82,Right,Full Grasp
1,bottle,Cylindrical,87.32,Right,Full Grasp
1,bottle,Cylindrical,87.19,Right,Full Grasp
1,bottle,Cylindrical,-93.08,Right,Full Grasp
1,bottle,Cylindrical,-92.57,Right,Full Grasp
1,bottle,Cylindrical,87.19,Right,Full Grasp
1,bottle,Cylindrical,87.85,Right,Full Grasp
1,bottle,Cylindrical,87.24,Right,Full Grasp
1,bottle,Cylindrical,-93.01,Right,Full Grasp
1,bottle,Cylindrical,88.61,Right,Full Grasp
1,bottle,Cylindrical,89.29,Right,Full Grasp
1,bottle,Cylindrical,87.52,Right,Full Grasp
1,bottle,Cylindrical,-94.06,Right,Full Grasp
1,bottle,Cylindrical,87.91,Right,Full Grasp
1,bottle,Cylindrical,87.97,Right,Full Grasp
1,bottle,Cylindrical,87.82,Right,Full Grasp
1,bottle,Cylindrical,89.39,Right,Full Grasp
2,cup,Box / Complex,-148.56,Right,Lateral Grasp
2,cup,Box / Complex,-158.36,Right,Lateral Grasp
2,cup,Box / Complex,-159.73,Right,Lateral Grasp
2,cup,Box / Complex,-148.31,Right,Lateral Grasp
2,cup,Box / Complex,-151.22,Right,Lateral Grasp
2,cup,Box / Complex,-156.96,Right,Lateral Grasp
2,cup,Box / Complex,-156.39,Right,Lateral Grasp
2,cup,Box / Complex,-153.05,Right,Lateral Grasp
2,cup,Box / Complex,-153.95,Right,Lateral Grasp
2,cup,Box / Complex,-159.11,Right,Lateral Grasp
2,cup,Box / Complex,-164.86,Right,Lateral Grasp
2,cup,Box / Complex,-168.38,Right,Lateral Grasp
2,cup,Box / Complex,-173.47,Center,Lateral Grasp
2,cup,Box / Complex,-169.99,Center,Lateral Grasp
67,cell phone,Spherical,-134.53,Right,Full Grasp
1,bottle,Spherical,-112.46,Right,Full Grasp
67,cell phone,Spherical,-109.51,Right,Full Grasp
67,cell phone,Box / Complex,-122.85,Right,Lateral Grasp
67,cell phone,Box / Complex,-110.1,Right,Lateral Grasp
67,cell phone,Box / Complex,75.18,Right,Lateral Grasp
67,cell phone,Box / Complex,-123.31,Right,Lateral Grasp
64,mouse,Cylindrical,177.29,Center,Full Grasp
64,mouse,Cylindrical,-179.76,Center,Full Grasp
64,mouse,Box / Complex,175.23,Center,Lateral Grasp
2,cup,Cylindrical,87.22,Right,Full Grasp
2,cup,Box / Complex,88.45,Right,Lateral Grasp
2,cup,Box / Complex,-91.61,Right,Lateral Grasp
1,bottle,Box / Complex,-92.36,Right,Lateral Grasp
1,bottle,Box / Complex,-93.96,Right,Lateral Grasp
1,bottle,Box / Complex,-92.62,Right,Lateral Grasp
1,bottle,Cylindrical,-92.36,Right,Full Grasp
1,bottle,Box / Complex,87.95,Right,Lateral Grasp
1,bottle,Box / Complex,88.21,Right,Lateral Grasp
1,bottle,Cylindrical,87.96,Right,Full Grasp
1,bottle,Cylindrical,87.42,Right,Full Grasp
1,bottle,Cylindrical,87.53,Right,Full Grasp
1,bottle,Cylindrical,88.39,Right,Full Grasp
1,bottle,Cylindrical,87.88,Right,Full Grasp
1,bottle,Box / Complex,-91.93,Right,Lateral Grasp
1,bottle,Box / Complex,-92.16,Right,Lateral Grasp
1,bottle,Box / Complex,89.16,Right,Lateral Grasp
1,bottle,Box / Complex,-92.36,Right,Lateral Grasp
1,bottle,Box / Complex,88.79,Right,Lateral Grasp
1,bottle,Cylindrical,87.81,Right,Full Grasp
1,bottle,Cylindrical,87.82,Right,Full Grasp
1,bottle,Cylindrical,88.11,Right,Full Grasp
1,bottle,Cylindrical,88.19,Right,Full Grasp
1,bottle,Cylindrical,88.37,Right,Full Grasp
1,bottle,Cylindrical,87.69,Right,Full Grasp
1,bottle,Cylindrical,88.61,Right,Full Grasp
1,bottle,Cylindrical,87.61,Right,Full Grasp
1,bottle,Cylindrical,88.36,Right,Full Grasp
1,bottle,Cylindrical,88.18,Right,Full Grasp
1,bottle,Cylindrical,87.69,Right,Full Grasp
1,bottle,Cylindrical,88.5,Right,Full Grasp
1,bottle,Cylindrical,88.39,Right,Full Grasp
1,bottle,Cylindrical,88.79,Right,Full Grasp
1,bottle,Cylindrical,87.94,Right,Full Grasp
1,bottle,Cylindrical,88.28,Right,Full Grasp
1,bottle,Cylindrical,88.06,Right,Full Grasp
1,bottle,Cylindrical,88.05,Right,Full Grasp
1,bottle,Cylindrical,87.46,Right,Full Grasp
1,bottle,Cylindrical,-92.08,Right,Full Grasp
1,bottle,Cylindrical,88.43,Right,Full Grasp
1,bottle,Cylindrical,-93.23,Right,Full Grasp
1,bottle,Cylindrical,88.23,Right,Full Grasp
1,bottle,Cylindrical,-93.46,Right,Full Grasp
1,bottle,Cylindrical,-94.02,Right,Full Grasp
1,bottle,Cylindrical,-92.98,Right,Full Grasp
1,bottle,Cylindrical,88.63,Right,Full Grasp
1,bottle,Cylindrical,-93.62,Right,Full Grasp
1,bottle,Cylindrical,-93.28,Right,Full Grasp
1,bottle,Cylindrical,89.51,Right,Full Grasp
1,bottle,Cylindrical,-91.56,Right,Full Grasp
1,bottle,Cylindrical,88.54,Right,Full Grasp
1,bottle,Cylindrical,88.04,Right,Full Grasp
1,bottle,Cylindrical,-92.61,Right,Full Grasp
1,bottle,Cylindrical,87.61,Right,Full Grasp
1,bottle,Cylindrical,87.91,Right,Full Grasp
1,bottle,Cylindrical,-92.06,Right,Full Grasp
1,bottle,Cylindrical,88.13,Right,Full Grasp
1,bottle,Cylindrical,-92.79,Right,Full Grasp
1,bottle,Cylindrical,87.15,Right,Full Grasp
1,bottle,Cylindrical,87.11,Right,Full Grasp
1,bottle,Cylindrical,88.21,Right,Full Grasp
1,bottle,Cylindrical,87.36,Right,Full Grasp
1,bottle,Cylindrical,87.59,Right,Full Grasp
1,bottle,Cylindrical,87.72,Right,Full Grasp
1,bottle,Cylindrical,87.25,Right,Full Grasp
1,bottle,Cylindrical,87.8,Right,Full Grasp
1,bottle,Cylindrical,87.36,Right,Full Grasp
1,bottle,Cylindrical,-93.49,Right,Full Grasp
1,bottle,Cylindrical,90.25,Left,Full Grasp
1,bottle,Cylindrical,89.44,Right,Full Grasp
1,bottle,Cylindrical,89.79,Right,Full Grasp
1,bottle,Box / Complex,90.07,Left,Lateral Grasp
1,bottle,Box / Complex,90.41,Left,Lateral Grasp
1,bottle,Box / Complex,89.71,Right,Lateral Grasp
1,bottle,Box / Complex,90.52,Left,Lateral Grasp
1,bottle,Box / Complex,89.62,Right,Lateral Grasp
1,bottle,Box / Complex,-91.34,Right,Lateral Grasp
1,bottle,Box / Complex,-90.89,Right,Lateral Grasp
1,bottle,Box / Complex,-90.99,Right,Lateral Grasp
1,bottle,Box / Complex,-90.22,Right,Lateral Grasp
1,bottle,Box / Complex,-90.68,Right,Lateral Grasp
1,bottle,Box / Complex,-90.64,Right,Lateral Grasp
1,bottle,Box / Complex,-91.19,Right,Lateral Grasp
1,bottle,Box / Complex,-90.32,Right,Lateral Grasp
1,bottle,Box / Complex,90.08,Left,Lateral Grasp
1,bottle,Box / Complex,-91.24,Right,Lateral Grasp
1,bottle,Box / Complex,89.91,Right,Lateral Grasp
64,mouse,Box / Complex,-171.38,Center,Lateral Grasp
64,mouse,Box / Complex,178.98,Center,Lateral Grasp
64,mouse,Box / Complex,-3.61,Right,Lateral Grasp
64,mouse,Cylindrical,169.06,Left,Full Grasp
64,mouse,Cylindrical,177.17,Center,Full Grasp
64,mouse,Cylindrical,3.37,Right,Full Grasp
64,mouse,Cylindrical,173.12,Center,Full Grasp
64,mouse,Cylindrical,171.69,Center,Full Grasp
64,mouse,Cylindrical,173.65,Center,Full Grasp
64,mouse,Cylindrical,175.93,Center,Full Grasp
64,mouse,Cylindrical,172.76,Center,Full Grasp
64,mouse,Cylindrical,168.37,Left,Full Grasp
73,book,Box / Complex,102.77,Left,Lateral Grasp
73,book,Box / Complex,-101.61,Right,Lateral Grasp
73,book,Box / Complex,-102.89,Right,Lateral Grasp
73,book,Box / Complex,-107.38,Right,Lateral Grasp
73,book,Box / Complex,-109.84,Right,Lateral Grasp
73,book,Box / Complex,-101.36,Right,Lateral Grasp
73,book,Box / Complex,-101.36,Right,Lateral Grasp
73,book,Box / Complex,-104.75,Right,Lateral Grasp
73,book,Box / Complex,-105.44,Right,Lateral Grasp
73,book,Box / Complex,85.03,Right,Lateral Grasp
73,book,Box / Complex,82.58,Right,Lateral Grasp
67,cell phone,Box / Complex,169.2,Left,Lateral Grasp
67,cell phone,Box / Complex,175.93,Center,Pinch Grasp
73,book,Spherical,-105.44,Right,Full Grasp
73,book,Box / Complex,94.07,Left,Lateral Grasp
73,book,Box / Complex,-91.64,Right,Lateral Grasp
73,book,Box / Complex,-90.44,Right,Lateral Grasp
73,book,Box / Complex,91.13,Left,Lateral Grasp
73,book,Box / Complex,-90.91,Right,Lateral Grasp
73,book,Cylindrical,-90.32,Right,Full Grasp
73,book,Cylindrical,-91.68,Right,Full Grasp
73,book,Cylindrical,-92.31,Right,Full Grasp
73,book,Cylindrical,-90.85,Right,Full Grasp
73,book,Cylindrical,-91.5,Right,Full Grasp
73,book,Cylindrical,-93.37,Right,Full Grasp
73,book,Cylindrical,-92.08,Right,Full Grasp
73,book,Cylindrical,-92.46,Right,Full Grasp
73,book,Cylindrical,-92.96,Right,Full Grasp
73,book,Cylindrical,-95.11,Right,Full Grasp
1,bottle,Box / Complex,92.66,Left,Lateral Grasp
1,bottle,Box / Complex,92.32,Left,Lateral Grasp
1,bottle,Box / Complex,91.23,Left,Lateral Grasp
1,bottle,Box / Complex,90.8,Left,Lateral Grasp
1,bottle,Box / Complex,91.11,Left,Lateral Grasp
1,bottle,Box / Complex,91.5,Left,Lateral Grasp
1,bottle,Box / Complex,91.26,Left,Lateral Grasp
1,bottle,Box / Complex,90.73,Left,Lateral Grasp
1,bottle,Box / Complex,90.99,Left,Lateral Grasp
1,bottle,Box / Complex,90.92,Left,Lateral Grasp
1,bottle,Box / Complex,91.01,Left,Lateral Grasp
1,bottle,Box / Complex,90.98,Left,Lateral Grasp
1,bottle,Box / Complex,91.0,Left,Lateral Grasp
1,bottle,Box / Complex,91.53,Left,Lateral Grasp
1,bottle,Box / Complex,91.02,Left,Lateral Grasp
1,bottle,Box / Complex,90.7,Left,Lateral Grasp
1,bottle,Box / Complex,90.85,Left,Lateral Grasp
1,bottle,Box / Complex,90.36,Left,Lateral Grasp
1,bottle,Box / Complex,90.9,Left,Lateral Grasp
1,bottle,Box / Complex,90.7,Left,Lateral Grasp
1,bottle,Box / Complex,90.82,Left,Lateral Grasp
1,bottle,Box / Complex,-96.19,Right,Lateral Grasp
1,bottle,Box / Complex,-93.02,Right,Lateral Grasp
1,bottle,Box / Complex,-91.54,Right,Lateral Grasp
1,bottle,Box / Complex,-92.21,Right,Lateral Grasp
1,bottle,Box / Complex,-94.24,Right,Lateral Grasp
1,bottle,Box / Complex,-93.04,Right,Lateral Grasp
1,bottle,Box / Complex,88.91,Right,Lateral Grasp
1,bottle,Box / Complex,89.36,Right,Lateral Grasp
1,bottle,Box / Complex,-94.14,Right,Lateral Grasp
1,bottle,Box / Complex,-92.89,Right,Lateral Grasp
1,bottle,Box / Complex,-92.93,Right,Lateral Grasp
1,bottle,Box / Complex,88.99,Right,Lateral Grasp
1,bottle,Box / Complex,-92.87,Right,Lateral Grasp
1,bottle,Box / Complex,-96.07,Right,Lateral Grasp
1,bottle,Box / Complex,-93.81,Right,Lateral Grasp
1,bottle,Box / Complex,-94.47,Right,Lateral Grasp
1,bottle,Box / Complex,88.79,Right,Lateral Grasp
1,bottle,Box / Complex,89.88,Right,Lateral Grasp
1,bottle,Box / Complex,-92.21,Right,Lateral Grasp
1,bottle,Box / Complex,-93.38,Right,Lateral Grasp
1,bottle,Box / Complex,-92.59,Right,Lateral Grasp
1,bottle,Box / Complex,89.57,Right,Lateral Grasp
1,bottle,Box / Complex,-92.86,Right,Lateral Grasp
1,bottle,Box / Complex,-91.98,Right,Lateral Grasp
1,bottle,Box / Complex,89.75,Right,Lateral Grasp
1,bottle,Box / Complex,-90.8,Right,Lateral Grasp
1,bottle,Cylindrical,90.13,Left,Full Grasp
1,bottle,Cylindrical,-90.38,Right,Full Grasp
1,bottle,Cylindrical,93.19,Left,Full Grasp
1,bottle,Cylindrical,94.72,Left,Full Grasp
1,bottle,Cylindrical,94.95,Left,Full Grasp
1,bottle,Cylindrical,96.16,Left,Full Grasp
1,bottle,Cylindrical,93.59,Left,Full Grasp
1,bottle,Cylindrical,92.7,Left,Full Grasp
1,bottle,Cylindrical,94.09,Left,Full Grasp
1,bottle,Cylindrical,94.42,Left,Full Grasp
1,bottle,Cylindrical,94.4,Left,Full Grasp
1,bottle,Cylindrical,94.33,Left,Full Grasp
1,bottle,Cylindrical,95.01,Left,Full Grasp
1,bottle,Cylindrical,95.07,Left,Full Grasp
1,bottle,Cylindrical,93.81,Left,Full Grasp
1,bottle,Cylindrical,93.51,Left,Full Grasp
1,bottle,Cylindrical,93.72,Left,Full Grasp
1,bottle,Cylindrical,93.91,Left,Full Grasp
1,bottle,Box / Complex,-95.75,Right,Lateral Grasp
1,bottle,Box / Complex,-94.81,Right,Lateral Grasp
1,bottle,Box / Complex,-94.51,Right,Lateral Grasp
1,bottle,Box / Complex,-94.61,Right,Lateral Grasp
1,bottle,Box / Complex,-94.82,Right,Lateral Grasp
1,bottle,Box / Complex,-94.89,Right,Lateral Grasp
1,bottle,Box / Complex,-94.45,Right,Lateral Grasp
1,bottle,Box / Complex,-95.66,Right,Lateral Grasp
1,bottle,Box / Complex,-94.93,Right,Lateral Grasp
1,bottle,Box / Complex,-94.0,Right,Lateral Grasp
1,bottle,Box / Complex,-94.94,Right,Lateral Grasp
1,bottle,Box / Complex,85.6,Right,Lateral Grasp
1,bottle,Cylindrical,86.76,Right,Full Grasp
1,bottle,Cylindrical,86.24,Right,Full Grasp
1,bottle,Cylindrical,86.19,Right,Full Grasp
1,bottle,Cylindrical,86.37,Right,Full Grasp
1,bottle,Cylindrical,86.28,Right,Full Grasp
1,bottle,Cylindrical,86.48,Right,Full Grasp
1,bottle,Cylindrical,-93.77,Right,Full Grasp
1,bottle,Cylindrical,86.35,Right,Full Grasp
1,bottle,Cylindrical,86.36,Right,Full Grasp
1,bottle,Cylindrical,86.3,Right,Full Grasp
1,bottle,Cylindrical,-93.81,Right,Full Grasp
1,bottle,Cylindrical,87.02,Right,Full Grasp
1,bottle,Cylindrical,-93.63,Right,Full Grasp
1,bottle,Cylindrical,86.43,Right,Full Grasp
1,bottle,Cylindrical,86.24,Right,Full Grasp
1,bottle,Cylindrical,87.03,Right,Full Grasp
1,bottle,Cylindrical,-93.24,Right,Full Grasp
1,bottle,Cylindrical,-93.59,Right,Full Grasp
1,bottle,Cylindrical,-93.36,Right,Full Grasp
1,bottle,Cylindrical,87.05,Right,Full Grasp
1,bottle,Cylindrical,86.91,Right,Full Grasp
1,bottle,Cylindrical,87.88,Right,Full Grasp
1,bottle,Cylindrical,87.23,Right,Full Grasp
1,bottle,Cylindrical,87.02,Right,Full Grasp
1,bottle,Cylindrical,87.53,Right,Full Grasp
1,bottle,Cylindrical,87.69,Right,Full Grasp
1,bottle,Cylindrical,87.24,Right,Full Grasp
1,bottle,Cylindrical,88.12,Right,Full Grasp
1,bottle,Cylindrical,86.89,Right,Full Grasp
1,bottle,Cylindrical,87.61,Right,Full Grasp
1,bottle,Cylindrical,87.24,Right,Full Grasp
1,bottle,Cylindrical,87.46,Right,Full Grasp
1,bottle,Cylindrical,88.11,Right,Full Grasp
1,bottle,Cylindrical,87.62,Right,Full Grasp
1,bottle,Cylindrical,87.95,Right,Full Grasp
1,bottle,Cylindrical,87.83,Right,Full Grasp
1,bottle,Cylindrical,88.01,Right,Full Grasp
1,bottle,Cylindrical,87.69,Right,Full Grasp
1,bottle,Cylindrical,86.99,Right,Full Grasp
1,bottle,Cylindrical,86.46,Right,Full Grasp
1,bottle,Cylindrical,86.66,Right,Full Grasp
1,bottle,Cylindrical,86.33,Right,Full Grasp
1,bottle,Cylindrical,86.49,Right,Full Grasp
1,bottle,Cylindrical,86.72,Right,Full Grasp
1,bottle,Cylindrical,86.62,Right,Full Grasp
1,bottle,Cylindrical,87.01,Right,Full Grasp
1,bottle,Cylindrical,86.73,Right,Full Grasp
1,bottle,Cylindrical,86.71,Right,Full Grasp
1,bottle,Cylindrical,87.08,Right,Full Grasp
1,bottle,Cylindrical,87.31,Right,Full Grasp
1,bottle,Cylindrical,87.41,Right,Full Grasp
1,bottle,Cylindrical,87.49,Right,Full Grasp
1,bottle,Cylindrical,87.56,Right,Full Grasp
1,bottle,Cylindrical,87.13,Right,Full Grasp
1,bottle,Cylindrical,86.54,Right,Full Grasp
1,bottle,Cylindrical,86.62,Right,Full Grasp
1,bottle,Cylindrical,86.98,Right,Full Grasp
64,mouse,Box / Complex,167.62,Left,Lateral Grasp
64,mouse,Box / Complex,157.32,Left,Lateral Grasp
64,mouse,Box / Complex,-36.28,Right,Lateral Grasp
64,mouse,Box / Complex,143.46,Left,Lateral Grasp
64,mouse,Box / Complex,131.94,Left,Lateral Grasp
64,mouse,Box / Complex,158.05,Left,Lateral Grasp
64,mouse,Box / Complex,177.3,Center,Lateral Grasp
64,mouse,Box / Complex,-59.56,Right,Lateral Grasp
64,mouse,Box / Complex,167.43,Left,Lateral Grasp
64,mouse,Box / Complex,-151.83,Right,Lateral Grasp
64,mouse,Box / Complex,-172.56,Center,Lateral Grasp
64,mouse,Box / Complex,-139.41,Right,Lateral Grasp
64,mouse,Box / Complex,164.41,Left,Lateral Grasp
64,mouse,Box / Complex,164.55,Left,Lateral Grasp
64,mouse,Box / Complex,171.47,Center,Lateral Grasp
64,mouse,Box / Complex,173.5,Center,Lateral Grasp
64,mouse,Box / Complex,174.57,Center,Lateral Grasp
64,mouse,Box / Complex,174.58,Center,Lateral Grasp
64,mouse,Box / Complex,173.79,Center,Lateral Grasp
64,mouse,Box / Complex,173.19,Center,Lateral Grasp
64,mouse,Box / Complex,178.95,Center,Lateral Grasp
64,mouse,Box / Complex,-5.27,Right,Lateral Grasp
64,mouse,Box / Complex,170.72,Center,Lateral Grasp
64,mouse,Box / Complex,171.5,Center,Lateral Grasp
64,mouse,Box / Complex,171.15,Center,Lateral Grasp
64,mouse,Box / Complex,173.81,Center,Lateral Grasp
64,mouse,Box / Complex,173.07,Center,Lateral Grasp
79,toothbrush,Spherical,-122.25,Right,Full Grasp
79,toothbrush,Spherical,61.48,Right,Full Grasp
79,toothbrush,Spherical,55.83,Right,Full Grasp
79,toothbrush,Spherical,48.81,Right,Full Grasp
2,cup,Box / Complex,165.04,Left,Lateral Grasp
2,cup,Box / Complex,-177.61,Center,Lateral Grasp
2,cup,Box / Complex,167.75,Left,Lateral Grasp
2,cup,Box / Complex,173.13,Center,Lateral Grasp
2,cup,Box / Complex,-165.04,Right,Lateral Grasp
2,cup,Box / Complex,-166.25,Right,Lateral Grasp
67,cell phone,Cylindrical,-92.82,Right,Full Grasp
67,cell phone,Cylindrical,-92.98,Right,Full Grasp
2,cup,Spherical,-169.39,Center,Full Grasp
2,cup,Box / Complex,144.04,Left,Lateral Grasp
2,cup,Box / Complex,129.42,Left,Lateral Grasp
46,banana,Box / Complex,106.94,Left,Lateral Grasp
76,scissors,Cylindrical,-92.27,Right,Full Grasp
76,scissors,Cylindrical,-91.25,Right,Full Grasp
76,scissors,Cylindrical,-91.75,Right,Full Grasp
76,scissors,Cylindrical,-91.73,Right,Full Grasp
76,scissors,Cylindrical,-92.31,Right,Pinch Grasp
67,cell phone,Cylindrical,-91.03,Right,Pinch Grasp
67,cell phone,Cylindrical,-92.22,Right,Pinch Grasp
67,cell phone,Cylindrical,90.66,Left,Pinch Grasp
67,cell phone,Cylindrical,-90.35,Right,Pinch Grasp
67,cell phone,Cylindrical,-90.44,Right,Pinch Grasp
67,cell phone,Cylindrical,-89.94,Right,Pinch Grasp
67,cell phone,Cylindrical,90.13,Left,Pinch Grasp
1,bottle,Box / Complex,92.38,Left,Lateral Grasp
1,bottle,Box / Complex,90.91,Left,Lateral Grasp
1,bottle,Box / Complex,90.58,Left,Lateral Grasp
1,bottle,Box / Complex,90.01,Left,Lateral Grasp
1,bottle,Box / Complex,89.51,Right,Lateral Grasp
1,bottle,Spherical,87.52,Right,Full Grasp
1,bottle,Spherical,109.19,Left,Full Grasp
1,bottle,Spherical,84.76,Right,Full Grasp
1,bottle,Spherical,91.52,Left,Full Grasp
1,bottle,Box / Complex,81.68,Right,Lateral Grasp
1,bottle,Cylindrical,-104.62,Right,Full Grasp
1,bottle,Cylindrical,-103.31,Right,Full Grasp
1,bottle,Cylindrical,82.49,Right,Full Grasp
1,bottle,Cylindrical,85.26,Right,Full Grasp
1,bottle,Cylindrical,86.11,Right,Full Grasp
1,bottle,Cylindrical,83.01,Right,Full Grasp
1,bottle,Cylindrical,82.7,Right,Full Grasp
1,bottle,Cylindrical,83.87,Right,Full Grasp
1,bottle,Cylindrical,83.93,Right,Full Grasp
1,bottle,Cylindrical,83.73,Right,Full Grasp
1,bottle,Cylindrical,83.96,Right,Full Grasp
1,bottle,Cylindrical,84.75,Right,Full Grasp
1,bottle,Cylindrical,83.93,Right,Full Grasp
1,bottle,Cylindrical,86.74,Right,Full Grasp
1,bottle,Cylindrical,84.72,Right,Full Grasp
1,bottle,Cylindrical,86.58,Right,Full Grasp
1,bottle,Cylindrical,85.52,Right,Full Grasp
1,bottle,Cylindrical,85.47,Right,Full Grasp
1,bottle,Cylindrical,85.07,Right,Full Grasp
1,bottle,Cylindrical,86.41,Right,Full Grasp
1,bottle,Cylindrical,85.69,Right,Full Grasp
1,bottle,Cylindrical,85.96,Right,Full Grasp
1,bottle,Cylindrical,-94.86,Right,Full Grasp
1,bottle,Cylindrical,-95.24,Right,Full Grasp
1,bottle,Cylindrical,-94.95,Right,Full Grasp
1,bottle,Cylindrical,-94.86,Right,Full Grasp
1,bottle,Cylindrical,85.26,Right,Full Grasp
1,bottle,Cylindrical,-94.74,Right,Full Grasp
1,bottle,Cylindrical,85.74,Right,Full Grasp
1,bottle,Cylindrical,-95.91,Right,Full Grasp
1,bottle,Cylindrical,84.8,Right,Full Grasp
1,bottle,Cylindrical,85.74,Right,Full Grasp
1,bottle,Cylindrical,85.43,Right,Full Grasp
1,bottle,Cylindrical,84.58,Right,Full Grasp
1,bottle,Cylindrical,84.39,Right,Full Grasp
1,bottle,Cylindrical,83.18,Right,Full Grasp
1,bottle,Cylindrical,83.82,Right,Full Grasp
1,bottle,Cylindrical,-99.11,Right,Full Grasp
1,bottle,Cylindrical,83.06,Right,Full Grasp
1,bottle,Cylindrical,83.42,Right,Full Grasp
1,bottle,Cylindrical,83.93,Right,Full Grasp
1,bottle,Cylindrical,82.61,Right,Full Grasp
1,bottle,Cylindrical,-98.24,Right,Full Grasp
1,bottle,Cylindrical,-98.29,Right,Full Grasp
1,bottle,Cylindrical,82.18,Right,Full Grasp
1,bottle,Cylindrical,81.96,Right,Full Grasp
1,bottle,Cylindrical,-98.51,Right,Full Grasp
1,bottle,Cylindrical,-99.77,Right,Full Grasp
1,bottle,Cylindrical,-98.9,Right,Full Grasp
1,bottle,Cylindrical,-99.86,Right,Full Grasp
1,bottle,Cylindrical,-99.09,Right,Full Grasp
1,bottle,Cylindrical,-97.52,Right,Full Grasp
1,bottle,Cylindrical,82.82,Right,Full Grasp
1,bottle,Cylindrical,83.03,Right,Full Grasp
1,bottle,Cylindrical,-97.42,Right,Full Grasp
1,bottle,Cylindrical,82.73,Right,Full Grasp
1,bottle,Cylindrical,-98.7,Right,Full Grasp
1,bottle,Cylindrical,82.03,Right,Full Grasp
1,bottle,Cylindrical,81.69,Right,Full Grasp
1,bottle,Cylindrical,82.64,Right,Full Grasp
1,bottle,Cylindrical,83.68,Right,Full Grasp
1,bottle,Cylindrical,82.75,Right,Full Grasp
1,bottle,Cylindrical,82.17,Right,Full Grasp
1,bottle,Cylindrical,82.54,Right,Full Grasp
1,bottle,Cylindrical,83.3,Right,Full Grasp
1,bottle,Cylindrical,82.71,Right,Full Grasp
1,bottle,Cylindrical,83.87,Right,Full Grasp
1,bottle,Cylindrical,83.7,Right,Full Grasp
1,bottle,Cylindrical,-97.88,Right,Full Grasp
1,bottle,Cylindrical,82.44,Right,Full Grasp
1,bottle,Cylindrical,82.68,Right,Full Grasp
1,bottle,Cylindrical,82.33,Right,Full Grasp
1,bottle,Cylindrical,82.05,Right,Full Grasp
1,bottle,Cylindrical,81.83,Right,Full Grasp
1,bottle,Cylindrical,83.39,Right,Full Grasp
1,bottle,Cylindrical,82.8,Right,Full Grasp
1,bottle,Cylindrical,81.39,Right,Full Grasp
1,bottle,Cylindrical,83.75,Right,Full Grasp
1,bottle,Cylindrical,84.69,Right,Full Grasp
1,bottle,Cylindrical,83.61,Right,Full Grasp
1,bottle,Cylindrical,83.04,Right,Full Grasp
1,bottle,Cylindrical,82.46,Right,Full Grasp
1,bottle,Cylindrical,-99.83,Right,Full Grasp
1,bottle,Cylindrical,83.55,Right,Full Grasp
64,mouse,Box / Complex,178.88,Center,Lateral Grasp
64,mouse,Box / Complex,176.39,Center,Lateral Grasp
64,mouse,Box / Complex,177.76,Center,Lateral Grasp
1,bottle,Cylindrical,-95.01,Right,Full Grasp
1,bottle,Cylindrical,-94.25,Right,Full Grasp
1,bottle,Cylindrical,85.92,Right,Full Grasp
1,bottle,Cylindrical,87.08,Right,Full Grasp
1,bottle,Cylindrical,87.64,Right,Full Grasp
1,bottle,Cylindrical,-94.65,Right,Full Grasp
1,bottle,Cylindrical,85.85,Right,Full Grasp
1,bottle,Cylindrical,85.03,Right,Full Grasp
1,bottle,Cylindrical,86.04,Right,Full Grasp
1,bottle,Cylindrical,86.35,Right,Full Grasp
1,bottle,Cylindrical,86.84,Right,Full Grasp
1,bottle,Cylindrical,-96.3,Right,Full Grasp
2,cup,Box / Complex,-89.7,Right,Lateral Grasp
2,cup,Box / Complex,-90.26,Right,Lateral Grasp
2,cup,Box / Complex,-90.41,Right,Lateral Grasp
2,cup,Box / Complex,-90.07,Right,Lateral Grasp
2,cup,Box / Complex,-89.8,Right,Lateral Grasp
2,cup,Box / Complex,-89.94,Right,Lateral Grasp
2,cup,Box / Complex,-90.4,Right,Lateral Grasp
2,cup,Box / Complex,90.15,Left,Lateral Grasp
2,cup,Box / Complex,-90.89,Right,Lateral Grasp
2,cup,Box / Complex,-91.0,Right,Lateral Grasp
2,cup,Box / Complex,-91.03,Right,Lateral Grasp
2,cup,Box / Complex,-90.66,Right,Lateral Grasp
2,cup,Box / Complex,-91.49,Right,Lateral Grasp
2,cup,Box / Complex,-90.3,Right,Lateral Grasp
2,cup,Box / Complex,-90.47,Right,Lateral Grasp
2,cup,Box / Complex,-90.8,Right,Lateral Grasp
2,cup,Box / Complex,91.12,Left,Lateral Grasp
2,cup,Cylindrical,-143.32,Right,Full Grasp
2,cup,Cylindrical,-134.35,Right,Full Grasp
2,cup,Cylindrical,-142.9,Right,Full Grasp
2,cup,Cylindrical,-148.95,Right,Full Grasp
2,cup,Cylindrical,175.72,Center,Full Grasp
2,cup,Cylindrical,155.01,Left,Full Grasp
1,bottle,Cylindrical,91.73,Left,Full Grasp
1,bottle,Cylindrical,91.84,Left,Full Grasp
1,bottle,Cylindrical,91.88,Left,Full Grasp
1,bottle,Cylindrical,91.93,Left,Full Grasp
1,bottle,Cylindrical,92.77,Left,Full Grasp
1,bottle,Cylindrical,91.44,Left,Full Grasp
1,bottle,Cylindrical,90.63,Left,Full Grasp
1,bottle,Cylindrical,90.66,Left,Full Grasp
1,bottle,Cylindrical,91.25,Left,Full Grasp
1,bottle,Cylindrical,91.42,Left,Full Grasp
1,bottle,Cylindrical,91.04,Left,Full Grasp
1,bottle,Cylindrical,91.1,Left,Full Grasp
1,bottle,Cylindrical,90.89,Left,Full Grasp
1,bottle,Cylindrical,-90.83,Right,Full Grasp
1,bottle,Cylindrical,90.0,Right,Full Grasp
1,bottle,Cylindrical,90.02,Left,Full Grasp
1,bottle,Cylindrical,91.99,Left,Full Grasp
1,bottle,Cylindrical,91.31,Left,Full Grasp
2,cup,Box / Complex,-92.58,Right,Lateral Grasp
2,cup,Box / Complex,-91.94,Right,Lateral Grasp
2,cup,Box / Complex,-90.89,Right,Lateral Grasp
2,cup,Box / Complex,-91.52,Right,Lateral Grasp
2,cup,Box / Complex,-92.37,Right,Lateral Grasp
2,cup,Box / Complex,-90.87,Right,Lateral Grasp
2,cup,Box / Complex,-90.72,Right,Lateral Grasp
2,cup,Box / Complex,-91.41,Right,Lateral Grasp
2,cup,Box / Complex,90.02,Left,Lateral Grasp
2,cup,Box / Complex,91.58,Left,Lateral Grasp
2,cup,Box / Complex,-89.45,Right,Lateral Grasp
2,cup,Cylindrical,-90.19,Right,Full Grasp
2,cup,Box / Complex,-92.8,Right,Lateral Grasp
2,cup,Box / Complex,-92.33,Right,Lateral Grasp
2,cup,Box / Complex,-91.42,Right,Lateral Grasp
2,cup,Box / Complex,-92.39,Right,Lateral Grasp
2,cup,Box / Complex,-92.89,Right,Lateral Grasp
2,cup,Box / Complex,-90.23,Right,Lateral Grasp
2,cup,Box / Complex,-91.09,Right,Lateral Grasp
2,cup,Box / Complex,-90.78,Right,Lateral Grasp
2,cup,Box / Complex,-90.32,Right,Lateral Grasp
2,cup,Box / Complex,-90.73,Right,Lateral Grasp
2,cup,Box / Complex,-90.6,Right,Lateral Grasp
2,cup,Box / Complex,89.93,Right,Lateral Grasp
2,cup,Box / Complex,-90.52,Right,Lateral Grasp
2,cup,Cylindrical,-90.22,Right,Full Grasp
2,cup,Cylindrical,-90.87,Right,Full Grasp
2,cup,Cylindrical,159.32,Left,Full Grasp
1,bottle,Box / Complex,-93.0,Right,Lateral Grasp
1,bottle,Box / Complex,-93.4,Right,Lateral Grasp
1,bottle,Box / Complex,-96.13,Right,Lateral Grasp
2,cup,Cylindrical,-90.62,Right,Full Grasp
2,cup,Box / Complex,90.07,Left,Lateral Grasp
2,cup,Box / Complex,-91.67,Right,Lateral Grasp
2,cup,Box / Complex,-92.24,Right,Lateral Grasp
1,bottle,Box / Complex,-91.97,Right,Lateral Grasp
1,bottle,Cylindrical,-92.29,Right,Full Grasp
1,bottle,Box / Complex,-91.88,Right,Lateral Grasp
1,bottle,Box / Complex,-91.18,Right,Lateral Grasp
1,bottle,Box / Complex,-91.28,Right,Lateral Grasp
1,bottle,Box / Complex,-91.5,Right,Lateral Grasp
1,bottle,Box / Complex,89.7,Right,Lateral Grasp
1,bottle,Box / Complex,-91.27,Right,Lateral Grasp
1,bottle,Box / Complex,89.49,Right,Lateral Grasp
1,bottle,Box / Complex,89.25,Right,Lateral Grasp
1,bottle,Box / Complex,89.16,Right,Lateral Grasp
1,bottle,Box / Complex,-91.56,Right,Lateral Grasp
1,bottle,Box / Complex,89.21,Right,Lateral Grasp
1,bottle,Box / Complex,89.88,Right,Lateral Grasp
1,bottle,Box / Complex,89.79,Right,Lateral Grasp
1,bottle,Box / Complex,90.89,Left,Lateral Grasp
1,bottle,Box / Complex,89.53,Right,Lateral Grasp
1,bottle,Box / Complex,90.56,Left,Lateral Grasp
1,bottle,Box / Complex,89.47,Right,Lateral Grasp
1,bottle,Box / Complex,89.76,Right,Lateral Grasp
1,bottle,Box / Complex,89.64,Right,Lateral Grasp
2,cup,Box / Complex,-165.92,Right,Lateral Grasp
2,cup,Box / Complex,-169.71,Center,Lateral Grasp
2,cup,Box / Complex,-168.92,Right,Lateral Grasp
2,cup,Box / Complex,-166.16,Right,Lateral Grasp
2,cup,Box / Complex,-163.92,Right,Lateral Grasp
2,cup,Box / Complex,144.03,Left,Lateral Grasp
1,bottle,Box / Complex,89.89,Right,Lateral Grasp
1,bottle,Box / Complex,-91.39,Right,Lateral Grasp
1,bottle,Box / Complex,-90.76,Right,Lateral Grasp
1,bottle,Box / Complex,90.11,Left,Lateral Grasp
1,bottle,Box / Complex,90.16,Left,Lateral Grasp
1,bottle,Box / Complex,-91.29,Right,Lateral Grasp
1,bottle,Box / Complex,90.37,Left,Lateral Grasp
1,bottle,Box / Complex,90.5,Left,Lateral Grasp
1,bottle,Box / Complex,90.88,Left,Lateral Grasp
1,bottle,Box / Complex,90.74,Left,Lateral Grasp
1,bottle,Box / Complex,91.65,Left,Lateral Grasp
1,bottle,Box / Complex,92.31,Left,Lateral Grasp
1,bottle,Box / Complex,90.15,Left,Lateral Grasp
1,bottle,Box / Complex,91.67,Left,Lateral Grasp
1,bottle,Box / Complex,91.74,Left,Lateral Grasp
1,bottle,Box / Complex,91.47,Left,Lateral Grasp
1,bottle,Box / Complex,91.67,Left,Lateral Grasp
1,bottle,Box / Complex,91.38,Left,Lateral Grasp
1,bottle,Box / Complex,91.05,Left,Lateral Grasp
1,bottle,Box / Complex,91.23,Left,Lateral Grasp
1,bottle,Box / Complex,91.52,Left,Lateral Grasp
1,bottle,Box / Complex,91.55,Left,Lateral Grasp
1,bottle,Box / Complex,90.98,Left,Lateral Grasp
1,bottle,Box / Complex,91.36,Left,Lateral Grasp
1,bottle,Box / Complex,91.49,Left,Lateral Grasp
1,bottle,Box / Complex,91.04,Left,Lateral Grasp
1,bottle,Box / Complex,91.47,Left,Lateral Grasp
1,bottle,Box / Complex,90.53,Left,Lateral Grasp
1,bottle,Box / Complex,-90.56,Right,Lateral Grasp
64,mouse,Box / Complex,173.1,Center,Lateral Grasp
2,cup,Cylindrical,-89.45,Right,Full Grasp
1,bottle,Cylindrical,89.94,Right,Full Grasp
1,bottle,Cylindrical,87.05,Right,Full Grasp
1,bottle,Cylindrical,89.54,Right,Full Grasp
1,bottle,Box / Complex,90.71,Left,Lateral Grasp
1,bottle,Box / Complex,-90.31,Right,Lateral Grasp
1,bottle,Box / Complex,90.35,Left,Lateral Grasp
1,bottle,Box / Complex,90.31,Left,Lateral Grasp
1,bottle,Cylindrical,93.85,Left,Full Grasp
1,bottle,Cylindrical,92.57,Left,Full Grasp
1,bottle,Cylindrical,93.52,Left,Full Grasp
1,bottle,Cylindrical,92.84,Left,Full Grasp
2,cup,Box / Complex,-177.02,Center,Lateral Grasp
2,cup,Box / Complex,148.69,Left,Lateral Grasp
2,cup,Box / Complex,136.5,Left,Lateral Grasp
1,bottle,Box / Complex,89.43,Right,Lateral Grasp
1,bottle,Box / Complex,90.22,Left,Lateral Grasp
1,bottle,Box / Complex,90.47,Left,Lateral Grasp
1,bottle,Box / Complex,90.57,Left,Lateral Grasp
1,bottle,Box / Complex,90.8,Left,Lateral Grasp
1,bottle,Box / Complex,90.38,Left,Lateral Grasp
1,bottle,Box / Complex,91.17,Left,Lateral Grasp
1,bottle,Box / Complex,90.59,Left,Lateral Grasp
1,bottle,Box / Complex,90.92,Left,Lateral Grasp
1,bottle,Box / Complex,90.64,Left,Lateral Grasp
1,bottle,Box / Complex,90.7,Left,Lateral Grasp
1,bottle,Box / Complex,90.33,Left,Lateral Grasp
1,bottle,Box / Complex,90.47,Left,Lateral Grasp
1,bottle,Box / Complex,89.86,Right,Lateral Grasp
1,bottle,Box / Complex,90.31,Left,Lateral Grasp
1,bottle,Box / Complex,89.62,Right,Lateral Grasp
1,bottle,Box / Complex,90.23,Left,Lateral Grasp
1,bottle,Box / Complex,90.27,Left,Lateral Grasp
1,bottle,Box / Complex,90.1,Left,Lateral Grasp
1,bottle,Box / Complex,89.97,Right,Lateral Grasp
1,bottle,Box / Complex,89.59,Right,Lateral Grasp
1,bottle,Box / Complex,89.6,Right,Lateral Grasp
1,bottle,Box / Complex,-90.92,Right,Lateral Grasp
2,cup,Cylindrical,-130.71,Right,Full Grasp
2,cup,Cylindrical,85.8,Right,Full Grasp
2,cup,Box / Complex,-109.03,Right,Lateral Grasp
2,cup,Box / Complex,-105.15,Right,Lateral Grasp
2,cup,Box / Complex,-168.91,Right,Lateral Grasp
2,cup,Box / Complex,-106.18,Right,Lateral Grasp
2,cup,Box / Complex,-102.51,Right,Lateral Grasp
2,cup,Cylindrical,-135.31,Right,Full Grasp
1,bottle,Box / Complex,88.67,Right,Lateral Grasp
1,bottle,Box / Complex,88.62,Right,Lateral Grasp
1,bottle,Box / Complex,88.26,Right,Lateral Grasp
1,bottle,Box / Complex,88.63,Right,Lateral Grasp
1,bottle,Box / Complex,88.12,Right,Lateral Grasp
1,bottle,Box / Complex,89.41,Right,Lateral Grasp
1,bottle,Box / Complex,88.06,Right,Lateral Grasp
1,bottle,Box / Complex,89.96,Right,Lateral Grasp
1,bottle,Box / Complex,88.37,Right,Lateral Grasp
1,bottle,Box / Complex,88.13,Right,Lateral Grasp
1,bottle,Box / Complex,88.92,Right,Lateral Grasp
1,bottle,Box / Complex,89.5,Right,Lateral Grasp
1,bottle,Box / Complex,90.36,Left,Lateral Grasp
1,bottle,Box / Complex,90.47,Left,Lateral Grasp
1,bottle,Box / Complex,87.58,Right,Lateral Grasp
1,bottle,Box / Complex,88.74,Right,Lateral Grasp
1,bottle,Box / Complex,87.61,Right,Lateral Grasp
1,bottle,Box / Complex,89.1,Right,Lateral Grasp
1,bottle,Cylindrical,88.14,Right,Full Grasp
1,bottle,Cylindrical,88.14,Right,Full Grasp
1,bottle,Cylindrical,88.25,Right,Full Grasp
1,bottle,Cylindrical,88.13,Right,Full Grasp
1,bottle,Box / Complex,-92.19,Right,Lateral Grasp
1,bottle,Box / Complex,-92.06,Right,Lateral Grasp
1,bottle,Box / Complex,-91.75,Right,Lateral Grasp
1,bottle,Box / Complex,-92.69,Right,Lateral Grasp
1,bottle,Box / Complex,-92.01,Right,Lateral Grasp
1,bottle,Box / Complex,-91.2,Right,Lateral Grasp
1,bottle,Box / Complex,-91.75,Right,Lateral Grasp
1,bottle,Box / Complex,-91.53,Right,Lateral Grasp
1,bottle,Box / Complex,-92.23,Right,Lateral Grasp
1,bottle,Box / Complex,-92.37,Right,Lateral Grasp
1,bottle,Box / Complex,-91.91,Right,Lateral Grasp
1,bottle,Box / Complex,-90.46,Right,Lateral Grasp
1,bottle,Box / Complex,-90.86,Right,Lateral Grasp
1,bottle,Box / Complex,-90.31,Right,Lateral Grasp
1,bottle,Box / Complex,-91.07,Right,Lateral Grasp
1,bottle,Box / Complex,-92.55,Right,Lateral Grasp
1,bottle,Box / Complex,-92.01,Right,Lateral Grasp
1,bottle,Box / Complex,-91.78,Right,Lateral Grasp
1,bottle,Box / Complex,-91.82,Right,Lateral Grasp
1,bottle,Box / Complex,-90.71,Right,Lateral Grasp
1,bottle,Box / Complex,-91.26,Right,Lateral Grasp
1,bottle,Box / Complex,-91.69,Right,Lateral Grasp
1,bottle,Box / Complex,-92.22,Right,Lateral Grasp
1,bottle,Box / Complex,-91.58,Right,Lateral Grasp
1,bottle,Box / Complex,-91.21,Right,Lateral Grasp
1,bottle,Box / Complex,-89.23,Right,Lateral Grasp
1,bottle,Box / Complex,-90.44,Right,Lateral Grasp
1,bottle,Box / Complex,-91.99,Right,Lateral Grasp
1,bottle,Box / Complex,-91.97,Right,Lateral Grasp
1,bottle,Box / Complex,-91.91,Right,Lateral Grasp
1,bottle,Box / Complex,-91.52,Right,Lateral Grasp
1,bottle,Box / Complex,-91.36,Right,Lateral Grasp
1,bottle,Box / Complex,-91.03,Right,Lateral Grasp
1,bottle,Box / Complex,-91.53,Right,Lateral Grasp
1,bottle,Box / Complex,-92.44,Right,Lateral Grasp
1,bottle,Box / Complex,-91.64,Right,Lateral Grasp
1,bottle,Box / Complex,-90.95,Right,Lateral Grasp
1,bottle,Box / Complex,-90.17,Right,Lateral Grasp
1,bottle,Box / Complex,90.04,Left,Lateral Grasp
1,bottle,Box / Complex,-90.52,Right,Lateral Grasp
1,bottle,Box / Complex,-91.05,Right,Lateral Grasp
1,bottle,Box / Complex,-91.09,Right,Lateral Grasp
1,bottle,Box / Complex,-91.14,Right,Lateral Grasp
1,bottle,Box / Complex,89.82,Right,Lateral Grasp
1,bottle,Box / Complex,90.06,Left,Lateral Grasp
1,bottle,Box / Complex,-90.51,Right,Lateral Grasp
1,bottle,Box / Complex,-90.42,Right,Lateral Grasp
1,bottle,Box / Complex,-91.04,Right,Lateral Grasp
1,bottle,Box / Complex,-90.92,Right,Lateral Grasp
1,bottle,Box / Complex,-89.4,Right,Lateral Grasp
1,bottle,Box / Complex,90.81,Left,Lateral Grasp
1,bottle,Cylindrical,-90.24,Right,Full Grasp
1,bottle,Cylindrical,91.09,Left,Full Grasp
1,bottle,Cylindrical,92.13,Left,Full Grasp
1,bottle,Cylindrical,90.88,Left,Full Grasp
1,bottle,Cylindrical,-90.65,Right,Full Grasp
1,bottle,Cylindrical,90.75,Left,Full Grasp
1,bottle,Cylindrical,90.65,Left,Full Grasp
1,bottle,Cylindrical,90.93,Left,Full Grasp
1,bottle,Cylindrical,91.53,Left,Full Grasp
1,bottle,Cylindrical,-89.15,Right,Full Grasp
1,bottle,Cylindrical,91.98,Left,Full Grasp
1,bottle,Cylindrical,91.54,Left,Full Grasp
1,bottle,Cylindrical,91.13,Left,Full Grasp
1,bottle,Cylindrical,90.72,Left,Full Grasp
1,bottle,Cylindrical,90.91,Left,Full Grasp
1,bottle,Cylindrical,90.36,Left,Full Grasp
1,bottle,Cylindrical,90.28,Left,Full Grasp
1,bottle,Cylindrical,90.43,Left,Full Grasp
1,bottle,Cylindrical,91.83,Left,Full Grasp
1,bottle,Cylindrical,90.21,Left,Full Grasp
1,bottle,Cylindrical,91.31,Left,Full Grasp
1,bottle,Cylindrical,91.27,Left,Full Grasp
1,bottle,Cylindrical,90.78,Left,Full Grasp
1,bottle,Cylindrical,90.93,Left,Full Grasp
1,bottle,Cylindrical,-90.37,Right,Full Grasp
1,bottle,Cylindrical,91.03,Left,Full Grasp
1,bottle,Cylindrical,-91.18,Right,Full Grasp
1,bottle,Cylindrical,-91.82,Right,Full Grasp
1,bottle,Cylindrical,-90.14,Right,Full Grasp
1,bottle,Cylindrical,90.11,Left,Full Grasp
1,bottle,Cylindrical,90.05,Left,Full Grasp
46,banana,Cylindrical,-175.91,Center,Full Grasp
46,banana,Cylindrical,-175.97,Center,Full Grasp
46,banana,Cylindrical,-174.98,Center,Full Grasp
2,cup,Spherical,122.35,Left,Full Grasp
2,cup,Spherical,121.56,Left,Full Grasp
2,cup,Spherical,123.14,Left,Full Grasp
2,cup,Spherical,119.83,Left,Full Grasp
2,cup,Spherical,120.58,Left,Full Grasp
2,cup,Spherical,121.03,Left,Full Grasp
2,cup,Spherical,122.3,Left,Full Grasp
46,banana,Cylindrical,-176.45,Center,Full Grasp
46,banana,Cylindrical,-177.31,Center,Full Grasp
46,banana,Cylindrical,-177.2,Center,Full Grasp
46,banana,Cylindrical,-177.42,Center,Full Grasp
46,banana,Cylindrical,-177.57,Center,Full Grasp
46,banana,Cylindrical,-177.77,Center,Full Grasp
46,banana,Cylindrical,-177.96,Center,Full Grasp
46,banana,Cylindrical,-177.75,Center,Full Grasp
46,banana,Cylindrical,-178.11,Center,Full Grasp
46,banana,Cylindrical,-178.03,Center,Full Grasp
46,banana,Cylindrical,-177.93,Center,Full Grasp
46,banana,Cylindrical,-178.09,Center,Full Grasp
46,banana,Cylindrical,-178.1,Center,Full Grasp
46,banana,Cylindrical,-178.11,Center,Full Grasp
46,banana,Cylindrical,-179.0,Center,Full Grasp
46,banana,Cylindrical,-178.82,Center,Full Grasp
46,banana,Cylindrical,-178.81,Center,Full Grasp
46,banana,Cylindrical,-178.64,Center,Full Grasp
46,banana,Cylindrical,-178.76,Center,Full Grasp
46,banana,Cylindrical,-178.94,Center,Full Grasp
46,banana,Cylindrical,-179.3,Center,Full Grasp
46,banana,Cylindrical,-178.92,Center,Full Grasp
46,banana,Cylindrical,-179.62,Center,Full Grasp
2,cup,Cylindrical,176.55,Center,Full Grasp
2,cup,Cylindrical,176.28,Center,Full Grasp
2,cup,Cylindrical,176.14,Center,Full Grasp
2,cup,Cylindrical,176.79,Center,Full Grasp
2,cup,Cylindrical,176.12,Center,Full Grasp
2,cup,Cylindrical,175.89,Center,Full Grasp
46,banana,Cylindrical,179.7,Center,Full Grasp
46,banana,Cylindrical,179.35,Center,Full Grasp
46,banana,Cylindrical,179.3,Center,Full Grasp
46,banana,Cylindrical,179.53,Center,Full Grasp
46,banana,Cylindrical,179.79,Center,Full Grasp
46,banana,Cylindrical,179.26,Center,Full Grasp
46,banana,Cylindrical,179.36,Center,Full Grasp
46,banana,Cylindrical,179.29,Center,Full Grasp
46,banana,Cylindrical,179.55,Center,Full Grasp
46,banana,Cylindrical,178.36,Center,Full Grasp
46,banana,Cylindrical,177.77,Center,Full Grasp
46,banana,Cylindrical,-179.21,Center,Full Grasp
46,banana,Cylindrical,-179.26,Center,Full Grasp
46,banana,Cylindrical,-176.27,Center,Full Grasp
76,scissors,Cylindrical,-162.82,Right,Full Grasp
76,scissors,Cylindrical,-162.64,Right,Full Grasp
76,scissors,Cylindrical,-162.37,Right,Full Grasp
76,scissors,Cylindrical,-162.42,Right,Full Grasp
76,scissors,Cylindrical,-154.29,Right,Full Grasp
76,scissors,Cylindrical,-151.11,Right,Full Grasp
76,scissors,Cylindrical,-152.07,Right,Full Grasp
76,scissors,Cylindrical,-148.91,Right,Full Grasp
76,scissors,Cylindrical,-147.99,Right,Full Grasp
2,cup,Cylindrical,-165.45,Right,Full Grasp
2,cup,Cylindrical,178.67,Center,Full Grasp
46,banana,Cylindrical,94.59,Left,Full Grasp
46,banana,Cylindrical,90.23,Left,Full Grasp
46,banana,Cylindrical,90.51,Left,Full Grasp
46,banana,Cylindrical,-87.18,Right,Full Grasp
46,banana,Cylindrical,-89.39,Right,Full Grasp
46,banana,Cylindrical,-87.63,Right,Full Grasp
46,banana,Cylindrical,-87.77,Right,Full Grasp
46,banana,Cylindrical,-87.91,Right,Full Grasp
46,banana,Cylindrical,-87.89,Right,Full Grasp
46,banana,Cylindrical,-87.91,Right,Full Grasp
46,banana,Cylindrical,-88.27,Right,Full Grasp
46,banana,Cylindrical,-87.95,Right,Full Grasp
46,banana,Cylindrical,-94.74,Right,Full Grasp
46,banana,Cylindrical,-96.21,Right,Full Grasp
46,banana,Cylindrical,-99.47,Right,Full Grasp
46,banana,Cylindrical,-107.9,Right,Full Grasp
46,banana,Cylindrical,-110.45,Right,Pinch Grasp
46,banana,Cylindrical,-113.05,Right,Full Grasp
46,banana,Cylindrical,-115.49,Right,Pinch Grasp
46,banana,Cylindrical,-111.68,Right,Full Grasp
46,banana,Cylindrical,-94.7,Right,Full Grasp
46,banana,Cylindrical,96.96,Left,Full Grasp
46,banana,Cylindrical,-82.47,Right,Full Grasp
2,cup,Cylindrical,-101.07,Right,Full Grasp
2,cup,Cylindrical,-101.5,Right,Full Grasp
2,cup,Cylindrical,-101.7,Right,Full Grasp
2,cup,Cylindrical,-101.11,Right,Full Grasp
2,cup,Cylindrical,-101.03,Right,Full Grasp
2,cup,Cylindrical,-99.82,Right,Full Grasp
2,cup,Cylindrical,-101.49,Right,Full Grasp
46,banana,Cylindrical,100.17,Left,Full Grasp
46,banana,Cylindrical,91.96,Left,Full Grasp
46,banana,Cylindrical,-91.2,Right,Full Grasp
46,banana,Cylindrical,-91.19,Right,Full Grasp
46,banana,Cylindrical,90.7,Left,Full Grasp
46,banana,Cylindrical,94.89,Left,Full Grasp
46,banana,Cylindrical,116.48,Left,Full Grasp
46,banana,Cylindrical,119.5,Left,Full Grasp
46,banana,Cylindrical,-81.87,Right,Full Grasp
46,banana,Cylindrical,-80.4,Right,Full Grasp
46,banana,Cylindrical,-82.04,Right,Full Grasp
46,banana,Cylindrical,-81.35,Right,Full Grasp
46,banana,Cylindrical,-79.42,Right,Full Grasp
46,banana,Cylindrical,-78.5,Right,Full Grasp
46,banana,Cylindrical,103.21,Left,Full Grasp
1,bottle,Cylindrical,87.41,Right,Full Grasp
1,bottle,Cylindrical,87.92,Right,Full Grasp
1,bottle,Cylindrical,88.92,Right,Full Grasp
1,bottle,Cylindrical,89.95,Right,Full Grasp
1,bottle,Cylindrical,-88.07,Right,Full Grasp
1,bottle,Cylindrical,-87.99,Right,Full Grasp
1,bottle,Cylindrical,-87.73,Right,Full Grasp
1,bottle,Cylindrical,-86.9,Right,Full Grasp
1,bottle,Cylindrical,-87.51,Right,Full Grasp
1,bottle,Cylindrical,-87.51,Right,Full Grasp
1,bottle,Cylindrical,-86.89,Right,Full Grasp
46,banana,Cylindrical,-118.33,Right,Full Grasp
46,banana,Cylindrical,-170.55,Center,Full Grasp
46,banana,Cylindrical,-167.44,Right,Full Grasp
46,banana,Cylindrical,-167.33,Right,Full Grasp
46,banana,Cylindrical,-167.65,Right,Full Grasp
46,banana,Cylindrical,-172.04,Center,Full Grasp
46,banana,Cylindrical,-171.91,Center,Full Grasp
46,banana,Cylindrical,6.14,Right,Full Grasp
46,banana,Cylindrical,-170.34,Center,Full Grasp
46,banana,Cylindrical,-171.27,Center,Full Grasp
46,banana,Cylindrical,-171.48,Center,Full Grasp
1,bottle,Cylindrical,-94.63,Right,Full Grasp
1,bottle,Cylindrical,-94.62,Right,Full Grasp
1,bottle,Cylindrical,-96.33,Right,Full Grasp
1,bottle,Cylindrical,-94.53,Right,Full Grasp
1,bottle,Cylindrical,-93.94,Right,Full Grasp
1,bottle,Cylindrical,-93.67,Right,Full Grasp
1,bottle,Cylindrical,87.88,Right,Full Grasp
1,bottle,Cylindrical,89.4,Right,Full Grasp
1,bottle,Cylindrical,89.33,Right,Full Grasp
1,bottle,Cylindrical,-89.41,Right,Full Grasp
1,bottle,Cylindrical,-88.28,Right,Full Grasp
1,bottle,Cylindrical,91.53,Left,Full Grasp
1,bottle,Cylindrical,-89.59,Right,Full Grasp
1,bottle,Cylindrical,-89.34,Right,Full Grasp
1,bottle,Cylindrical,-88.99,Right,Full Grasp
1,bottle,Cylindrical,-90.12,Right,Full Grasp
1,bottle,Cylindrical,-89.25,Right,Full Grasp
1,bottle,Cylindrical,-88.77,Right,Full Grasp
1,bottle,Cylindrical,-88.08,Right,Full Grasp
1,bottle,Cylindrical,-87.98,Right,Full Grasp
1,bottle,Cylindrical,-88.09,Right,Full Grasp
1,bottle,Cylindrical,-89.13,Right,Full Grasp
1,bottle,Cylindrical,-88.74,Right,Full Grasp
1,bottle,Cylindrical,-88.36,Right,Full Grasp
1,bottle,Cylindrical,-88.26,Right,Full Grasp
1,bottle,Cylindrical,-88.14,Right,Full Grasp
1,bottle,Cylindrical,-87.99,Right,Full Grasp
1,bottle,Cylindrical,-88.52,Right,Full Grasp
1,bottle,Cylindrical,-88.58,Right,Full Grasp
1,bottle,Cylindrical,-88.83,Right,Full Grasp
1,bottle,Cylindrical,-87.86,Right,Full Grasp
1,bottle,Cylindrical,-88.03,Right,Full Grasp
1,bottle,Cylindrical,-89.1,Right,Full Grasp
1,bottle,Cylindrical,-88.91,Right,Full Grasp
1,bottle,Cylindrical,-88.54,Right,Full Grasp
1,bottle,Box / Complex,-88.67,Right,Lateral Grasp
1,bottle,Box / Complex,88.98,Right,Lateral Grasp
1,bottle,Box / Complex,-92.72,Right,Lateral Grasp
1,bottle,Box / Complex,-93.15,Right,Lateral Grasp
1,bottle,Box / Complex,-92.65,Right,Lateral Grasp
1,bottle,Box / Complex,-92.22,Right,Lateral Grasp
1,bottle,Box / Complex,-92.62,Right,Lateral Grasp
1,bottle,Box / Complex,-91.79,Right,Lateral Grasp
1,bottle,Box / Complex,-93.16,Right,Lateral Grasp
1,bottle,Box / Complex,-92.58,Right,Lateral Grasp
1,bottle,Box / Complex,-93.0,Right,Lateral Grasp
1,bottle,Box / Complex,-93.09,Right,Lateral Grasp
1,bottle,Box / Complex,-92.65,Right,Lateral Grasp
1,bottle,Box / Complex,-93.48,Right,Lateral Grasp
1,bottle,Box / Complex,-93.27,Right,Lateral Grasp
1,bottle,Box / Complex,-93.15,Right,Lateral Grasp
1,bottle,Box / Complex,-94.25,Right,Lateral Grasp
1,bottle,Box / Complex,-93.59,Right,Lateral Grasp
1,bottle,Box / Complex,-94.29,Right,Lateral Grasp
1,bottle,Box / Complex,-92.88,Right,Lateral Grasp
1,bottle,Box / Complex,-93.98,Right,Lateral Grasp
1,bottle,Box / Complex,-93.25,Right,Lateral Grasp
1,bottle,Box / Complex,-93.0,Right,Lateral Grasp
1,bottle,Box / Complex,-94.43,Right,Lateral Grasp
1,bottle,Box / Complex,-94.28,Right,Lateral Grasp
1,bottle,Box / Complex,-93.64,Right,Lateral Grasp
1,bottle,Box / Complex,-94.22,Right,Lateral Grasp
1,bottle,Box / Complex,-94.22,Right,Lateral Grasp
1,bottle,Box / Complex,-93.97,Right,Lateral Grasp
1,bottle,Box / Complex,-94.95,Right,Lateral Grasp
1,bottle,Box / Complex,-95.66,Right,Lateral Grasp
1,bottle,Box / Complex,-97.98,Right,Lateral Grasp
1,bottle,Box / Complex,-95.88,Right,Lateral Grasp
1,bottle,Box / Complex,-95.04,Right,Lateral Grasp
1,bottle,Box / Complex,-95.0,Right,Lateral Grasp
1,bottle,Box / Complex,-95.62,Right,Lateral Grasp
1,bottle,Box / Complex,-96.01,Right,Lateral Grasp
1,bottle,Box / Complex,-96.01,Right,Lateral Grasp
1,bottle,Box / Complex,-97.0,Right,Lateral Grasp
1,bottle,Box / Complex,-96.17,Right,Lateral Grasp
1,bottle,Box / Complex,-95.07,Right,Lateral Grasp
1,bottle,Box / Complex,83.66,Right,Lateral Grasp
1,bottle,Box / Complex,-95.15,Right,Lateral Grasp
1,bottle,Box / Complex,-95.98,Right,Lateral Grasp
1,bottle,Box / Complex,-95.92,Right,Lateral Grasp
1,bottle,Box / Complex,85.98,Right,Lateral Grasp
1,bottle,Box / Complex,-94.31,Right,Lateral Grasp
1,bottle,Box / Complex,86.37,Right,Lateral Grasp
1,bottle,Box / Complex,84.47,Right,Lateral Grasp
1,bottle,Box / Complex,85.48,Right,Lateral Grasp
1,bottle,Box / Complex,85.35,Right,Lateral Grasp
1,bottle,Box / Complex,85.49,Right,Lateral Grasp
1,bottle,Box / Complex,-95.71,Right,Lateral Grasp
1,bottle,Box / Complex,84.49,Right,Lateral Grasp
1,bottle,Box / Complex,-95.13,Right,Lateral Grasp
1,bottle,Box / Complex,84.47,Right,Lateral Grasp
1,bottle,Box / Complex,84.59,Right,Lateral Grasp
1,bottle,Box / Complex,84.43,Right,Lateral Grasp
1,bottle,Box / Complex,-95.9,Right,Lateral Grasp
1,bottle,Box / Complex,-96.65,Right,Lateral Grasp
1,bottle,Box / Complex,83.35,Right,Lateral Grasp
1,bottle,Cylindrical,84.33,Right,Full Grasp
1,bottle,Cylindrical,85.63,Right,Full Grasp
1,bottle,Cylindrical,85.38,Right,Full Grasp
1,bottle,Cylindrical,84.0,Right,Full Grasp
1,bottle,Cylindrical,85.3,Right,Full Grasp
1,bottle,Cylindrical,84.57,Right,Full Grasp
1,bottle,Cylindrical,85.21,Right,Full Grasp
1,bottle,Cylindrical,-97.31,Right,Full Grasp
1,bottle,Cylindrical,-96.08,Right,Full Grasp
1,bottle,Cylindrical,-96.46,Right,Full Grasp
1,bottle,Cylindrical,-96.14,Right,Full Grasp
1,bottle,Cylindrical,-96.88,Right,Full Grasp
1,bottle,Cylindrical,-96.89,Right,Full Grasp
1,bottle,Cylindrical,-98.32,Right,Full Grasp
1,bottle,Cylindrical,-96.05,Right,Full Grasp
1,bottle,Cylindrical,83.41,Right,Full Grasp
1,bottle,Cylindrical,84.56,Right,Full Grasp
1,bottle,Cylindrical,84.73,Right,Full Grasp
1,bottle,Cylindrical,84.64,Right,Full Grasp
1,bottle,Cylindrical,84.78,Right,Full Grasp
1,bottle,Cylindrical,83.95,Right,Full Grasp
1,bottle,Cylindrical,84.33,Right,Full Grasp
1,bottle,Cylindrical,85.31,Right,Full Grasp
1,bottle,Cylindrical,85.29,Right,Full Grasp
1,bottle,Cylindrical,86.65,Right,Full Grasp
1,bottle,Cylindrical,86.22,Right,Full Grasp
1,bottle,Cylindrical,86.16,Right,Full Grasp
1,bottle,Cylindrical,86.2,Right,Full Grasp
1,bottle,Cylindrical,85.65,Right,Full Grasp
1,bottle,Cylindrical,85.68,Right,Full Grasp
1,bottle,Cylindrical,85.55,Right,Full Grasp
1,bottle,Cylindrical,86.18,Right,Full Grasp
1,bottle,Cylindrical,-95.21,Right,Full Grasp
1,bottle,Cylindrical,87.94,Right,Full Grasp
1,bottle,Cylindrical,87.74,Right,Full Grasp
1,bottle,Cylindrical,88.59,Right,Full Grasp
1,bottle,Box / Complex,90.93,Left,Lateral Grasp
1,bottle,Box / Complex,91.65,Left,Lateral Grasp
1,bottle,Box / Complex,92.54,Left,Lateral Grasp
1,bottle,Box / Complex,91.09,Left,Lateral Grasp
1,bottle,Box / Complex,90.46,Left,Lateral Grasp
1,bottle,Box / Complex,91.69,Left,Lateral Grasp
1,bottle,Box / Complex,91.7,Left,Lateral Grasp
1,bottle,Box / Complex,91.95,Left,Lateral Grasp
1,bottle,Box / Complex,90.23,Left,Lateral Grasp
1,bottle,Box / Complex,91.34,Left,Lateral Grasp
1,bottle,Box / Complex,92.11,Left,Lateral Grasp
1,bottle,Cylindrical,91.65,Left,Full Grasp
1,bottle,Cylindrical,91.85,Left,Full Grasp
1,bottle,Cylindrical,91.61,Left,Full Grasp
1,bottle,Cylindrical,92.99,Left,Full Grasp
1,bottle,Cylindrical,92.42,Left,Full Grasp
1,bottle,Cylindrical,93.28,Left,Full Grasp
1,bottle,Cylindrical,92.79,Left,Full Grasp
1,bottle,Cylindrical,91.56,Left,Full Grasp
1,bottle,Cylindrical,92.09,Left,Full Grasp
1,bottle,Cylindrical,92.46,Left,Full Grasp
1,bottle,Box / Complex,-91.1,Right,Lateral Grasp
1,bottle,Box / Complex,91.07,Left,Lateral Grasp
1,bottle,Box / Complex,90.3,Left,Lateral Grasp
1,bottle,Box / Complex,89.9,Right,Lateral Grasp
1,bottle,Box / Complex,89.99,Right,Lateral Grasp
1,bottle,Box / Complex,90.67,Left,Lateral Grasp
1,bottle,Box / Complex,90.62,Left,Lateral Grasp
1,bottle,Box / Complex,90.52,Left,Lateral Grasp
1,bottle,Box / Complex,90.47,Left,Lateral Grasp
1,bottle,Box / Complex,90.25,Left,Lateral Grasp
1,bottle,Box / Complex,90.97,Left,Lateral Grasp
1,bottle,Box / Complex,91.16,Left,Lateral Grasp
1,bottle,Box / Complex,90.81,Left,Lateral Grasp
1,bottle,Box / Complex,91.04,Left,Lateral Grasp
1,bottle,Box / Complex,90.89,Left,Lateral Grasp
1,bottle,Box / Complex,90.34,Left,Lateral Grasp
1,bottle,Box / Complex,89.79,Right,Lateral Grasp
1,bottle,Box / Complex,90.55,Left,Lateral Grasp
1,bottle,Box / Complex,-90.52,Right,Lateral Grasp
1,bottle,Box / Complex,91.2,Left,Lateral Grasp
1,bottle,Box / Complex,89.86,Right,Lateral Grasp
1,bottle,Box / Complex,-90.66,Right,Lateral Grasp
1,bottle,Box / Complex,89.69,Right,Lateral Grasp
1,bottle,Box / Complex,89.9,Right,Lateral Grasp
1,bottle,Box / Complex,-90.59,Right,Lateral Grasp
1,bottle,Box / Complex,90.43,Left,Lateral Grasp
1,bottle,Box / Complex,-90.52,Right,Lateral Grasp
1,bottle,Box / Complex,89.77,Right,Lateral Grasp
1,bottle,Box / Complex,89.83,Right,Lateral Grasp
1,bottle,Box / Complex,-90.46,Right,Lateral Grasp
1,bottle,Box / Complex,90.4,Left,Lateral Grasp
1,bottle,Box / Complex,90.67,Left,Lateral Grasp
1,bottle,Box / Complex,90.91,Left,Lateral Grasp
1,bottle,Box / Complex,90.65,Left,Lateral Grasp
1,bottle,Box / Complex,90.33,Left,Lateral Grasp
1,bottle,Box / Complex,90.33,Left,Lateral Grasp
1,bottle,Box / Complex,-90.65,Right,Lateral Grasp
1,bottle,Box / Complex,90.21,Left,Lateral Grasp
1,bottle,Box / Complex,90.37,Left,Lateral Grasp
1,bottle,Box / Complex,90.48,Left,Lateral Grasp
1,bottle,Box / Complex,90.13,Left,Lateral Grasp
1,bottle,Box / Complex,90.41,Left,Lateral Grasp
1,bottle,Box / Complex,90.84,Left,Lateral Grasp
1,bottle,Box / Complex,89.84,Right,Lateral Grasp
1,bottle,Box / Complex,-90.27,Right,Lateral Grasp
1,bottle,Box / Complex,90.64,Left,Lateral Grasp
1,bottle,Box / Complex,90.54,Left,Lateral Grasp
1,bottle,Box / Complex,90.55,Left,Lateral Grasp
1,bottle,Box / Complex,91.0,Left,Lateral Grasp
1,bottle,Box / Complex,-90.58,Right,Lateral Grasp
1,bottle,Box / Complex,-92.79,Right,Lateral Grasp
1,bottle,Box / Complex,-93.08,Right,Lateral Grasp
1,bottle,Box / Complex,-91.54,Right,Lateral Grasp
1,bottle,Box / Complex,-92.77,Right,Lateral Grasp
1,bottle,Box / Complex,-92.74,Right,Lateral Grasp
1,bottle,Box / Complex,-92.35,Right,Lateral Grasp
1,bottle,Box / Complex,-92.47,Right,Lateral Grasp
1,bottle,Box / Complex,-92.38,Right,Lateral Grasp
1,bottle,Box / Complex,-92.07,Right,Lateral Grasp
1,bottle,Box / Complex,-92.66,Right,Lateral Grasp
1,bottle,Box / Complex,-93.25,Right,Lateral Grasp
1,bottle,Box / Complex,-93.8,Right,Lateral Grasp
1,bottle,Box / Complex,-90.98,Right,Lateral Grasp
1,bottle,Box / Complex,-92.03,Right,Lateral Grasp
1,bottle,Box / Complex,-91.95,Right,Lateral Grasp
1,bottle,Box / Complex,-93.67,Right,Lateral Grasp
1,bottle,Box / Complex,-91.19,Right,Lateral Grasp
1,bottle,Box / Complex,-92.17,Right,Lateral Grasp
1,bottle,Box / Complex,-92.26,Right,Lateral Grasp
1,bottle,Box / Complex,-92.41,Right,Lateral Grasp
1,bottle,Box / Complex,-92.44,Right,Lateral Grasp
1,bottle,Box / Complex,-93.47,Right,Lateral Grasp
1,bottle,Box / Complex,-92.15,Right,Lateral Grasp
1,bottle,Box / Complex,-92.25,Right,Lateral Grasp
1,bottle,Box / Complex,-91.93,Right,Lateral Grasp
1,bottle,Box / Complex,-92.39,Right,Lateral Grasp
1,bottle,Box / Complex,-93.11,Right,Lateral Grasp
1,bottle,Box / Complex,-92.3,Right,Lateral Grasp
1,bottle,Box / Complex,-92.99,Right,Lateral Grasp
1,bottle,Box / Complex,-92.71,Right,Lateral Grasp
1,bottle,Box / Complex,-92.0,Right,Lateral Grasp
1,bottle,Box / Complex,-92.37,Right,Lateral Grasp
1,bottle,Box / Complex,-91.29,Right,Lateral Grasp
1,bottle,Box / Complex,-91.98,Right,Lateral Grasp
1,bottle,Box / Complex,-91.41,Right,Lateral Grasp
1,bottle,Box / Complex,-92.12,Right,Lateral Grasp
1,bottle,Box / Complex,-92.99,Right,Lateral Grasp
1,bottle,Box / Complex,-92.89,Right,Lateral Grasp
1,bottle,Box / Complex,-92.9,Right,Lateral Grasp
1,bottle,Box / Complex,-92.59,Right,Lateral Grasp
1,bottle,Box / Complex,-92.78,Right,Lateral Grasp
1,bottle,Box / Complex,-91.89,Right,Lateral Grasp
1,bottle,Box / Complex,-91.76,Right,Lateral Grasp
1,bottle,Box / Complex,-92.22,Right,Lateral Grasp
1,bottle,Box / Complex,-92.29,Right,Lateral Grasp
1,bottle,Box / Complex,-93.11,Right,Lateral Grasp
1,bottle,Box / Complex,-92.23,Right,Lateral Grasp
1,bottle,Box / Complex,-92.33,Right,Lateral Grasp
1,bottle,Box / Complex,-91.81,Right,Lateral Grasp
1,bottle,Box / Complex,-91.0,Right,Lateral Grasp
1,bottle,Box / Complex,-91.35,Right,Lateral Grasp
1,bottle,Box / Complex,-92.2,Right,Lateral Grasp
1,bottle,Box / Complex,-92.16,Right,Lateral Grasp
1,bottle,Box / Complex,-92.0,Right,Lateral Grasp
1,bottle,Box / Complex,-92.3,Right,Lateral Grasp
1,bottle,Box / Complex,-91.47,Right,Lateral Grasp
1,bottle,Box / Complex,-92.66,Right,Lateral Grasp
1,bottle,Box / Complex,-90.95,Right,Lateral Grasp
1,bottle,Box / Complex,-91.79,Right,Lateral Grasp
1,bottle,Box / Complex,-91.9,Right,Lateral Grasp
1,bottle,Box / Complex,-92.08,Right,Lateral Grasp
1,bottle,Box / Complex,-91.25,Right,Lateral Grasp
1,bottle,Box / Complex,87.85,Right,Lateral Grasp
1,bottle,Spherical,82.47,Right,Full Grasp
1,bottle,Spherical,83.33,Right,Full Grasp
1,bottle,Box / Complex,84.01,Right,Lateral Grasp
1,bottle,Box / Complex,84.54,Right,Lateral Grasp
1,bottle,Box / Complex,87.52,Right,Lateral Grasp
1,bottle,Box / Complex,84.01,Right,Lateral Grasp
1,bottle,Box / Complex,85.44,Right,Lateral Grasp
1,bottle,Cylindrical,86.34,Right,Full Grasp
1,bottle,Cylindrical,87.74,Right,Full Grasp
1,bottle,Cylindrical,88.14,Right,Full Grasp
1,bottle,Cylindrical,88.17,Right,Full Grasp
1,bottle,Cylindrical,88.76,Right,Full Grasp
1,bottle,Cylindrical,88.71,Right,Full Grasp
1,bottle,Cylindrical,-92.96,Right,Full Grasp
1,bottle,Cylindrical,88.45,Right,Full Grasp
1,bottle,Cylindrical,87.84,Right,Full Grasp
1,bottle,Cylindrical,88.54,Right,Full Grasp
1,bottle,Cylindrical,88.01,Right,Full Grasp
1,bottle,Cylindrical,87.88,Right,Full Grasp
1,bottle,Cylindrical,88.77,Right,Full Grasp
1,bottle,Cylindrical,85.82,Right,Full Grasp
1,bottle,Box / Complex,87.0,Right,Lateral Grasp
1,bottle,Box / Complex,88.66,Right,Lateral Grasp
1,bottle,Cylindrical,88.82,Right,Full Grasp
1,bottle,Cylindrical,88.36,Right,Full Grasp
1,bottle,Cylindrical,88.47,Right,Full Grasp
1,bottle,Cylindrical,88.14,Right,Full Grasp
1,bottle,Cylindrical,88.34,Right,Full Grasp
1,bottle,Cylindrical,88.68,Right,Full Grasp
1,bottle,Cylindrical,88.7,Right,Full Grasp
1,bottle,Cylindrical,88.19,Right,Full Grasp
1,bottle,Cylindrical,86.69,Right,Full Grasp
1,bottle,Cylindrical,87.01,Right,Full Grasp
1,bottle,Cylindrical,87.12,Right,Full Grasp
1,bottle,Cylindrical,88.41,Right,Full Grasp
1,bottle,Cylindrical,89.11,Right,Full Grasp
1,bottle,Cylindrical,88.95,Right,Full Grasp
1,bottle,Cylindrical,88.49,Right,Full Grasp
1,bottle,Cylindrical,-89.6,Right,Full Grasp
1,bottle,Cylindrical,89.95,Right,Full Grasp
1,bottle,Cylindrical,89.96,Right,Full Grasp
1,bottle,Cylindrical,90.01,Left,Full Grasp
1,bottle,Cylindrical,-89.65,Right,Full Grasp
1,bottle,Cylindrical,-89.36,Right,Full Grasp
1,bottle,Cylindrical,90.03,Left,Full Grasp
1,bottle,Cylindrical,90.09,Left,Full Grasp
1,bottle,Cylindrical,89.9,Right,Full Grasp
1,bottle,Cylindrical,89.36,Right,Full Grasp
1,bottle,Cylindrical,-91.46,Right,Full Grasp
1,bottle,Cylindrical,91.05,Left,Full Grasp
1,bottle,Cylindrical,90.4,Left,Full Grasp
1,bottle,Cylindrical,89.59,Right,Full Grasp
1,bottle,Box / Complex,89.08,Right,Lateral Grasp
1,bottle,Cylindrical,88.62,Right,Full Grasp
1,bottle,Cylindrical,89.71,Right,Full Grasp
1,bottle,Cylindrical,-91.29,Right,Full Grasp
1,bottle,Cylindrical,89.38,Right,Full Grasp
1,bottle,Cylindrical,89.59,Right,Full Grasp
1,bottle,Cylindrical,-89.58,Right,Full Grasp
1,bottle,Cylindrical,90.3,Left,Full Grasp
1,bottle,Box / Complex,88.41,Right,Lateral Grasp
1,bottle,Box / Complex,89.76,Right,Lateral Grasp
1,bottle,Box / Complex,90.47,Left,Lateral Grasp
1,bottle,Box / Complex,91.18,Left,Lateral Grasp
1,bottle,Box / Complex,88.75,Right,Lateral Grasp
1,bottle,Box / Complex,87.94,Right,Lateral Grasp
1,bottle,Box / Complex,87.56,Right,Lateral Grasp
1,bottle,Box / Complex,86.94,Right,Lateral Grasp
1,bottle,Box / Complex,86.23,Right,Lateral Grasp
1,bottle,Box / Complex,86.5,Right,Lateral Grasp
1,bottle,Box / Complex,86.83,Right,Lateral Grasp
1,bottle,Box / Complex,85.77,Right,Lateral Grasp
1,bottle,Box / Complex,85.06,Right,Lateral Grasp
1,bottle,Box / Complex,84.19,Right,Lateral Grasp
1,bottle,Box / Complex,84.13,Right,Lateral Grasp
1,bottle,Cylindrical,-93.43,Right,Full Grasp
1,bottle,Cylindrical,-94.11,Right,Full Grasp
1,bottle,Cylindrical,86.22,Right,Full Grasp
1,bottle,Cylindrical,85.93,Right,Full Grasp
1,bottle,Cylindrical,85.28,Right,Full Grasp
1,bottle,Cylindrical,-96.5,Right,Full Grasp
1,bottle,Cylindrical,85.2,Right,Full Grasp
1,bottle,Cylindrical,85.39,Right,Full Grasp
1,bottle,Cylindrical,86.19,Right,Full Grasp
1,bottle,Cylindrical,85.7,Right,Full Grasp
1,bottle,Cylindrical,87.76,Right,Full Grasp
1,bottle,Cylindrical,88.87,Right,Full Grasp
1,bottle,Cylindrical,88.16,Right,Full Grasp
1,bottle,Cylindrical,88.42,Right,Full Grasp
1,bottle,Cylindrical,88.1,Right,Full Grasp
64,mouse,Cylindrical,173.12,Center,Full Grasp
64,mouse,Cylindrical,168.65,Left,Full Grasp
64,mouse,Cylindrical,173.96,Center,Full Grasp
64,mouse,Cylindrical,174.01,Center,Full Grasp
64,mouse,Cylindrical,175.2,Center,Full Grasp
64,mouse,Cylindrical,175.48,Center,Full Grasp
64,mouse,Cylindrical,173.87,Center,Full Grasp
64,mouse,Cylindrical,174.8,Center,Full Grasp
64,mouse,Cylindrical,175.31,Center,Full Grasp
64,mouse,Cylindrical,175.23,Center,Full Grasp
64,mouse,Cylindrical,175.51,Center,Full Grasp
64,mouse,Cylindrical,174.98,Center,Full Grasp
64,mouse,Cylindrical,174.16,Center,Full Grasp
64,mouse,Cylindrical,174.41,Center,Full Grasp
64,mouse,Cylindrical,174.51,Center,Full Grasp
64,mouse,Cylindrical,167.79,Left,Full Grasp
64,mouse,Box / Complex,-178.15,Center,Lateral Grasp
64,mouse,Box / Complex,-85.38,Right,Lateral Grasp
1,bottle,Box / Complex,89.01,Right,Lateral Grasp
1,bottle,Box / Complex,88.78,Right,Lateral Grasp
1,bottle,Box / Complex,87.03,Right,Lateral Grasp
1,bottle,Box / Complex,87.18,Right,Lateral Grasp
1,bottle,Box / Complex,-93.49,Right,Lateral Grasp
1,bottle,Box / Complex,85.18,Right,Lateral Grasp
1,bottle,Box / Complex,86.02,Right,Lateral Grasp
1,bottle,Box / Complex,87.22,Right,Lateral Grasp
1,bottle,Box / Complex,89.15,Right,Lateral Grasp
1,bottle,Box / Complex,87.61,Right,Lateral Grasp
1,bottle,Box / Complex,86.53,Right,Lateral Grasp
1,bottle,Box / Complex,-94.06,Right,Lateral Grasp
1,bottle,Box / Complex,86.21,Right,Lateral Grasp
1,bottle,Box / Complex,88.7,Right,Lateral Grasp
1,bottle,Box / Complex,89.48,Right,Lateral Grasp
1,bottle,Box / Complex,90.38,Left,Lateral Grasp
1,bottle,Box / Complex,90.3,Left,Lateral Grasp
1,bottle,Box / Complex,89.08,Right,Lateral Grasp
1,bottle,Box / Complex,89.45,Right,Lateral Grasp
1,bottle,Box / Complex,-93.45,Right,Lateral Grasp
1,bottle,Box / Complex,-91.37,Right,Lateral Grasp
1,bottle,Box / Complex,90.02,Left,Lateral Grasp
1,bottle,Box / Complex,-88.52,Right,Lateral Grasp
1,bottle,Box / Complex,-89.23,Right,Lateral Grasp
1,bottle,Box / Complex,90.01,Left,Lateral Grasp
1,bottle,Box / Complex,90.98,Left,Lateral Grasp
1,bottle,Cylindrical,88.69,Right,Full Grasp
1,bottle,Cylindrical,-92.35,Right,Full Grasp
1,bottle,Cylindrical,88.68,Right,Full Grasp
1,bottle,Cylindrical,88.24,Right,Full Grasp
1,bottle,Cylindrical,88.06,Right,Full Grasp
1,bottle,Cylindrical,88.91,Right,Full Grasp
1,bottle,Cylindrical,88.33,Right,Full Grasp
1,bottle,Cylindrical,87.79,Right,Full Grasp
1,bottle,Cylindrical,87.87,Right,Full Grasp
1,bottle,Cylindrical,-92.12,Right,Full Grasp
1,bottle,Cylindrical,87.6,Right,Full Grasp
1,bottle,Cylindrical,87.38,Right,Full Grasp
1,bottle,Cylindrical,-92.78,Right,Full Grasp
1,bottle,Cylindrical,87.63,Right,Full Grasp
1,bottle,Cylindrical,-93.59,Right,Full Grasp
1,bottle,Cylindrical,-92.54,Right,Full Grasp
1,bottle,Cylindrical,-92.61,Right,Full Grasp
1,bottle,Cylindrical,-92.95,Right,Full Grasp
1,bottle,Cylindrical,-92.97,Right,Full Grasp
1,bottle,Cylindrical,87.37,Right,Full Grasp
1,bottle,Cylindrical,-92.79,Right,Full Grasp
1,bottle,Cylindrical,-93.22,Right,Full Grasp
1,bottle,Cylindrical,-93.66,Right,Full Grasp
1,bottle,Cylindrical,86.05,Right,Full Grasp
1,bottle,Cylindrical,85.61,Right,Full Grasp
1,bottle,Cylindrical,86.47,Right,Full Grasp
1,bottle,Box / Complex,86.73,Right,Lateral Grasp
1,bottle,Cylindrical,87.51,Right,Full Grasp
1,bottle,Cylindrical,86.49,Right,Full Grasp
1,bottle,Cylindrical,85.71,Right,Full Grasp
1,bottle,Cylindrical,87.08,Right,Full Grasp
1,bottle,Cylindrical,86.56,Right,Full Grasp
1,bottle,Cylindrical,86.87,Right,Full Grasp
1,bottle,Cylindrical,87.65,Right,Full Grasp
1,bottle,Cylindrical,87.43,Right,Full Grasp
1,bottle,Cylindrical,87.43,Right,Full Grasp
1,bottle,Cylindrical,86.94,Right,Full Grasp
1,bottle,Cylindrical,87.31,Right,Full Grasp
1,bottle,Cylindrical,86.89,Right,Full Grasp
1,bottle,Cylindrical,86.79,Right,Full Grasp
1,bottle,Cylindrical,87.58,Right,Full Grasp
1,bottle,Cylindrical,86.96,Right,Full Grasp
1,bottle,Cylindrical,86.95,Right,Full Grasp
1,bottle,Cylindrical,86.69,Right,Full Grasp
1,bottle,Cylindrical,87.18,Right,Full Grasp
1,bottle,Cylindrical,87.88,Right,Full Grasp
1,bottle,Cylindrical,87.55,Right,Full Grasp
1,bottle,Cylindrical,87.36,Right,Full Grasp
1,bottle,Cylindrical,86.93,Right,Full Grasp
1,bottle,Cylindrical,85.98,Right,Full Grasp
1,bottle,Cylindrical,86.44,Right,Full Grasp
1,bottle,Cylindrical,86.74,Right,Full Grasp
1,bottle,Cylindrical,86.61,Right,Full Grasp
1,bottle,Cylindrical,86.6,Right,Full Grasp
1,bottle,Cylindrical,87.0,Right,Full Grasp
1,bottle,Box / Complex,86.52,Right,Lateral Grasp
1,bottle,Box / Complex,86.44,Right,Lateral Grasp
1,bottle,Box / Complex,86.57,Right,Lateral Grasp
1,bottle,Box / Complex,88.25,Right,Lateral Grasp
1,bottle,Box / Complex,88.03,Right,Lateral Grasp
1,bottle,Box / Complex,87.87,Right,Lateral Grasp
1,bottle,Box / Complex,87.35,Right,Lateral Grasp
1,bottle,Cylindrical,86.83,Right,Full Grasp
1,bottle,Cylindrical,86.69,Right,Full Grasp
1,bottle,Cylindrical,86.97,Right,Full Grasp
1,bottle,Cylindrical,85.76,Right,Full Grasp
1,bottle,Cylindrical,86.72,Right,Full Grasp
1,bottle,Cylindrical,88.32,Right,Full Grasp
1,bottle,Cylindrical,87.01,Right,Full Grasp
1,bottle,Cylindrical,86.61,Right,Full Grasp
1,bottle,Cylindrical,86.49,Right,Full Grasp
1,bottle,Cylindrical,86.47,Right,Full Grasp
1,bottle,Cylindrical,-93.4,Right,Full Grasp
1,bottle,Cylindrical,86.44,Right,Full Grasp
1,bottle,Cylindrical,86.65,Right,Full Grasp
1,bottle,Box / Complex,-94.44,Right,Lateral Grasp
1,bottle,Box / Complex,-94.23,Right,Lateral Grasp
1,bottle,Cylindrical,86.31,Right,Full Grasp
1,bottle,Cylindrical,87.51,Right,Full Grasp
1,bottle,Cylindrical,87.76,Right,Full Grasp
1,bottle,Cylindrical,88.44,Right,Full Grasp
1,bottle,Cylindrical,88.72,Right,Full Grasp
1,bottle,Cylindrical,88.45,Right,Full Grasp
1,bottle,Cylindrical,88.83,Right,Full Grasp
1,bottle,Cylindrical,88.58,Right,Full Grasp
1,bottle,Cylindrical,89.42,Right,Full Grasp
1,bottle,Cylindrical,-89.66,Right,Full Grasp
1,bottle,Box / Complex,-89.13,Right,Lateral Grasp
1,bottle,Box / Complex,-89.28,Right,Lateral Grasp
1,bottle,Cylindrical,-89.71,Right,Full Grasp
1,bottle,Box / Complex,90.26,Left,Lateral Grasp
1,bottle,Cylindrical,-89.58,Right,Full Grasp
1,bottle,Cylindrical,89.48,Right,Full Grasp
1,bottle,Cylindrical,89.33,Right,Full Grasp
1,bottle,Box / Complex,89.14,Right,Lateral Grasp
1,bottle,Cylindrical,89.76,Right,Full Grasp
1,bottle,Box / Complex,-90.6,Right,Lateral Grasp
1,bottle,Box / Complex,89.5,Right,Lateral Grasp
1,bottle,Cylindrical,89.86,Right,Full Grasp
1,bottle,Cylindrical,89.51,Right,Full Grasp
1,bottle,Box / Complex,89.54,Right,Lateral Grasp
1,bottle,Cylindrical,89.58,Right,Full Grasp
1,bottle,Cylindrical,89.57,Right,Full Grasp
1,bottle,Cylindrical,89.7,Right,Full Grasp
1,bottle,Cylindrical,90.05,Left,Full Grasp
1,bottle,Cylindrical,-89.75,Right,Full Grasp
1,bottle,Cylindrical,89.98,Right,Full Grasp
1,bottle,Cylindrical,89.72,Right,Full Grasp
1,bottle,Cylindrical,89.64,Right,Full Grasp
1,bottle,Cylindrical,-89.77,Right,Full Grasp
1,bottle,Cylindrical,-89.79,Right,Full Grasp
1,bottle,Cylindrical,89.66,Right,Full Grasp
1,bottle,Cylindrical,89.53,Right,Full Grasp
1,bottle,Cylindrical,89.94,Right,Full Grasp
1,bottle,Cylindrical,88.47,Right,Full Grasp
1,bottle,Box / Complex,88.62,Right,Lateral Grasp
1,bottle,Cylindrical,-88.75,Right,Full Grasp
1,bottle,Cylindrical,89.64,Right,Full Grasp
1,bottle,Cylindrical,89.8,Right,Full Grasp
1,bottle,Cylindrical,-88.46,Right,Full Grasp
1,bottle,Cylindrical,-88.21,Right,Full Grasp
1,bottle,Cylindrical,-88.65,Right,Full Grasp
1,bottle,Cylindrical,-89.67,Right,Full Grasp
1,bottle,Cylindrical,89.14,Right,Full Grasp
1,bottle,Cylindrical,88.6,Right,Full Grasp
1,bottle,Cylindrical,89.1,Right,Full Grasp
1,bottle,Cylindrical,89.27,Right,Full Grasp
1,bottle,Cylindrical,87.84,Right,Full Grasp
1,bottle,Cylindrical,88.3,Right,Full Grasp
1,bottle,Cylindrical,87.5,Right,Full Grasp
1,bottle,Cylindrical,88.26,Right,Full Grasp
1,bottle,Cylindrical,88.97,Right,Full Grasp
1,bottle,Cylindrical,89.46,Right,Full Grasp
1,bottle,Cylindrical,89.66,Right,Full Grasp
1,bottle,Cylindrical,-85.84,Right,Full Grasp
1,bottle,Cylindrical,91.13,Left,Full Grasp
1,bottle,Box / Complex,93.06,Left,Lateral Grasp
1,bottle,Box / Complex,135.84,Left,Lateral Grasp
1,bottle,Cylindrical,-93.91,Right,Full Grasp
1,bottle,Cylindrical,-95.77,Right,Full Grasp
1,bottle,Cylindrical,-94.45,Right,Full Grasp
1,bottle,Cylindrical,-94.95,Right,Full Grasp
1,bottle,Cylindrical,-94.47,Right,Full Grasp
1,bottle,Cylindrical,93.94,Left,Full Grasp
1,bottle,Cylindrical,93.94,Left,Full Grasp
1,bottle,Box / Complex,-125.2,Right,Lateral Grasp
64,mouse,Cylindrical,-55.69,Right,Full Grasp
64,mouse,Box / Complex,-9.21,Right,Lateral Grasp
64,mouse,Box / Complex,167.8,Left,Lateral Grasp
64,mouse,Box / Complex,170.25,Center,Lateral Grasp
64,mouse,Cylindrical,172.3,Center,Full Grasp
64,mouse,Cylindrical,173.85,Center,Full Grasp
64,mouse,Cylindrical,175.96,Center,Full Grasp
64,mouse,Cylindrical,175.17,Center,Full Grasp
64,mouse,Cylindrical,174.62,Center,Full Grasp
64,mouse,Cylindrical,175.26,Center,Full Grasp
64,mouse,Cylindrical,175.32,Center,Full Grasp
64,mouse,Cylindrical,174.49,Center,Full Grasp
64,mouse,Cylindrical,175.69,Center,Full Grasp
64,mouse,Cylindrical,174.69,Center,Full Grasp
64,mouse,Cylindrical,175.14,Center,Full Grasp
64,mouse,Cylindrical,173.57,Center,Full Grasp
64,mouse,Cylindrical,173.16,Center,Full Grasp
64,mouse,Cylindrical,173.85,Center,Full Grasp
64,mouse,Cylindrical,175.41,Center,Full Grasp
64,mouse,Cylindrical,175.17,Center,Full Grasp
64,mouse,Cylindrical,175.51,Center,Full Grasp
64,mouse,Cylindrical,174.6,Center,Full Grasp
64,mouse,Cylindrical,175.17,Center,Full Grasp
64,mouse,Cylindrical,175.66,Center,Full Grasp
64,mouse,Cylindrical,176.25,Center,Full Grasp
64,mouse,Cylindrical,175.36,Center,Full Grasp
64,mouse,Cylindrical,175.87,Center,Full Grasp
64,mouse,Cylindrical,174.18,Center,Full Grasp
64,mouse,Cylindrical,176.05,Center,Full Grasp
64,mouse,Cylindrical,175.85,Center,Full Grasp
64,mouse,Cylindrical,176.32,Center,Full Grasp
64,mouse,Cylindrical,175.29,Center,Full Grasp
64,mouse,Cylindrical,173.93,Center,Full Grasp
64,mouse,Box / Complex,145.03,Left,Lateral Grasp
73,book,Spherical,117.12,Left,Full Grasp
73,book,Spherical,117.98,Left,Full Grasp
73,book,Spherical,118.25,Left,Full Grasp
64,mouse,Cylindrical,173.86,Center,Full Grasp
73,book,Box / Complex,171.75,Center,Lateral Grasp
73,book,Cylindrical,171.97,Center,Full Grasp
73,book,Cylindrical,171.37,Center,Full Grasp
73,book,Cylindrical,172.21,Center,Full Grasp
73,book,Cylindrical,171.45,Center,Full Grasp
73,book,Cylindrical,172.76,Center,Full Grasp
73,book,Cylindrical,173.05,Center,Full Grasp
73,book,Cylindrical,172.79,Center,Full Grasp
73,book,Cylindrical,172.28,Center,Full Grasp
73,book,Cylindrical,172.16,Center,Full Grasp
73,book,Cylindrical,173.61,Center,Full Grasp
73,book,Cylindrical,175.48,Center,Full Grasp
73,book,Cylindrical,175.5,Center,Full Grasp
73,book,Cylindrical,175.57,Center,Full Grasp
73,book,Cylindrical,175.33,Center,Full Grasp
73,book,Cylindrical,175.0,Center,Full Grasp
73,book,Cylindrical,174.67,Center,Full Grasp
73,book,Cylindrical,174.57,Center,Full Grasp
73,book,Cylindrical,174.42,Center,Full Grasp
73,book,Cylindrical,174.74,Center,Full Grasp
73,book,Cylindrical,173.37,Center,Full Grasp
73,book,Cylindrical,173.91,Center,Full Grasp
73,book,Cylindrical,172.9,Center,Full Grasp
73,book,Cylindrical,172.84,Center,Full Grasp
73,book,Cylindrical,172.39,Center,Full Grasp
73,book,Cylindrical,172.03,Center,Full Grasp
73,book,Cylindrical,171.66,Center,Full Grasp
73,book,Cylindrical,172.15,Center,Full Grasp
73,book,Cylindrical,171.93,Center,Full Grasp
73,book,Cylindrical,172.16,Center,Full Grasp
73,book,Cylindrical,171.86,Center,Full Grasp
73,book,Cylindrical,171.68,Center,Full Grasp
73,book,Cylindrical,171.37,Center,Full Grasp
73,book,Cylindrical,171.56,Center,Full Grasp
73,book,Cylindrical,171.49,Center,Full Grasp
73,book,Cylindrical,172.4,Center,Full Grasp
73,book,Cylindrical,173.18,Center,Full Grasp
73,book,Cylindrical,172.71,Center,Full Grasp
73,book,Cylindrical,173.25,Center,Full Grasp
73,book,Cylindrical,172.31,Center,Full Grasp
73,book,Cylindrical,172.42,Center,Full Grasp
73,book,Cylindrical,172.65,Center,Full Grasp
73,book,Cylindrical,172.33,Center,Full Grasp
73,book,Cylindrical,172.98,Center,Full Grasp
73,book,Cylindrical,172.7,Center,Full Grasp
73,book,Cylindrical,172.19,Center,Full Grasp
73,book,Cylindrical,172.24,Center,Full Grasp
73,book,Cylindrical,171.84,Center,Full Grasp
73,book,Cylindrical,171.79,Center,Full Grasp
73,book,Cylindrical,172.78,Center,Full Grasp
73,book,Cylindrical,172.07,Center,Full Grasp
73,book,Cylindrical,172.21,Center,Full Grasp
73,book,Cylindrical,172.25,Center,Full Grasp
64,mouse,Box / Complex,178.78,Center,Pinch Grasp
64,mouse,Cylindrical,175.16,Center,Full Grasp
64,mouse,Cylindrical,172.63,Center,Full Grasp
64,mouse,Box / Complex,171.41,Center,Lateral Grasp
64,mouse,Box / Complex,171.68,Center,Lateral Grasp
64,mouse,Box / Complex,172.1,Center,Lateral Grasp
64,mouse,Box / Complex,171.98,Center,Lateral Grasp
64,mouse,Box / Complex,170.99,Center,Lateral Grasp
64,mouse,Box / Complex,171.58,Center,Lateral Grasp
64,mouse,Box / Complex,171.38,Center,Lateral Grasp
64,mouse,Box / Complex,172.46,Center,Lateral Grasp
64,mouse,Box / Complex,171.66,Center,Lateral Grasp
64,mouse,Box / Complex,171.75,Center,Lateral Grasp
64,mouse,Box / Complex,171.04,Center,Lateral Grasp
64,mouse,Cylindrical,171.42,Center,Full Grasp
64,mouse,Cylindrical,-173.81,Center,Full Grasp
64,mouse,Cylindrical,170.17,Center,Full Grasp
64,mouse,Cylindrical,-177.34,Center,Full Grasp
64,mouse,Cylindrical,179.51,Center,Pinch Grasp
64,mouse,Flat,-174.85,Center,Pinch Grasp
64,mouse,Flat,-174.68,Center,Pinch Grasp
2,cup,Cylindrical,88.6,Right,Full Grasp
2,cup,Box / Complex,85.61,Right,Lateral Grasp
2,cup,Cylindrical,-140.72,Right,Full Grasp
2,cup,Cylindrical,-93.42,Right,Pinch Grasp
2,cup,Box / Complex,-91.22,Right,Lateral Grasp
2,cup,Cylindrical,125.84,Left,Full Grasp
2,cup,Spherical,148.26,Left,Full Grasp
2,cup,Spherical,120.57,Left,Full Grasp
2,cup,Spherical,-48.67,Right,Full Grasp
2,cup,Box / Complex,148.72,Left,Lateral Grasp
2,cup,Box / Complex,-165.11,Right,Lateral Grasp
2,cup,Box / Complex,-169.76,Center,Lateral Grasp
2,cup,Box / Complex,-112.92,Right,Lateral Grasp
1,bottle,Cylindrical,-88.81,Right,Full Grasp
67,cell phone,Box / Complex,-174.93,Center,Lateral Grasp
67,cell phone,Cylindrical,-176.42,Center,Full Grasp
1,bottle,Box / Complex,91.41,Left,Lateral Grasp
1,bottle,Box / Complex,91.1,Left,Lateral Grasp
1,bottle,Box / Complex,91.1,Left,Lateral Grasp
2,cup,Cylindrical,-85.51,Right,Full Grasp
1,bottle,Cylindrical,-89.05,Right,Full Grasp
1,bottle,Cylindrical,90.74,Left,Full Grasp
1,bottle,Cylindrical,-89.3,Right,Full Grasp
1,bottle,Cylindrical,92.14,Left,Full Grasp
1,bottle,Box / Complex,90.77,Left,Lateral Grasp
1,bottle,Box / Complex,90.35,Left,Lateral Grasp
1,bottle,Box / Complex,90.56,Left,Lateral Grasp
1,bottle,Box / Complex,-89.15,Right,Lateral Grasp
1,bottle,Box / Complex,90.39,Left,Lateral Grasp
1,bottle,Box / Complex,90.75,Left,Lateral Grasp
1,bottle,Box / Complex,90.44,Left,Lateral Grasp
1,bottle,Box / Complex,-89.76,Right,Lateral Grasp
1,bottle,Box / Complex,90.36,Left,Lateral Grasp
1,bottle,Cylindrical,-90.2,Right,Full Grasp
1,bottle,Box / Complex,90.59,Left,Lateral Grasp
1,bottle,Cylindrical,-89.64,Right,Full Grasp
1,bottle,Box / Complex,-88.77,Right,Lateral Grasp
1,bottle,Box / Complex,-88.81,Right,Lateral Grasp
1,bottle,Cylindrical,-88.76,Right,Full Grasp
1,bottle,Box / Complex,-88.65,Right,Lateral Grasp
1,bottle,Box / Complex,-89.03,Right,Lateral Grasp
1,bottle,Cylindrical,-89.12,Right,Full Grasp
1,bottle,Cylindrical,-88.54,Right,Full Grasp
1,bottle,Cylindrical,-89.64,Right,Full Grasp
1,bottle,Box / Complex,-90.04,Right,Lateral Grasp
1,bottle,Cylindrical,-90.74,Right,Full Grasp
1,bottle,Box / Complex,-89.75,Right,Lateral Grasp
1,bottle,Box / Complex,-90.45,Right,Lateral Grasp
1,bottle,Box / Complex,89.94,Right,Lateral Grasp
1,bottle,Spherical,129.05,Left,Full Grasp
1,bottle,Cylindrical,89.3,Right,Full Grasp
1,bottle,Cylindrical,-98.47,Right,Full Grasp
1,bottle,Cylindrical,-98.34,Right,Full Grasp
1,bottle,Cylindrical,-98.53,Right,Full Grasp
1,bottle,Cylindrical,-99.01,Right,Full Grasp
1,bottle,Cylindrical,-98.83,Right,Full Grasp
1,bottle,Spherical,-100.71,Right,Full Grasp
1,bottle,Box / Complex,-99.42,Right,Lateral Grasp
1,bottle,Cylindrical,128.91,Left,Full Grasp
1,bottle,Cylindrical,-97.94,Right,Full Grasp
1,bottle,Cylindrical,-99.81,Right,Full Grasp
1,bottle,Cylindrical,-97.35,Right,Full Grasp
1,bottle,Cylindrical,-96.75,Right,Full Grasp
1,bottle,Cylindrical,-96.47,Right,Full Grasp
1,bottle,Cylindrical,-96.31,Right,Full Grasp
2,cup,Spherical,65.25,Right,Full Grasp
2,cup,Spherical,69.57,Right,Full Grasp
2,cup,Cylindrical,-89.4,Right,Full Grasp
2,cup,Box / Complex,154.51,Left,Lateral Grasp
2,cup,Cylindrical,-150.23,Right,Full Grasp
2,cup,Cylindrical,-144.71,Right,Full Grasp
1,bottle,Cylindrical,87.21,Right,Full Grasp
1,bottle,Box / Complex,87.47,Right,Lateral Grasp
1,bottle,Cylindrical,-89.03,Right,Full Grasp
1,bottle,Box / Complex,-86.31,Right,Lateral Grasp
1,bottle,Box / Complex,111.29,Left,Lateral Grasp
1,bottle,Cylindrical,94.96,Left,Full Grasp
64,mouse,Spherical,-95.56,Right,Full Grasp
64,mouse,Flat,178.54,Center,Pinch Grasp
64,mouse,Box / Complex,-178.7,Center,Lateral Grasp
64,mouse,Cylindrical,177.73,Center,Full Grasp
64,mouse,Cylindrical,-178.94,Center,Full Grasp
64,mouse,Cylindrical,177.8,Center,Full Grasp
64,mouse,Cylindrical,-178.61,Center,Full Grasp
64,mouse,Cylindrical,179.22,Center,Full Grasp
64,mouse,Cylindrical,-179.76,Center,Full Grasp
64,mouse,Cylindrical,-179.35,Center,Full Grasp
64,mouse,Cylindrical,177.82,Center,Full Grasp
64,mouse,Cylindrical,177.67,Center,Full Grasp
64,mouse,Cylindrical,-179.78,Center,Full Grasp
64,mouse,Cylindrical,177.13,Center,Full Grasp
64,mouse,Cylindrical,178.7,Center,Full Grasp
64,mouse,Cylindrical,176.24,Center,Full Grasp
64,mouse,Cylindrical,-179.64,Center,Full Grasp
64,mouse,Flat,-121.91,Right,Pinch Grasp
64,mouse,Flat,95.64,Left,Pinch Grasp
64,mouse,Box / Complex,-42.79,Right,Lateral Grasp
64,mouse,Cylindrical,-176.2,Center,Full Grasp
64,mouse,Cylindrical,-178.54,Center,Pinch Grasp
2,cup,Spherical,89.36,Right,Full Grasp
2,cup,Spherical,-82.65,Right,Full Grasp
2,cup,Spherical,-79.97,Right,Full Grasp
67,cell phone,Box / Complex,-178.3,Center,Lateral Grasp
1,bottle,Box / Complex,86.17,Right,Lateral Grasp
1,bottle,Box / Complex,-93.81,Right,Lateral Grasp
1,bottle,Box / Complex,86.92,Right,Lateral Grasp
1,bottle,Box / Complex,87.78,Right,Lateral Grasp
1,bottle,Box / Complex,-92.81,Right,Lateral Grasp
1,bottle,Box / Complex,-93.03,Right,Lateral Grasp
1,bottle,Box / Complex,-93.06,Right,Lateral Grasp
1,bottle,Box / Complex,85.63,Right,Lateral Grasp
1,bottle,Box / Complex,-97.14,Right,Lateral Grasp
2,cup,Flat,179.26,Center,Pinch Grasp
2,cup,Box / Complex,136.14,Left,Lateral Grasp
2,cup,Flat,-178.29,Center,Pinch Grasp
1,bottle,Cylindrical,-93.23,Right,Full Grasp
1,bottle,Cylindrical,-93.16,Right,Full Grasp
1,bottle,Cylindrical,-92.68,Right,Full Grasp
1,bottle,Cylindrical,-93.32,Right,Full Grasp
1,bottle,Cylindrical,-93.42,Right,Full Grasp
1,bottle,Box / Complex,-93.08,Right,Lateral Grasp
1,bottle,Cylindrical,-93.13,Right,Full Grasp
1,bottle,Cylindrical,-93.16,Right,Full Grasp
1,bottle,Cylindrical,-93.72,Right,Full Grasp
1,bottle,Cylindrical,-92.99,Right,Full Grasp
1,bottle,Cylindrical,-91.87,Right,Full Grasp
1,bottle,Cylindrical,-92.65,Right,Full Grasp
1,bottle,Cylindrical,87.86,Right,Full Grasp
1,bottle,Cylindrical,90.14,Left,Full Grasp
1,bottle,Cylindrical,88.87,Right,Full Grasp
1,bottle,Cylindrical,88.27,Right,Full Grasp
1,bottle,Cylindrical,88.9,Right,Full Grasp
1,bottle,Cylindrical,88.55,Right,Full Grasp
1,bottle,Cylindrical,87.96,Right,Full Grasp
1,bottle,Cylindrical,88.69,Right,Full Grasp
1,bottle,Cylindrical,88.38,Right,Full Grasp
1,bottle,Cylindrical,88.85,Right,Full Grasp
1,bottle,Cylindrical,88.71,Right,Full Grasp
1,bottle,Cylindrical,89.83,Right,Full Grasp
1,bottle,Cylindrical,89.4,Right,Full Grasp
1,bottle,Cylindrical,89.43,Right,Full Grasp
1,bottle,Box / Complex,89.94,Right,Lateral Grasp
1,bottle,Cylindrical,88.96,Right,Full Grasp
1,bottle,Cylindrical,88.61,Right,Full Grasp
1,bottle,Cylindrical,88.3,Right,Full Grasp
1,bottle,Cylindrical,88.37,Right,Full Grasp
1,bottle,Cylindrical,88.61,Right,Full Grasp
1,bottle,Cylindrical,88.46,Right,Full Grasp
1,bottle,Cylindrical,88.68,Right,Full Grasp
1,bottle,Cylindrical,88.62,Right,Full Grasp
1,bottle,Cylindrical,88.75,Right,Full Grasp
1,bottle,Cylindrical,88.67,Right,Full Grasp
1,bottle,Cylindrical,88.75,Right,Full Grasp
1,bottle,Cylindrical,88.81,Right,Full Grasp
1,bottle,Cylindrical,88.31,Right,Full Grasp
1,bottle,Cylindrical,88.4,Right,Full Grasp
1,bottle,Cylindrical,88.6,Right,Full Grasp
1,bottle,Cylindrical,88.38,Right,Full Grasp
1,bottle,Cylindrical,88.26,Right,Full Grasp
1,bottle,Cylindrical,88.58,Right,Full Grasp
1,bottle,Cylindrical,88.45,Right,Full Grasp
1,bottle,Cylindrical,88.65,Right,Full Grasp
1,bottle,Cylindrical,88.83,Right,Full Grasp
1,bottle,Cylindrical,88.93,Right,Full Grasp
1,bottle,Cylindrical,88.74,Right,Full Grasp
1,bottle,Cylindrical,88.71,Right,Full Grasp
1,bottle,Cylindrical,88.63,Right,Full Grasp
1,bottle,Cylindrical,89.17,Right,Full Grasp
1,bottle,Cylindrical,89.17,Right,Full Grasp
1,bottle,Cylindrical,89.54,Right,Full Grasp
1,bottle,Cylindrical,88.84,Right,Full Grasp
1,bottle,Cylindrical,89.31,Right,Full Grasp
1,bottle,Cylindrical,88.84,Right,Full Grasp
1,bottle,Cylindrical,89.15,Right,Full Grasp
1,bottle,Cylindrical,88.77,Right,Full Grasp
1,bottle,Cylindrical,88.67,Right,Full Grasp
1,bottle,Cylindrical,88.73,Right,Full Grasp
1,bottle,Cylindrical,88.89,Right,Full Grasp
1,bottle,Cylindrical,88.82,Right,Full Grasp
1,bottle,Cylindrical,89.03,Right,Full Grasp
1,bottle,Cylindrical,89.0,Right,Full Grasp
1,bottle,Cylindrical,88.92,Right,Full Grasp
1,bottle,Cylindrical,89.05,Right,Full Grasp
1,bottle,Cylindrical,88.94,Right,Full Grasp
1,bottle,Cylindrical,89.07,Right,Full Grasp
1,bottle,Cylindrical,89.22,Right,Full Grasp
1,bottle,Cylindrical,88.44,Right,Full Grasp
1,bottle,Cylindrical,-95.68,Right,Full Grasp
1,bottle,Cylindrical,88.53,Right,Full Grasp
1,bottle,Cylindrical,-91.63,Right,Full Grasp
1,bottle,Cylindrical,-96.1,Right,Full Grasp
1,bottle,Cylindrical,88.94,Right,Full Grasp
1,bottle,Cylindrical,86.35,Right,Full Grasp
1,bottle,Cylindrical,86.48,Right,Full Grasp
1,bottle,Cylindrical,86.65,Right,Full Grasp
1,bottle,Cylindrical,87.97,Right,Full Grasp
1,bottle,Cylindrical,87.38,Right,Full Grasp
1,bottle,Cylindrical,87.94,Right,Full Grasp
1,bottle,Cylindrical,88.06,Right,Full Grasp
1,bottle,Cylindrical,88.18,Right,Full Grasp
1,bottle,Cylindrical,88.4,Right,Full Grasp
1,bottle,Cylindrical,89.11,Right,Full Grasp
1,bottle,Cylindrical,88.29,Right,Full Grasp
1,bottle,Cylindrical,86.37,Right,Full Grasp
1,bottle,Cylindrical,87.41,Right,Full Grasp
1,bottle,Cylindrical,86.67,Right,Full Grasp
1,bottle,Cylindrical,-94.77,Right,Full Grasp
1,bottle,Cylindrical,87.79,Right,Full Grasp
1,bottle,Cylindrical,86.72,Right,Full Grasp
1,bottle,Cylindrical,86.13,Right,Full Grasp
1,bottle,Cylindrical,87.67,Right,Full Grasp
1,bottle,Cylindrical,87.96,Right,Full Grasp
1,bottle,Cylindrical,88.96,Right,Full Grasp
1,bottle,Cylindrical,89.38,Right,Full Grasp
1,bottle,Cylindrical,88.75,Right,Full Grasp
1,bottle,Cylindrical,-95.23,Right,Full Grasp
1,bottle,Cylindrical,89.08,Right,Full Grasp
1,bottle,Cylindrical,88.69,Right,Full Grasp
1,bottle,Cylindrical,88.45,Right,Full Grasp
1,bottle,Cylindrical,87.86,Right,Full Grasp
1,bottle,Cylindrical,87.98,Right,Full Grasp
1,bottle,Cylindrical,88.42,Right,Full Grasp
1,bottle,Cylindrical,87.82,Right,Full Grasp
1,bottle,Cylindrical,87.8,Right,Full Grasp
1,bottle,Cylindrical,88.13,Right,Full Grasp
1,bottle,Cylindrical,88.82,Right,Full Grasp
1,bottle,Cylindrical,87.42,Right,Full Grasp
1,bottle,Cylindrical,88.52,Right,Full Grasp
1,bottle,Cylindrical,-92.87,Right,Full Grasp
1,bottle,Cylindrical,-87.63,Right,Full Grasp
1,bottle,Cylindrical,-92.91,Right,Full Grasp
1,bottle,Cylindrical,90.64,Left,Full Grasp
1,bottle,Cylindrical,-90.36,Right,Full Grasp
1,bottle,Cylindrical,-90.44,Right,Full Grasp
1,bottle,Cylindrical,-85.91,Right,Full Grasp
1,bottle,Cylindrical,-88.32,Right,Full Grasp
1,bottle,Cylindrical,-88.39,Right,Full Grasp
1,bottle,Cylindrical,-87.79,Right,Full Grasp
1,bottle,Cylindrical,92.12,Left,Full Grasp
1,bottle,Cylindrical,-87.71,Right,Full Grasp
1,bottle,Cylindrical,92.64,Left,Full Grasp
1,bottle,Cylindrical,-89.11,Right,Full Grasp
1,bottle,Cylindrical,-88.13,Right,Full Grasp
1,bottle,Cylindrical,-88.55,Right,Full Grasp
1,bottle,Cylindrical,-88.24,Right,Full Grasp
1,bottle,Cylindrical,-88.7,Right,Full Grasp
1,bottle,Cylindrical,91.65,Left,Full Grasp
76,scissors,Box / Complex,166.97,Left,Lateral Grasp
76,scissors,Box / Complex,-179.1,Center,Lateral Grasp
76,scissors,Cylindrical,-179.19,Center,Pinch Grasp
1,bottle,Box / Complex,91.48,Left,Lateral Grasp
1,bottle,Cylindrical,88.93,Right,Full Grasp
1,bottle,Box / Complex,92.69,Left,Lateral Grasp
1,bottle,Box / Complex,93.32,Left,Lateral Grasp
1,bottle,Box / Complex,93.25,Left,Lateral Grasp
1,bottle,Box / Complex,92.74,Left,Lateral Grasp
1,bottle,Box / Complex,93.23,Left,Lateral Grasp
1,bottle,Box / Complex,92.95,Left,Lateral Grasp
1,bottle,Cylindrical,93.61,Left,Full Grasp
1,bottle,Box / Complex,92.56,Left,Lateral Grasp
1,bottle,Box / Complex,92.57,Left,Lateral Grasp
1,bottle,Box / Complex,92.74,Left,Lateral Grasp
1,bottle,Box / Complex,90.99,Left,Lateral Grasp
1,bottle,Box / Complex,91.57,Left,Lateral Grasp
67,cell phone,Box / Complex,160.44,Left,Lateral Grasp
1,bottle,Box / Complex,89.79,Right,Lateral Grasp
67,cell phone,Box / Complex,156.0,Left,Lateral Grasp
67,cell phone,Box / Complex,158.39,Left,Lateral Grasp
67,cell phone,Box / Complex,159.57,Left,Lateral Grasp
2,cup,Box / Complex,-96.93,Right,Lateral Grasp
67,cell phone,Box / Complex,158.15,Left,Lateral Grasp
2,cup,Box / Complex,-96.8,Right,Lateral Grasp
67,cell phone,Box / Complex,154.89,Left,Lateral Grasp
67,cell phone,Box / Complex,158.29,Left,Lateral Grasp
67,cell phone,Box / Complex,154.03,Left,Lateral Grasp
67,cell phone,Cylindrical,162.11,Left,Full Grasp
1,bottle,Spherical,-99.63,Right,Full Grasp
67,cell phone,Cylindrical,177.95,Center,Full Grasp
2,cup,Spherical,-104.65,Right,Full Grasp
67,cell phone,Cylindrical,173.07,Center,Full Grasp
67,cell phone,Cylindrical,179.06,Center,Full Grasp
67,cell phone,Cylindrical,-179.46,Center,Full Grasp
67,cell phone,Cylindrical,-179.31,Center,Full Grasp
67,cell phone,Cylindrical,-178.65,Center,Full Grasp
67,cell phone,Cylindrical,-178.57,Center,Full Grasp
67,cell phone,Cylindrical,-176.95,Center,Full Grasp
67,cell phone,Cylindrical,179.06,Center,Full Grasp
64,mouse,Cylindrical,-167.18,Right,Full Grasp
67,cell phone,Spherical,-116.98,Right,Full Grasp
64,mouse,Cylindrical,125.35,Left,Full Grasp
64,mouse,Box / Complex,158.55,Left,Lateral Grasp
64,mouse,Box / Complex,160.35,Left,Lateral Grasp
64,mouse,Box / Complex,164.95,Left,Lateral Grasp
64,mouse,Box / Complex,164.77,Left,Lateral Grasp
64,mouse,Box / Complex,162.44,Left,Lateral Grasp
64,mouse,Box / Complex,166.37,Left,Lateral Grasp
64,mouse,Box / Complex,164.18,Left,Lateral Grasp
64,mouse,Box / Complex,164.1,Left,Lateral Grasp
64,mouse,Box / Complex,166.12,Left,Lateral Grasp
64,mouse,Box / Complex,162.33,Left,Lateral Grasp
64,mouse,Box / Complex,164.54,Left,Lateral Grasp
64,mouse,Box / Complex,164.9,Left,Lateral Grasp
64,mouse,Box / Complex,165.57,Left,Lateral Grasp
64,mouse,Box / Complex,164.22,Left,Lateral Grasp
64,mouse,Box / Complex,166.37,Left,Lateral Grasp
64,mouse,Box / Complex,171.39,Center,Lateral Grasp
64,mouse,Box / Complex,160.92,Left,Lateral Grasp
64,mouse,Cylindrical,173.93,Center,Full Grasp
64,mouse,Box / Complex,157.94,Left,Lateral Grasp
64,mouse,Box / Complex,169.67,Left,Lateral Grasp
64,mouse,Box / Complex,172.7,Center,Lateral Grasp
64,mouse,Box / Complex,171.92,Center,Lateral Grasp
64,mouse,Cylindrical,174.88,Center,Full Grasp
64,mouse,Cylindrical,174.29,Center,Full Grasp
64,mouse,Cylindrical,175.27,Center,Full Grasp
64,mouse,Cylindrical,175.3,Center,Full Grasp
64,mouse,Cylindrical,174.62,Center,Full Grasp
64,mouse,Cylindrical,175.34,Center,Full Grasp
64,mouse,Cylindrical,175.97,Center,Full Grasp
2,cup,Box / Complex,-103.12,Right,Lateral Grasp
64,mouse,Cylindrical,175.41,Center,Full Grasp
64,mouse,Cylindrical,175.48,Center,Full Grasp
2,cup,Cylindrical,-102.37,Right,Full Grasp
64,mouse,Cylindrical,177.15,Center,Full Grasp
64,mouse,Cylindrical,175.91,Center,Full Grasp
64,mouse,Cylindrical,175.17,Center,Full Grasp
64,mouse,Cylindrical,176.33,Center,Full Grasp
64,mouse,Cylindrical,174.22,Center,Full Grasp
64,mouse,Cylindrical,175.76,Center,Full Grasp
64,mouse,Cylindrical,175.93,Center,Full Grasp
64,mouse,Cylindrical,176.26,Center,Full Grasp
64,mouse,Cylindrical,175.83,Center,Full Grasp
2,cup,Cylindrical,-122.15,Right,Full Grasp
64,mouse,Cylindrical,177.46,Center,Full Grasp
64,mouse,Cylindrical,177.07,Center,Full Grasp
64,mouse,Cylindrical,176.69,Center,Full Grasp
64,mouse,Cylindrical,177.5,Center,Full Grasp
64,mouse,Cylindrical,177.25,Center,Full Grasp
64,mouse,Cylindrical,177.05,Center,Full Grasp
64,mouse,Cylindrical,176.62,Center,Full Grasp
64,mouse,Cylindrical,176.41,Center,Full Grasp
64,mouse,Cylindrical,175.28,Center,Full Grasp
64,mouse,Cylindrical,176.3,Center,Full Grasp
64,mouse,Cylindrical,175.71,Center,Full Grasp
64,mouse,Cylindrical,176.78,Center,Full Grasp
64,mouse,Cylindrical,176.64,Center,Full Grasp
64,mouse,Cylindrical,175.45,Center,Full Grasp
64,mouse,Cylindrical,175.59,Center,Full Grasp
64,mouse,Cylindrical,175.99,Center,Full Grasp
64,mouse,Cylindrical,175.56,Center,Full Grasp
64,mouse,Cylindrical,175.59,Center,Full Grasp
64,mouse,Cylindrical,174.93,Center,Full Grasp
64,mouse,Box / Complex,171.47,Center,Lateral Grasp
64,mouse,Box / Complex,169.28,Left,Lateral Grasp
64,mouse,Box / Complex,172.04,Center,Lateral Grasp
64,mouse,Box / Complex,175.39,Center,Lateral Grasp
64,mouse,Cylindrical,175.98,Center,Full Grasp
64,mouse,Cylindrical,176.96,Center,Full Grasp
64,mouse,Box / Complex,171.2,Center,Lateral Grasp
64,mouse,Box / Complex,169.22,Left,Lateral Grasp
64,mouse,Box / Complex,167.23,Left,Lateral Grasp
64,mouse,Cylindrical,168.12,Left,Full Grasp
67,cell phone,Spherical,93.8,Left,Full Grasp
67,cell phone,Spherical,-83.17,Right,Full Grasp
67,cell phone,Spherical,-82.31,Right,Full Grasp
67,cell phone,Spherical,-86.64,Right,Full Grasp
64,mouse,Cylindrical,178.45,Center,Pinch Grasp
64,mouse,Cylindrical,177.91,Center,Pinch Grasp
64,mouse,Cylindrical,177.25,Center,Pinch Grasp
64,mouse,Cylindrical,178.23,Center,Full Grasp
64,mouse,Cylindrical,177.34,Center,Full Grasp
67,cell phone,Spherical,85.32,Right,Full Grasp
67,cell phone,Spherical,-99.34,Right,Full Grasp
73,book,Cylindrical,176.34,Center,Full Grasp
73,book,Cylindrical,177.68,Center,Full Grasp
67,cell phone,Spherical,-105.98,Right,Full Grasp
67,cell phone,Spherical,-99.59,Right,Full Grasp
67,cell phone,Spherical,-104.25,Right,Full Grasp
73,book,Cylindrical,177.14,Center,Full Grasp
73,book,Cylindrical,178.23,Center,Full Grasp
67,cell phone,Spherical,-108.61,Right,Full Grasp
73,book,Cylindrical,-179.84,Center,Full Grasp
67,cell phone,Spherical,-109.35,Right,Full Grasp
67,cell phone,Spherical,-104.76,Right,Full Grasp
67,cell phone,Spherical,-107.84,Right,Full Grasp
67,cell phone,Spherical,-107.29,Right,Full Grasp
73,book,Cylindrical,179.65,Center,Full Grasp
73,book,Cylindrical,-179.86,Center,Full Grasp
73,book,Cylindrical,178.21,Center,Full Grasp
67,cell phone,Spherical,-106.2,Right,Full Grasp
67,cell phone,Spherical,-109.3,Right,Full Grasp
67,cell phone,Spherical,-110.22,Right,Full Grasp
67,cell phone,Spherical,-112.25,Right,Full Grasp
73,book,Cylindrical,-179.52,Center,Full Grasp
73,book,Cylindrical,0.32,Right,Full Grasp
73,book,Cylindrical,-179.97,Center,Full Grasp
73,book,Cylindrical,-179.5,Center,Full Grasp
73,book,Cylindrical,-179.78,Center,Full Grasp
73,book,Cylindrical,-179.58,Center,Full Grasp
73,book,Cylindrical,179.95,Center,Full Grasp
73,book,Box / Complex,-178.65,Center,Lateral Grasp
73,book,Cylindrical,-179.67,Center,Full Grasp
73,book,Cylindrical,-179.99,Center,Full Grasp
73,book,Cylindrical,0.07,Right,Full Grasp
73,book,Cylindrical,-0.18,Right,Full Grasp
73,book,Cylindrical,179.6,Center,Full Grasp
73,book,Box / Complex,-179.32,Center,Lateral Grasp
73,book,Cylindrical,179.52,Center,Full Grasp
73,book,Cylindrical,178.63,Center,Full Grasp
73,book,Box / Complex,-179.44,Center,Lateral Grasp
73,book,Cylindrical,179.79,Center,Full Grasp
73,book,Box / Complex,1.87,Right,Lateral Grasp
73,book,Box / Complex,1.03,Right,Lateral Grasp
73,book,Box / Complex,1.55,Right,Lateral Grasp
73,book,Box / Complex,-178.82,Center,Lateral Grasp
73,book,Cylindrical,179.39,Center,Full Grasp
73,book,Box / Complex,0.01,Right,Lateral Grasp
73,book,Box / Complex,179.42,Center,Lateral Grasp
73,book,Box / Complex,-179.87,Center,Lateral Grasp
73,book,Box / Complex,-178.23,Center,Lateral Grasp
73,book,Box / Complex,-179.55,Center,Lateral Grasp
67,cell phone,Spherical,-111.29,Right,Full Grasp
67,cell phone,Spherical,-109.17,Right,Full Grasp
64,mouse,Cylindrical,177.84,Center,Full Grasp
64,mouse,Cylindrical,178.35,Center,Full Grasp
2,cup,Box / Complex,151.41,Left,Lateral Grasp
2,cup,Spherical,127.54,Left,Full Grasp
64,mouse,Cylindrical,-179.5,Center,Full Grasp
2,cup,Box / Complex,89.45,Right,Lateral Grasp
2,cup,Box / Complex,89.2,Right,Lateral Grasp
2,cup,Box / Complex,91.15,Left,Lateral Grasp
2,cup,Box / Complex,91.69,Left,Lateral Grasp
2,cup,Box / Complex,94.51,Left,Lateral Grasp
2,cup,Box / Complex,-88.06,Right,Lateral Grasp
64,mouse,Cylindrical,-179.34,Center,Full Grasp
64,mouse,Cylindrical,-169.67,Center,Full Grasp
1,bottle,Box / Complex,90.32,Left,Lateral Grasp
1,bottle,Box / Complex,-88.78,Right,Lateral Grasp
1,bottle,Box / Complex,-88.09,Right,Lateral Grasp
1,bottle,Box / Complex,-88.89,Right,Lateral Grasp
1,bottle,Box / Complex,-87.77,Right,Lateral Grasp
1,bottle,Box / Complex,-87.86,Right,Lateral Grasp
1,bottle,Box / Complex,-87.95,Right,Lateral Grasp
1,bottle,Box / Complex,-89.48,Right,Lateral Grasp
1,bottle,Box / Complex,-89.44,Right,Lateral Grasp
1,bottle,Box / Complex,-88.86,Right,Lateral Grasp
1,bottle,Box / Complex,-86.26,Right,Lateral Grasp
1,bottle,Box / Complex,-86.34,Right,Lateral Grasp
1,bottle,Cylindrical,-87.63,Right,Full Grasp
1,bottle,Cylindrical,-86.73,Right,Full Grasp
1,bottle,Box / Complex,91.22,Left,Lateral Grasp
1,bottle,Box / Complex,90.75,Left,Lateral Grasp
1,bottle,Cylindrical,-85.52,Right,Full Grasp
1,bottle,Box / Complex,-85.92,Right,Lateral Grasp
1,bottle,Cylindrical,-84.45,Right,Full Grasp
1,bottle,Cylindrical,-85.22,Right,Full Grasp
1,bottle,Cylindrical,-85.33,Right,Full Grasp
1,bottle,Box / Complex,-86.19,Right,Lateral Grasp
1,bottle,Box / Complex,-87.03,Right,Lateral Grasp
1,bottle,Box / Complex,-86.9,Right,Lateral Grasp
1,bottle,Box / Complex,-85.62,Right,Lateral Grasp
1,bottle,Box / Complex,-87.08,Right,Lateral Grasp
1,bottle,Box / Complex,-87.43,Right,Lateral Grasp
1,bottle,Box / Complex,-86.93,Right,Lateral Grasp
1,bottle,Cylindrical,-86.87,Right,Full Grasp
1,bottle,Box / Complex,-88.12,Right,Lateral Grasp
1,bottle,Box / Complex,-87.98,Right,Lateral Grasp
1,bottle,Box / Complex,-87.23,Right,Lateral Grasp
1,bottle,Box / Complex,-87.76,Right,Lateral Grasp
1,bottle,Box / Complex,-87.72,Right,Lateral Grasp
1,bottle,Box / Complex,91.83,Left,Lateral Grasp
1,bottle,Box / Complex,-87.36,Right,Lateral Grasp
1,bottle,Box / Complex,-86.77,Right,Lateral Grasp
1,bottle,Box / Complex,-87.53,Right,Lateral Grasp
1,bottle,Box / Complex,-87.56,Right,Lateral Grasp
67,cell phone,Box / Complex,-130.14,Right,Lateral Grasp
2,cup,Cylindrical,-84.73,Right,Full Grasp
2,cup,Spherical,-82.35,Right,Full Grasp
0,apple,Spherical,110.3,Left,Full Grasp
2,cup,Box / Complex,93.01,Left,Lateral Grasp
1,bottle,Box / Complex,92.48,Left,Lateral Grasp
2,cup,Spherical,-76.99,Right,Full Grasp
67,cell phone,Box / Complex,-170.24,Center,Lateral Grasp
1,bottle,Cylindrical,91.95,Left,Full Grasp
1,bottle,Cylindrical,92.68,Left,Full Grasp
1,bottle,Cylindrical,92.09,Left,Full Grasp
1,bottle,Cylindrical,91.73,Left,Full Grasp
1,bottle,Cylindrical,90.82,Left,Full Grasp
1,bottle,Box / Complex,92.29,Left,Lateral Grasp
1,bottle,Cylindrical,91.97,Left,Full Grasp
1,bottle,Box / Complex,91.87,Left,Lateral Grasp
1,bottle,Box / Complex,92.31,Left,Lateral Grasp
1,bottle,Box / Complex,92.51,Left,Lateral Grasp
1,bottle,Box / Complex,92.87,Left,Lateral Grasp
1,bottle,Box / Complex,92.71,Left,Lateral Grasp
1,bottle,Box / Complex,92.47,Left,Lateral Grasp
1,bottle,Box / Complex,91.8,Left,Lateral Grasp
1,bottle,Box / Complex,92.03,Left,Lateral Grasp
1,bottle,Box / Complex,92.92,Left,Lateral Grasp
1,bottle,Box / Complex,92.66,Left,Lateral Grasp
1,bottle,Box / Complex,92.18,Left,Lateral Grasp
1,bottle,Box / Complex,90.78,Left,Lateral Grasp
1,bottle,Box / Complex,91.19,Left,Lateral Grasp
1,bottle,Box / Complex,92.01,Left,Lateral Grasp
1,bottle,Box / Complex,91.68,Left,Lateral Grasp
1,bottle,Box / Complex,91.67,Left,Lateral Grasp
1,bottle,Box / Complex,92.69,Left,Lateral Grasp
1,bottle,Box / Complex,92.99,Left,Lateral Grasp
1,bottle,Box / Complex,93.53,Left,Lateral Grasp
1,bottle,Box / Complex,92.7,Left,Lateral Grasp
1,bottle,Box / Complex,91.78,Left,Lateral Grasp
1,bottle,Box / Complex,92.02,Left,Lateral Grasp
1,bottle,Box / Complex,92.21,Left,Lateral Grasp
1,bottle,Box / Complex,91.94,Left,Lateral Grasp
1,bottle,Box / Complex,92.72,Left,Lateral Grasp
1,bottle,Box / Complex,92.88,Left,Lateral Grasp
1,bottle,Box / Complex,92.97,Left,Lateral Grasp
1,bottle,Box / Complex,94.63,Left,Lateral Grasp
1,bottle,Box / Complex,93.82,Left,Lateral Grasp
1,bottle,Box / Complex,92.07,Left,Lateral Grasp
1,bottle,Box / Complex,92.03,Left,Lateral Grasp
1,bottle,Box / Complex,92.38,Left,Lateral Grasp
1,bottle,Box / Complex,93.5,Left,Lateral Grasp
1,bottle,Box / Complex,93.72,Left,Lateral Grasp
1,bottle,Box / Complex,92.03,Left,Lateral Grasp
1,bottle,Cylindrical,92.87,Left,Full Grasp
1,bottle,Box / Complex,92.22,Left,Lateral Grasp
1,bottle,Box / Complex,92.23,Left,Lateral Grasp
1,bottle,Box / Complex,92.69,Left,Lateral Grasp
1,bottle,Box / Complex,93.28,Left,Lateral Grasp
1,bottle,Box / Complex,93.65,Left,Lateral Grasp
1,bottle,Box / Complex,92.12,Left,Lateral Grasp
1,bottle,Box / Complex,94.03,Left,Lateral Grasp
1,bottle,Box / Complex,93.99,Left,Lateral Grasp
1,bottle,Box / Complex,92.89,Left,Lateral Grasp
1,bottle,Box / Complex,91.8,Left,Lateral Grasp
1,bottle,Box / Complex,92.42,Left,Lateral Grasp
1,bottle,Box / Complex,91.94,Left,Lateral Grasp
1,bottle,Box / Complex,93.01,Left,Lateral Grasp
1,bottle,Box / Complex,95.23,Left,Lateral Grasp
1,bottle,Cylindrical,92.81,Left,Full Grasp
1,bottle,Box / Complex,94.11,Left,Lateral Grasp
1,bottle,Cylindrical,91.84,Left,Full Grasp
1,bottle,Cylindrical,93.71,Left,Full Grasp
1,bottle,Cylindrical,94.27,Left,Full Grasp
1,bottle,Cylindrical,95.24,Left,Full Grasp
1,bottle,Cylindrical,94.56,Left,Full Grasp
1,bottle,Cylindrical,93.27,Left,Full Grasp
1,bottle,Cylindrical,93.24,Left,Full Grasp
1,bottle,Cylindrical,93.52,Left,Full Grasp
75,vase,Cylindrical,-81.8,Right,Full Grasp
1,bottle,Cylindrical,94.93,Left,Full Grasp
1,bottle,Cylindrical,94.36,Left,Full Grasp
1,bottle,Cylindrical,-84.83,Right,Full Grasp
1,bottle,Cylindrical,-86.79,Right,Full Grasp
1,bottle,Cylindrical,-85.1,Right,Full Grasp
1,bottle,Cylindrical,-86.01,Right,Full Grasp
1,bottle,Cylindrical,-86.85,Right,Full Grasp
1,bottle,Cylindrical,-86.57,Right,Full Grasp
1,bottle,Cylindrical,-86.15,Right,Full Grasp
1,bottle,Cylindrical,-87.04,Right,Full Grasp
1,bottle,Box / Complex,-86.08,Right,Lateral Grasp
1,bottle,Cylindrical,-85.45,Right,Full Grasp
1,bottle,Cylindrical,-86.87,Right,Full Grasp
1,bottle,Cylindrical,-87.39,Right,Full Grasp
1,bottle,Cylindrical,-87.19,Right,Full Grasp
1,bottle,Cylindrical,-87.34,Right,Full Grasp
1,bottle,Cylindrical,-88.5,Right,Full Grasp
1,bottle,Cylindrical,-87.6,Right,Full Grasp
1,bottle,Box / Complex,93.21,Left,Lateral Grasp
1,bottle,Box / Complex,94.46,Left,Lateral Grasp
1,bottle,Box / Complex,93.86,Left,Lateral Grasp
1,bottle,Box / Complex,95.15,Left,Lateral Grasp
1,bottle,Box / Complex,96.32,Left,Lateral Grasp
1,bottle,Box / Complex,96.06,Left,Lateral Grasp
1,bottle,Box / Complex,96.85,Left,Lateral Grasp
1,bottle,Box / Complex,94.27,Left,Lateral Grasp
1,bottle,Box / Complex,92.51,Left,Lateral Grasp
1,bottle,Box / Complex,95.78,Left,Lateral Grasp
1,bottle,Box / Complex,92.32,Left,Lateral Grasp
1,bottle,Box / Complex,92.11,Left,Lateral Grasp
1,bottle,Box / Complex,85.66,Right,Lateral Grasp
1,bottle,Cylindrical,-97.95,Right,Full Grasp
2,cup,Spherical,140.55,Left,Full Grasp
75,vase,Cylindrical,108.37,Left,Full Grasp
64,mouse,Cylindrical,-177.43,Center,Pinch Grasp
2,cup,Cylindrical,-93.44,Right,Full Grasp
1,bottle,Box / Complex,-84.33,Right,Lateral Grasp
1,bottle,Cylindrical,-86.35,Right,Full Grasp
1,bottle,Cylindrical,-85.22,Right,Full Grasp
1,bottle,Cylindrical,-85.6,Right,Full Grasp
1,bottle,Cylindrical,-85.42,Right,Full Grasp
1,bottle,Cylindrical,-85.73,Right,Full Grasp
1,bottle,Cylindrical,-85.96,Right,Full Grasp
1,bottle,Cylindrical,-86.5,Right,Full Grasp
1,bottle,Cylindrical,-85.84,Right,Full Grasp
1,bottle,Cylindrical,-85.71,Right,Full Grasp
1,bottle,Cylindrical,-84.96,Right,Full Grasp
1,bottle,Cylindrical,-84.31,Right,Full Grasp
1,bottle,Cylindrical,-85.05,Right,Full Grasp
1,bottle,Cylindrical,-85.6,Right,Full Grasp
1,bottle,Cylindrical,98.55,Left,Full Grasp
1,bottle,Cylindrical,94.15,Left,Full Grasp
1,bottle,Cylindrical,88.7,Right,Full Grasp
1,bottle,Cylindrical,-80.21,Right,Full Grasp
1,bottle,Box / Complex,91.64,Left,Lateral Grasp
1,bottle,Box / Complex,91.92,Left,Lateral Grasp
1,bottle,Box / Complex,92.09,Left,Lateral Grasp
1,bottle,Cylindrical,-89.72,Right,Full Grasp
1,bottle,Cylindrical,90.07,Left,Full Grasp
2,cup,Cylindrical,98.58,Left,Full Grasp
1,bottle,Box / Complex,95.38,Left,Lateral Grasp
1,bottle,Box / Complex,95.15,Left,Lateral Grasp
1,bottle,Box / Complex,94.61,Left,Lateral Grasp
1,bottle,Cylindrical,92.55,Left,Full Grasp
1,bottle,Cylindrical,-89.36,Right,Full Grasp
1,bottle,Cylindrical,91.25,Left,Full Grasp
1,bottle,Cylindrical,89.55,Right,Full Grasp
1,bottle,Cylindrical,89.62,Right,Full Grasp
1,bottle,Cylindrical,89.69,Right,Full Grasp
1,bottle,Cylindrical,89.92,Right,Full Grasp
1,bottle,Cylindrical,89.49,Right,Full Grasp
1,bottle,Cylindrical,-90.73,Right,Full Grasp
1,bottle,Cylindrical,-88.71,Right,Full Grasp
1,bottle,Cylindrical,-89.51,Right,Full Grasp
1,bottle,Cylindrical,-89.57,Right,Full Grasp
1,bottle,Cylindrical,90.12,Left,Full Grasp
1,bottle,Cylindrical,90.0,Left,Full Grasp
1,bottle,Cylindrical,-89.67,Right,Full Grasp
1,bottle,Cylindrical,89.33,Right,Full Grasp
1,bottle,Cylindrical,-89.76,Right,Full Grasp
1,bottle,Cylindrical,88.71,Right,Full Grasp
1,bottle,Cylindrical,-89.69,Right,Full Grasp
1,bottle,Cylindrical,-89.72,Right,Full Grasp
1,bottle,Cylindrical,-89.61,Right,Full Grasp
1,bottle,Cylindrical,90.16,Left,Full Grasp
1,bottle,Cylindrical,-90.39,Right,Full Grasp
1,bottle,Cylindrical,-91.73,Right,Full Grasp
1,bottle,Cylindrical,-91.09,Right,Full Grasp
1,bottle,Cylindrical,-91.07,Right,Full Grasp
1,bottle,Cylindrical,-90.19,Right,Full Grasp
1,bottle,Cylindrical,-91.36,Right,Full Grasp
1,bottle,Cylindrical,90.07,Left,Full Grasp
1,bottle,Cylindrical,90.16,Left,Full Grasp
1,bottle,Cylindrical,-91.22,Right,Full Grasp
1,bottle,Cylindrical,-91.76,Right,Full Grasp
1,bottle,Cylindrical,-90.27,Right,Full Grasp
1,bottle,Cylindrical,-90.86,Right,Full Grasp
1,bottle,Cylindrical,-91.17,Right,Full Grasp
1,bottle,Cylindrical,-90.61,Right,Full Grasp
1,bottle,Cylindrical,-92.45,Right,Full Grasp
1,bottle,Cylindrical,-91.21,Right,Full Grasp
1,bottle,Cylindrical,-91.05,Right,Full Grasp
1,bottle,Cylindrical,-91.98,Right,Full Grasp
1,bottle,Cylindrical,-90.54,Right,Full Grasp
1,bottle,Cylindrical,-90.95,Right,Full Grasp
1,bottle,Cylindrical,-90.58,Right,Full Grasp
1,bottle,Cylindrical,-91.93,Right,Full Grasp
1,bottle,Cylindrical,88.35,Right,Full Grasp
1,bottle,Cylindrical,90.77,Left,Full Grasp
1,bottle,Cylindrical,92.58,Left,Full Grasp
1,bottle,Cylindrical,93.22,Left,Full Grasp
1,bottle,Cylindrical,92.19,Left,Full Grasp
1,bottle,Cylindrical,91.86,Left,Full Grasp
1,bottle,Cylindrical,91.36,Left,Full Grasp
75,vase,Cylindrical,91.17,Left,Full Grasp
75,vase,Cylindrical,91.77,Left,Full Grasp
75,vase,Cylindrical,93.37,Left,Full Grasp
75,vase,Cylindrical,92.32,Left,Full Grasp
75,vase,Cylindrical,-90.6,Right,Full Grasp
75,vase,Cylindrical,-90.37,Right,Full Grasp
75,vase,Cylindrical,-90.72,Right,Full Grasp
1,bottle,Cylindrical,90.35,Left,Full Grasp
1,bottle,Cylindrical,90.13,Left,Full Grasp
1,bottle,Cylindrical,-91.22,Right,Full Grasp
1,bottle,Cylindrical,-91.03,Right,Full Grasp
1,bottle,Cylindrical,-91.49,Right,Full Grasp
1,bottle,Cylindrical,-91.86,Right,Full Grasp
1,bottle,Cylindrical,87.92,Right,Full Grasp
1,bottle,Cylindrical,-92.55,Right,Full Grasp
1,bottle,Cylindrical,-92.64,Right,Full Grasp
1,bottle,Cylindrical,88.16,Right,Full Grasp
1,bottle,Cylindrical,-92.57,Right,Full Grasp
1,bottle,Cylindrical,87.97,Right,Full Grasp
1,bottle,Cylindrical,-92.65,Right,Full Grasp
1,bottle,Cylindrical,-92.58,Right,Full Grasp
1,bottle,Cylindrical,87.35,Right,Full Grasp
1,bottle,Cylindrical,87.85,Right,Full Grasp
1,bottle,Cylindrical,-92.87,Right,Full Grasp
1,bottle,Cylindrical,87.36,Right,Full Grasp
1,bottle,Cylindrical,-92.27,Right,Full Grasp
1,bottle,Cylindrical,-92.41,Right,Full Grasp
1,bottle,Cylindrical,-92.63,Right,Full Grasp
1,bottle,Cylindrical,-92.91,Right,Full Grasp
1,bottle,Cylindrical,-92.69,Right,Full Grasp
1,bottle,Cylindrical,87.62,Right,Full Grasp
1,bottle,Cylindrical,87.85,Right,Full Grasp
1,bottle,Cylindrical,87.58,Right,Full Grasp
1,bottle,Cylindrical,-92.58,Right,Full Grasp
1,bottle,Cylindrical,87.37,Right,Full Grasp
1,bottle,Cylindrical,-93.1,Right,Full Grasp
1,bottle,Cylindrical,-93.44,Right,Full Grasp
1,bottle,Cylindrical,86.57,Right,Full Grasp
1,bottle,Cylindrical,86.8,Right,Full Grasp
1,bottle,Cylindrical,-93.49,Right,Full Grasp
1,bottle,Cylindrical,-93.66,Right,Full Grasp
1,bottle,Cylindrical,86.93,Right,Full Grasp
1,bottle,Cylindrical,-94.43,Right,Full Grasp
1,bottle,Cylindrical,-94.25,Right,Full Grasp
1,bottle,Cylindrical,-93.99,Right,Full Grasp
1,bottle,Cylindrical,-94.47,Right,Full Grasp
1,bottle,Cylindrical,-93.8,Right,Full Grasp
1,bottle,Cylindrical,-93.0,Right,Full Grasp
1,bottle,Cylindrical,-93.08,Right,Full Grasp
1,bottle,Cylindrical,-93.45,Right,Full Grasp
1,bottle,Cylindrical,-92.29,Right,Full Grasp
1,bottle,Cylindrical,-89.6,Right,Full Grasp
1,bottle,Cylindrical,-89.44,Right,Full Grasp
1,bottle,Cylindrical,-89.42,Right,Full Grasp
1,bottle,Cylindrical,-88.79,Right,Full Grasp
1,bottle,Cylindrical,91.55,Left,Full Grasp
1,bottle,Cylindrical,91.17,Left,Full Grasp
1,bottle,Cylindrical,92.25,Left,Full Grasp
1,bottle,Cylindrical,92.65,Left,Full Grasp
1,bottle,Cylindrical,91.62,Left,Full Grasp
1,bottle,Cylindrical,91.45,Left,Full Grasp
1,bottle,Cylindrical,90.49,Left,Full Grasp
1,bottle,Cylindrical,90.46,Left,Full Grasp
1,bottle,Cylindrical,91.12,Left,Full Grasp
1,bottle,Cylindrical,91.03,Left,Full Grasp
1,bottle,Cylindrical,91.3,Left,Full Grasp
1,bottle,Cylindrical,91.62,Left,Full Grasp
1,bottle,Cylindrical,91.32,Left,Full Grasp
1,bottle,Cylindrical,91.23,Left,Full Grasp
1,bottle,Cylindrical,91.12,Left,Full Grasp
1,bottle,Cylindrical,91.43,Left,Full Grasp
1,bottle,Cylindrical,91.36,Left,Full Grasp
1,bottle,Cylindrical,91.47,Left,Full Grasp
1,bottle,Cylindrical,91.54,Left,Full Grasp
1,bottle,Cylindrical,92.08,Left,Full Grasp
1,bottle,Cylindrical,91.92,Left,Full Grasp
1,bottle,Cylindrical,91.61,Left,Full Grasp
1,bottle,Cylindrical,91.56,Left,Full Grasp
1,bottle,Cylindrical,91.28,Left,Full Grasp
1,bottle,Cylindrical,91.83,Left,Full Grasp
1,bottle,Cylindrical,91.88,Left,Full Grasp
1,bottle,Cylindrical,91.68,Left,Full Grasp
1,bottle,Cylindrical,91.76,Left,Full Grasp
1,bottle,Cylindrical,91.54,Left,Full Grasp
1,bottle,Cylindrical,91.25,Left,Full Grasp
1,bottle,Cylindrical,91.08,Left,Full Grasp
1,bottle,Cylindrical,90.94,Left,Full Grasp
1,bottle,Cylindrical,91.11,Left,Full Grasp
1,bottle,Cylindrical,91.6,Left,Full Grasp
1,bottle,Box / Complex,90.81,Left,Lateral Grasp
1,bottle,Box / Complex,90.92,Left,Lateral Grasp
1,bottle,Cylindrical,91.7,Left,Full Grasp
1,bottle,Cylindrical,91.36,Left,Full Grasp
1,bottle,Cylindrical,91.43,Left,Full Grasp
1,bottle,Box / Complex,91.1,Left,Lateral Grasp
1,bottle,Box / Complex,90.56,Left,Lateral Grasp
1,bottle,Cylindrical,91.76,Left,Full Grasp
1,bottle,Cylindrical,90.76,Left,Full Grasp
1,bottle,Box / Complex,90.09,Left,Lateral Grasp
1,bottle,Box / Complex,89.91,Right,Lateral Grasp
1,bottle,Cylindrical,90.54,Left,Full Grasp
1,bottle,Box / Complex,-90.18,Right,Lateral Grasp
1,bottle,Box / Complex,89.97,Right,Lateral Grasp
1,bottle,Cylindrical,90.39,Left,Full Grasp
1,bottle,Cylindrical,90.56,Left,Full Grasp
1,bottle,Box / Complex,-90.23,Right,Lateral Grasp
1,bottle,Cylindrical,90.27,Left,Full Grasp
1,bottle,Box / Complex,-90.32,Right,Lateral Grasp
1,bottle,Cylindrical,90.23,Left,Full Grasp
1,bottle,Cylindrical,89.98,Right,Full Grasp
1,bottle,Box / Complex,90.01,Left,Lateral Grasp
1,bottle,Cylindrical,-90.22,Right,Full Grasp
1,bottle,Cylindrical,90.4,Left,Full Grasp
1,bottle,Cylindrical,90.25,Left,Full Grasp
1,bottle,Box / Complex,90.15,Left,Lateral Grasp
1,bottle,Cylindrical,90.34,Left,Full Grasp
1,bottle,Cylindrical,90.18,Left,Full Grasp
1,bottle,Cylindrical,90.07,Left,Full Grasp
1,bottle,Cylindrical,-90.62,Right,Full Grasp
1,bottle,Box / Complex,-90.9,Right,Lateral Grasp
1,bottle,Box / Complex,-92.04,Right,Lateral Grasp
1,bottle,Cylindrical,-91.78,Right,Full Grasp
1,bottle,Cylindrical,-90.82,Right,Full Grasp
1,bottle,Box / Complex,-89.82,Right,Lateral Grasp
1,bottle,Box / Complex,-88.86,Right,Lateral Grasp
1,bottle,Box / Complex,91.57,Left,Lateral Grasp
1,bottle,Box / Complex,90.63,Left,Lateral Grasp
1,bottle,Box / Complex,90.65,Left,Lateral Grasp
1,bottle,Box / Complex,91.25,Left,Lateral Grasp
1,bottle,Box / Complex,92.09,Left,Lateral Grasp
64,mouse,Box / Complex,-168.86,Right,Lateral Grasp
64,mouse,Box / Complex,-175.19,Center,Lateral Grasp
64,mouse,Cylindrical,-177.04,Center,Full Grasp
64,mouse,Cylindrical,177.57,Center,Full Grasp
1,bottle,Cylindrical,-90.29,Right,Full Grasp
64,mouse,Spherical,136.0,Left,Full Grasp
64,mouse,Box / Complex,-149.39,Right,Lateral Grasp
64,mouse,Cylindrical,160.57,Left,Full Grasp
2,cup,Cylindrical,99.53,Left,Full Grasp
64,mouse,Cylindrical,-179.95,Center,Full Grasp
64,mouse,Cylindrical,-178.82,Center,Full Grasp
64,mouse,Cylindrical,-177.53,Center,Full Grasp
64,mouse,Cylindrical,-177.26,Center,Full Grasp
64,mouse,Cylindrical,-177.59,Center,Full Grasp
64,mouse,Box / Complex,-177.94,Center,Lateral Grasp
64,mouse,Box / Complex,-178.68,Center,Lateral Grasp
64,mouse,Box / Complex,124.38,Left,Lateral Grasp
64,mouse,Box / Complex,-176.18,Center,Lateral Grasp
73,book,Cylindrical,-175.83,Center,Full Grasp
73,book,Cylindrical,-176.68,Center,Full Grasp
73,book,Cylindrical,-176.5,Center,Full Grasp
73,book,Cylindrical,-177.25,Center,Full Grasp
73,book,Cylindrical,-175.09,Center,Full Grasp
64,mouse,Spherical,4.54,Right,Full Grasp
64,mouse,Spherical,-163.03,Right,Full Grasp
64,mouse,Spherical,-169.51,Center,Full Grasp
64,mouse,Box / Complex,-175.19,Center,Lateral Grasp
64,mouse,Cylindrical,-172.11,Center,Full Grasp
64,mouse,Cylindrical,-172.19,Center,Full Grasp
64,mouse,Cylindrical,-173.93,Center,Full Grasp
64,mouse,Cylindrical,-174.61,Center,Full Grasp
64,mouse,Box / Complex,-174.38,Center,Lateral Grasp
64,mouse,Cylindrical,-175.39,Center,Full Grasp
64,mouse,Cylindrical,-175.01,Center,Full Grasp
64,mouse,Cylindrical,-174.0,Center,Full Grasp
64,mouse,Cylindrical,-175.73,Center,Full Grasp
64,mouse,Cylindrical,-179.74,Center,Full Grasp
64,mouse,Cylindrical,-173.66,Center,Full Grasp
64,mouse,Cylindrical,-176.11,Center,Full Grasp
64,mouse,Cylindrical,-174.78,Center,Full Grasp
64,mouse,Box / Complex,-174.93,Center,Lateral Grasp
64,mouse,Cylindrical,-174.04,Center,Full Grasp
64,mouse,Cylindrical,-177.21,Center,Full Grasp
64,mouse,Box / Complex,-174.98,Center,Lateral Grasp
64,mouse,Cylindrical,-175.66,Center,Full Grasp
64,mouse,Cylindrical,-175.0,Center,Full Grasp
64,mouse,Cylindrical,-175.01,Center,Full Grasp
64,mouse,Cylindrical,-174.23,Center,Full Grasp
64,mouse,Cylindrical,-173.17,Center,Full Grasp
64,mouse,Cylindrical,-174.98,Center,Full Grasp
64,mouse,Cylindrical,-173.61,Center,Full Grasp
64,mouse,Cylindrical,-173.69,Center,Full Grasp
64,mouse,Cylindrical,-174.5,Center,Full Grasp
64,mouse,Cylindrical,-173.33,Center,Full Grasp
64,mouse,Cylindrical,-173.62,Center,Full Grasp
64,mouse,Cylindrical,-176.03,Center,Full Grasp
64,mouse,Cylindrical,-173.47,Center,Full Grasp
64,mouse,Cylindrical,-173.17,Center,Full Grasp
64,mouse,Cylindrical,-174.1,Center,Full Grasp
64,mouse,Cylindrical,-174.6,Center,Full Grasp
64,mouse,Cylindrical,-174.38,Center,Full Grasp
64,mouse,Cylindrical,-175.17,Center,Full Grasp
64,mouse,Cylindrical,-174.54,Center,Full Grasp
64,mouse,Cylindrical,-175.01,Center,Full Grasp
64,mouse,Cylindrical,-174.17,Center,Full Grasp
64,mouse,Cylindrical,-173.19,Center,Full Grasp
64,mouse,Box / Complex,-164.05,Right,Lateral Grasp
1,bottle,Box / Complex,-94.58,Right,Lateral Grasp
1,bottle,Cylindrical,-95.22,Right,Full Grasp
1,bottle,Cylindrical,-96.79,Right,Full Grasp
1,bottle,Box / Complex,85.27,Right,Lateral Grasp
1,bottle,Cylindrical,-95.43,Right,Full Grasp
1,bottle,Cylindrical,87.85,Right,Full Grasp
1,bottle,Cylindrical,-94.92,Right,Full Grasp
1,bottle,Cylindrical,-94.89,Right,Full Grasp
1,bottle,Cylindrical,-95.5,Right,Full Grasp
1,bottle,Cylindrical,-90.5,Right,Full Grasp
1,bottle,Cylindrical,-91.84,Right,Full Grasp
1,bottle,Cylindrical,-94.96,Right,Full Grasp
1,bottle,Cylindrical,-95.45,Right,Full Grasp
1,bottle,Cylindrical,-95.91,Right,Full Grasp
1,bottle,Cylindrical,-95.09,Right,Full Grasp
1,bottle,Cylindrical,-94.28,Right,Full Grasp
1,bottle,Cylindrical,-95.31,Right,Full Grasp
1,bottle,Cylindrical,-94.16,Right,Full Grasp
1,bottle,Cylindrical,-93.8,Right,Full Grasp
1,bottle,Cylindrical,-93.51,Right,Full Grasp
1,bottle,Cylindrical,-93.07,Right,Full Grasp
1,bottle,Cylindrical,-92.34,Right,Full Grasp
1,bottle,Cylindrical,-92.12,Right,Full Grasp
1,bottle,Cylindrical,-91.6,Right,Full Grasp
1,bottle,Cylindrical,-90.83,Right,Full Grasp
1,bottle,Cylindrical,90.46,Left,Full Grasp
1,bottle,Cylindrical,-90.66,Right,Full Grasp
1,bottle,Cylindrical,-90.48,Right,Full Grasp
1,bottle,Cylindrical,-91.08,Right,Full Grasp
1,bottle,Cylindrical,-90.58,Right,Full Grasp
1,bottle,Cylindrical,-90.93,Right,Full Grasp
1,bottle,Cylindrical,-91.68,Right,Full Grasp
1,bottle,Cylindrical,-91.95,Right,Full Grasp
1,bottle,Cylindrical,-93.43,Right,Full Grasp
1,bottle,Cylindrical,-93.86,Right,Full Grasp
1,bottle,Cylindrical,89.48,Right,Full Grasp
1,bottle,Cylindrical,91.27,Left,Full Grasp
1,bottle,Cylindrical,-95.12,Right,Full Grasp
1,bottle,Cylindrical,-93.62,Right,Full Grasp
1,bottle,Cylindrical,-96.22,Right,Full Grasp
1,bottle,Cylindrical,-96.61,Right,Full Grasp
1,bottle,Cylindrical,87.04,Right,Full Grasp
1,bottle,Cylindrical,-94.28,Right,Full Grasp
1,bottle,Cylindrical,-94.39,Right,Full Grasp
1,bottle,Cylindrical,-94.32,Right,Full Grasp
1,bottle,Cylindrical,-96.41,Right,Full Grasp
1,bottle,Cylindrical,88.06,Right,Full Grasp
1,bottle,Cylindrical,-92.68,Right,Full Grasp
1,bottle,Cylindrical,-92.28,Right,Full Grasp
1,bottle,Cylindrical,-92.79,Right,Full Grasp
1,bottle,Cylindrical,-92.4,Right,Full Grasp
1,bottle,Cylindrical,-91.94,Right,Full Grasp
1,bottle,Cylindrical,-92.42,Right,Full Grasp
1,bottle,Cylindrical,-92.62,Right,Full Grasp
1,bottle,Cylindrical,-91.67,Right,Full Grasp
1,bottle,Cylindrical,-91.93,Right,Full Grasp
1,bottle,Cylindrical,-92.23,Right,Full Grasp
1,bottle,Cylindrical,-92.29,Right,Full Grasp
1,bottle,Cylindrical,-91.47,Right,Full Grasp
1,bottle,Cylindrical,-91.65,Right,Full Grasp
1,bottle,Cylindrical,-92.7,Right,Full Grasp
1,bottle,Cylindrical,-90.83,Right,Full Grasp
1,bottle,Cylindrical,-92.16,Right,Full Grasp
1,bottle,Cylindrical,-91.4,Right,Full Grasp
1,bottle,Cylindrical,-91.1,Right,Full Grasp
1,bottle,Cylindrical,-90.88,Right,Full Grasp
1,bottle,Cylindrical,-91.16,Right,Full Grasp
1,bottle,Cylindrical,-90.75,Right,Full Grasp
1,bottle,Cylindrical,-90.47,Right,Full Grasp
1,bottle,Cylindrical,-91.49,Right,Full Grasp
1,bottle,Cylindrical,-91.19,Right,Full Grasp
1,bottle,Cylindrical,-91.39,Right,Full Grasp
1,bottle,Cylindrical,-91.92,Right,Full Grasp
1,bottle,Cylindrical,-91.29,Right,Full Grasp
1,bottle,Cylindrical,-90.58,Right,Full Grasp
1,bottle,Cylindrical,-91.47,Right,Full Grasp
1,bottle,Cylindrical,-91.37,Right,Full Grasp
1,bottle,Cylindrical,-90.78,Right,Full Grasp
1,bottle,Cylindrical,90.26,Left,Full Grasp
1,bottle,Cylindrical,90.22,Left,Full Grasp
1,bottle,Cylindrical,-90.18,Right,Full Grasp
1,bottle,Cylindrical,-90.66,Right,Full Grasp
1,bottle,Cylindrical,-90.5,Right,Full Grasp
1,bottle,Cylindrical,-90.95,Right,Full Grasp
1,bottle,Cylindrical,-90.13,Right,Full Grasp
1,bottle,Cylindrical,-91.18,Right,Full Grasp
1,bottle,Cylindrical,-91.23,Right,Full Grasp
1,bottle,Cylindrical,-90.32,Right,Full Grasp
1,bottle,Cylindrical,-91.28,Right,Full Grasp
1,bottle,Cylindrical,-90.33,Right,Full Grasp
1,bottle,Cylindrical,90.32,Left,Full Grasp
1,bottle,Cylindrical,-90.35,Right,Full Grasp
1,bottle,Cylindrical,-91.51,Right,Full Grasp
1,bottle,Cylindrical,90.29,Left,Full Grasp
1,bottle,Cylindrical,-90.16,Right,Full Grasp
1,bottle,Cylindrical,90.18,Left,Full Grasp
1,bottle,Cylindrical,89.96,Right,Full Grasp
1,bottle,Cylindrical,-90.85,Right,Full Grasp
1,bottle,Cylindrical,-90.29,Right,Full Grasp
1,bottle,Cylindrical,89.87,Right,Full Grasp
1,bottle,Cylindrical,-90.3,Right,Full Grasp
1,bottle,Cylindrical,-90.63,Right,Full Grasp
1,bottle,Cylindrical,-90.46,Right,Full Grasp
1,bottle,Cylindrical,-90.89,Right,Full Grasp
1,bottle,Cylindrical,-91.21,Right,Full Grasp
1,bottle,Cylindrical,-90.36,Right,Full Grasp
1,bottle,Cylindrical,-90.29,Right,Full Grasp
1,bottle,Cylindrical,-90.6,Right,Full Grasp
1,bottle,Cylindrical,-91.33,Right,Full Grasp
1,bottle,Cylindrical,90.22,Left,Full Grasp
1,bottle,Cylindrical,-90.8,Right,Full Grasp
1,bottle,Cylindrical,90.06,Left,Full Grasp
1,bottle,Cylindrical,89.92,Right,Full Grasp
1,bottle,Cylindrical,-90.75,Right,Full Grasp
1,bottle,Cylindrical,-90.77,Right,Full Grasp
1,bottle,Cylindrical,89.84,Right,Full Grasp
1,bottle,Cylindrical,-90.3,Right,Full Grasp
1,bottle,Cylindrical,90.84,Left,Full Grasp
1,bottle,Cylindrical,91.02,Left,Full Grasp
1,bottle,Cylindrical,90.72,Left,Full Grasp
1,bottle,Cylindrical,89.81,Right,Full Grasp
1,bottle,Cylindrical,-90.59,Right,Full Grasp
1,bottle,Cylindrical,90.16,Left,Full Grasp
1,bottle,Cylindrical,-90.77,Right,Full Grasp
1,bottle,Cylindrical,89.93,Right,Full Grasp
1,bottle,Cylindrical,-90.68,Right,Full Grasp
1,bottle,Cylindrical,90.25,Left,Full Grasp
1,bottle,Cylindrical,90.08,Left,Full Grasp
1,bottle,Cylindrical,90.25,Left,Full Grasp
1,bottle,Cylindrical,-90.47,Right,Full Grasp
1,bottle,Cylindrical,89.93,Right,Full Grasp
1,bottle,Cylindrical,-90.72,Right,Full Grasp
1,bottle,Cylindrical,90.28,Left,Full Grasp
1,bottle,Cylindrical,-90.76,Right,Full Grasp
1,bottle,Cylindrical,90.16,Left,Full Grasp
1,bottle,Cylindrical,-90.22,Right,Full Grasp
1,bottle,Cylindrical,-91.11,Right,Full Grasp
1,bottle,Cylindrical,90.17,Left,Full Grasp
1,bottle,Cylindrical,90.7,Left,Full Grasp
1,bottle,Cylindrical,-90.34,Right,Full Grasp
1,bottle,Cylindrical,90.73,Left,Full Grasp
1,bottle,Cylindrical,-90.87,Right,Full Grasp
1,bottle,Cylindrical,-90.9,Right,Full Grasp
1,bottle,Cylindrical,-90.83,Right,Full Grasp
1,bottle,Cylindrical,-90.45,Right,Full Grasp
1,bottle,Cylindrical,-90.64,Right,Full Grasp
1,bottle,Cylindrical,-91.47,Right,Full Grasp
1,bottle,Cylindrical,-90.08,Right,Full Grasp
1,bottle,Cylindrical,-90.23,Right,Full Grasp
1,bottle,Cylindrical,90.46,Left,Full Grasp
1,bottle,Cylindrical,-90.38,Right,Full Grasp
1,bottle,Cylindrical,-91.69,Right,Full Grasp
1,bottle,Cylindrical,-90.57,Right,Full Grasp
1,bottle,Cylindrical,-90.52,Right,Full Grasp
1,bottle,Cylindrical,-91.12,Right,Full Grasp
1,bottle,Cylindrical,-91.66,Right,Full Grasp
1,bottle,Cylindrical,-90.41,Right,Full Grasp
1,bottle,Cylindrical,-90.52,Right,Full Grasp
1,bottle,Cylindrical,-91.59,Right,Full Grasp
1,bottle,Cylindrical,-90.99,Right,Full Grasp
1,bottle,Cylindrical,-90.92,Right,Full Grasp
1,bottle,Cylindrical,-91.21,Right,Full Grasp
1,bottle,Cylindrical,-91.5,Right,Full Grasp
1,bottle,Cylindrical,-91.23,Right,Full Grasp
1,bottle,Cylindrical,-90.72,Right,Full Grasp
1,bottle,Cylindrical,-90.52,Right,Full Grasp
1,bottle,Cylindrical,-90.49,Right,Full Grasp
1,bottle,Cylindrical,-91.41,Right,Full Grasp
1,bottle,Cylindrical,89.68,Right,Full Grasp
1,bottle,Cylindrical,89.31,Right,Full Grasp
1,bottle,Cylindrical,-92.66,Right,Full Grasp
1,bottle,Cylindrical,-94.24,Right,Full Grasp
1,bottle,Cylindrical,-94.62,Right,Full Grasp
1,bottle,Cylindrical,-95.23,Right,Full Grasp
1,bottle,Cylindrical,-94.42,Right,Full Grasp
1,bottle,Cylindrical,-95.18,Right,Full Grasp
1,bottle,Cylindrical,-95.5,Right,Full Grasp
1,bottle,Cylindrical,90.12,Left,Full Grasp
1,bottle,Cylindrical,-94.16,Right,Full Grasp
1,bottle,Cylindrical,-93.67,Right,Full Grasp
1,bottle,Cylindrical,-91.23,Right,Full Grasp
1,bottle,Cylindrical,-91.83,Right,Full Grasp
1,bottle,Cylindrical,-92.09,Right,Full Grasp
1,bottle,Cylindrical,90.21,Left,Full Grasp
1,bottle,Cylindrical,-92.27,Right,Full Grasp
1,bottle,Cylindrical,-91.45,Right,Full Grasp
1,bottle,Cylindrical,-91.02,Right,Full Grasp
64,mouse,Cylindrical,-123.09,Right,Full Grasp
64,mouse,Spherical,-177.97,Center,Full Grasp
64,mouse,Cylindrical,170.27,Center,Full Grasp
64,mouse,Box / Complex,161.85,Left,Lateral Grasp
2,cup,Cylindrical,92.99,Left,Full Grasp
64,mouse,Box / Complex,171.73,Center,Lateral Grasp
64,mouse,Box / Complex,172.99,Center,Lateral Grasp
64,mouse,Cylindrical,175.16,Center,Full Grasp
64,mouse,Cylindrical,174.72,Center,Full Grasp
64,mouse,Cylindrical,174.78,Center,Full Grasp
64,mouse,Cylindrical,175.64,Center,Full Grasp
64,mouse,Cylindrical,174.51,Center,Full Grasp
64,mouse,Cylindrical,176.82,Center,Full Grasp
64,mouse,Cylindrical,175.56,Center,Full Grasp
64,mouse,Cylindrical,175.06,Center,Full Grasp
64,mouse,Cylindrical,177.02,Center,Full Grasp
64,mouse,Cylindrical,176.65,Center,Full Grasp
64,mouse,Box / Complex,-84.24,Right,Lateral Grasp
64,mouse,Cylindrical,175.58,Center,Full Grasp
64,mouse,Cylindrical,174.79,Center,Full Grasp
64,mouse,Cylindrical,175.87,Center,Full Grasp
64,mouse,Box / Complex,174.64,Center,Lateral Grasp
64,mouse,Box / Complex,174.9,Center,Lateral Grasp
64,mouse,Spherical,172.02,Center,Full Grasp
64,mouse,Spherical,-17.95,Right,Full Grasp
2,cup,Spherical,-91.37,Right,Full Grasp
2,cup,Spherical,110.97,Left,Full Grasp
64,mouse,Cylindrical,124.66,Left,Full Grasp
64,mouse,Cylindrical,-143.39,Right,Full Grasp
67,cell phone,Box / Complex,-155.48,Right,Lateral Grasp
67,cell phone,Box / Complex,-163.72,Right,Lateral Grasp
67,cell phone,Cylindrical,15.47,Right,Full Grasp
2,cup,Box / Complex,-162.41,Right,Lateral Grasp
2,cup,Box / Complex,178.23,Center,Lateral Grasp
2,cup,Box / Complex,176.82,Center,Lateral Grasp
2,cup,Box / Complex,170.14,Center,Lateral Grasp
2,cup,Box / Complex,172.5,Center,Lateral Grasp
2,cup,Box / Complex,175.08,Center,Lateral Grasp
67,cell phone,Box / Complex,165.6,Left,Lateral Grasp
2,cup,Spherical,75.3,Right,Full Grasp
2,cup,Box / Complex,-115.53,Right,Lateral Grasp
2,cup,Box / Complex,-149.94,Right,Lateral Grasp
2,cup,Box / Complex,-158.5,Right,Lateral Grasp
67,cell phone,Cylindrical,175.76,Center,Full Grasp
2,cup,Box / Complex,-175.47,Center,Lateral Grasp
2,cup,Box / Complex,-176.04,Center,Lateral Grasp
2,cup,Box / Complex,-179.94,Center,Lateral Grasp
2,cup,Box / Complex,-178.55,Center,Lateral Grasp
2,cup,Box / Complex,-171.7,Center,Lateral Grasp
67,cell phone,Cylindrical,-173.63,Center,Full Grasp
2,cup,Spherical,-155.75,Right,Full Grasp
2,cup,Spherical,-150.21,Right,Full Grasp
2,cup,Spherical,-143.96,Right,Full Grasp
2,cup,Box / Complex,-136.1,Right,Lateral Grasp
2,cup,Box / Complex,-145.12,Right,Lateral Grasp
64,mouse,Cylindrical,-173.59,Center,Full Grasp
1,bottle,Cylindrical,89.57,Right,Full Grasp
67,cell phone,Box / Complex,-174.41,Center,Lateral Grasp
67,cell phone,Box / Complex,-172.03,Center,Lateral Grasp
67,cell phone,Cylindrical,-170.9,Center,Full Grasp
40,wine glass,Box / Complex,174.67,Center,Lateral Grasp
40,wine glass,Box / Complex,174.44,Center,Lateral Grasp
40,wine glass,Box / Complex,174.25,Center,Lateral Grasp
40,wine glass,Box / Complex,176.07,Center,Lateral Grasp
67,cell phone,Cylindrical,-170.99,Center,Full Grasp
0,apple,Box / Complex,-80.52,Right,Lateral Grasp
79,toothbrush,Spherical,-107.83,Right,Full Grasp
2,cup,Spherical,75.92,Right,Full Grasp
2,cup,Cylindrical,124.18,Left,Full Grasp
2,cup,Box / Complex,131.32,Left,Lateral Grasp
2,cup,Cylindrical,139.34,Left,Full Grasp
2,cup,Cylindrical,-144.92,Right,Full Grasp
2,cup,Box / Complex,92.04,Left,Lateral Grasp
2,cup,Box / Complex,-22.12,Right,Lateral Grasp
67,cell phone,Cylindrical,-96.86,Right,Full Grasp
67,cell phone,Cylindrical,-95.49,Right,Full Grasp
67,cell phone,Cylindrical,-96.56,Right,Full Grasp
79,toothbrush,Cylindrical,-93.95,Right,Full Grasp
1,bottle,Box / Complex,-9.7,Right,Lateral Grasp
76,scissors,Cylindrical,-92.32,Right,Full Grasp
76,scissors,Cylindrical,-94.99,Right,Full Grasp
76,scissors,Cylindrical,-94.9,Right,Full Grasp
76,scissors,Cylindrical,-94.78,Right,Full Grasp
76,scissors,Cylindrical,-95.13,Right,Full Grasp
67,cell phone,Cylindrical,-95.75,Right,Full Grasp
67,cell phone,Cylindrical,-96.01,Right,Full Grasp
67,cell phone,Cylindrical,-95.66,Right,Full Grasp
67,cell phone,Cylindrical,-96.08,Right,Full Grasp
67,cell phone,Cylindrical,-96.08,Right,Full Grasp
67,cell phone,Cylindrical,-96.9,Right,Full Grasp
67,cell phone,Cylindrical,-96.73,Right,Full Grasp
1,bottle,Cylindrical,105.26,Left,Full Grasp
1,bottle,Cylindrical,107.95,Left,Full Grasp
67,cell phone,Spherical,-111.41,Right,Full Grasp
1,bottle,Cylindrical,87.63,Right,Full Grasp
1,bottle,Cylindrical,87.49,Right,Full Grasp
1,bottle,Cylindrical,88.82,Right,Full Grasp
1,bottle,Cylindrical,89.07,Right,Full Grasp
1,bottle,Cylindrical,88.97,Right,Full Grasp
1,bottle,Cylindrical,89.87,Right,Full Grasp
1,bottle,Cylindrical,88.89,Right,Full Grasp
1,bottle,Cylindrical,89.32,Right,Full Grasp
1,bottle,Cylindrical,88.23,Right,Full Grasp
1,bottle,Cylindrical,89.31,Right,Full Grasp
1,bottle,Cylindrical,90.37,Left,Full Grasp
1,bottle,Cylindrical,90.48,Left,Full Grasp
1,bottle,Cylindrical,89.77,Right,Full Grasp
1,bottle,Cylindrical,89.6,Right,Full Grasp
1,bottle,Cylindrical,89.8,Right,Full Grasp
1,bottle,Cylindrical,89.56,Right,Full Grasp
1,bottle,Cylindrical,89.59,Right,Full Grasp
1,bottle,Cylindrical,89.06,Right,Full Grasp
1,bottle,Cylindrical,89.01,Right,Full Grasp
1,bottle,Cylindrical,89.77,Right,Full Grasp
1,bottle,Cylindrical,89.28,Right,Full Grasp
1,bottle,Cylindrical,89.43,Right,Full Grasp
1,bottle,Cylindrical,88.79,Right,Full Grasp
1,bottle,Cylindrical,89.46,Right,Full Grasp
1,bottle,Cylindrical,88.94,Right,Full Grasp
1,bottle,Cylindrical,89.67,Right,Full Grasp
1,bottle,Cylindrical,89.52,Right,Full Grasp
1,bottle,Cylindrical,89.55,Right,Full Grasp
1,bottle,Cylindrical,89.7,Right,Full Grasp
1,bottle,Cylindrical,89.67,Right,Full Grasp
1,bottle,Cylindrical,89.93,Right,Full Grasp
1,bottle,Cylindrical,89.84,Right,Full Grasp
1,bottle,Cylindrical,89.46,Right,Full Grasp
1,bottle,Cylindrical,89.15,Right,Full Grasp
1,bottle,Cylindrical,90.58,Left,Full Grasp
1,bottle,Cylindrical,88.83,Right,Full Grasp
1,bottle,Cylindrical,88.64,Right,Full Grasp
1,bottle,Cylindrical,89.46,Right,Full Grasp
1,bottle,Cylindrical,88.58,Right,Full Grasp
1,bottle,Cylindrical,88.71,Right,Full Grasp
1,bottle,Cylindrical,88.64,Right,Full Grasp
1,bottle,Cylindrical,88.81,Right,Full Grasp
1,bottle,Cylindrical,88.32,Right,Full Grasp
1,bottle,Cylindrical,86.52,Right,Full Grasp
1,bottle,Cylindrical,87.69,Right,Full Grasp
1,bottle,Cylindrical,89.45,Right,Full Grasp
1,bottle,Cylindrical,89.97,Right,Full Grasp
1,bottle,Cylindrical,88.57,Right,Full Grasp
1,bottle,Cylindrical,89.91,Right,Full Grasp
1,bottle,Cylindrical,90.23,Left,Full Grasp
1,bottle,Cylindrical,90.26,Left,Full Grasp
1,bottle,Cylindrical,89.94,Right,Full Grasp
1,bottle,Cylindrical,88.8,Right,Full Grasp
1,bottle,Cylindrical,89.04,Right,Full Grasp
1,bottle,Cylindrical,-91.79,Right,Full Grasp
1,bottle,Cylindrical,-92.11,Right,Full Grasp
1,bottle,Cylindrical,-92.74,Right,Full Grasp
1,bottle,Cylindrical,-92.79,Right,Full Grasp
1,bottle,Cylindrical,-92.19,Right,Full Grasp
1,bottle,Cylindrical,-92.71,Right,Full Grasp
1,bottle,Cylindrical,-92.25,Right,Full Grasp
1,bottle,Cylindrical,-92.55,Right,Full Grasp
1,bottle,Cylindrical,-92.57,Right,Full Grasp
1,bottle,Cylindrical,-92.08,Right,Full Grasp
1,bottle,Cylindrical,-92.56,Right,Full Grasp
1,bottle,Cylindrical,-92.5,Right,Full Grasp
1,bottle,Cylindrical,-90.5,Right,Full Grasp
1,bottle,Cylindrical,-91.65,Right,Full Grasp
1,bottle,Cylindrical,-92.29,Right,Full Grasp
1,bottle,Cylindrical,-91.96,Right,Full Grasp
1,bottle,Cylindrical,-92.52,Right,Full Grasp
1,bottle,Cylindrical,-92.71,Right,Full Grasp
1,bottle,Cylindrical,-93.39,Right,Full Grasp
1,bottle,Cylindrical,-93.31,Right,Full Grasp
1,bottle,Cylindrical,-93.71,Right,Full Grasp
1,bottle,Cylindrical,-92.74,Right,Full Grasp
1,bottle,Cylindrical,-92.35,Right,Full Grasp
1,bottle,Cylindrical,-92.28,Right,Full Grasp
1,bottle,Cylindrical,-92.74,Right,Full Grasp
1,bottle,Cylindrical,-92.7,Right,Full Grasp
1,bottle,Cylindrical,-92.46,Right,Full Grasp
1,bottle,Cylindrical,-92.69,Right,Full Grasp
1,bottle,Cylindrical,-92.32,Right,Full Grasp
1,bottle,Cylindrical,-92.4,Right,Full Grasp
1,bottle,Cylindrical,-92.64,Right,Full Grasp
1,bottle,Cylindrical,-92.49,Right,Full Grasp
1,bottle,Cylindrical,-91.99,Right,Full Grasp
1,bottle,Cylindrical,-93.35,Right,Full Grasp
1,bottle,Cylindrical,-93.53,Right,Full Grasp
1,bottle,Cylindrical,-92.6,Right,Full Grasp
1,bottle,Cylindrical,-93.24,Right,Full Grasp
1,bottle,Cylindrical,-92.75,Right,Full Grasp
1,bottle,Cylindrical,-92.61,Right,Full Grasp
1,bottle,Cylindrical,-92.99,Right,Full Grasp
1,bottle,Cylindrical,-93.28,Right,Full Grasp
1,bottle,Cylindrical,-92.75,Right,Full Grasp
1,bottle,Cylindrical,-92.8,Right,Full Grasp
1,bottle,Cylindrical,-92.48,Right,Full Grasp
1,bottle,Cylindrical,-92.88,Right,Full Grasp
1,bottle,Cylindrical,-93.01,Right,Full Grasp
1,bottle,Cylindrical,-93.66,Right,Full Grasp
1,bottle,Cylindrical,-93.22,Right,Full Grasp
1,bottle,Cylindrical,-93.31,Right,Full Grasp
1,bottle,Cylindrical,-93.96,Right,Full Grasp
1,bottle,Cylindrical,-92.73,Right,Full Grasp
1,bottle,Cylindrical,-93.0,Right,Full Grasp
1,bottle,Cylindrical,-93.22,Right,Full Grasp
1,bottle,Cylindrical,-93.09,Right,Full Grasp
1,bottle,Cylindrical,-93.42,Right,Full Grasp
1,bottle,Cylindrical,-93.24,Right,Full Grasp
1,bottle,Cylindrical,-93.3,Right,Full Grasp
1,bottle,Cylindrical,-93.05,Right,Full Grasp
1,bottle,Cylindrical,-92.97,Right,Full Grasp
1,bottle,Cylindrical,-93.76,Right,Full Grasp
1,bottle,Cylindrical,-93.51,Right,Full Grasp
1,bottle,Cylindrical,-93.48,Right,Full Grasp
1,bottle,Cylindrical,-93.64,Right,Full Grasp
1,bottle,Cylindrical,-92.84,Right,Full Grasp
1,bottle,Cylindrical,-93.7,Right,Full Grasp
1,bottle,Cylindrical,-93.71,Right,Full Grasp
1,bottle,Cylindrical,-93.46,Right,Full Grasp
1,bottle,Cylindrical,-93.2,Right,Full Grasp
1,bottle,Cylindrical,-92.72,Right,Full Grasp
1,bottle,Cylindrical,-93.8,Right,Full Grasp
1,bottle,Cylindrical,-92.99,Right,Full Grasp
1,bottle,Cylindrical,-93.18,Right,Full Grasp
1,bottle,Cylindrical,-92.89,Right,Full Grasp
1,bottle,Cylindrical,-92.96,Right,Full Grasp
1,bottle,Cylindrical,-92.59,Right,Full Grasp
1,bottle,Cylindrical,-93.38,Right,Full Grasp
1,bottle,Cylindrical,-92.88,Right,Full Grasp
1,bottle,Cylindrical,-94.21,Right,Full Grasp
1,bottle,Cylindrical,-94.25,Right,Full Grasp
1,bottle,Cylindrical,-93.62,Right,Full Grasp
1,bottle,Cylindrical,-93.5,Right,Full Grasp
1,bottle,Cylindrical,-94.7,Right,Full Grasp
65,remote,Box / Complex,-115.87,Right,Lateral Grasp
0,apple,Cylindrical,-144.12,Right,Full Grasp
67,cell phone,Box / Complex,-130.38,Right,Lateral Grasp
1,bottle,Cylindrical,-90.6,Right,Full Grasp
1,bottle,Cylindrical,-97.11,Right,Full Grasp
1,bottle,Cylindrical,-98.85,Right,Full Grasp
1,bottle,Cylindrical,-95.83,Right,Full Grasp
1,bottle,Cylindrical,-94.68,Right,Full Grasp
1,bottle,Cylindrical,-94.28,Right,Full Grasp
1,bottle,Cylindrical,-93.87,Right,Full Grasp
1,bottle,Cylindrical,-93.86,Right,Full Grasp
1,bottle,Cylindrical,-93.03,Right,Full Grasp
1,bottle,Cylindrical,-93.3,Right,Full Grasp
1,bottle,Cylindrical,-90.98,Right,Full Grasp
1,bottle,Cylindrical,-92.49,Right,Full Grasp
1,bottle,Cylindrical,-92.64,Right,Full Grasp
1,bottle,Cylindrical,-93.05,Right,Full Grasp
1,bottle,Cylindrical,-91.84,Right,Full Grasp
1,bottle,Cylindrical,-90.84,Right,Full Grasp
1,bottle,Cylindrical,-93.17,Right,Full Grasp
1,bottle,Cylindrical,-91.96,Right,Full Grasp
1,bottle,Cylindrical,-90.64,Right,Full Grasp
1,bottle,Cylindrical,-91.29,Right,Full Grasp
1,bottle,Cylindrical,-91.61,Right,Full Grasp
1,bottle,Cylindrical,-91.49,Right,Full Grasp
1,bottle,Cylindrical,-91.74,Right,Full Grasp
1,bottle,Cylindrical,-90.76,Right,Full Grasp
1,bottle,Cylindrical,-91.1,Right,Full Grasp
1,bottle,Cylindrical,-91.22,Right,Full Grasp
1,bottle,Cylindrical,-91.46,Right,Full Grasp
1,bottle,Cylindrical,-91.81,Right,Full Grasp
1,bottle,Cylindrical,89.59,Right,Full Grasp
1,bottle,Cylindrical,-91.1,Right,Full Grasp
1,bottle,Cylindrical,-92.09,Right,Full Grasp
1,bottle,Cylindrical,-90.98,Right,Full Grasp
1,bottle,Cylindrical,-90.74,Right,Full Grasp
1,bottle,Cylindrical,-91.21,Right,Full Grasp
1,bottle,Cylindrical,-91.01,Right,Full Grasp
1,bottle,Cylindrical,-91.66,Right,Full Grasp
1,bottle,Cylindrical,-91.11,Right,Full Grasp
1,bottle,Cylindrical,-91.45,Right,Full Grasp
1,bottle,Cylindrical,-91.6,Right,Full Grasp
1,bottle,Cylindrical,-91.52,Right,Full Grasp
1,bottle,Cylindrical,-91.57,Right,Full Grasp
1,bottle,Cylindrical,-91.24,Right,Full Grasp
1,bottle,Cylindrical,-91.71,Right,Full Grasp
1,bottle,Cylindrical,-92.44,Right,Full Grasp
1,bottle,Cylindrical,-92.74,Right,Full Grasp
1,bottle,Cylindrical,-91.8,Right,Full Grasp
1,bottle,Cylindrical,-92.2,Right,Full Grasp
1,bottle,Cylindrical,-90.68,Right,Full Grasp
1,bottle,Cylindrical,-90.51,Right,Full Grasp
1,bottle,Cylindrical,90.01,Left,Full Grasp
1,bottle,Cylindrical,89.83,Right,Full Grasp
1,bottle,Cylindrical,-90.59,Right,Full Grasp
1,bottle,Cylindrical,-91.47,Right,Full Grasp
1,bottle,Cylindrical,-91.34,Right,Full Grasp
1,bottle,Cylindrical,-91.16,Right,Full Grasp
1,bottle,Cylindrical,90.94,Left,Full Grasp
1,bottle,Cylindrical,-90.8,Right,Full Grasp
1,bottle,Cylindrical,-91.75,Right,Full Grasp
1,bottle,Cylindrical,-90.82,Right,Full Grasp
1,bottle,Cylindrical,90.11,Left,Full Grasp
1,bottle,Cylindrical,-90.62,Right,Full Grasp
1,bottle,Cylindrical,-90.43,Right,Full Grasp
1,bottle,Cylindrical,90.17,Left,Full Grasp
1,bottle,Cylindrical,-91.1,Right,Full Grasp
1,bottle,Cylindrical,-91.06,Right,Full Grasp
1,bottle,Cylindrical,-91.54,Right,Full Grasp
1,bottle,Cylindrical,-91.37,Right,Full Grasp
1,bottle,Cylindrical,90.17,Left,Full Grasp
1,bottle,Cylindrical,-90.44,Right,Full Grasp
1,bottle,Cylindrical,90.09,Left,Full Grasp
1,bottle,Cylindrical,90.26,Left,Full Grasp
1,bottle,Cylindrical,89.88,Right,Full Grasp
1,bottle,Cylindrical,-90.43,Right,Full Grasp
1,bottle,Cylindrical,89.82,Right,Full Grasp
1,bottle,Cylindrical,90.25,Left,Full Grasp
1,bottle,Cylindrical,-90.28,Right,Full Grasp
1,bottle,Cylindrical,-91.37,Right,Full Grasp
1,bottle,Cylindrical,-92.73,Right,Full Grasp
1,bottle,Cylindrical,-92.83,Right,Full Grasp
1,bottle,Cylindrical,-90.98,Right,Full Grasp
1,bottle,Cylindrical,-90.46,Right,Full Grasp
1,bottle,Cylindrical,-90.69,Right,Full Grasp
1,bottle,Cylindrical,-93.42,Right,Full Grasp
1,bottle,Cylindrical,-92.22,Right,Full Grasp
1,bottle,Cylindrical,-92.57,Right,Full Grasp
1,bottle,Cylindrical,-92.44,Right,Full Grasp
1,bottle,Cylindrical,-91.93,Right,Full Grasp
1,bottle,Cylindrical,-93.47,Right,Full Grasp
1,bottle,Cylindrical,-92.56,Right,Full Grasp
1,bottle,Cylindrical,-93.01,Right,Full Grasp
1,bottle,Cylindrical,-93.65,Right,Full Grasp
1,bottle,Cylindrical,-93.0,Right,Full Grasp
1,bottle,Cylindrical,-93.04,Right,Full Grasp
1,bottle,Cylindrical,-92.62,Right,Full Grasp
1,bottle,Cylindrical,-92.74,Right,Full Grasp
1,bottle,Cylindrical,-92.45,Right,Full Grasp
1,bottle,Cylindrical,-93.14,Right,Full Grasp
1,bottle,Cylindrical,87.14,Right,Full Grasp
1,bottle,Cylindrical,87.21,Right,Full Grasp
1,bottle,Cylindrical,-93.17,Right,Full Grasp
1,bottle,Cylindrical,-93.29,Right,Full Grasp
1,bottle,Cylindrical,-93.09,Right,Full Grasp
1,bottle,Cylindrical,-92.45,Right,Full Grasp
1,bottle,Cylindrical,-92.39,Right,Full Grasp
1,bottle,Cylindrical,-93.19,Right,Full Grasp
1,bottle,Cylindrical,-92.92,Right,Full Grasp
1,bottle,Cylindrical,-92.79,Right,Full Grasp
1,bottle,Cylindrical,-92.84,Right,Full Grasp
1,bottle,Cylindrical,-93.99,Right,Full Grasp
1,bottle,Cylindrical,-93.03,Right,Full Grasp
1,bottle,Cylindrical,-93.05,Right,Full Grasp
1,bottle,Cylindrical,-92.71,Right,Full Grasp
1,bottle,Cylindrical,-92.61,Right,Full Grasp
1,bottle,Cylindrical,-92.35,Right,Full Grasp
1,bottle,Cylindrical,-92.86,Right,Full Grasp
1,bottle,Cylindrical,-92.79,Right,Full Grasp
1,bottle,Cylindrical,-92.2,Right,Full Grasp
1,bottle,Cylindrical,-93.05,Right,Full Grasp
1,bottle,Cylindrical,-92.44,Right,Full Grasp
1,bottle,Cylindrical,-92.49,Right,Full Grasp
1,bottle,Cylindrical,-92.54,Right,Full Grasp
1,bottle,Cylindrical,-92.31,Right,Full Grasp
1,bottle,Cylindrical,-92.36,Right,Full Grasp
1,bottle,Cylindrical,-92.36,Right,Full Grasp
1,bottle,Cylindrical,-92.85,Right,Full Grasp
1,bottle,Cylindrical,-92.13,Right,Full Grasp
1,bottle,Cylindrical,-93.72,Right,Full Grasp
1,bottle,Cylindrical,-92.76,Right,Full Grasp
1,bottle,Cylindrical,-92.05,Right,Full Grasp
1,bottle,Cylindrical,-92.75,Right,Full Grasp
1,bottle,Cylindrical,-92.77,Right,Full Grasp
1,bottle,Cylindrical,-92.95,Right,Full Grasp
1,bottle,Cylindrical,-92.45,Right,Full Grasp
1,bottle,Cylindrical,-93.04,Right,Full Grasp
1,bottle,Cylindrical,-92.77,Right,Full Grasp
1,bottle,Cylindrical,-92.26,Right,Full Grasp
1,bottle,Cylindrical,-92.99,Right,Full Grasp
1,bottle,Cylindrical,-93.13,Right,Full Grasp
1,bottle,Cylindrical,-93.43,Right,Full Grasp
1,bottle,Cylindrical,-92.77,Right,Full Grasp
1,bottle,Cylindrical,-93.56,Right,Full Grasp
1,bottle,Cylindrical,-93.47,Right,Full Grasp
1,bottle,Cylindrical,-92.75,Right,Full Grasp
1,bottle,Cylindrical,-91.98,Right,Full Grasp
1,bottle,Cylindrical,-91.07,Right,Full Grasp
1,bottle,Cylindrical,-91.68,Right,Full Grasp
1,bottle,Cylindrical,-91.63,Right,Full Grasp
1,bottle,Cylindrical,-91.56,Right,Full Grasp
1,bottle,Cylindrical,-91.67,Right,Full Grasp
1,bottle,Cylindrical,-90.82,Right,Full Grasp
1,bottle,Cylindrical,-91.64,Right,Full Grasp
1,bottle,Cylindrical,-92.47,Right,Full Grasp
1,bottle,Cylindrical,-90.79,Right,Full Grasp
1,bottle,Cylindrical,-90.91,Right,Full Grasp
1,bottle,Cylindrical,-90.81,Right,Full Grasp
1,bottle,Cylindrical,-92.48,Right,Full Grasp
1,bottle,Cylindrical,-92.4,Right,Full Grasp
1,bottle,Cylindrical,-92.2,Right,Full Grasp
1,bottle,Cylindrical,-92.87,Right,Full Grasp
1,bottle,Cylindrical,-92.33,Right,Full Grasp
1,bottle,Cylindrical,-92.19,Right,Full Grasp
1,bottle,Cylindrical,-92.36,Right,Full Grasp
1,bottle,Cylindrical,-92.94,Right,Full Grasp
1,bottle,Cylindrical,-91.25,Right,Full Grasp
1,bottle,Cylindrical,-91.03,Right,Full Grasp
1,bottle,Cylindrical,-91.85,Right,Full Grasp
1,bottle,Cylindrical,-92.18,Right,Full Grasp
1,bottle,Cylindrical,-90.6,Right,Full Grasp
1,bottle,Cylindrical,-90.89,Right,Full Grasp
1,bottle,Cylindrical,-90.86,Right,Full Grasp
1,bottle,Cylindrical,-90.44,Right,Full Grasp
1,bottle,Cylindrical,-90.74,Right,Full Grasp
1,bottle,Cylindrical,-91.58,Right,Full Grasp
1,bottle,Cylindrical,-91.8,Right,Full Grasp
1,bottle,Cylindrical,-91.63,Right,Full Grasp
1,bottle,Cylindrical,-91.99,Right,Full Grasp
1,bottle,Cylindrical,-92.11,Right,Full Grasp
1,bottle,Cylindrical,-90.89,Right,Full Grasp
1,bottle,Cylindrical,-91.0,Right,Full Grasp
1,bottle,Cylindrical,-90.88,Right,Full Grasp
1,bottle,Cylindrical,-90.66,Right,Full Grasp
1,bottle,Cylindrical,90.12,Left,Full Grasp
1,bottle,Cylindrical,-91.48,Right,Full Grasp
1,bottle,Cylindrical,90.27,Left,Full Grasp
1,bottle,Cylindrical,-90.29,Right,Full Grasp
1,bottle,Cylindrical,90.21,Left,Full Grasp
1,bottle,Cylindrical,90.44,Left,Full Grasp
1,bottle,Cylindrical,91.43,Left,Full Grasp
1,bottle,Cylindrical,-90.75,Right,Full Grasp
1,bottle,Cylindrical,-90.88,Right,Full Grasp
1,bottle,Cylindrical,-90.49,Right,Full Grasp
1,bottle,Cylindrical,-91.33,Right,Full Grasp
1,bottle,Cylindrical,-91.05,Right,Full Grasp
1,bottle,Cylindrical,-91.21,Right,Full Grasp
1,bottle,Cylindrical,90.24,Left,Full Grasp
1,bottle,Cylindrical,90.0,Left,Full Grasp
1,bottle,Cylindrical,90.74,Left,Full Grasp
1,bottle,Cylindrical,90.15,Left,Full Grasp
1,bottle,Cylindrical,-90.64,Right,Full Grasp
1,bottle,Cylindrical,90.35,Left,Full Grasp
1,bottle,Cylindrical,90.86,Left,Full Grasp
1,bottle,Cylindrical,89.87,Right,Full Grasp
1,bottle,Cylindrical,89.9,Right,Full Grasp
1,bottle,Cylindrical,90.7,Left,Full Grasp
1,bottle,Cylindrical,90.73,Left,Full Grasp
1,bottle,Cylindrical,90.66,Left,Full Grasp
1,bottle,Cylindrical,-90.21,Right,Full Grasp
1,bottle,Cylindrical,91.47,Left,Full Grasp
1,bottle,Cylindrical,91.82,Left,Full Grasp
1,bottle,Cylindrical,91.91,Left,Full Grasp
1,bottle,Cylindrical,91.62,Left,Full Grasp
1,bottle,Cylindrical,92.2,Left,Full Grasp
1,bottle,Cylindrical,91.99,Left,Full Grasp
1,bottle,Cylindrical,-90.31,Right,Full Grasp
1,bottle,Cylindrical,90.44,Left,Full Grasp
1,bottle,Cylindrical,90.61,Left,Full Grasp
1,bottle,Cylindrical,91.03,Left,Full Grasp
1,bottle,Cylindrical,90.46,Left,Full Grasp
1,bottle,Cylindrical,90.14,Left,Full Grasp
1,bottle,Cylindrical,91.61,Left,Full Grasp
1,bottle,Cylindrical,90.13,Left,Full Grasp
1,bottle,Cylindrical,90.41,Left,Full Grasp
1,bottle,Cylindrical,89.98,Right,Full Grasp
1,bottle,Cylindrical,89.76,Right,Full Grasp
1,bottle,Cylindrical,-90.44,Right,Full Grasp
1,bottle,Cylindrical,90.32,Left,Full Grasp
1,bottle,Cylindrical,90.15,Left,Full Grasp
1,bottle,Cylindrical,90.94,Left,Full Grasp
1,bottle,Cylindrical,90.56,Left,Full Grasp
1,bottle,Cylindrical,90.73,Left,Full Grasp
1,bottle,Cylindrical,90.34,Left,Full Grasp
1,bottle,Cylindrical,89.96,Right,Full Grasp
1,bottle,Cylindrical,90.37,Left,Full Grasp
1,bottle,Cylindrical,90.27,Left,Full Grasp
1,bottle,Cylindrical,90.11,Left,Full Grasp
1,bottle,Cylindrical,90.97,Left,Full Grasp
1,bottle,Cylindrical,90.84,Left,Full Grasp
1,bottle,Cylindrical,90.51,Left,Full Grasp
1,bottle,Cylindrical,90.23,Left,Full Grasp
1,bottle,Cylindrical,91.33,Left,Full Grasp
1,bottle,Cylindrical,90.2,Left,Full Grasp
1,bottle,Cylindrical,90.12,Left,Full Grasp
1,bottle,Cylindrical,90.7,Left,Full Grasp
1,bottle,Cylindrical,90.78,Left,Full Grasp
1,bottle,Cylindrical,90.5,Left,Full Grasp
1,bottle,Cylindrical,90.73,Left,Full Grasp
1,bottle,Cylindrical,89.82,Right,Full Grasp
1,bottle,Cylindrical,91.01,Left,Full Grasp
1,bottle,Cylindrical,91.12,Left,Full Grasp
1,bottle,Cylindrical,90.7,Left,Full Grasp
1,bottle,Cylindrical,90.64,Left,Full Grasp
1,bottle,Cylindrical,90.58,Left,Full Grasp
1,bottle,Cylindrical,90.68,Left,Full Grasp
1,bottle,Cylindrical,90.75,Left,Full Grasp
1,bottle,Cylindrical,90.3,Left,Full Grasp
1,bottle,Cylindrical,-90.35,Right,Full Grasp
1,bottle,Cylindrical,-91.07,Right,Full Grasp
1,bottle,Cylindrical,89.9,Right,Full Grasp
1,bottle,Cylindrical,-90.34,Right,Full Grasp
1,bottle,Cylindrical,-90.69,Right,Full Grasp
1,bottle,Cylindrical,89.87,Right,Full Grasp
1,bottle,Cylindrical,90.72,Left,Full Grasp
1,bottle,Cylindrical,-90.83,Right,Full Grasp
1,bottle,Cylindrical,91.17,Left,Full Grasp
1,bottle,Cylindrical,-90.39,Right,Full Grasp
1,bottle,Cylindrical,-91.67,Right,Full Grasp
1,bottle,Cylindrical,-91.67,Right,Full Grasp
1,bottle,Cylindrical,89.71,Right,Full Grasp
1,bottle,Cylindrical,-90.57,Right,Full Grasp
1,bottle,Cylindrical,-91.99,Right,Full Grasp
1,bottle,Cylindrical,-91.2,Right,Full Grasp
1,bottle,Cylindrical,-90.77,Right,Full Grasp
1,bottle,Cylindrical,-90.79,Right,Full Grasp
1,bottle,Cylindrical,89.66,Right,Full Grasp
1,bottle,Cylindrical,90.18,Left,Full Grasp
1,bottle,Cylindrical,-91.07,Right,Full Grasp
1,bottle,Cylindrical,-90.86,Right,Full Grasp
1,bottle,Cylindrical,-91.33,Right,Full Grasp
1,bottle,Cylindrical,-91.46,Right,Full Grasp
1,bottle,Cylindrical,-91.22,Right,Full Grasp
1,bottle,Cylindrical,-90.93,Right,Full Grasp
1,bottle,Cylindrical,-90.59,Right,Full Grasp
1,bottle,Cylindrical,-90.37,Right,Full Grasp
1,bottle,Cylindrical,-91.32,Right,Full Grasp
1,bottle,Cylindrical,-92.19,Right,Full Grasp
1,bottle,Cylindrical,-91.11,Right,Full Grasp
1,bottle,Cylindrical,-91.52,Right,Full Grasp
1,bottle,Cylindrical,-90.77,Right,Full Grasp
1,bottle,Cylindrical,-91.22,Right,Full Grasp
1,bottle,Cylindrical,-91.24,Right,Full Grasp
1,bottle,Cylindrical,-91.74,Right,Full Grasp
1,bottle,Cylindrical,-91.15,Right,Full Grasp
1,bottle,Cylindrical,-90.9,Right,Full Grasp
1,bottle,Cylindrical,-91.12,Right,Full Grasp
1,bottle,Cylindrical,-90.67,Right,Full Grasp
1,bottle,Cylindrical,-90.91,Right,Full Grasp
1,bottle,Cylindrical,-90.93,Right,Full Grasp
1,bottle,Cylindrical,-91.6,Right,Full Grasp
1,bottle,Cylindrical,90.0,Left,Full Grasp
1,bottle,Cylindrical,-90.39,Right,Full Grasp
1,bottle,Cylindrical,90.36,Left,Full Grasp
1,bottle,Cylindrical,-90.82,Right,Full Grasp
1,bottle,Cylindrical,90.05,Left,Full Grasp
1,bottle,Cylindrical,-90.3,Right,Full Grasp
1,bottle,Cylindrical,90.33,Left,Full Grasp
1,bottle,Cylindrical,90.43,Left,Full Grasp
1,bottle,Cylindrical,91.16,Left,Full Grasp
1,bottle,Cylindrical,89.93,Right,Full Grasp
1,bottle,Cylindrical,-90.76,Right,Full Grasp
1,bottle,Cylindrical,89.96,Right,Full Grasp
1,bottle,Cylindrical,90.29,Left,Full Grasp
1,bottle,Cylindrical,90.91,Left,Full Grasp
1,bottle,Cylindrical,90.8,Left,Full Grasp
1,bottle,Cylindrical,90.32,Left,Full Grasp
1,bottle,Cylindrical,89.95,Right,Full Grasp
1,bottle,Cylindrical,90.0,Right,Full Grasp
1,bottle,Cylindrical,89.88,Right,Full Grasp
1,bottle,Cylindrical,89.94,Right,Full Grasp
1,bottle,Cylindrical,90.53,Left,Full Grasp
1,bottle,Cylindrical,91.12,Left,Full Grasp
1,bottle,Cylindrical,89.95,Right,Full Grasp
1,bottle,Cylindrical,90.77,Left,Full Grasp
1,bottle,Cylindrical,-90.69,Right,Full Grasp
1,bottle,Cylindrical,90.3,Left,Full Grasp
1,bottle,Cylindrical,-90.42,Right,Full Grasp
1,bottle,Cylindrical,-90.85,Right,Full Grasp
1,bottle,Cylindrical,-91.2,Right,Full Grasp
1,bottle,Cylindrical,91.69,Left,Full Grasp
1,bottle,Cylindrical,-90.85,Right,Full Grasp
1,bottle,Cylindrical,-90.78,Right,Full Grasp
1,bottle,Cylindrical,90.21,Left,Full Grasp
1,bottle,Cylindrical,90.58,Left,Full Grasp
1,bottle,Cylindrical,90.41,Left,Full Grasp
1,bottle,Cylindrical,91.38,Left,Full Grasp
1,bottle,Cylindrical,90.99,Left,Full Grasp
1,bottle,Cylindrical,91.54,Left,Full Grasp
1,bottle,Cylindrical,90.75,Left,Full Grasp
1,bottle,Cylindrical,89.9,Right,Full Grasp
1,bottle,Cylindrical,91.06,Left,Full Grasp
1,bottle,Cylindrical,91.46,Left,Full Grasp
1,bottle,Cylindrical,92.0,Left,Full Grasp
1,bottle,Cylindrical,91.83,Left,Full Grasp
1,bottle,Cylindrical,92.01,Left,Full Grasp
1,bottle,Cylindrical,92.54,Left,Full Grasp
1,bottle,Cylindrical,91.86,Left,Full Grasp
1,bottle,Cylindrical,90.69,Left,Full Grasp
1,bottle,Cylindrical,90.36,Left,Full Grasp
1,bottle,Cylindrical,90.41,Left,Full Grasp
1,bottle,Cylindrical,90.02,Left,Full Grasp
1,bottle,Cylindrical,89.88,Right,Full Grasp
1,bottle,Cylindrical,90.41,Left,Full Grasp
1,bottle,Cylindrical,-90.79,Right,Full Grasp
1,bottle,Cylindrical,90.44,Left,Full Grasp
1,bottle,Cylindrical,90.84,Left,Full Grasp
1,bottle,Cylindrical,90.21,Left,Full Grasp
1,bottle,Cylindrical,90.5,Left,Full Grasp
1,bottle,Cylindrical,-91.05,Right,Full Grasp
1,bottle,Cylindrical,-90.44,Right,Full Grasp
1,bottle,Cylindrical,91.45,Left,Full Grasp
1,bottle,Cylindrical,-90.43,Right,Full Grasp
1,bottle,Cylindrical,89.82,Right,Full Grasp
1,bottle,Cylindrical,92.73,Left,Full Grasp
1,bottle,Cylindrical,92.84,Left,Full Grasp
1,bottle,Cylindrical,91.69,Left,Full Grasp
1,bottle,Cylindrical,91.22,Left,Full Grasp
1,bottle,Cylindrical,90.91,Left,Full Grasp
1,bottle,Cylindrical,90.81,Left,Full Grasp
1,bottle,Cylindrical,90.24,Left,Full Grasp
1,bottle,Cylindrical,91.95,Left,Full Grasp
1,bottle,Cylindrical,91.1,Left,Full Grasp
45,bowl,Flat,176.45,Center,Pinch Grasp
1,bottle,Cylindrical,-90.32,Right,Full Grasp
1,bottle,Cylindrical,-97.67,Right,Full Grasp
1,bottle,Cylindrical,-93.31,Right,Full Grasp
1,bottle,Cylindrical,-93.17,Right,Full Grasp
1,bottle,Cylindrical,-91.56,Right,Full Grasp
1,bottle,Cylindrical,-92.14,Right,Full Grasp
1,bottle,Cylindrical,91.66,Left,Full Grasp
1,bottle,Cylindrical,90.99,Left,Full Grasp
1,bottle,Cylindrical,-90.17,Right,Full Grasp
1,bottle,Cylindrical,-90.36,Right,Full Grasp
1,bottle,Cylindrical,90.06,Left,Full Grasp
1,bottle,Cylindrical,90.42,Left,Full Grasp
1,bottle,Cylindrical,91.81,Left,Full Grasp
1,bottle,Cylindrical,90.85,Left,Full Grasp
1,bottle,Cylindrical,91.28,Left,Full Grasp
1,bottle,Cylindrical,-89.74,Right,Full Grasp
1,bottle,Cylindrical,-90.15,Right,Full Grasp
45,bowl,Flat,-175.5,Center,Pinch Grasp
1,bottle,Cylindrical,-91.13,Right,Full Grasp
1,bottle,Cylindrical,-92.47,Right,Full Grasp
1,bottle,Cylindrical,-90.53,Right,Full Grasp
1,bottle,Cylindrical,-91.01,Right,Full Grasp
1,bottle,Cylindrical,-91.01,Right,Full Grasp
1,bottle,Cylindrical,-91.69,Right,Full Grasp
1,bottle,Cylindrical,-94.22,Right,Full Grasp
1,bottle,Cylindrical,-93.17,Right,Full Grasp
1,bottle,Cylindrical,-92.03,Right,Full Grasp
1,bottle,Cylindrical,-93.65,Right,Full Grasp
1,bottle,Cylindrical,-92.15,Right,Full Grasp
64,mouse,Box / Complex,-179.71,Center,Lateral Grasp
64,mouse,Cylindrical,164.81,Left,Full Grasp
64,mouse,Box / Complex,157.76,Left,Lateral Grasp
64,mouse,Box / Complex,160.61,Left,Lateral Grasp
64,mouse,Cylindrical,172.7,Center,Full Grasp
64,mouse,Cylindrical,175.29,Center,Full Grasp
64,mouse,Cylindrical,172.38,Center,Full Grasp
64,mouse,Cylindrical,167.58,Left,Full Grasp
64,mouse,Cylindrical,170.94,Center,Full Grasp
64,mouse,Cylindrical,170.61,Center,Full Grasp
64,mouse,Cylindrical,171.36,Center,Full Grasp
64,mouse,Cylindrical,171.95,Center,Full Grasp
64,mouse,Cylindrical,170.78,Center,Full Grasp
64,mouse,Cylindrical,169.98,Left,Full Grasp
64,mouse,Cylindrical,168.98,Left,Full Grasp
64,mouse,Cylindrical,169.08,Left,Full Grasp
64,mouse,Cylindrical,168.38,Left,Full Grasp
64,mouse,Cylindrical,171.85,Center,Full Grasp
64,mouse,Cylindrical,160.17,Left,Full Grasp
1,bottle,Cylindrical,-97.87,Right,Full Grasp
1,bottle,Cylindrical,-96.7,Right,Full Grasp
1,bottle,Cylindrical,-95.45,Right,Full Grasp
1,bottle,Cylindrical,-94.51,Right,Full Grasp
1,bottle,Cylindrical,-94.74,Right,Full Grasp
1,bottle,Cylindrical,-95.41,Right,Full Grasp
2,cup,Cylindrical,87.04,Right,Full Grasp
1,bottle,Cylindrical,87.43,Right,Full Grasp
1,bottle,Cylindrical,87.51,Right,Full Grasp
1,bottle,Cylindrical,-92.22,Right,Full Grasp
1,bottle,Cylindrical,-91.25,Right,Full Grasp
1,bottle,Cylindrical,-91.85,Right,Full Grasp
1,bottle,Cylindrical,-91.89,Right,Full Grasp
1,bottle,Cylindrical,-92.48,Right,Full Grasp
1,bottle,Cylindrical,-91.73,Right,Full Grasp
1,bottle,Cylindrical,-91.54,Right,Full Grasp
1,bottle,Cylindrical,-91.59,Right,Full Grasp
1,bottle,Cylindrical,-91.27,Right,Full Grasp
1,bottle,Cylindrical,-90.88,Right,Full Grasp
1,bottle,Cylindrical,-91.79,Right,Full Grasp
1,bottle,Cylindrical,-90.89,Right,Full Grasp
1,bottle,Cylindrical,-91.32,Right,Full Grasp
1,bottle,Cylindrical,-90.43,Right,Full Grasp
1,bottle,Cylindrical,-91.32,Right,Full Grasp
1,bottle,Cylindrical,-92.18,Right,Full Grasp
1,bottle,Cylindrical,-91.33,Right,Full Grasp
1,bottle,Cylindrical,-91.33,Right,Full Grasp
1,bottle,Cylindrical,89.82,Right,Full Grasp
1,bottle,Cylindrical,-90.89,Right,Full Grasp
1,bottle,Cylindrical,-91.14,Right,Full Grasp
1,bottle,Cylindrical,-91.27,Right,Full Grasp
1,bottle,Cylindrical,-91.07,Right,Full Grasp
1,bottle,Cylindrical,-91.14,Right,Full Grasp
45,bowl,Flat,-177.34,Center,Pinch Grasp
45,bowl,Flat,178.61,Center,Pinch Grasp
45,bowl,Flat,175.66,Center,Pinch Grasp
1,bottle,Cylindrical,-93.48,Right,Full Grasp
1,bottle,Cylindrical,88.03,Right,Full Grasp
1,bottle,Cylindrical,-94.15,Right,Full Grasp
1,bottle,Cylindrical,-93.98,Right,Full Grasp
1,bottle,Cylindrical,-93.29,Right,Full Grasp
1,bottle,Cylindrical,-93.29,Right,Full Grasp
1,bottle,Cylindrical,-93.83,Right,Full Grasp
1,bottle,Cylindrical,-93.58,Right,Full Grasp
1,bottle,Cylindrical,-94.4,Right,Full Grasp
1,bottle,Cylindrical,-93.36,Right,Full Grasp
1,bottle,Cylindrical,-95.34,Right,Full Grasp
64,mouse,Box / Complex,169.56,Left,Lateral Grasp
64,mouse,Box / Complex,165.43,Left,Lateral Grasp
64,mouse,Box / Complex,167.82,Left,Lateral Grasp
64,mouse,Box / Complex,164.84,Left,Lateral Grasp
64,mouse,Box / Complex,169.67,Left,Lateral Grasp
64,mouse,Cylindrical,171.22,Center,Full Grasp
64,mouse,Cylindrical,172.08,Center,Full Grasp
64,mouse,Box / Complex,168.97,Left,Lateral Grasp
64,mouse,Box / Complex,169.65,Left,Lateral Grasp
64,mouse,Box / Complex,170.55,Center,Lateral Grasp
64,mouse,Cylindrical,171.92,Center,Full Grasp
64,mouse,Cylindrical,172.87,Center,Full Grasp
64,mouse,Box / Complex,169.74,Left,Lateral Grasp
64,mouse,Cylindrical,173.29,Center,Full Grasp
64,mouse,Box / Complex,162.4,Left,Lateral Grasp
45,bowl,Cylindrical,-178.97,Center,Pinch Grasp
45,bowl,Cylindrical,-177.27,Center,Pinch Grasp
1,bottle,Cylindrical,-92.38,Right,Full Grasp
1,bottle,Cylindrical,-92.04,Right,Full Grasp
1,bottle,Cylindrical,-91.5,Right,Full Grasp
45,bowl,Flat,-173.66,Center,Pinch Grasp
1,bottle,Cylindrical,-91.85,Right,Full Grasp
1,bottle,Cylindrical,-91.9,Right,Full Grasp
1,bottle,Cylindrical,-92.44,Right,Full Grasp
1,bottle,Cylindrical,-92.42,Right,Full Grasp
1,bottle,Cylindrical,-92.03,Right,Full Grasp
1,bottle,Cylindrical,-91.73,Right,Full Grasp
1,bottle,Cylindrical,-92.44,Right,Full Grasp
1,bottle,Cylindrical,-92.69,Right,Full Grasp
1,bottle,Cylindrical,-92.61,Right,Full Grasp
1,bottle,Cylindrical,-92.4,Right,Full Grasp
1,bottle,Cylindrical,-92.17,Right,Full Grasp
1,bottle,Cylindrical,-92.77,Right,Full Grasp
1,bottle,Cylindrical,-92.07,Right,Full Grasp
1,bottle,Cylindrical,-92.62,Right,Full Grasp
1,bottle,Cylindrical,-92.3,Right,Full Grasp
1,bottle,Cylindrical,-93.0,Right,Full Grasp
1,bottle,Cylindrical,-92.14,Right,Full Grasp
1,bottle,Cylindrical,-91.9,Right,Full Grasp
1,bottle,Cylindrical,-91.66,Right,Full Grasp
1,bottle,Cylindrical,-91.42,Right,Full Grasp
1,bottle,Cylindrical,-91.4,Right,Full Grasp
1,bottle,Cylindrical,-91.62,Right,Full Grasp
1,bottle,Cylindrical,-92.13,Right,Full Grasp
1,bottle,Cylindrical,-92.63,Right,Full Grasp
1,bottle,Cylindrical,-92.71,Right,Full Grasp
1,bottle,Cylindrical,-92.02,Right,Full Grasp
1,bottle,Cylindrical,-91.62,Right,Full Grasp
1,bottle,Cylindrical,-92.05,Right,Full Grasp
1,bottle,Cylindrical,-92.37,Right,Full Grasp
67,cell phone,Box / Complex,-177.47,Center,Lateral Grasp
1,bottle,Cylindrical,-92.86,Right,Full Grasp
1,bottle,Cylindrical,-93.29,Right,Full Grasp
1,bottle,Cylindrical,-93.54,Right,Full Grasp
1,bottle,Cylindrical,-93.13,Right,Full Grasp
1,bottle,Cylindrical,-92.23,Right,Full Grasp
1,bottle,Cylindrical,-92.38,Right,Full Grasp
1,bottle,Cylindrical,-91.61,Right,Full Grasp
1,bottle,Cylindrical,-92.4,Right,Full Grasp
1,bottle,Cylindrical,-92.05,Right,Full Grasp
1,bottle,Cylindrical,-92.54,Right,Full Grasp
1,bottle,Cylindrical,-92.94,Right,Full Grasp
1,bottle,Cylindrical,-92.77,Right,Full Grasp
1,bottle,Cylindrical,-92.36,Right,Full Grasp
1,bottle,Cylindrical,-93.19,Right,Full Grasp
1,bottle,Cylindrical,-92.11,Right,Full Grasp
1,bottle,Cylindrical,-93.67,Right,Full Grasp
1,bottle,Cylindrical,-92.88,Right,Full Grasp
1,bottle,Cylindrical,-93.21,Right,Full Grasp
1,bottle,Cylindrical,-92.26,Right,Full Grasp
1,bottle,Cylindrical,-91.59,Right,Full Grasp
1,bottle,Cylindrical,-91.29,Right,Full Grasp
1,bottle,Cylindrical,-91.85,Right,Full Grasp
1,bottle,Cylindrical,-94.82,Right,Full Grasp
1,bottle,Cylindrical,-96.1,Right,Full Grasp
45,bowl,Flat,172.88,Center,Pinch Grasp
1,bottle,Cylindrical,-93.71,Right,Full Grasp
1,bottle,Cylindrical,-92.92,Right,Full Grasp
1,bottle,Cylindrical,-93.33,Right,Full Grasp
1,bottle,Cylindrical,87.74,Right,Full Grasp
1,bottle,Cylindrical,-92.32,Right,Full Grasp
1,bottle,Cylindrical,-93.14,Right,Full Grasp
1,bottle,Cylindrical,-92.58,Right,Full Grasp
1,bottle,Cylindrical,87.78,Right,Full Grasp
1,bottle,Cylindrical,-94.0,Right,Full Grasp
1,bottle,Cylindrical,-94.41,Right,Full Grasp
1,bottle,Cylindrical,-91.45,Right,Full Grasp
2,cup,Flat,-112.79,Right,Pinch Grasp
1,bottle,Cylindrical,-93.38,Right,Full Grasp
1,bottle,Cylindrical,-93.91,Right,Full Grasp
1,bottle,Cylindrical,-94.19,Right,Full Grasp
1,bottle,Cylindrical,-93.4,Right,Full Grasp
1,bottle,Cylindrical,-93.34,Right,Full Grasp
1,bottle,Cylindrical,-92.29,Right,Full Grasp
1,bottle,Cylindrical,-94.01,Right,Full Grasp
1,bottle,Cylindrical,-93.52,Right,Full Grasp
1,bottle,Cylindrical,-93.44,Right,Full Grasp
1,bottle,Cylindrical,-93.79,Right,Full Grasp
1,bottle,Cylindrical,-93.5,Right,Full Grasp
1,bottle,Cylindrical,-93.77,Right,Full Grasp
1,bottle,Cylindrical,-93.9,Right,Full Grasp
1,bottle,Cylindrical,-93.6,Right,Full Grasp
1,bottle,Cylindrical,-93.66,Right,Full Grasp
1,bottle,Cylindrical,-94.08,Right,Full Grasp
1,bottle,Cylindrical,-94.42,Right,Full Grasp
1,bottle,Cylindrical,-93.78,Right,Full Grasp
1,bottle,Cylindrical,-94.31,Right,Full Grasp
1,bottle,Cylindrical,-93.2,Right,Full Grasp
1,bottle,Cylindrical,-93.28,Right,Full Grasp
1,bottle,Cylindrical,-94.32,Right,Full Grasp
1,bottle,Cylindrical,-93.4,Right,Full Grasp
1,bottle,Cylindrical,-93.23,Right,Full Grasp
1,bottle,Cylindrical,-93.88,Right,Full Grasp
1,bottle,Cylindrical,-94.14,Right,Full Grasp
1,bottle,Cylindrical,-94.2,Right,Full Grasp
1,bottle,Cylindrical,-93.69,Right,Full Grasp
1,bottle,Cylindrical,-94.08,Right,Full Grasp
1,bottle,Cylindrical,-94.61,Right,Full Grasp
1,bottle,Cylindrical,-94.34,Right,Full Grasp
1,bottle,Cylindrical,-93.87,Right,Full Grasp
1,bottle,Cylindrical,-94.44,Right,Full Grasp
1,bottle,Cylindrical,-95.4,Right,Full Grasp
1,bottle,Cylindrical,-94.49,Right,Full Grasp
1,bottle,Cylindrical,-93.93,Right,Full Grasp
1,bottle,Cylindrical,-94.64,Right,Full Grasp
1,bottle,Cylindrical,-93.75,Right,Full Grasp
1,bottle,Cylindrical,-94.62,Right,Full Grasp
1,bottle,Cylindrical,-93.81,Right,Full Grasp
1,bottle,Cylindrical,-94.79,Right,Full Grasp
1,bottle,Cylindrical,-93.68,Right,Full Grasp
1,bottle,Cylindrical,-94.18,Right,Full Grasp
1,bottle,Cylindrical,-94.48,Right,Full Grasp
1,bottle,Cylindrical,-95.31,Right,Full Grasp
1,bottle,Cylindrical,-93.61,Right,Full Grasp
1,bottle,Cylindrical,-94.55,Right,Full Grasp
2,cup,Flat,-105.53,Right,Pinch Grasp
1,bottle,Cylindrical,-95.0,Right,Full Grasp
1,bottle,Cylindrical,-94.2,Right,Full Grasp
1,bottle,Cylindrical,-94.31,Right,Full Grasp
1,bottle,Cylindrical,-93.82,Right,Full Grasp
1,bottle,Cylindrical,-94.09,Right,Full Grasp
1,bottle,Cylindrical,-92.66,Right,Full Grasp
1,bottle,Cylindrical,-95.06,Right,Full Grasp
2,cup,Cylindrical,-165.13,Right,Pinch Grasp
2,cup,Cylindrical,-163.5,Right,Full Grasp
2,cup,Cylindrical,-149.21,Right,Full Grasp
1,bottle,Cylindrical,-92.42,Right,Full Grasp
45,bowl,Flat,-175.08,Center,Pinch Grasp
1,bottle,Cylindrical,-90.22,Right,Full Grasp
1,bottle,Cylindrical,-92.34,Right,Full Grasp
1,bottle,Cylindrical,-90.43,Right,Full Grasp
1,bottle,Cylindrical,-91.11,Right,Full Grasp
2,cup,Cylindrical,-168.9,Right,Full Grasp
1,bottle,Cylindrical,90.04,Left,Full Grasp
1,bottle,Cylindrical,91.03,Left,Full Grasp
1,bottle,Cylindrical,90.04,Left,Full Grasp
1,bottle,Cylindrical,-91.45,Right,Full Grasp
1,bottle,Cylindrical,-91.32,Right,Full Grasp
1,bottle,Cylindrical,-91.2,Right,Full Grasp
1,bottle,Cylindrical,-91.29,Right,Full Grasp
1,bottle,Cylindrical,-90.97,Right,Full Grasp
1,bottle,Cylindrical,90.15,Left,Full Grasp
1,bottle,Cylindrical,90.31,Left,Full Grasp
1,bottle,Cylindrical,-90.18,Right,Full Grasp
1,bottle,Cylindrical,-91.29,Right,Full Grasp
1,bottle,Cylindrical,-90.39,Right,Full Grasp
1,bottle,Cylindrical,90.63,Left,Full Grasp
1,bottle,Cylindrical,90.9,Left,Full Grasp
1,bottle,Cylindrical,90.45,Left,Full Grasp
1,bottle,Cylindrical,90.27,Left,Full Grasp
1,bottle,Cylindrical,90.4,Left,Full Grasp
1,bottle,Cylindrical,-90.17,Right,Full Grasp
1,bottle,Cylindrical,89.99,Right,Full Grasp
1,bottle,Cylindrical,90.28,Left,Full Grasp
1,bottle,Cylindrical,-91.06,Right,Full Grasp
1,bottle,Cylindrical,-91.08,Right,Full Grasp
1,bottle,Cylindrical,-91.8,Right,Full Grasp
1,bottle,Cylindrical,87.86,Right,Full Grasp
1,bottle,Cylindrical,-92.68,Right,Full Grasp
1,bottle,Cylindrical,-92.04,Right,Full Grasp
1,bottle,Cylindrical,-92.32,Right,Full Grasp
1,bottle,Cylindrical,-93.48,Right,Full Grasp
1,bottle,Cylindrical,-92.8,Right,Full Grasp
1,bottle,Cylindrical,-92.17,Right,Full Grasp
1,bottle,Cylindrical,-92.47,Right,Full Grasp
1,bottle,Cylindrical,-92.89,Right,Full Grasp
1,bottle,Cylindrical,-93.32,Right,Full Grasp
1,bottle,Cylindrical,-92.71,Right,Full Grasp
1,bottle,Cylindrical,-92.77,Right,Full Grasp
1,bottle,Cylindrical,-92.91,Right,Full Grasp
1,bottle,Cylindrical,-93.06,Right,Full Grasp
1,bottle,Cylindrical,-93.44,Right,Full Grasp
1,bottle,Cylindrical,-93.51,Right,Full Grasp
1,bottle,Cylindrical,-92.56,Right,Full Grasp
1,bottle,Cylindrical,-91.87,Right,Full Grasp
1,bottle,Cylindrical,-91.41,Right,Full Grasp
1,bottle,Cylindrical,-91.48,Right,Full Grasp
1,bottle,Cylindrical,-91.56,Right,Full Grasp
1,bottle,Cylindrical,-92.19,Right,Full Grasp
1,bottle,Cylindrical,-92.02,Right,Full Grasp
1,bottle,Cylindrical,-93.23,Right,Full Grasp
1,bottle,Cylindrical,-92.37,Right,Full Grasp
1,bottle,Cylindrical,-91.87,Right,Full Grasp
1,bottle,Cylindrical,-92.15,Right,Full Grasp
1,bottle,Cylindrical,-91.84,Right,Full Grasp
1,bottle,Cylindrical,-92.29,Right,Full Grasp
1,bottle,Cylindrical,-91.53,Right,Full Grasp
1,bottle,Cylindrical,-91.62,Right,Full Grasp
1,bottle,Cylindrical,-91.88,Right,Full Grasp
1,bottle,Cylindrical,-91.81,Right,Full Grasp
1,bottle,Cylindrical,-91.73,Right,Full Grasp
1,bottle,Cylindrical,-91.55,Right,Full Grasp
1,bottle,Cylindrical,-91.14,Right,Full Grasp
1,bottle,Cylindrical,-91.93,Right,Full Grasp
1,bottle,Cylindrical,-92.93,Right,Full Grasp
1,bottle,Cylindrical,-93.36,Right,Full Grasp
1,bottle,Cylindrical,-91.98,Right,Full Grasp
1,bottle,Cylindrical,-92.51,Right,Full Grasp
1,bottle,Cylindrical,-91.69,Right,Full Grasp
1,bottle,Cylindrical,-92.21,Right,Full Grasp
1,bottle,Cylindrical,-91.87,Right,Full Grasp
1,bottle,Cylindrical,-92.52,Right,Full Grasp
1,bottle,Cylindrical,-91.98,Right,Full Grasp
1,bottle,Cylindrical,-92.67,Right,Full Grasp
1,bottle,Cylindrical,-93.46,Right,Full Grasp
1,bottle,Cylindrical,89.11,Right,Full Grasp
1,bottle,Cylindrical,-91.32,Right,Full Grasp
1,bottle,Cylindrical,-91.52,Right,Full Grasp
1,bottle,Cylindrical,-91.11,Right,Full Grasp
1,bottle,Cylindrical,-91.32,Right,Full Grasp
1,bottle,Cylindrical,-91.19,Right,Full Grasp
1,bottle,Cylindrical,-91.18,Right,Full Grasp
1,bottle,Cylindrical,-92.42,Right,Full Grasp
1,bottle,Cylindrical,-92.39,Right,Full Grasp
1,bottle,Cylindrical,-91.79,Right,Full Grasp
1,bottle,Cylindrical,-93.9,Right,Full Grasp
1,bottle,Cylindrical,-92.19,Right,Full Grasp
1,bottle,Cylindrical,-92.33,Right,Full Grasp
1,bottle,Cylindrical,-91.49,Right,Full Grasp
1,bottle,Cylindrical,-93.57,Right,Full Grasp
1,bottle,Cylindrical,-92.33,Right,Full Grasp
1,bottle,Cylindrical,-91.05,Right,Full Grasp
1,bottle,Cylindrical,-92.13,Right,Full Grasp
1,bottle,Cylindrical,-92.34,Right,Full Grasp
1,bottle,Cylindrical,-91.61,Right,Full Grasp
1,bottle,Cylindrical,-91.05,Right,Full Grasp
1,bottle,Cylindrical,-91.71,Right,Full Grasp
1,bottle,Cylindrical,-91.11,Right,Full Grasp
1,bottle,Cylindrical,-92.25,Right,Full Grasp
1,bottle,Cylindrical,-91.88,Right,Full Grasp
1,bottle,Cylindrical,-92.54,Right,Full Grasp
1,bottle,Cylindrical,-92.22,Right,Full Grasp
1,bottle,Cylindrical,-92.09,Right,Full Grasp
1,bottle,Cylindrical,-91.63,Right,Full Grasp
1,bottle,Cylindrical,-91.89,Right,Full Grasp
64,mouse,Box / Complex,-63.72,Right,Lateral Grasp
64,mouse,Box / Complex,176.02,Center,Lateral Grasp
2,cup,Cylindrical,172.1,Center,Full Grasp
64,mouse,Cylindrical,-177.12,Center,Full Grasp
64,mouse,Box / Complex,-162.75,Right,Lateral Grasp
64,mouse,Box / Complex,-173.38,Center,Lateral Grasp
46,banana,Spherical,-21.63,Right,Full Grasp
0,apple,Box / Complex,-4.02,Right,Lateral Grasp
46,banana,Spherical,-2.82,Right,Full Grasp
46,banana,Cylindrical,172.13,Center,Full Grasp
0,apple,Spherical,106.13,Left,Full Grasp
46,banana,Cylindrical,179.98,Center,Full Grasp
46,banana,Cylindrical,-173.8,Center,Full Grasp
64,mouse,Cylindrical,99.07,Left,Full Grasp
64,mouse,Spherical,92.76,Left,Full Grasp
64,mouse,Spherical,95.26,Left,Full Grasp
64,mouse,Spherical,-99.41,Right,Full Grasp
64,mouse,Spherical,-120.07,Right,Full Grasp
64,mouse,Spherical,106.99,Left,Full Grasp
64,mouse,Spherical,-95.26,Right,Full Grasp
64,mouse,Spherical,127.4,Left,Full Grasp
46,banana,Spherical,-169.93,Center,Full Grasp
64,mouse,Spherical,-78.03,Right,Full Grasp
2,cup,Box / Complex,179.77,Center,Pinch Grasp
2,cup,Box / Complex,-179.99,Center,Pinch Grasp
2,cup,Box / Complex,-77.16,Right,Lateral Grasp
2,cup,Box / Complex,-134.25,Right,Lateral Grasp
2,cup,Box / Complex,-133.14,Right,Lateral Grasp
2,cup,Box / Complex,-144.78,Right,Lateral Grasp
2,cup,Spherical,-150.97,Right,Full Grasp
2,cup,Box / Complex,-131.49,Right,Lateral Grasp
2,cup,Box / Complex,-129.08,Right,Lateral Grasp
2,cup,Box / Complex,-140.67,Right,Lateral Grasp
2,cup,Box / Complex,-126.59,Right,Lateral Grasp
2,cup,Spherical,-138.18,Right,Full Grasp
2,cup,Cylindrical,-175.75,Center,Full Grasp
2,cup,Spherical,-148.49,Right,Full Grasp
2,cup,Spherical,-147.38,Right,Full Grasp
2,cup,Spherical,-148.35,Right,Full Grasp
2,cup,Spherical,-149.01,Right,Full Grasp
2,cup,Spherical,-161.47,Right,Full Grasp
2,cup,Box / Complex,-176.29,Center,Lateral Grasp
2,cup,Spherical,126.95,Left,Full Grasp
2,cup,Cylindrical,-174.77,Center,Full Grasp
2,cup,Box / Complex,-174.43,Center,Lateral Grasp
2,cup,Cylindrical,-177.54,Center,Pinch Grasp
0,apple,Spherical,-113.93,Right,Full Grasp
46,banana,Spherical,-104.2,Right,Full Grasp
0,apple,Cylindrical,90.97,Left,Full Grasp
2,cup,Flat,-89.31,Right,Pinch Grasp
2,cup,Box / Complex,175.06,Center,Lateral Grasp
2,cup,Flat,88.36,Right,Pinch Grasp
2,cup,Flat,89.31,Right,Pinch Grasp
2,cup,Cylindrical,-167.99,Right,Full Grasp
2,cup,Spherical,-139.43,Right,Full Grasp
0,apple,Cylindrical,-96.07,Right,Full Grasp
0,apple,Box / Complex,-107.96,Right,Lateral Grasp
46,banana,Spherical,-149.52,Right,Full Grasp
0,apple,Spherical,-154.51,Right,Full Grasp
46,banana,Cylindrical,-176.71,Center,Full Grasp
0,apple,Box / Complex,-119.51,Right,Lateral Grasp
0,apple,Box / Complex,-125.65,Right,Lateral Grasp
46,banana,Cylindrical,-178.61,Center,Full Grasp
46,banana,Cylindrical,-178.71,Center,Full Grasp
46,banana,Cylindrical,-178.0,Center,Full Grasp
46,banana,Cylindrical,-178.38,Center,Full Grasp
46,banana,Cylindrical,-177.77,Center,Full Grasp
46,banana,Cylindrical,-178.38,Center,Full Grasp
46,banana,Cylindrical,-177.75,Center,Full Grasp
46,banana,Cylindrical,-177.95,Center,Full Grasp
46,banana,Cylindrical,-178.03,Center,Full Grasp
46,banana,Cylindrical,-177.99,Center,Full Grasp
46,banana,Cylindrical,-178.11,Center,Full Grasp
46,banana,Cylindrical,-177.89,Center,Full Grasp
46,banana,Cylindrical,-178.12,Center,Full Grasp
46,banana,Cylindrical,-178.17,Center,Full Grasp
46,banana,Cylindrical,-178.2,Center,Full Grasp
0,apple,Box / Complex,-179.32,Center,Lateral Grasp
46,banana,Cylindrical,-177.7,Center,Full Grasp
46,banana,Cylindrical,-177.99,Center,Full Grasp
46,banana,Cylindrical,-178.02,Center,Full Grasp
46,banana,Cylindrical,-177.88,Center,Full Grasp
46,banana,Cylindrical,-178.03,Center,Full Grasp
46,banana,Cylindrical,-178.14,Center,Full Grasp
46,banana,Cylindrical,-178.16,Center,Full Grasp
46,banana,Cylindrical,-177.65,Center,Full Grasp
46,banana,Cylindrical,-177.79,Center,Full Grasp
46,banana,Cylindrical,-178.15,Center,Full Grasp
46,banana,Cylindrical,-177.98,Center,Full Grasp
46,banana,Cylindrical,-177.74,Center,Full Grasp
46,banana,Cylindrical,-177.76,Center,Full Grasp
46,banana,Cylindrical,-177.59,Center,Full Grasp
46,banana,Cylindrical,-177.8,Center,Full Grasp
46,banana,Cylindrical,-177.78,Center,Full Grasp
46,banana,Cylindrical,-177.5,Center,Full Grasp
46,banana,Cylindrical,-177.57,Center,Full Grasp
46,banana,Cylindrical,-177.68,Center,Full Grasp
46,banana,Cylindrical,-177.62,Center,Full Grasp
46,banana,Cylindrical,-177.68,Center,Full Grasp
46,banana,Cylindrical,-177.6,Center,Full Grasp
46,banana,Cylindrical,-178.1,Center,Full Grasp
46,banana,Cylindrical,-178.1,Center,Full Grasp
46,banana,Cylindrical,-178.32,Center,Full Grasp
46,banana,Cylindrical,-178.34,Center,Full Grasp
46,banana,Cylindrical,-178.52,Center,Full Grasp
46,banana,Cylindrical,-178.13,Center,Full Grasp
46,banana,Cylindrical,-178.19,Center,Full Grasp
46,banana,Cylindrical,-178.34,Center,Full Grasp
46,banana,Cylindrical,-178.09,Center,Full Grasp
46,banana,Cylindrical,-178.24,Center,Full Grasp
46,banana,Cylindrical,-178.21,Center,Full Grasp
46,banana,Cylindrical,-178.16,Center,Full Grasp
46,banana,Cylindrical,-178.26,Center,Full Grasp
46,banana,Cylindrical,-178.15,Center,Full Grasp
46,banana,Cylindrical,-178.12,Center,Full Grasp
46,banana,Cylindrical,-178.24,Center,Full Grasp
46,banana,Cylindrical,-178.46,Center,Full Grasp
46,banana,Cylindrical,-178.7,Center,Full Grasp
46,banana,Cylindrical,-178.78,Center,Full Grasp
46,banana,Cylindrical,-178.53,Center,Full Grasp
46,banana,Cylindrical,-175.67,Center,Full Grasp
0,apple,Spherical,87.71,Right,Full Grasp
0,apple,Box / Complex,-118.33,Right,Lateral Grasp
0,apple,Box / Complex,73.22,Right,Lateral Grasp
2,cup,Cylindrical,102.62,Left,Pinch Grasp
2,cup,Spherical,48.47,Right,Full Grasp
2,cup,Spherical,-130.39,Right,Full Grasp
2,cup,Box / Complex,43.75,Right,Lateral Grasp
2,cup,Cylindrical,-139.6,Right,Full Grasp
2,cup,Cylindrical,-145.76,Right,Full Grasp
2,cup,Cylindrical,157.52,Left,Full Grasp
2,cup,Box / Complex,72.52,Right,Lateral Grasp
2,cup,Cylindrical,106.43,Left,Full Grasp
2,cup,Box / Complex,67.44,Right,Lateral Grasp
2,cup,Cylindrical,80.7,Right,Full Grasp
2,cup,Box / Complex,78.65,Right,Lateral Grasp
2,cup,Cylindrical,79.37,Right,Full Grasp
2,cup,Box / Complex,-112.45,Right,Lateral Grasp
2,cup,Box / Complex,69.49,Right,Lateral Grasp
2,cup,Box / Complex,-108.4,Right,Lateral Grasp
40,wine glass,Cylindrical,-164.26,Right,Full Grasp
2,cup,Box / Complex,-116.52,Right,Lateral Grasp
2,cup,Box / Complex,-121.85,Right,Lateral Grasp
2,cup,Box / Complex,-115.96,Right,Lateral Grasp
2,cup,Box / Complex,-108.2,Right,Lateral Grasp
2,cup,Box / Complex,69.15,Right,Lateral Grasp
2,cup,Box / Complex,73.51,Right,Lateral Grasp
2,cup,Flat,-88.03,Right,Pinch Grasp
2,cup,Box / Complex,75.81,Right,Lateral Grasp
2,cup,Box / Complex,79.88,Right,Lateral Grasp
2,cup,Cylindrical,-94.12,Right,Full Grasp
2,cup,Cylindrical,-94.06,Right,Full Grasp
2,cup,Cylindrical,-95.45,Right,Full Grasp
2,cup,Cylindrical,-94.26,Right,Full Grasp
2,cup,Cylindrical,-95.81,Right,Full Grasp
1,bottle,Cylindrical,-95.52,Right,Full Grasp
1,bottle,Cylindrical,-97.93,Right,Full Grasp
1,bottle,Cylindrical,-97.36,Right,Full Grasp
1,bottle,Cylindrical,-95.46,Right,Full Grasp
1,bottle,Cylindrical,-95.62,Right,Full Grasp
1,bottle,Cylindrical,-95.5,Right,Full Grasp
1,bottle,Cylindrical,-95.88,Right,Full Grasp
1,bottle,Cylindrical,-95.66,Right,Full Grasp
1,bottle,Cylindrical,-95.14,Right,Full Grasp
1,bottle,Cylindrical,-94.99,Right,Full Grasp
1,bottle,Cylindrical,-94.91,Right,Full Grasp
1,bottle,Cylindrical,-94.43,Right,Full Grasp
1,bottle,Cylindrical,-94.34,Right,Full Grasp
1,bottle,Cylindrical,-93.28,Right,Full Grasp
1,bottle,Cylindrical,-93.76,Right,Full Grasp
1,bottle,Cylindrical,-93.12,Right,Full Grasp
1,bottle,Cylindrical,-93.93,Right,Full Grasp
1,bottle,Cylindrical,-93.72,Right,Full Grasp
1,bottle,Cylindrical,-93.7,Right,Full Grasp
1,bottle,Cylindrical,-93.6,Right,Full Grasp
1,bottle,Cylindrical,-93.14,Right,Full Grasp
1,bottle,Cylindrical,-93.7,Right,Full Grasp
1,bottle,Cylindrical,-93.36,Right,Full Grasp
1,bottle,Cylindrical,-93.07,Right,Full Grasp
1,bottle,Cylindrical,-92.86,Right,Full Grasp
1,bottle,Cylindrical,-93.41,Right,Full Grasp
1,bottle,Cylindrical,-93.64,Right,Full Grasp
1,bottle,Cylindrical,-92.85,Right,Full Grasp
1,bottle,Cylindrical,-92.38,Right,Full Grasp
1,bottle,Cylindrical,-92.74,Right,Full Grasp
1,bottle,Cylindrical,-93.01,Right,Full Grasp
1,bottle,Cylindrical,-93.72,Right,Full Grasp
1,bottle,Cylindrical,-93.18,Right,Full Grasp
1,bottle,Cylindrical,86.36,Right,Full Grasp
1,bottle,Cylindrical,85.9,Right,Full Grasp
1,bottle,Cylindrical,-94.75,Right,Full Grasp
1,bottle,Cylindrical,87.59,Right,Full Grasp
1,bottle,Cylindrical,86.78,Right,Full Grasp
1,bottle,Cylindrical,86.37,Right,Full Grasp
1,bottle,Cylindrical,86.79,Right,Full Grasp
1,bottle,Cylindrical,87.11,Right,Full Grasp
1,bottle,Cylindrical,86.51,Right,Full Grasp
1,bottle,Cylindrical,-95.46,Right,Full Grasp
1,bottle,Cylindrical,-95.13,Right,Full Grasp
1,bottle,Cylindrical,-96.05,Right,Full Grasp
1,bottle,Cylindrical,86.57,Right,Full Grasp
1,bottle,Cylindrical,-94.09,Right,Full Grasp
1,bottle,Cylindrical,-95.08,Right,Full Grasp
1,bottle,Cylindrical,-95.17,Right,Full Grasp
1,bottle,Cylindrical,85.71,Right,Full Grasp
1,bottle,Cylindrical,-95.0,Right,Full Grasp
1,bottle,Cylindrical,-95.94,Right,Full Grasp
1,bottle,Cylindrical,-95.6,Right,Full Grasp
1,bottle,Cylindrical,-95.4,Right,Full Grasp
1,bottle,Cylindrical,87.1,Right,Full Grasp
1,bottle,Cylindrical,-95.74,Right,Full Grasp
1,bottle,Cylindrical,85.97,Right,Full Grasp
1,bottle,Cylindrical,-94.96,Right,Full Grasp
1,bottle,Cylindrical,-94.5,Right,Full Grasp
1,bottle,Cylindrical,85.8,Right,Full Grasp
1,bottle,Cylindrical,-94.89,Right,Full Grasp
1,bottle,Cylindrical,86.29,Right,Full Grasp
1,bottle,Cylindrical,87.32,Right,Full Grasp
1,bottle,Cylindrical,86.2,Right,Full Grasp
1,bottle,Cylindrical,88.24,Right,Full Grasp
1,bottle,Cylindrical,88.51,Right,Full Grasp
1,bottle,Cylindrical,87.62,Right,Full Grasp
1,bottle,Cylindrical,87.25,Right,Full Grasp
1,bottle,Cylindrical,88.31,Right,Full Grasp
1,bottle,Cylindrical,87.9,Right,Full Grasp
1,bottle,Cylindrical,87.62,Right,Full Grasp
1,bottle,Cylindrical,87.63,Right,Full Grasp
1,bottle,Cylindrical,88.11,Right,Full Grasp
1,bottle,Cylindrical,86.24,Right,Full Grasp
1,bottle,Cylindrical,87.86,Right,Full Grasp
1,bottle,Cylindrical,86.94,Right,Full Grasp
1,bottle,Cylindrical,87.51,Right,Full Grasp
1,bottle,Cylindrical,88.46,Right,Full Grasp
1,bottle,Cylindrical,-85.12,Right,Full Grasp
1,bottle,Cylindrical,92.24,Left,Full Grasp
1,bottle,Cylindrical,89.39,Right,Full Grasp
1,bottle,Cylindrical,87.33,Right,Full Grasp
1,bottle,Cylindrical,88.06,Right,Full Grasp
1,bottle,Cylindrical,86.04,Right,Full Grasp
1,bottle,Cylindrical,87.2,Right,Full Grasp
1,bottle,Cylindrical,87.64,Right,Full Grasp
1,bottle,Cylindrical,87.16,Right,Full Grasp
1,bottle,Cylindrical,87.22,Right,Full Grasp
1,bottle,Cylindrical,86.99,Right,Full Grasp
1,bottle,Cylindrical,86.3,Right,Full Grasp
1,bottle,Cylindrical,87.69,Right,Full Grasp
1,bottle,Cylindrical,87.65,Right,Full Grasp
1,bottle,Cylindrical,86.81,Right,Full Grasp
1,bottle,Cylindrical,87.23,Right,Full Grasp
1,bottle,Cylindrical,85.68,Right,Full Grasp
1,bottle,Cylindrical,86.84,Right,Full Grasp
1,bottle,Cylindrical,86.73,Right,Full Grasp
1,bottle,Cylindrical,-94.16,Right,Full Grasp
1,bottle,Cylindrical,-94.04,Right,Full Grasp
1,bottle,Cylindrical,86.12,Right,Full Grasp
1,bottle,Cylindrical,-94.21,Right,Full Grasp
1,bottle,Cylindrical,86.62,Right,Full Grasp
1,bottle,Cylindrical,87.88,Right,Full Grasp
1,bottle,Cylindrical,-94.04,Right,Full Grasp
1,bottle,Cylindrical,86.0,Right,Full Grasp
1,bottle,Cylindrical,86.86,Right,Full Grasp
1,bottle,Cylindrical,-96.23,Right,Full Grasp
1,bottle,Cylindrical,-93.19,Right,Full Grasp
1,bottle,Cylindrical,-94.86,Right,Full Grasp
1,bottle,Cylindrical,-94.82,Right,Full Grasp
1,bottle,Cylindrical,-93.82,Right,Full Grasp
1,bottle,Cylindrical,-89.72,Right,Full Grasp
1,bottle,Cylindrical,-89.71,Right,Full Grasp
1,bottle,Cylindrical,91.03,Left,Full Grasp
1,bottle,Cylindrical,-89.98,Right,Full Grasp
1,bottle,Cylindrical,-90.99,Right,Full Grasp
1,bottle,Cylindrical,90.29,Left,Full Grasp
1,bottle,Cylindrical,-89.73,Right,Full Grasp
1,bottle,Cylindrical,90.9,Left,Full Grasp
1,bottle,Cylindrical,90.0,Right,Full Grasp
1,bottle,Cylindrical,90.54,Left,Full Grasp
1,bottle,Cylindrical,-91.25,Right,Full Grasp
1,bottle,Cylindrical,-91.41,Right,Full Grasp
1,bottle,Cylindrical,-90.5,Right,Full Grasp
1,bottle,Cylindrical,-90.71,Right,Full Grasp
1,bottle,Cylindrical,-91.03,Right,Full Grasp
1,bottle,Cylindrical,-90.62,Right,Full Grasp
1,bottle,Cylindrical,91.14,Left,Full Grasp
1,bottle,Cylindrical,-90.67,Right,Full Grasp
1,bottle,Cylindrical,-90.66,Right,Full Grasp
1,bottle,Cylindrical,90.52,Left,Full Grasp
1,bottle,Cylindrical,90.02,Left,Full Grasp
1,bottle,Cylindrical,-90.02,Right,Full Grasp
1,bottle,Cylindrical,-89.19,Right,Full Grasp
1,bottle,Cylindrical,-89.86,Right,Full Grasp
1,bottle,Cylindrical,-90.45,Right,Full Grasp
1,bottle,Cylindrical,90.34,Left,Full Grasp
1,bottle,Cylindrical,-91.85,Right,Full Grasp
1,bottle,Cylindrical,-90.38,Right,Full Grasp
1,bottle,Cylindrical,-91.51,Right,Full Grasp
1,bottle,Cylindrical,-89.95,Right,Full Grasp
1,bottle,Cylindrical,89.52,Right,Full Grasp
1,bottle,Cylindrical,89.88,Right,Full Grasp
1,bottle,Cylindrical,-89.51,Right,Full Grasp
1,bottle,Cylindrical,89.37,Right,Full Grasp
1,bottle,Cylindrical,-90.83,Right,Full Grasp
1,bottle,Cylindrical,89.92,Right,Full Grasp
1,bottle,Cylindrical,89.73,Right,Full Grasp
1,bottle,Cylindrical,-91.6,Right,Full Grasp
1,bottle,Cylindrical,-91.73,Right,Full Grasp
1,bottle,Cylindrical,-90.7,Right,Full Grasp
1,bottle,Cylindrical,-89.83,Right,Full Grasp
1,bottle,Cylindrical,-91.03,Right,Full Grasp
1,bottle,Cylindrical,89.32,Right,Full Grasp
1,bottle,Cylindrical,-90.7,Right,Full Grasp
1,bottle,Cylindrical,89.31,Right,Full Grasp
1,bottle,Cylindrical,89.92,Right,Full Grasp
1,bottle,Cylindrical,-90.97,Right,Full Grasp
1,bottle,Cylindrical,-90.67,Right,Full Grasp
1,bottle,Cylindrical,-91.13,Right,Full Grasp
1,bottle,Cylindrical,90.0,Left,Full Grasp
1,bottle,Cylindrical,-91.4,Right,Full Grasp
1,bottle,Cylindrical,-91.4,Right,Full Grasp
1,bottle,Cylindrical,89.58,Right,Full Grasp
1,bottle,Cylindrical,89.88,Right,Full Grasp
1,bottle,Cylindrical,89.63,Right,Full Grasp
1,bottle,Cylindrical,-89.93,Right,Full Grasp
1,bottle,Cylindrical,89.78,Right,Full Grasp
1,bottle,Cylindrical,89.5,Right,Full Grasp
1,bottle,Cylindrical,-90.72,Right,Full Grasp
1,bottle,Cylindrical,89.77,Right,Full Grasp
1,bottle,Cylindrical,89.86,Right,Full Grasp
1,bottle,Cylindrical,-90.74,Right,Full Grasp
1,bottle,Cylindrical,-90.15,Right,Full Grasp
1,bottle,Cylindrical,-89.62,Right,Full Grasp
1,bottle,Cylindrical,90.72,Left,Full Grasp
1,bottle,Cylindrical,89.71,Right,Full Grasp
1,bottle,Cylindrical,-90.66,Right,Full Grasp
1,bottle,Cylindrical,-90.28,Right,Full Grasp
1,bottle,Cylindrical,-91.38,Right,Full Grasp
1,bottle,Cylindrical,-90.99,Right,Full Grasp
1,bottle,Cylindrical,-91.76,Right,Full Grasp
1,bottle,Cylindrical,-91.18,Right,Full Grasp
1,bottle,Cylindrical,90.12,Left,Full Grasp
1,bottle,Cylindrical,-90.4,Right,Full Grasp
1,bottle,Cylindrical,-91.15,Right,Full Grasp
1,bottle,Cylindrical,-91.23,Right,Full Grasp
1,bottle,Cylindrical,-91.72,Right,Full Grasp
1,bottle,Cylindrical,-91.47,Right,Full Grasp
1,bottle,Cylindrical,-90.94,Right,Full Grasp
1,bottle,Cylindrical,-90.65,Right,Full Grasp
1,bottle,Cylindrical,89.67,Right,Full Grasp
1,bottle,Cylindrical,-90.78,Right,Full Grasp
1,bottle,Cylindrical,-91.5,Right,Full Grasp
1,bottle,Cylindrical,-91.09,Right,Full Grasp
1,bottle,Cylindrical,-90.44,Right,Full Grasp
1,bottle,Cylindrical,-91.02,Right,Full Grasp
1,bottle,Cylindrical,89.87,Right,Full Grasp
1,bottle,Cylindrical,89.28,Right,Full Grasp
1,bottle,Cylindrical,89.74,Right,Full Grasp
1,bottle,Cylindrical,90.26,Left,Full Grasp
1,bottle,Cylindrical,-91.2,Right,Full Grasp
1,bottle,Cylindrical,-91.46,Right,Full Grasp
1,bottle,Cylindrical,-91.28,Right,Full Grasp
1,bottle,Cylindrical,89.82,Right,Full Grasp
1,bottle,Cylindrical,-90.92,Right,Full Grasp
1,bottle,Cylindrical,90.11,Left,Full Grasp
1,bottle,Cylindrical,90.01,Left,Full Grasp
1,bottle,Cylindrical,-91.03,Right,Full Grasp
1,bottle,Cylindrical,-90.5,Right,Full Grasp
1,bottle,Cylindrical,-90.31,Right,Full Grasp
1,bottle,Cylindrical,-90.2,Right,Full Grasp
1,bottle,Cylindrical,88.35,Right,Full Grasp
1,bottle,Cylindrical,88.07,Right,Full Grasp
1,bottle,Cylindrical,87.96,Right,Full Grasp
1,bottle,Cylindrical,87.38,Right,Full Grasp
1,bottle,Cylindrical,88.91,Right,Full Grasp
1,bottle,Cylindrical,88.33,Right,Full Grasp
1,bottle,Cylindrical,88.12,Right,Full Grasp
1,bottle,Cylindrical,88.33,Right,Full Grasp
1,bottle,Cylindrical,88.8,Right,Full Grasp
1,bottle,Cylindrical,88.52,Right,Full Grasp
1,bottle,Cylindrical,88.57,Right,Full Grasp
1,bottle,Cylindrical,89.06,Right,Full Grasp
1,bottle,Cylindrical,89.38,Right,Full Grasp
1,bottle,Cylindrical,89.28,Right,Full Grasp
1,bottle,Cylindrical,88.93,Right,Full Grasp
1,bottle,Cylindrical,89.6,Right,Full Grasp
1,bottle,Cylindrical,88.98,Right,Full Grasp
1,bottle,Cylindrical,89.15,Right,Full Grasp
1,bottle,Cylindrical,88.76,Right,Full Grasp
1,bottle,Cylindrical,88.96,Right,Full Grasp
1,bottle,Cylindrical,89.02,Right,Full Grasp
1,bottle,Cylindrical,88.57,Right,Full Grasp
1,bottle,Cylindrical,89.03,Right,Full Grasp
1,bottle,Cylindrical,88.96,Right,Full Grasp
1,bottle,Cylindrical,88.87,Right,Full Grasp
1,bottle,Cylindrical,89.68,Right,Full Grasp
1,bottle,Cylindrical,88.69,Right,Full Grasp
1,bottle,Cylindrical,87.85,Right,Full Grasp
1,bottle,Cylindrical,89.21,Right,Full Grasp
1,bottle,Cylindrical,89.37,Right,Full Grasp
1,bottle,Cylindrical,89.53,Right,Full Grasp
1,bottle,Cylindrical,89.78,Right,Full Grasp
1,bottle,Cylindrical,89.49,Right,Full Grasp
1,bottle,Cylindrical,89.28,Right,Full Grasp
1,bottle,Cylindrical,90.03,Left,Full Grasp
1,bottle,Cylindrical,89.96,Right,Full Grasp
1,bottle,Cylindrical,88.97,Right,Full Grasp
1,bottle,Cylindrical,89.17,Right,Full Grasp
1,bottle,Cylindrical,89.9,Right,Full Grasp
1,bottle,Cylindrical,89.76,Right,Full Grasp
1,bottle,Cylindrical,89.7,Right,Full Grasp
1,bottle,Cylindrical,-89.55,Right,Full Grasp
1,bottle,Cylindrical,89.34,Right,Full Grasp
1,bottle,Cylindrical,89.66,Right,Full Grasp
1,bottle,Cylindrical,89.72,Right,Full Grasp
1,bottle,Cylindrical,89.57,Right,Full Grasp
1,bottle,Cylindrical,89.56,Right,Full Grasp
1,bottle,Cylindrical,89.59,Right,Full Grasp
1,bottle,Cylindrical,89.77,Right,Full Grasp
1,bottle,Cylindrical,90.1,Left,Full Grasp
1,bottle,Cylindrical,90.01,Left,Full Grasp
1,bottle,Cylindrical,-89.84,Right,Full Grasp
1,bottle,Cylindrical,-89.2,Right,Full Grasp
1,bottle,Cylindrical,89.62,Right,Full Grasp
1,bottle,Cylindrical,-91.05,Right,Full Grasp
1,bottle,Cylindrical,89.27,Right,Full Grasp
1,bottle,Cylindrical,89.44,Right,Full Grasp
1,bottle,Cylindrical,89.87,Right,Full Grasp
1,bottle,Cylindrical,89.98,Right,Full Grasp
1,bottle,Cylindrical,89.6,Right,Full Grasp
1,bottle,Cylindrical,89.79,Right,Full Grasp
1,bottle,Cylindrical,89.88,Right,Full Grasp
1,bottle,Cylindrical,-89.7,Right,Full Grasp
1,bottle,Cylindrical,89.79,Right,Full Grasp
1,bottle,Cylindrical,89.75,Right,Full Grasp
1,bottle,Cylindrical,-89.82,Right,Full Grasp
1,bottle,Cylindrical,89.6,Right,Full Grasp
1,bottle,Cylindrical,90.09,Left,Full Grasp
1,bottle,Cylindrical,-89.93,Right,Full Grasp
1,bottle,Cylindrical,-89.59,Right,Full Grasp
1,bottle,Cylindrical,-89.33,Right,Full Grasp
1,bottle,Cylindrical,-89.41,Right,Full Grasp
1,bottle,Cylindrical,90.05,Left,Full Grasp
1,bottle,Cylindrical,-90.26,Right,Full Grasp
1,bottle,Cylindrical,-89.27,Right,Full Grasp
1,bottle,Cylindrical,-90.15,Right,Full Grasp
1,bottle,Cylindrical,-89.34,Right,Full Grasp
1,bottle,Cylindrical,89.75,Right,Full Grasp
1,bottle,Cylindrical,89.84,Right,Full Grasp
1,bottle,Cylindrical,-89.6,Right,Full Grasp
1,bottle,Cylindrical,-90.59,Right,Full Grasp
1,bottle,Cylindrical,89.97,Right,Full Grasp
1,bottle,Cylindrical,89.94,Right,Full Grasp
1,bottle,Cylindrical,89.99,Right,Full Grasp
1,bottle,Cylindrical,-89.92,Right,Full Grasp
1,bottle,Cylindrical,-89.45,Right,Full Grasp
1,bottle,Cylindrical,-89.24,Right,Full Grasp
1,bottle,Cylindrical,-89.57,Right,Full Grasp
1,bottle,Cylindrical,-89.54,Right,Full Grasp
1,bottle,Cylindrical,-89.76,Right,Full Grasp
1,bottle,Cylindrical,-89.19,Right,Full Grasp
1,bottle,Cylindrical,-89.68,Right,Full Grasp
1,bottle,Box / Complex,-89.1,Right,Lateral Grasp
1,bottle,Cylindrical,89.74,Right,Full Grasp
1,bottle,Cylindrical,89.81,Right,Full Grasp
1,bottle,Cylindrical,89.95,Right,Full Grasp
1,bottle,Cylindrical,90.0,Left,Full Grasp
1,bottle,Cylindrical,89.88,Right,Full Grasp
1,bottle,Cylindrical,-89.22,Right,Full Grasp
1,bottle,Cylindrical,89.67,Right,Full Grasp
1,bottle,Box / Complex,89.09,Right,Lateral Grasp
1,bottle,Cylindrical,-90.93,Right,Full Grasp
1,bottle,Box / Complex,-92.42,Right,Lateral Grasp
1,bottle,Cylindrical,-90.82,Right,Full Grasp
1,bottle,Cylindrical,-90.62,Right,Full Grasp
1,bottle,Cylindrical,-91.23,Right,Full Grasp
1,bottle,Cylindrical,-90.9,Right,Full Grasp
1,bottle,Cylindrical,-90.65,Right,Full Grasp
1,bottle,Cylindrical,-91.09,Right,Full Grasp
1,bottle,Cylindrical,89.48,Right,Full Grasp
1,bottle,Cylindrical,-90.91,Right,Full Grasp
1,bottle,Cylindrical,89.69,Right,Full Grasp
1,bottle,Cylindrical,89.78,Right,Full Grasp
1,bottle,Box / Complex,89.78,Right,Lateral Grasp
1,bottle,Cylindrical,89.64,Right,Full Grasp
1,bottle,Cylindrical,85.72,Right,Full Grasp
1,bottle,Cylindrical,-92.63,Right,Full Grasp
1,bottle,Cylindrical,88.22,Right,Full Grasp
1,bottle,Cylindrical,-92.61,Right,Full Grasp
1,bottle,Cylindrical,88.72,Right,Full Grasp
1,bottle,Cylindrical,88.02,Right,Full Grasp
1,bottle,Cylindrical,-91.9,Right,Full Grasp
1,bottle,Cylindrical,-91.75,Right,Full Grasp
1,bottle,Cylindrical,88.1,Right,Full Grasp
1,bottle,Cylindrical,88.82,Right,Full Grasp
1,bottle,Cylindrical,89.09,Right,Full Grasp
1,bottle,Cylindrical,88.03,Right,Full Grasp
1,bottle,Cylindrical,88.11,Right,Full Grasp
1,bottle,Cylindrical,87.72,Right,Full Grasp
1,bottle,Cylindrical,-92.16,Right,Full Grasp
1,bottle,Cylindrical,88.85,Right,Full Grasp
1,bottle,Cylindrical,85.31,Right,Full Grasp
2,cup,Cylindrical,-97.45,Right,Full Grasp
2,cup,Cylindrical,-95.21,Right,Full Grasp
2,cup,Cylindrical,-97.99,Right,Full Grasp
2,cup,Cylindrical,-91.57,Right,Full Grasp
1,bottle,Cylindrical,90.74,Left,Full Grasp
1,bottle,Cylindrical,89.76,Right,Full Grasp
1,bottle,Cylindrical,90.04,Left,Full Grasp
1,bottle,Cylindrical,90.63,Left,Full Grasp
1,bottle,Cylindrical,-90.78,Right,Full Grasp
1,bottle,Cylindrical,88.82,Right,Full Grasp
1,bottle,Cylindrical,-92.66,Right,Full Grasp
1,bottle,Box / Complex,88.54,Right,Lateral Grasp
2,cup,Cylindrical,-93.95,Right,Full Grasp
1,bottle,Cylindrical,-93.65,Right,Full Grasp
1,bottle,Cylindrical,-93.55,Right,Full Grasp
1,bottle,Cylindrical,-92.38,Right,Full Grasp
1,bottle,Cylindrical,-93.23,Right,Full Grasp
1,bottle,Cylindrical,-94.16,Right,Full Grasp
1,bottle,Cylindrical,-92.26,Right,Full Grasp
1,bottle,Cylindrical,87.62,Right,Full Grasp
1,bottle,Cylindrical,-93.83,Right,Full Grasp
76,scissors,Box / Complex,176.1,Center,Lateral Grasp
1,bottle,Cylindrical,-92.84,Right,Full Grasp
1,bottle,Cylindrical,87.54,Right,Full Grasp
2,cup,Cylindrical,-92.53,Right,Full Grasp
1,bottle,Cylindrical,89.25,Right,Full Grasp
1,bottle,Cylindrical,88.6,Right,Full Grasp
76,scissors,Box / Complex,177.31,Center,Lateral Grasp
1,bottle,Cylindrical,89.28,Right,Full Grasp
1,bottle,Cylindrical,-89.7,Right,Full Grasp
1,bottle,Cylindrical,-90.96,Right,Full Grasp
1,bottle,Cylindrical,-91.8,Right,Full Grasp
1,bottle,Cylindrical,88.87,Right,Full Grasp
76,scissors,Box / Complex,177.99,Center,Lateral Grasp
76,scissors,Box / Complex,-179.88,Center,Lateral Grasp
1,bottle,Cylindrical,88.94,Right,Full Grasp
2,cup,Cylindrical,88.57,Right,Full Grasp
2,cup,Cylindrical,89.25,Right,Full Grasp
2,cup,Cylindrical,89.46,Right,Full Grasp
2,cup,Cylindrical,-89.52,Right,Full Grasp
2,cup,Cylindrical,89.96,Right,Full Grasp
2,cup,Cylindrical,89.19,Right,Full Grasp
2,cup,Cylindrical,-91.57,Right,Full Grasp
2,cup,Cylindrical,-91.33,Right,Full Grasp
2,cup,Cylindrical,88.75,Right,Full Grasp
1,bottle,Cylindrical,89.23,Right,Full Grasp
1,bottle,Cylindrical,88.48,Right,Full Grasp
2,cup,Cylindrical,89.01,Right,Full Grasp
2,cup,Cylindrical,88.5,Right,Full Grasp
2,cup,Cylindrical,89.59,Right,Full Grasp
2,cup,Cylindrical,89.15,Right,Full Grasp
2,cup,Cylindrical,89.86,Right,Full Grasp
2,cup,Cylindrical,89.87,Right,Full Grasp
2,cup,Cylindrical,88.54,Right,Full Grasp
1,bottle,Cylindrical,89.38,Right,Full Grasp
1,bottle,Cylindrical,89.41,Right,Full Grasp
1,bottle,Cylindrical,88.46,Right,Full Grasp
1,bottle,Cylindrical,88.01,Right,Full Grasp
2,cup,Cylindrical,86.13,Right,Full Grasp
2,cup,Cylindrical,87.53,Right,Full Grasp
76,scissors,Box / Complex,-174.05,Center,Lateral Grasp
1,bottle,Cylindrical,87.81,Right,Full Grasp
2,cup,Cylindrical,87.45,Right,Full Grasp
1,bottle,Cylindrical,87.81,Right,Full Grasp
1,bottle,Cylindrical,88.4,Right,Full Grasp
2,cup,Cylindrical,87.8,Right,Full Grasp
1,bottle,Cylindrical,-92.78,Right,Full Grasp
1,bottle,Cylindrical,88.55,Right,Full Grasp
1,bottle,Cylindrical,88.12,Right,Full Grasp
1,bottle,Cylindrical,87.47,Right,Full Grasp
1,bottle,Cylindrical,87.9,Right,Full Grasp
2,cup,Cylindrical,96.65,Left,Pinch Grasp
1,bottle,Cylindrical,-99.4,Right,Full Grasp
1,bottle,Box / Complex,-94.4,Right,Lateral Grasp
1,bottle,Cylindrical,-99.82,Right,Pinch Grasp
1,bottle,Box / Complex,-97.92,Right,Lateral Grasp
1,bottle,Box / Complex,-117.77,Right,Lateral Grasp
1,bottle,Box / Complex,-103.11,Right,Lateral Grasp
1,bottle,Cylindrical,-91.99,Right,Full Grasp
1,bottle,Box / Complex,-99.1,Right,Lateral Grasp
1,bottle,Cylindrical,89.19,Right,Full Grasp
1,bottle,Box / Complex,-99.38,Right,Lateral Grasp
1,bottle,Box / Complex,72.64,Right,Lateral Grasp
1,bottle,Spherical,-106.06,Right,Full Grasp
1,bottle,Spherical,-104.49,Right,Full Grasp
1,bottle,Cylindrical,-95.86,Right,Full Grasp
1,bottle,Spherical,-109.23,Right,Full Grasp
1,bottle,Cylindrical,-98.82,Right,Full Grasp
1,bottle,Box / Complex,-102.01,Right,Lateral Grasp
1,bottle,Box / Complex,-111.64,Right,Lateral Grasp
1,bottle,Spherical,-104.62,Right,Full Grasp
1,bottle,Spherical,-109.92,Right,Full Grasp
1,bottle,Spherical,-102.41,Right,Full Grasp
1,bottle,Flat,-95.24,Right,Pinch Grasp
1,bottle,Flat,-95.35,Right,Pinch Grasp
1,bottle,Flat,-95.26,Right,Pinch Grasp
1,bottle,Spherical,-108.93,Right,Full Grasp
1,bottle,Spherical,74.29,Right,Full Grasp
1,bottle,Spherical,71.92,Right,Full Grasp
1,bottle,Spherical,-106.56,Right,Full Grasp
1,bottle,Spherical,-104.58,Right,Full Grasp
1,bottle,Box / Complex,-98.24,Right,Lateral Grasp
1,bottle,Spherical,-111.12,Right,Full Grasp
1,bottle,Spherical,-109.94,Right,Full Grasp
1,bottle,Spherical,-107.89,Right,Full Grasp
1,bottle,Box / Complex,-109.79,Right,Lateral Grasp
1,bottle,Spherical,-107.31,Right,Full Grasp
1,bottle,Spherical,73.32,Right,Full Grasp
1,bottle,Spherical,-105.66,Right,Full Grasp
1,bottle,Box / Complex,73.76,Right,Lateral Grasp
1,bottle,Spherical,-107.02,Right,Full Grasp
1,bottle,Spherical,-105.37,Right,Full Grasp
1,bottle,Spherical,71.13,Right,Full Grasp
1,bottle,Spherical,-107.85,Right,Full Grasp
1,bottle,Spherical,73.74,Right,Full Grasp
1,bottle,Box / Complex,-102.98,Right,Lateral Grasp
1,bottle,Spherical,73.12,Right,Full Grasp
1,bottle,Box / Complex,-107.48,Right,Lateral Grasp
1,bottle,Spherical,74.68,Right,Full Grasp
1,bottle,Spherical,-99.88,Right,Full Grasp
1,bottle,Box / Complex,-104.07,Right,Lateral Grasp
1,bottle,Box / Complex,-105.95,Right,Lateral Grasp
1,bottle,Box / Complex,-100.03,Right,Lateral Grasp
1,bottle,Box / Complex,69.44,Right,Lateral Grasp
1,bottle,Box / Complex,80.16,Right,Lateral Grasp
1,bottle,Box / Complex,-101.18,Right,Lateral Grasp
1,bottle,Box / Complex,-101.84,Right,Lateral Grasp
1,bottle,Cylindrical,-95.72,Right,Full Grasp
1,bottle,Cylindrical,-95.88,Right,Full Grasp
1,bottle,Cylindrical,-97.14,Right,Full Grasp
1,bottle,Box / Complex,77.7,Right,Lateral Grasp
1,bottle,Cylindrical,-94.05,Right,Full Grasp
1,bottle,Cylindrical,-94.1,Right,Full Grasp
1,bottle,Cylindrical,-93.52,Right,Full Grasp
1,bottle,Cylindrical,-92.21,Right,Full Grasp
1,bottle,Cylindrical,-92.67,Right,Full Grasp
1,bottle,Cylindrical,-93.28,Right,Full Grasp
1,bottle,Cylindrical,-92.56,Right,Full Grasp
1,bottle,Box / Complex,-95.63,Right,Lateral Grasp
1,bottle,Cylindrical,-93.27,Right,Full Grasp
1,bottle,Cylindrical,89.61,Right,Full Grasp
2,cup,Flat,-107.31,Right,Pinch Grasp
2,cup,Flat,-106.64,Right,Pinch Grasp
2,cup,Flat,-173.9,Center,Pinch Grasp
2,cup,Box / Complex,169.49,Left,Lateral Grasp
2,cup,Box / Complex,166.42,Left,Lateral Grasp
2,cup,Box / Complex,171.04,Center,Lateral Grasp
2,cup,Flat,-95.55,Right,Pinch Grasp
2,cup,Flat,-109.83,Right,Pinch Grasp
1,bottle,Cylindrical,88.49,Right,Full Grasp
64,mouse,Box / Complex,-168.5,Right,Lateral Grasp
64,mouse,Cylindrical,-173.27,Center,Full Grasp
64,mouse,Cylindrical,-165.35,Right,Full Grasp
1,bottle,Box / Complex,-92.63,Right,Lateral Grasp
1,bottle,Cylindrical,-95.28,Right,Full Grasp
1,bottle,Box / Complex,-96.25,Right,Lateral Grasp
1,bottle,Cylindrical,-92.24,Right,Full Grasp
1,bottle,Box / Complex,81.8,Right,Lateral Grasp
1,bottle,Cylindrical,-93.91,Right,Full Grasp
1,bottle,Cylindrical,-94.21,Right,Full Grasp
1,bottle,Box / Complex,-94.09,Right,Lateral Grasp
1,bottle,Box / Complex,-93.88,Right,Lateral Grasp
1,bottle,Cylindrical,-94.16,Right,Full Grasp
1,bottle,Cylindrical,88.87,Right,Full Grasp
1,bottle,Cylindrical,-92.43,Right,Full Grasp
1,bottle,Cylindrical,88.39,Right,Full Grasp
1,bottle,Cylindrical,89.4,Right,Full Grasp
1,bottle,Box / Complex,89.56,Right,Lateral Grasp
1,bottle,Cylindrical,-91.31,Right,Full Grasp
1,bottle,Cylindrical,91.17,Left,Full Grasp
1,bottle,Cylindrical,-91.59,Right,Full Grasp
1,bottle,Cylindrical,-93.99,Right,Full Grasp
1,bottle,Cylindrical,-92.23,Right,Full Grasp
1,bottle,Cylindrical,-95.53,Right,Full Grasp
64,mouse,Cylindrical,-179.47,Center,Full Grasp
64,mouse,Box / Complex,169.08,Left,Lateral Grasp
64,mouse,Box / Complex,173.86,Center,Lateral Grasp
64,mouse,Box / Complex,165.03,Left,Lateral Grasp
64,mouse,Box / Complex,172.1,Center,Lateral Grasp
64,mouse,Box / Complex,169.76,Left,Lateral Grasp
64,mouse,Box / Complex,177.17,Center,Lateral Grasp
2,cup,Spherical,151.95,Left,Full Grasp
2,cup,Spherical,114.72,Left,Full Grasp
2,cup,Spherical,138.39,Left,Full Grasp
2,cup,Spherical,130.4,Left,Full Grasp
2,cup,Cylindrical,97.75,Left,Pinch Grasp
64,mouse,Cylindrical,179.86,Center,Full Grasp
0,apple,Box / Complex,172.04,Center,Lateral Grasp
0,apple,Box / Complex,45.9,Right,Pinch Grasp
2,cup,Flat,-168.01,Right,Pinch Grasp
1,bottle,Cylindrical,-95.48,Right,Full Grasp
1,bottle,Cylindrical,-94.31,Right,Full Grasp
1,bottle,Cylindrical,-92.76,Right,Full Grasp
1,bottle,Box / Complex,-95.47,Right,Lateral Grasp
1,bottle,Cylindrical,-94.51,Right,Full Grasp
1,bottle,Cylindrical,-96.9,Right,Full Grasp
1,bottle,Cylindrical,-93.69,Right,Full Grasp
1,bottle,Cylindrical,-94.08,Right,Full Grasp
1,bottle,Cylindrical,-95.65,Right,Full Grasp
1,bottle,Cylindrical,-93.05,Right,Full Grasp
1,bottle,Cylindrical,-93.56,Right,Full Grasp
1,bottle,Cylindrical,-93.09,Right,Full Grasp
1,bottle,Cylindrical,-92.4,Right,Full Grasp
1,bottle,Cylindrical,-93.18,Right,Full Grasp
1,bottle,Cylindrical,-92.12,Right,Full Grasp
1,bottle,Cylindrical,-92.49,Right,Full Grasp
1,bottle,Cylindrical,-94.07,Right,Full Grasp
1,bottle,Cylindrical,87.78,Right,Full Grasp
1,bottle,Cylindrical,-95.34,Right,Full Grasp
1,bottle,Cylindrical,-93.43,Right,Full Grasp
1,bottle,Box / Complex,88.14,Right,Lateral Grasp
1,bottle,Cylindrical,88.34,Right,Full Grasp
1,bottle,Box / Complex,89.31,Right,Lateral Grasp
1,bottle,Cylindrical,87.46,Right,Full Grasp
1,bottle,Cylindrical,88.56,Right,Full Grasp
1,bottle,Cylindrical,-92.53,Right,Full Grasp
1,bottle,Cylindrical,-91.31,Right,Full Grasp
1,bottle,Cylindrical,-91.12,Right,Full Grasp
1,bottle,Cylindrical,-91.15,Right,Full Grasp
1,bottle,Cylindrical,87.02,Right,Full Grasp
1,bottle,Cylindrical,-94.52,Right,Full Grasp
1,bottle,Cylindrical,87.14,Right,Full Grasp
1,bottle,Cylindrical,-94.48,Right,Full Grasp
1,bottle,Cylindrical,86.1,Right,Full Grasp
1,bottle,Cylindrical,87.95,Right,Full Grasp
1,bottle,Cylindrical,86.93,Right,Full Grasp
1,bottle,Cylindrical,-93.93,Right,Full Grasp
1,bottle,Cylindrical,-93.75,Right,Full Grasp
1,bottle,Cylindrical,87.63,Right,Full Grasp
1,bottle,Cylindrical,87.23,Right,Full Grasp
1,bottle,Cylindrical,87.04,Right,Full Grasp
1,bottle,Cylindrical,-93.49,Right,Full Grasp
1,bottle,Cylindrical,86.8,Right,Full Grasp
1,bottle,Cylindrical,87.39,Right,Full Grasp
1,bottle,Cylindrical,86.94,Right,Full Grasp
1,bottle,Cylindrical,87.19,Right,Full Grasp
1,bottle,Cylindrical,87.57,Right,Full Grasp
1,bottle,Cylindrical,86.95,Right,Full Grasp
1,bottle,Cylindrical,86.66,Right,Full Grasp
1,bottle,Cylindrical,-95.28,Right,Full Grasp
1,bottle,Cylindrical,-95.86,Right,Full Grasp
1,bottle,Cylindrical,85.78,Right,Full Grasp
1,bottle,Cylindrical,86.45,Right,Full Grasp
1,bottle,Cylindrical,86.34,Right,Full Grasp
1,bottle,Cylindrical,86.22,Right,Full Grasp
1,bottle,Cylindrical,86.1,Right,Full Grasp
1,bottle,Cylindrical,-94.18,Right,Full Grasp
1,bottle,Cylindrical,-94.75,Right,Full Grasp
1,bottle,Cylindrical,-94.35,Right,Full Grasp
1,bottle,Cylindrical,85.84,Right,Full Grasp
1,bottle,Cylindrical,-94.46,Right,Full Grasp
1,bottle,Cylindrical,86.31,Right,Full Grasp
1,bottle,Cylindrical,-94.39,Right,Full Grasp
1,bottle,Cylindrical,-95.35,Right,Full Grasp
1,bottle,Cylindrical,-94.01,Right,Full Grasp
1,bottle,Cylindrical,87.78,Right,Full Grasp
1,bottle,Box / Complex,87.82,Right,Lateral Grasp
1,bottle,Spherical,174.31,Center,Full Grasp
40,wine glass,Cylindrical,-39.12,Right,Full Grasp
1,bottle,Cylindrical,-137.5,Right,Full Grasp
1,bottle,Spherical,-157.78,Right,Full Grasp
2,cup,Spherical,-169.03,Center,Full Grasp
1,bottle,Spherical,85.05,Right,Full Grasp
1,bottle,Spherical,130.86,Left,Full Grasp
1,bottle,Spherical,-178.85,Center,Full Grasp
1,bottle,Spherical,-12.98,Right,Full Grasp
1,bottle,Spherical,-167.87,Right,Full Grasp
1,bottle,Cylindrical,165.72,Left,Full Grasp
1,bottle,Spherical,4.57,Right,Full Grasp
1,bottle,Cylindrical,163.77,Left,Full Grasp
1,bottle,Cylindrical,178.35,Center,Full Grasp
1,bottle,Spherical,-176.46,Center,Full Grasp
1,bottle,Cylindrical,166.3,Left,Full Grasp
1,bottle,Cylindrical,152.88,Left,Full Grasp
1,bottle,Spherical,179.04,Center,Full Grasp
1,bottle,Cylindrical,163.3,Left,Full Grasp
1,bottle,Cylindrical,171.41,Center,Full Grasp
1,bottle,Cylindrical,-174.93,Center,Full Grasp
2,cup,Cylindrical,-179.91,Center,Full Grasp
2,cup,Cylindrical,178.02,Center,Full Grasp
1,bottle,Cylindrical,91.79,Left,Full Grasp
1,bottle,Cylindrical,92.45,Left,Full Grasp
1,bottle,Cylindrical,92.87,Left,Full Grasp
1,bottle,Cylindrical,92.98,Left,Full Grasp
2,cup,Box / Complex,176.22,Center,Lateral Grasp
1,bottle,Cylindrical,-162.69,Right,Full Grasp
1,bottle,Cylindrical,-162.62,Right,Full Grasp
1,bottle,Cylindrical,-161.76,Right,Full Grasp
1,bottle,Cylindrical,-169.55,Center,Full Grasp
1,bottle,Spherical,-172.04,Center,Full Grasp
1,bottle,Spherical,-169.19,Center,Full Grasp
1,bottle,Cylindrical,-163.2,Right,Full Grasp
1,bottle,Cylindrical,-159.38,Right,Full Grasp
1,bottle,Spherical,-169.16,Center,Full Grasp
1,bottle,Spherical,-168.88,Right,Full Grasp
1,bottle,Cylindrical,-157.28,Right,Full Grasp
1,bottle,Cylindrical,-4.21,Right,Full Grasp
1,bottle,Spherical,178.77,Center,Full Grasp
1,bottle,Cylindrical,177.02,Center,Full Grasp
1,bottle,Cylindrical,-150.94,Right,Full Grasp
1,bottle,Spherical,174.56,Center,Full Grasp
1,bottle,Cylindrical,-157.78,Right,Full Grasp
1,bottle,Spherical,-176.81,Center,Full Grasp
1,bottle,Spherical,29.52,Right,Full Grasp
1,bottle,Cylindrical,-154.77,Right,Full Grasp
1,bottle,Cylindrical,-135.17,Right,Full Grasp
1,bottle,Cylindrical,-156.26,Right,Full Grasp
2,cup,Box / Complex,85.89,Right,Lateral Grasp
1,bottle,Box / Complex,-94.67,Right,Lateral Grasp
1,bottle,Box / Complex,86.72,Right,Lateral Grasp
1,bottle,Box / Complex,82.11,Right,Lateral Grasp
1,bottle,Box / Complex,85.38,Right,Lateral Grasp
1,bottle,Cylindrical,-99.58,Right,Full Grasp
1,bottle,Cylindrical,-97.91,Right,Full Grasp
1,bottle,Cylindrical,-95.42,Right,Full Grasp
1,bottle,Cylindrical,88.87,Right,Full Grasp
1,bottle,Cylindrical,86.98,Right,Full Grasp
1,bottle,Cylindrical,86.78,Right,Full Grasp
1,bottle,Cylindrical,87.48,Right,Full Grasp
1,bottle,Cylindrical,87.46,Right,Full Grasp
1,bottle,Cylindrical,87.52,Right,Full Grasp
1,bottle,Cylindrical,88.12,Right,Full Grasp
1,bottle,Cylindrical,88.68,Right,Full Grasp
1,bottle,Cylindrical,87.03,Right,Full Grasp
1,bottle,Cylindrical,88.95,Right,Full Grasp
1,bottle,Cylindrical,87.45,Right,Full Grasp
1,bottle,Cylindrical,88.74,Right,Full Grasp
1,bottle,Cylindrical,88.9,Right,Full Grasp
1,bottle,Cylindrical,87.91,Right,Full Grasp
1,bottle,Cylindrical,89.63,Right,Full Grasp
2,cup,Flat,-94.46,Right,Pinch Grasp
1,bottle,Cylindrical,-96.41,Right,Full Grasp
1,bottle,Cylindrical,-95.0,Right,Full Grasp
1,bottle,Cylindrical,87.53,Right,Full Grasp
1,bottle,Cylindrical,88.13,Right,Full Grasp
1,bottle,Cylindrical,88.81,Right,Full Grasp
1,bottle,Cylindrical,89.16,Right,Full Grasp
1,bottle,Cylindrical,89.13,Right,Full Grasp
1,bottle,Cylindrical,89.41,Right,Full Grasp
1,bottle,Cylindrical,89.03,Right,Full Grasp
1,bottle,Cylindrical,88.26,Right,Full Grasp
1,bottle,Cylindrical,89.52,Right,Full Grasp
1,bottle,Cylindrical,89.47,Right,Full Grasp
1,bottle,Cylindrical,89.19,Right,Full Grasp
1,bottle,Cylindrical,89.05,Right,Full Grasp
1,bottle,Cylindrical,88.81,Right,Full Grasp
1,bottle,Cylindrical,89.21,Right,Full Grasp
1,bottle,Cylindrical,89.32,Right,Full Grasp
1,bottle,Cylindrical,88.7,Right,Full Grasp
1,bottle,Cylindrical,89.29,Right,Full Grasp
1,bottle,Cylindrical,89.28,Right,Full Grasp
1,bottle,Cylindrical,89.08,Right,Full Grasp
1,bottle,Cylindrical,89.07,Right,Full Grasp
1,bottle,Cylindrical,89.5,Right,Full Grasp
76,scissors,Cylindrical,-179.86,Center,Full Grasp
1,bottle,Box / Complex,89.65,Right,Lateral Grasp
1,bottle,Box / Complex,90.01,Left,Lateral Grasp
1,bottle,Box / Complex,89.31,Right,Lateral Grasp
1,bottle,Cylindrical,-91.51,Right,Full Grasp
1,bottle,Cylindrical,-91.17,Right,Full Grasp
1,bottle,Box / Complex,-89.27,Right,Lateral Grasp
1,bottle,Cylindrical,-89.65,Right,Full Grasp
1,bottle,Cylindrical,89.14,Right,Full Grasp
1,bottle,Box / Complex,88.68,Right,Lateral Grasp
1,bottle,Box / Complex,89.99,Right,Lateral Grasp
1,bottle,Box / Complex,89.97,Right,Lateral Grasp
1,bottle,Cylindrical,89.72,Right,Full Grasp
1,bottle,Box / Complex,-89.57,Right,Lateral Grasp
1,bottle,Cylindrical,-91.31,Right,Full Grasp
1,bottle,Box / Complex,88.74,Right,Lateral Grasp
1,bottle,Cylindrical,-91.04,Right,Full Grasp
1,bottle,Box / Complex,90.15,Left,Lateral Grasp
1,bottle,Box / Complex,89.57,Right,Lateral Grasp
1,bottle,Box / Complex,-91.24,Right,Lateral Grasp
1,bottle,Box / Complex,-89.32,Right,Lateral Grasp
1,bottle,Box / Complex,-90.42,Right,Lateral Grasp
1,bottle,Box / Complex,90.67,Left,Lateral Grasp
1,bottle,Box / Complex,-90.11,Right,Lateral Grasp
1,bottle,Box / Complex,92.77,Left,Lateral Grasp
1,bottle,Box / Complex,93.3,Left,Lateral Grasp
1,bottle,Cylindrical,-85.82,Right,Full Grasp
1,bottle,Box / Complex,-86.7,Right,Lateral Grasp
1,bottle,Box / Complex,92.36,Left,Lateral Grasp
1,bottle,Box / Complex,-86.92,Right,Lateral Grasp
1,bottle,Box / Complex,-87.01,Right,Lateral Grasp
1,bottle,Box / Complex,91.2,Left,Lateral Grasp
1,bottle,Box / Complex,-87.2,Right,Lateral Grasp
1,bottle,Box / Complex,93.08,Left,Lateral Grasp
1,bottle,Box / Complex,-86.37,Right,Lateral Grasp
1,bottle,Box / Complex,-86.44,Right,Lateral Grasp
1,bottle,Box / Complex,-85.1,Right,Lateral Grasp
1,bottle,Box / Complex,-87.09,Right,Lateral Grasp
1,bottle,Cylindrical,-86.03,Right,Full Grasp
65,remote,Cylindrical,178.75,Center,Full Grasp
1,bottle,Cylindrical,-89.37,Right,Full Grasp
1,bottle,Box / Complex,88.63,Right,Lateral Grasp
1,bottle,Box / Complex,89.13,Right,Lateral Grasp
1,bottle,Box / Complex,-90.92,Right,Lateral Grasp
1,bottle,Cylindrical,89.61,Right,Full Grasp
1,bottle,Box / Complex,90.55,Left,Lateral Grasp
1,bottle,Box / Complex,-88.04,Right,Lateral Grasp
1,bottle,Cylindrical,-88.6,Right,Full Grasp
1,bottle,Cylindrical,90.89,Left,Full Grasp
1,bottle,Box / Complex,-88.36,Right,Lateral Grasp
1,bottle,Cylindrical,91.76,Left,Full Grasp
1,bottle,Cylindrical,91.61,Left,Full Grasp
1,bottle,Cylindrical,91.85,Left,Full Grasp
1,bottle,Box / Complex,92.26,Left,Lateral Grasp
1,bottle,Box / Complex,91.37,Left,Lateral Grasp
1,bottle,Cylindrical,91.27,Left,Full Grasp
1,bottle,Cylindrical,89.87,Right,Full Grasp
1,bottle,Box / Complex,-90.35,Right,Lateral Grasp
1,bottle,Box / Complex,-91.4,Right,Lateral Grasp
1,bottle,Box / Complex,91.11,Left,Lateral Grasp
1,bottle,Box / Complex,91.21,Left,Lateral Grasp
1,bottle,Box / Complex,90.85,Left,Lateral Grasp
1,bottle,Box / Complex,90.52,Left,Lateral Grasp
1,bottle,Box / Complex,-90.74,Right,Lateral Grasp
1,bottle,Box / Complex,-90.79,Right,Lateral Grasp
1,bottle,Box / Complex,-90.6,Right,Lateral Grasp
1,bottle,Box / Complex,-92.06,Right,Lateral Grasp
1,bottle,Box / Complex,89.96,Right,Lateral Grasp
1,bottle,Cylindrical,90.56,Left,Full Grasp
1,bottle,Cylindrical,90.55,Left,Full Grasp
1,bottle,Cylindrical,90.21,Left,Full Grasp
1,bottle,Cylindrical,90.15,Left,Full Grasp
1,bottle,Box / Complex,90.88,Left,Lateral Grasp
1,bottle,Box / Complex,90.13,Left,Lateral Grasp
1,bottle,Box / Complex,90.57,Left,Lateral Grasp
1,bottle,Box / Complex,90.13,Left,Lateral Grasp
1,bottle,Box / Complex,91.18,Left,Lateral Grasp
1,bottle,Cylindrical,91.28,Left,Full Grasp
1,bottle,Box / Complex,90.18,Left,Lateral Grasp
1,bottle,Cylindrical,-91.4,Right,Full Grasp
1,bottle,Cylindrical,-91.34,Right,Full Grasp
1,bottle,Box / Complex,-89.57,Right,Lateral Grasp
1,bottle,Cylindrical,90.85,Left,Full Grasp
1,bottle,Box / Complex,93.76,Left,Lateral Grasp
1,bottle,Cylindrical,93.57,Left,Full Grasp
1,bottle,Cylindrical,-87.1,Right,Full Grasp
1,bottle,Box / Complex,91.69,Left,Lateral Grasp
1,bottle,Box / Complex,92.56,Left,Lateral Grasp
1,bottle,Box / Complex,93.04,Left,Lateral Grasp
1,bottle,Box / Complex,93.75,Left,Lateral Grasp
1,bottle,Box / Complex,92.5,Left,Lateral Grasp
1,bottle,Box / Complex,91.48,Left,Lateral Grasp
1,bottle,Box / Complex,92.46,Left,Lateral Grasp
1,bottle,Box / Complex,91.14,Left,Lateral Grasp
1,bottle,Box / Complex,-90.92,Right,Lateral Grasp
1,bottle,Box / Complex,-90.99,Right,Lateral Grasp
1,bottle,Cylindrical,-90.76,Right,Full Grasp
1,bottle,Cylindrical,-90.68,Right,Full Grasp
1,bottle,Cylindrical,-90.45,Right,Full Grasp
1,bottle,Cylindrical,-90.48,Right,Full Grasp
1,bottle,Cylindrical,-90.37,Right,Full Grasp
1,bottle,Cylindrical,89.6,Right,Full Grasp
1,bottle,Cylindrical,90.11,Left,Full Grasp
1,bottle,Cylindrical,-90.85,Right,Full Grasp
1,bottle,Cylindrical,90.0,Left,Full Grasp
1,bottle,Box / Complex,-89.79,Right,Lateral Grasp
1,bottle,Box / Complex,-88.58,Right,Lateral Grasp
1,bottle,Cylindrical,-89.53,Right,Full Grasp
1,bottle,Box / Complex,89.59,Right,Lateral Grasp
1,bottle,Cylindrical,-89.26,Right,Full Grasp
1,bottle,Box / Complex,-91.24,Right,Lateral Grasp
1,bottle,Cylindrical,89.88,Right,Full Grasp
1,bottle,Box / Complex,90.09,Left,Lateral Grasp
1,bottle,Cylindrical,89.27,Right,Full Grasp
1,bottle,Cylindrical,-89.64,Right,Full Grasp
1,bottle,Box / Complex,-90.24,Right,Lateral Grasp
1,bottle,Cylindrical,-88.99,Right,Full Grasp
1,bottle,Cylindrical,-88.71,Right,Full Grasp
1,bottle,Cylindrical,89.68,Right,Full Grasp
1,bottle,Cylindrical,-89.64,Right,Full Grasp
1,bottle,Box / Complex,-92.57,Right,Lateral Grasp
1,bottle,Box / Complex,-88.85,Right,Lateral Grasp
1,bottle,Cylindrical,88.99,Right,Full Grasp
1,bottle,Box / Complex,-91.73,Right,Lateral Grasp
1,bottle,Cylindrical,90.31,Left,Full Grasp
1,bottle,Box / Complex,90.8,Left,Lateral Grasp
1,bottle,Box / Complex,89.88,Right,Lateral Grasp
1,bottle,Box / Complex,90.04,Left,Lateral Grasp
1,bottle,Box / Complex,-90.4,Right,Lateral Grasp
1,bottle,Box / Complex,-88.86,Right,Lateral Grasp
1,bottle,Box / Complex,91.0,Left,Lateral Grasp
1,bottle,Cylindrical,90.76,Left,Full Grasp
1,bottle,Box / Complex,-90.38,Right,Lateral Grasp
1,bottle,Box / Complex,-90.73,Right,Lateral Grasp
1,bottle,Box / Complex,90.96,Left,Lateral Grasp
1,bottle,Box / Complex,-91.72,Right,Lateral Grasp
1,bottle,Box / Complex,-90.01,Right,Lateral Grasp
1,bottle,Cylindrical,-92.29,Right,Full Grasp
1,bottle,Cylindrical,-90.81,Right,Full Grasp
1,bottle,Cylindrical,-91.12,Right,Full Grasp
1,bottle,Box / Complex,-93.05,Right,Lateral Grasp
1,bottle,Cylindrical,-90.52,Right,Full Grasp
1,bottle,Box / Complex,90.16,Left,Lateral Grasp
1,bottle,Box / Complex,-90.41,Right,Lateral Grasp
1,bottle,Cylindrical,90.57,Left,Full Grasp
1,bottle,Box / Complex,90.12,Left,Lateral Grasp
1,bottle,Box / Complex,91.08,Left,Lateral Grasp
1,bottle,Box / Complex,90.67,Left,Lateral Grasp
1,bottle,Box / Complex,90.1,Left,Lateral Grasp
1,bottle,Box / Complex,90.52,Left,Lateral Grasp
1,bottle,Box / Complex,90.71,Left,Lateral Grasp
1,bottle,Box / Complex,91.59,Left,Lateral Grasp
1,bottle,Box / Complex,91.01,Left,Lateral Grasp
1,bottle,Cylindrical,90.43,Left,Full Grasp
1,bottle,Box / Complex,90.19,Left,Lateral Grasp
1,bottle,Box / Complex,89.9,Right,Lateral Grasp
1,bottle,Cylindrical,90.68,Left,Full Grasp
1,bottle,Cylindrical,90.77,Left,Full Grasp
45,bowl,Flat,-138.61,Right,Pinch Grasp
45,bowl,Cylindrical,-171.37,Center,Pinch Grasp
1,bottle,Box / Complex,-86.31,Right,Lateral Grasp
45,bowl,Flat,-171.91,Center,Pinch Grasp
1,bottle,Box / Complex,91.86,Left,Lateral Grasp
75,vase,Flat,-171.46,Center,Pinch Grasp
1,bottle,Box / Complex,92.3,Left,Lateral Grasp
1,bottle,Box / Complex,95.1,Left,Lateral Grasp
1,bottle,Box / Complex,93.64,Left,Lateral Grasp
1,bottle,Box / Complex,92.3,Left,Lateral Grasp
1,bottle,Box / Complex,95.61,Left,Lateral Grasp
1,bottle,Box / Complex,90.74,Left,Lateral Grasp
1,bottle,Box / Complex,90.16,Left,Lateral Grasp
1,bottle,Cylindrical,-90.18,Right,Full Grasp
1,bottle,Cylindrical,90.48,Left,Full Grasp
1,bottle,Cylindrical,90.72,Left,Full Grasp
1,bottle,Box / Complex,-90.79,Right,Lateral Grasp
1,bottle,Box / Complex,-90.82,Right,Lateral Grasp
1,bottle,Box / Complex,-91.4,Right,Lateral Grasp
1,bottle,Box / Complex,-90.46,Right,Lateral Grasp
1,bottle,Cylindrical,-90.76,Right,Full Grasp
1,bottle,Cylindrical,91.13,Left,Full Grasp
1,bottle,Cylindrical,89.96,Right,Full Grasp
1,bottle,Cylindrical,-90.53,Right,Full Grasp
1,bottle,Box / Complex,91.42,Left,Lateral Grasp
1,bottle,Box / Complex,90.42,Left,Lateral Grasp
1,bottle,Box / Complex,90.7,Left,Lateral Grasp
1,bottle,Box / Complex,91.59,Left,Lateral Grasp
1,bottle,Box / Complex,91.79,Left,Lateral Grasp
1,bottle,Box / Complex,90.5,Left,Lateral Grasp
1,bottle,Box / Complex,91.01,Left,Lateral Grasp
1,bottle,Cylindrical,90.75,Left,Full Grasp
1,bottle,Cylindrical,90.33,Left,Full Grasp
1,bottle,Box / Complex,-90.37,Right,Lateral Grasp
1,bottle,Box / Complex,91.46,Left,Lateral Grasp
1,bottle,Cylindrical,89.65,Right,Full Grasp
1,bottle,Cylindrical,-90.33,Right,Full Grasp
1,bottle,Cylindrical,90.36,Left,Full Grasp
1,bottle,Box / Complex,90.99,Left,Lateral Grasp
1,bottle,Box / Complex,90.39,Left,Lateral Grasp
1,bottle,Cylindrical,-90.63,Right,Full Grasp
1,bottle,Cylindrical,-90.57,Right,Full Grasp
1,bottle,Cylindrical,90.09,Left,Full Grasp
1,bottle,Cylindrical,90.03,Left,Full Grasp
1,bottle,Box / Complex,90.71,Left,Lateral Grasp
1,bottle,Box / Complex,-89.64,Right,Lateral Grasp
1,bottle,Box / Complex,90.53,Left,Lateral Grasp
1,bottle,Box / Complex,90.33,Left,Lateral Grasp
1,bottle,Cylindrical,-89.87,Right,Full Grasp
1,bottle,Cylindrical,-89.02,Right,Full Grasp
1,bottle,Box / Complex,90.79,Left,Lateral Grasp
1,bottle,Cylindrical,-90.04,Right,Full Grasp
1,bottle,Box / Complex,91.52,Left,Lateral Grasp
1,bottle,Cylindrical,-89.64,Right,Full Grasp
1,bottle,Cylindrical,-88.83,Right,Full Grasp
1,bottle,Cylindrical,-89.65,Right,Full Grasp
1,bottle,Cylindrical,89.51,Right,Full Grasp
1,bottle,Box / Complex,92.35,Left,Lateral Grasp
1,bottle,Box / Complex,-88.2,Right,Lateral Grasp
1,bottle,Box / Complex,92.51,Left,Lateral Grasp
1,bottle,Box / Complex,-86.87,Right,Lateral Grasp
1,bottle,Box / Complex,-84.55,Right,Lateral Grasp
1,bottle,Cylindrical,-87.78,Right,Full Grasp
1,bottle,Box / Complex,-87.79,Right,Lateral Grasp
1,bottle,Box / Complex,-87.11,Right,Lateral Grasp
1,bottle,Box / Complex,-86.08,Right,Lateral Grasp
1,bottle,Box / Complex,-85.34,Right,Lateral Grasp
1,bottle,Cylindrical,-89.13,Right,Full Grasp
1,bottle,Box / Complex,-87.59,Right,Lateral Grasp
1,bottle,Box / Complex,-86.73,Right,Lateral Grasp
1,bottle,Box / Complex,94.72,Left,Lateral Grasp
1,bottle,Box / Complex,95.51,Left,Lateral Grasp
1,bottle,Box / Complex,-86.38,Right,Lateral Grasp
1,bottle,Cylindrical,90.5,Left,Full Grasp
1,bottle,Cylindrical,-85.52,Right,Full Grasp
1,bottle,Box / Complex,93.59,Left,Lateral Grasp
1,bottle,Box / Complex,94.7,Left,Lateral Grasp
1,bottle,Box / Complex,-83.85,Right,Lateral Grasp
1,bottle,Box / Complex,91.87,Left,Lateral Grasp
1,bottle,Box / Complex,93.7,Left,Lateral Grasp
1,bottle,Box / Complex,95.31,Left,Lateral Grasp
1,bottle,Box / Complex,96.17,Left,Lateral Grasp
1,bottle,Box / Complex,-82.65,Right,Lateral Grasp
1,bottle,Box / Complex,-85.46,Right,Lateral Grasp
1,bottle,Box / Complex,-85.61,Right,Lateral Grasp
1,bottle,Box / Complex,-84.85,Right,Lateral Grasp
1,bottle,Box / Complex,-86.86,Right,Lateral Grasp
1,bottle,Box / Complex,-88.72,Right,Lateral Grasp
1,bottle,Box / Complex,-87.37,Right,Lateral Grasp
1,bottle,Box / Complex,89.66,Right,Lateral Grasp
1,bottle,Cylindrical,88.4,Right,Full Grasp
1,bottle,Box / Complex,89.03,Right,Lateral Grasp
1,bottle,Box / Complex,-91.3,Right,Lateral Grasp
1,bottle,Cylindrical,-91.53,Right,Full Grasp
1,bottle,Cylindrical,-91.51,Right,Full Grasp
1,bottle,Cylindrical,-91.42,Right,Full Grasp
1,bottle,Cylindrical,-91.81,Right,Full Grasp
1,bottle,Cylindrical,-91.66,Right,Full Grasp
1,bottle,Box / Complex,89.29,Right,Lateral Grasp
1,bottle,Cylindrical,-91.73,Right,Full Grasp
1,bottle,Cylindrical,-90.85,Right,Full Grasp
1,bottle,Cylindrical,-91.46,Right,Full Grasp
1,bottle,Box / Complex,-90.92,Right,Lateral Grasp
1,bottle,Box / Complex,-91.42,Right,Lateral Grasp
1,bottle,Box / Complex,-91.26,Right,Lateral Grasp
1,bottle,Cylindrical,-90.91,Right,Full Grasp
1,bottle,Box / Complex,-91.03,Right,Lateral Grasp
1,bottle,Cylindrical,-91.23,Right,Full Grasp
1,bottle,Cylindrical,-91.21,Right,Full Grasp
1,bottle,Cylindrical,-90.95,Right,Full Grasp
1,bottle,Box / Complex,-90.95,Right,Lateral Grasp
1,bottle,Box / Complex,-91.34,Right,Lateral Grasp
1,bottle,Cylindrical,-90.75,Right,Full Grasp
1,bottle,Box / Complex,-91.15,Right,Lateral Grasp
1,bottle,Cylindrical,89.57,Right,Full Grasp
1,bottle,Box / Complex,-90.9,Right,Lateral Grasp
1,bottle,Cylindrical,-91.06,Right,Full Grasp
1,bottle,Cylindrical,-90.79,Right,Full Grasp
1,bottle,Box / Complex,-90.71,Right,Lateral Grasp
1,bottle,Box / Complex,-90.89,Right,Lateral Grasp
1,bottle,Box / Complex,-91.22,Right,Lateral Grasp
1,bottle,Box / Complex,-90.8,Right,Lateral Grasp
1,bottle,Box / Complex,-90.95,Right,Lateral Grasp
1,bottle,Box / Complex,-91.75,Right,Lateral Grasp
1,bottle,Box / Complex,-92.47,Right,Lateral Grasp
1,bottle,Box / Complex,-92.82,Right,Lateral Grasp
1,bottle,Box / Complex,-92.27,Right,Lateral Grasp
1,bottle,Box / Complex,-92.11,Right,Lateral Grasp
1,bottle,Box / Complex,-91.31,Right,Lateral Grasp
1,bottle,Box / Complex,-91.15,Right,Lateral Grasp
1,bottle,Box / Complex,-91.2,Right,Lateral Grasp
1,bottle,Box / Complex,-91.54,Right,Lateral Grasp
1,bottle,Box / Complex,-92.36,Right,Lateral Grasp
1,bottle,Box / Complex,-91.73,Right,Lateral Grasp
1,bottle,Box / Complex,89.93,Right,Lateral Grasp
1,bottle,Cylindrical,89.6,Right,Full Grasp
1,bottle,Box / Complex,-91.89,Right,Lateral Grasp
1,bottle,Box / Complex,-91.8,Right,Lateral Grasp
1,bottle,Cylindrical,89.47,Right,Full Grasp
1,bottle,Box / Complex,-90.74,Right,Lateral Grasp
1,bottle,Box / Complex,89.09,Right,Lateral Grasp
1,bottle,Box / Complex,-90.74,Right,Lateral Grasp
1,bottle,Box / Complex,89.18,Right,Lateral Grasp
1,bottle,Box / Complex,89.33,Right,Lateral Grasp
1,bottle,Box / Complex,-91.5,Right,Lateral Grasp
1,bottle,Box / Complex,-91.44,Right,Lateral Grasp
1,bottle,Box / Complex,-91.37,Right,Lateral Grasp
1,bottle,Box / Complex,-91.34,Right,Lateral Grasp
1,bottle,Box / Complex,89.02,Right,Lateral Grasp
1,bottle,Box / Complex,-90.58,Right,Lateral Grasp
1,bottle,Cylindrical,-91.44,Right,Full Grasp
1,bottle,Box / Complex,88.5,Right,Lateral Grasp
1,bottle,Box / Complex,-91.27,Right,Lateral Grasp
1,bottle,Box / Complex,-91.81,Right,Lateral Grasp
1,bottle,Box / Complex,-91.66,Right,Lateral Grasp
1,bottle,Box / Complex,88.69,Right,Lateral Grasp
1,bottle,Cylindrical,88.65,Right,Full Grasp
1,bottle,Box / Complex,-91.46,Right,Lateral Grasp
1,bottle,Box / Complex,88.79,Right,Lateral Grasp
64,mouse,Cylindrical,174.68,Center,Full Grasp
2,cup,Box / Complex,99.25,Left,Lateral Grasp
2,cup,Box / Complex,92.18,Left,Lateral Grasp
2,cup,Cylindrical,95.2,Left,Full Grasp
2,cup,Cylindrical,-153.11,Right,Full Grasp
1,bottle,Box / Complex,-97.88,Right,Lateral Grasp
1,bottle,Cylindrical,87.28,Right,Full Grasp
1,bottle,Cylindrical,-95.15,Right,Full Grasp
1,bottle,Cylindrical,88.96,Right,Full Grasp
1,bottle,Cylindrical,-89.76,Right,Full Grasp
1,bottle,Cylindrical,-89.55,Right,Full Grasp
1,bottle,Cylindrical,88.92,Right,Full Grasp
2,cup,Box / Complex,-133.15,Right,Lateral Grasp
1,bottle,Cylindrical,86.79,Right,Full Grasp
1,bottle,Cylindrical,85.92,Right,Full Grasp
1,bottle,Cylindrical,87.15,Right,Full Grasp
1,bottle,Cylindrical,86.69,Right,Full Grasp
1,bottle,Cylindrical,87.95,Right,Full Grasp
1,bottle,Cylindrical,87.48,Right,Full Grasp
1,bottle,Cylindrical,87.73,Right,Full Grasp
1,bottle,Cylindrical,87.69,Right,Full Grasp
1,bottle,Cylindrical,86.83,Right,Full Grasp
1,bottle,Cylindrical,87.06,Right,Full Grasp
1,bottle,Cylindrical,85.33,Right,Full Grasp
1,bottle,Cylindrical,86.61,Right,Full Grasp
1,bottle,Cylindrical,85.93,Right,Full Grasp
1,bottle,Cylindrical,87.07,Right,Full Grasp
1,bottle,Cylindrical,86.14,Right,Full Grasp
1,bottle,Cylindrical,86.28,Right,Full Grasp
1,bottle,Cylindrical,85.8,Right,Full Grasp
1,bottle,Cylindrical,86.94,Right,Full Grasp
1,bottle,Cylindrical,85.45,Right,Full Grasp
1,bottle,Cylindrical,86.41,Right,Full Grasp
1,bottle,Cylindrical,85.92,Right,Full Grasp
2,cup,Cylindrical,-106.28,Right,Pinch Grasp
1,bottle,Cylindrical,86.01,Right,Full Grasp
1,bottle,Cylindrical,-94.92,Right,Full Grasp
1,bottle,Cylindrical,87.17,Right,Full Grasp
1,bottle,Cylindrical,85.81,Right,Full Grasp
1,bottle,Cylindrical,-94.64,Right,Full Grasp
1,bottle,Cylindrical,86.29,Right,Full Grasp
1,bottle,Cylindrical,-95.26,Right,Full Grasp
1,bottle,Cylindrical,84.97,Right,Full Grasp
1,bottle,Cylindrical,85.32,Right,Full Grasp
1,bottle,Cylindrical,84.69,Right,Full Grasp
1,bottle,Cylindrical,-95.01,Right,Full Grasp
1,bottle,Cylindrical,85.19,Right,Full Grasp
1,bottle,Cylindrical,-96.25,Right,Full Grasp
1,bottle,Cylindrical,-95.19,Right,Full Grasp
1,bottle,Cylindrical,-95.42,Right,Full Grasp
1,bottle,Cylindrical,-95.44,Right,Full Grasp
1,bottle,Cylindrical,-95.67,Right,Full Grasp
1,bottle,Cylindrical,84.71,Right,Full Grasp
1,bottle,Cylindrical,-96.43,Right,Full Grasp
1,bottle,Cylindrical,84.71,Right,Full Grasp
1,bottle,Cylindrical,-97.01,Right,Full Grasp
1,bottle,Cylindrical,84.7,Right,Full Grasp
1,bottle,Cylindrical,-95.73,Right,Full Grasp
1,bottle,Cylindrical,84.55,Right,Full Grasp
1,bottle,Cylindrical,84.47,Right,Full Grasp
1,bottle,Cylindrical,-96.03,Right,Full Grasp
1,bottle,Cylindrical,-96.52,Right,Full Grasp
1,bottle,Cylindrical,-96.74,Right,Full Grasp
1,bottle,Cylindrical,84.11,Right,Full Grasp
1,bottle,Cylindrical,-96.15,Right,Full Grasp
1,bottle,Cylindrical,-96.65,Right,Full Grasp
1,bottle,Cylindrical,-95.82,Right,Full Grasp
1,bottle,Cylindrical,-96.19,Right,Full Grasp
1,bottle,Cylindrical,84.64,Right,Full Grasp
1,bottle,Cylindrical,-95.89,Right,Full Grasp
1,bottle,Cylindrical,84.21,Right,Full Grasp
1,bottle,Cylindrical,83.58,Right,Full Grasp
1,bottle,Cylindrical,-96.81,Right,Full Grasp
1,bottle,Cylindrical,83.45,Right,Full Grasp
1,bottle,Cylindrical,-97.58,Right,Full Grasp
1,bottle,Cylindrical,-97.28,Right,Full Grasp
1,bottle,Cylindrical,-98.06,Right,Full Grasp
1,bottle,Cylindrical,-97.29,Right,Full Grasp
1,bottle,Cylindrical,-97.31,Right,Full Grasp
1,bottle,Cylindrical,-97.16,Right,Full Grasp
1,bottle,Cylindrical,-97.5,Right,Full Grasp
1,bottle,Cylindrical,-97.21,Right,Full Grasp
1,bottle,Cylindrical,-97.6,Right,Full Grasp
1,bottle,Cylindrical,-97.73,Right,Full Grasp
1,bottle,Cylindrical,-97.35,Right,Full Grasp
1,bottle,Cylindrical,83.15,Right,Full Grasp
1,bottle,Cylindrical,-96.56,Right,Full Grasp
1,bottle,Cylindrical,-96.35,Right,Full Grasp
1,bottle,Cylindrical,84.0,Right,Full Grasp
1,bottle,Cylindrical,84.03,Right,Full Grasp
1,bottle,Cylindrical,83.4,Right,Full Grasp
1,bottle,Cylindrical,84.1,Right,Full Grasp
1,bottle,Cylindrical,-96.61,Right,Full Grasp
1,bottle,Cylindrical,83.88,Right,Full Grasp
1,bottle,Cylindrical,-97.17,Right,Full Grasp
1,bottle,Cylindrical,-97.18,Right,Full Grasp
1,bottle,Cylindrical,-96.08,Right,Full Grasp
1,bottle,Cylindrical,-96.05,Right,Full Grasp
1,bottle,Cylindrical,-96.74,Right,Full Grasp
1,bottle,Cylindrical,-98.39,Right,Full Grasp
1,bottle,Cylindrical,-98.24,Right,Full Grasp
1,bottle,Cylindrical,-98.41,Right,Full Grasp
1,bottle,Cylindrical,-97.88,Right,Full Grasp
1,bottle,Cylindrical,-98.43,Right,Full Grasp
1,bottle,Cylindrical,-98.3,Right,Full Grasp
1,bottle,Cylindrical,-98.54,Right,Full Grasp
1,bottle,Cylindrical,-98.27,Right,Full Grasp
1,bottle,Cylindrical,-97.94,Right,Full Grasp
1,bottle,Cylindrical,-97.63,Right,Full Grasp
1,bottle,Cylindrical,-98.19,Right,Full Grasp
1,bottle,Cylindrical,-98.58,Right,Full Grasp
1,bottle,Cylindrical,-98.92,Right,Full Grasp
1,bottle,Cylindrical,-98.08,Right,Full Grasp
1,bottle,Cylindrical,-97.83,Right,Full Grasp
1,bottle,Cylindrical,-97.86,Right,Full Grasp
1,bottle,Cylindrical,-97.86,Right,Full Grasp
1,bottle,Cylindrical,-97.77,Right,Full Grasp
1,bottle,Cylindrical,82.66,Right,Full Grasp
1,bottle,Cylindrical,-97.73,Right,Full Grasp
1,bottle,Cylindrical,-97.62,Right,Full Grasp
1,bottle,Cylindrical,-97.91,Right,Full Grasp
1,bottle,Cylindrical,-97.98,Right,Full Grasp
1,bottle,Cylindrical,-97.44,Right,Full Grasp
1,bottle,Cylindrical,82.69,Right,Full Grasp
1,bottle,Cylindrical,-98.29,Right,Full Grasp
1,bottle,Cylindrical,-96.82,Right,Full Grasp
1,bottle,Cylindrical,86.23,Right,Full Grasp
1,bottle,Cylindrical,-93.97,Right,Full Grasp
1,bottle,Cylindrical,-95.78,Right,Full Grasp
1,bottle,Box / Complex,89.35,Right,Lateral Grasp
1,bottle,Box / Complex,90.0,Left,Lateral Grasp
1,bottle,Box / Complex,88.1,Right,Lateral Grasp
1,bottle,Box / Complex,91.18,Left,Lateral Grasp
1,bottle,Box / Complex,91.61,Left,Lateral Grasp
1,bottle,Box / Complex,89.58,Right,Lateral Grasp
1,bottle,Box / Complex,90.06,Left,Lateral Grasp
1,bottle,Box / Complex,90.35,Left,Lateral Grasp
1,bottle,Box / Complex,90.21,Left,Lateral Grasp
1,bottle,Box / Complex,90.77,Left,Lateral Grasp
1,bottle,Box / Complex,87.55,Right,Lateral Grasp
1,bottle,Box / Complex,87.95,Right,Lateral Grasp
1,bottle,Box / Complex,87.6,Right,Lateral Grasp
1,bottle,Box / Complex,87.75,Right,Lateral Grasp
1,bottle,Box / Complex,88.65,Right,Lateral Grasp
1,bottle,Cylindrical,87.92,Right,Full Grasp
1,bottle,Cylindrical,88.34,Right,Full Grasp
1,bottle,Cylindrical,89.44,Right,Full Grasp
1,bottle,Box / Complex,90.47,Left,Lateral Grasp
1,bottle,Box / Complex,90.19,Left,Lateral Grasp
1,bottle,Box / Complex,88.22,Right,Lateral Grasp
1,bottle,Box / Complex,88.96,Right,Lateral Grasp
1,bottle,Box / Complex,88.07,Right,Lateral Grasp
1,bottle,Cylindrical,88.81,Right,Full Grasp
1,bottle,Box / Complex,89.02,Right,Lateral Grasp
1,bottle,Box / Complex,89.41,Right,Lateral Grasp
1,bottle,Box / Complex,89.5,Right,Lateral Grasp
1,bottle,Box / Complex,90.12,Left,Lateral Grasp
1,bottle,Cylindrical,88.9,Right,Full Grasp
1,bottle,Box / Complex,89.21,Right,Lateral Grasp
1,bottle,Box / Complex,89.57,Right,Lateral Grasp
1,bottle,Box / Complex,88.91,Right,Lateral Grasp
1,bottle,Box / Complex,89.81,Right,Lateral Grasp
1,bottle,Box / Complex,90.64,Left,Lateral Grasp
1,bottle,Box / Complex,89.69,Right,Lateral Grasp
1,bottle,Box / Complex,89.16,Right,Lateral Grasp
1,bottle,Box / Complex,89.46,Right,Lateral Grasp
1,bottle,Cylindrical,90.18,Left,Full Grasp
1,bottle,Box / Complex,90.22,Left,Lateral Grasp
1,bottle,Box / Complex,89.07,Right,Lateral Grasp
1,bottle,Box / Complex,89.01,Right,Lateral Grasp
1,bottle,Box / Complex,89.34,Right,Lateral Grasp
1,bottle,Box / Complex,90.07,Left,Lateral Grasp
1,bottle,Box / Complex,90.02,Left,Lateral Grasp
1,bottle,Box / Complex,90.78,Left,Lateral Grasp
1,bottle,Cylindrical,90.42,Left,Full Grasp
1,bottle,Box / Complex,90.18,Left,Lateral Grasp
1,bottle,Box / Complex,-88.8,Right,Lateral Grasp
1,bottle,Box / Complex,90.29,Left,Lateral Grasp
1,bottle,Box / Complex,90.27,Left,Lateral Grasp
1,bottle,Box / Complex,90.57,Left,Lateral Grasp
1,bottle,Box / Complex,89.75,Right,Lateral Grasp
1,bottle,Box / Complex,90.28,Left,Lateral Grasp
1,bottle,Box / Complex,89.19,Right,Lateral Grasp
1,bottle,Cylindrical,90.61,Left,Full Grasp
1,bottle,Box / Complex,89.31,Right,Lateral Grasp
1,bottle,Box / Complex,90.51,Left,Lateral Grasp
1,bottle,Box / Complex,89.41,Right,Lateral Grasp
1,bottle,Box / Complex,87.45,Right,Lateral Grasp
1,bottle,Box / Complex,87.22,Right,Lateral Grasp
1,bottle,Box / Complex,87.93,Right,Lateral Grasp
1,bottle,Cylindrical,87.05,Right,Full Grasp
1,bottle,Box / Complex,87.67,Right,Lateral Grasp
1,bottle,Box / Complex,88.31,Right,Lateral Grasp
1,bottle,Box / Complex,88.34,Right,Lateral Grasp
1,bottle,Box / Complex,87.97,Right,Lateral Grasp
1,bottle,Box / Complex,88.61,Right,Lateral Grasp
1,bottle,Box / Complex,90.02,Left,Lateral Grasp
1,bottle,Cylindrical,87.38,Right,Full Grasp
1,bottle,Cylindrical,87.74,Right,Full Grasp
1,bottle,Box / Complex,87.73,Right,Lateral Grasp
1,bottle,Cylindrical,87.54,Right,Full Grasp
1,bottle,Cylindrical,86.49,Right,Full Grasp
1,bottle,Box / Complex,87.16,Right,Lateral Grasp
1,bottle,Box / Complex,88.08,Right,Lateral Grasp
1,bottle,Cylindrical,88.97,Right,Full Grasp
1,bottle,Box / Complex,87.64,Right,Lateral Grasp
1,bottle,Box / Complex,-88.82,Right,Lateral Grasp
1,bottle,Box / Complex,-92.35,Right,Lateral Grasp
1,bottle,Box / Complex,-92.5,Right,Lateral Grasp
1,bottle,Box / Complex,89.46,Right,Lateral Grasp
1,bottle,Box / Complex,87.9,Right,Lateral Grasp
1,bottle,Box / Complex,88.19,Right,Lateral Grasp
1,bottle,Box / Complex,88.84,Right,Lateral Grasp
1,bottle,Box / Complex,88.53,Right,Lateral Grasp
1,bottle,Cylindrical,89.4,Right,Full Grasp
1,bottle,Box / Complex,88.57,Right,Lateral Grasp
1,bottle,Box / Complex,88.67,Right,Lateral Grasp
1,bottle,Cylindrical,87.89,Right,Full Grasp
1,bottle,Cylindrical,88.33,Right,Full Grasp
1,bottle,Box / Complex,88.88,Right,Lateral Grasp
1,bottle,Box / Complex,88.14,Right,Lateral Grasp
1,bottle,Box / Complex,88.03,Right,Lateral Grasp
1,bottle,Box / Complex,88.42,Right,Lateral Grasp
1,bottle,Box / Complex,88.81,Right,Lateral Grasp
1,bottle,Box / Complex,88.78,Right,Lateral Grasp
1,bottle,Cylindrical,86.54,Right,Full Grasp
1,bottle,Box / Complex,-93.04,Right,Lateral Grasp
1,bottle,Box / Complex,-92.52,Right,Lateral Grasp
1,bottle,Box / Complex,-93.71,Right,Lateral Grasp
1,bottle,Box / Complex,89.03,Right,Lateral Grasp
1,bottle,Box / Complex,88.99,Right,Lateral Grasp
1,bottle,Box / Complex,-93.46,Right,Lateral Grasp
1,bottle,Cylindrical,-93.33,Right,Full Grasp
1,bottle,Box / Complex,-92.81,Right,Lateral Grasp
1,bottle,Box / Complex,88.57,Right,Lateral Grasp
1,bottle,Box / Complex,-92.78,Right,Lateral Grasp
1,bottle,Box / Complex,88.74,Right,Lateral Grasp
1,bottle,Box / Complex,87.35,Right,Lateral Grasp
1,bottle,Cylindrical,-93.98,Right,Full Grasp
1,bottle,Box / Complex,87.67,Right,Lateral Grasp
1,bottle,Box / Complex,89.35,Right,Lateral Grasp
2,cup,Cylindrical,123.41,Left,Full Grasp
79,toothbrush,Box / Complex,-8.86,Right,Lateral Grasp
2,cup,Spherical,-116.93,Right,Full Grasp
2,cup,Cylindrical,-167.93,Right,Full Grasp
2,cup,Cylindrical,-178.83,Center,Full Grasp
2,cup,Cylindrical,-127.89,Right,Full Grasp
2,cup,Spherical,-154.74,Right,Full Grasp
1,bottle,Box / Complex,-125.05,Right,Lateral Grasp
1,bottle,Box / Complex,-127.61,Right,Lateral Grasp
1,bottle,Box / Complex,-129.04,Right,Lateral Grasp
1,bottle,Box / Complex,-130.19,Right,Lateral Grasp
1,bottle,Box / Complex,-131.36,Right,Lateral Grasp
2,cup,Cylindrical,-89.43,Right,Pinch Grasp
2,cup,Flat,-88.71,Right,Pinch Grasp
1,bottle,Box / Complex,-131.51,Right,Lateral Grasp
1,bottle,Box / Complex,-131.68,Right,Lateral Grasp
1,bottle,Box / Complex,-127.46,Right,Lateral Grasp
1,bottle,Box / Complex,56.12,Right,Lateral Grasp
1,bottle,Box / Complex,57.02,Right,Lateral Grasp
1,bottle,Box / Complex,55.78,Right,Lateral Grasp
1,bottle,Box / Complex,57.04,Right,Lateral Grasp
1,bottle,Box / Complex,55.13,Right,Lateral Grasp
1,bottle,Box / Complex,-127.7,Right,Lateral Grasp
1,bottle,Box / Complex,57.66,Right,Lateral Grasp
1,bottle,Box / Complex,-133.05,Right,Lateral Grasp
1,bottle,Box / Complex,161.45,Left,Lateral Grasp
1,bottle,Spherical,-103.81,Right,Full Grasp
1,bottle,Cylindrical,83.51,Right,Full Grasp
1,bottle,Cylindrical,84.42,Right,Full Grasp
1,bottle,Cylindrical,84.77,Right,Full Grasp
1,bottle,Cylindrical,-97.07,Right,Full Grasp
1,bottle,Cylindrical,-97.27,Right,Full Grasp
1,bottle,Cylindrical,-97.52,Right,Full Grasp
76,scissors,Cylindrical,-70.41,Right,Full Grasp
1,bottle,Cylindrical,89.08,Right,Full Grasp
1,bottle,Box / Complex,89.2,Right,Lateral Grasp
1,bottle,Box / Complex,88.76,Right,Lateral Grasp
1,bottle,Box / Complex,-89.11,Right,Lateral Grasp
1,bottle,Box / Complex,89.71,Right,Lateral Grasp
1,bottle,Box / Complex,90.44,Left,Lateral Grasp
1,bottle,Box / Complex,-89.41,Right,Lateral Grasp
1,bottle,Box / Complex,89.66,Right,Lateral Grasp
1,bottle,Box / Complex,89.22,Right,Lateral Grasp
1,bottle,Box / Complex,88.79,Right,Lateral Grasp
1,bottle,Box / Complex,89.17,Right,Lateral Grasp
1,bottle,Box / Complex,88.95,Right,Lateral Grasp
1,bottle,Box / Complex,-88.85,Right,Lateral Grasp
1,bottle,Box / Complex,89.72,Right,Lateral Grasp
1,bottle,Box / Complex,-88.86,Right,Lateral Grasp
1,bottle,Box / Complex,90.31,Left,Lateral Grasp
1,bottle,Box / Complex,90.31,Left,Lateral Grasp
1,bottle,Box / Complex,90.38,Left,Lateral Grasp
1,bottle,Box / Complex,-88.33,Right,Lateral Grasp
1,bottle,Box / Complex,-89.57,Right,Lateral Grasp
1,bottle,Box / Complex,89.66,Right,Lateral Grasp
1,bottle,Box / Complex,89.7,Right,Lateral Grasp
1,bottle,Box / Complex,-88.87,Right,Lateral Grasp
1,bottle,Box / Complex,-88.33,Right,Lateral Grasp
1,bottle,Cylindrical,-93.97,Right,Full Grasp
1,bottle,Cylindrical,88.99,Right,Full Grasp
1,bottle,Cylindrical,89.03,Right,Full Grasp
1,bottle,Cylindrical,-92.83,Right,Full Grasp
1,bottle,Cylindrical,-92.83,Right,Full Grasp
1,bottle,Cylindrical,-91.69,Right,Full Grasp
1,bottle,Cylindrical,-93.5,Right,Full Grasp
1,bottle,Box / Complex,88.81,Right,Lateral Grasp
1,bottle,Box / Complex,-92.76,Right,Lateral Grasp
1,bottle,Box / Complex,-93.92,Right,Lateral Grasp
1,bottle,Cylindrical,-89.47,Right,Full Grasp
1,bottle,Box / Complex,-95.85,Right,Lateral Grasp
1,bottle,Box / Complex,88.47,Right,Lateral Grasp
1,bottle,Box / Complex,90.25,Left,Lateral Grasp
1,bottle,Box / Complex,-87.09,Right,Lateral Grasp
1,bottle,Box / Complex,-88.12,Right,Lateral Grasp
1,bottle,Box / Complex,-86.61,Right,Lateral Grasp
1,bottle,Box / Complex,-88.26,Right,Lateral Grasp
1,bottle,Box / Complex,-84.24,Right,Lateral Grasp
1,bottle,Box / Complex,-86.51,Right,Lateral Grasp
1,bottle,Box / Complex,-86.67,Right,Lateral Grasp
1,bottle,Box / Complex,-86.69,Right,Lateral Grasp
1,bottle,Spherical,-84.67,Right,Full Grasp
1,bottle,Box / Complex,90.33,Left,Lateral Grasp
1,bottle,Box / Complex,90.23,Left,Lateral Grasp
1,bottle,Box / Complex,-87.4,Right,Lateral Grasp
1,bottle,Spherical,-87.4,Right,Full Grasp
1,bottle,Box / Complex,-88.16,Right,Lateral Grasp
1,bottle,Box / Complex,-87.26,Right,Lateral Grasp
1,bottle,Box / Complex,-86.69,Right,Lateral Grasp
1,bottle,Box / Complex,-85.82,Right,Lateral Grasp
1,bottle,Box / Complex,-86.38,Right,Lateral Grasp
1,bottle,Box / Complex,-86.9,Right,Lateral Grasp
1,bottle,Box / Complex,-84.79,Right,Lateral Grasp
1,bottle,Box / Complex,-84.44,Right,Lateral Grasp
1,bottle,Box / Complex,-84.8,Right,Lateral Grasp
1,bottle,Spherical,-82.21,Right,Full Grasp
1,bottle,Cylindrical,-88.88,Right,Full Grasp
1,bottle,Cylindrical,-83.49,Right,Full Grasp
1,bottle,Box / Complex,-86.42,Right,Lateral Grasp
1,bottle,Box / Complex,-85.03,Right,Lateral Grasp
1,bottle,Box / Complex,-85.88,Right,Lateral Grasp
1,bottle,Box / Complex,-87.29,Right,Lateral Grasp
1,bottle,Cylindrical,-87.4,Right,Full Grasp
1,bottle,Box / Complex,-86.37,Right,Lateral Grasp
1,bottle,Box / Complex,-85.58,Right,Lateral Grasp
1,bottle,Box / Complex,-88.27,Right,Lateral Grasp
1,bottle,Box / Complex,-87.22,Right,Lateral Grasp
1,bottle,Cylindrical,-88.11,Right,Full Grasp
1,bottle,Box / Complex,-86.65,Right,Lateral Grasp
1,bottle,Cylindrical,-88.94,Right,Full Grasp
1,bottle,Box / Complex,-87.71,Right,Lateral Grasp
1,bottle,Box / Complex,-86.99,Right,Lateral Grasp
1,bottle,Cylindrical,-88.11,Right,Full Grasp
1,bottle,Cylindrical,-97.09,Right,Full Grasp
1,bottle,Box / Complex,-98.57,Right,Lateral Grasp
1,bottle,Box / Complex,-99.59,Right,Lateral Grasp
1,bottle,Cylindrical,86.45,Right,Full Grasp
1,bottle,Box / Complex,85.37,Right,Lateral Grasp
1,bottle,Box / Complex,85.69,Right,Lateral Grasp
1,bottle,Cylindrical,86.54,Right,Full Grasp
1,bottle,Cylindrical,85.97,Right,Full Grasp
1,bottle,Cylindrical,85.31,Right,Full Grasp
1,bottle,Cylindrical,-95.27,Right,Full Grasp
1,bottle,Cylindrical,86.33,Right,Full Grasp
1,bottle,Box / Complex,86.01,Right,Lateral Grasp
1,bottle,Cylindrical,85.97,Right,Full Grasp
1,bottle,Box / Complex,87.79,Right,Lateral Grasp
1,bottle,Cylindrical,86.34,Right,Full Grasp
1,bottle,Cylindrical,86.72,Right,Full Grasp
1,bottle,Box / Complex,87.69,Right,Lateral Grasp
1,bottle,Cylindrical,86.19,Right,Full Grasp
1,bottle,Box / Complex,87.22,Right,Lateral Grasp
1,bottle,Box / Complex,87.57,Right,Lateral Grasp
1,bottle,Box / Complex,86.95,Right,Lateral Grasp
1,bottle,Cylindrical,-94.23,Right,Full Grasp
1,bottle,Box / Complex,86.85,Right,Lateral Grasp
1,bottle,Cylindrical,-93.74,Right,Full Grasp
1,bottle,Box / Complex,86.79,Right,Lateral Grasp
1,bottle,Cylindrical,86.69,Right,Full Grasp
2,cup,Spherical,-107.1,Right,Full Grasp
1,bottle,Cylindrical,-96.69,Right,Full Grasp
1,bottle,Box / Complex,-98.36,Right,Lateral Grasp
1,bottle,Cylindrical,-96.44,Right,Full Grasp
1,bottle,Cylindrical,-95.77,Right,Full Grasp
1,bottle,Cylindrical,-94.87,Right,Full Grasp
1,bottle,Cylindrical,-96.18,Right,Full Grasp
1,bottle,Cylindrical,-95.99,Right,Full Grasp
1,bottle,Cylindrical,87.06,Right,Full Grasp
1,bottle,Cylindrical,-94.79,Right,Full Grasp
1,bottle,Cylindrical,-94.38,Right,Full Grasp
1,bottle,Cylindrical,-93.84,Right,Full Grasp
1,bottle,Cylindrical,87.37,Right,Full Grasp
1,bottle,Cylindrical,-93.83,Right,Full Grasp
1,bottle,Cylindrical,-93.25,Right,Full Grasp
1,bottle,Cylindrical,-93.4,Right,Full Grasp
1,bottle,Cylindrical,-93.29,Right,Full Grasp
1,bottle,Cylindrical,88.04,Right,Full Grasp
1,bottle,Cylindrical,-92.81,Right,Full Grasp
1,bottle,Cylindrical,-93.04,Right,Full Grasp
1,bottle,Cylindrical,-92.21,Right,Full Grasp
1,bottle,Cylindrical,-92.4,Right,Full Grasp
1,bottle,Cylindrical,-92.89,Right,Full Grasp
1,bottle,Cylindrical,87.83,Right,Full Grasp
1,bottle,Cylindrical,-92.81,Right,Full Grasp
1,bottle,Cylindrical,-93.39,Right,Full Grasp
1,bottle,Cylindrical,-93.56,Right,Full Grasp
1,bottle,Cylindrical,-93.66,Right,Full Grasp
1,bottle,Cylindrical,-93.52,Right,Full Grasp
1,bottle,Cylindrical,-93.35,Right,Full Grasp
1,bottle,Cylindrical,-93.88,Right,Full Grasp
1,bottle,Cylindrical,-93.24,Right,Full Grasp
1,bottle,Cylindrical,-93.03,Right,Full Grasp
1,bottle,Cylindrical,-93.73,Right,Full Grasp
1,bottle,Cylindrical,-93.59,Right,Full Grasp
1,bottle,Cylindrical,-93.83,Right,Full Grasp
1,bottle,Cylindrical,-93.34,Right,Full Grasp
1,bottle,Cylindrical,-93.77,Right,Full Grasp
1,bottle,Cylindrical,-93.24,Right,Full Grasp
1,bottle,Cylindrical,-93.95,Right,Full Grasp
1,bottle,Cylindrical,-93.21,Right,Full Grasp
1,bottle,Cylindrical,-94.28,Right,Full Grasp
1,bottle,Cylindrical,-93.71,Right,Full Grasp
1,bottle,Cylindrical,-94.34,Right,Full Grasp
1,bottle,Cylindrical,-93.59,Right,Full Grasp
1,bottle,Cylindrical,-93.89,Right,Full Grasp
1,bottle,Cylindrical,-94.04,Right,Full Grasp
1,bottle,Cylindrical,-93.99,Right,Full Grasp
1,bottle,Cylindrical,-93.62,Right,Full Grasp
1,bottle,Cylindrical,86.98,Right,Full Grasp
1,bottle,Cylindrical,-93.38,Right,Full Grasp
1,bottle,Cylindrical,-93.83,Right,Full Grasp
1,bottle,Cylindrical,-93.07,Right,Full Grasp
1,bottle,Cylindrical,-93.61,Right,Full Grasp
1,bottle,Cylindrical,-94.41,Right,Full Grasp
1,bottle,Cylindrical,-93.36,Right,Full Grasp
1,bottle,Cylindrical,-93.08,Right,Full Grasp
1,bottle,Cylindrical,-95.53,Right,Full Grasp
1,bottle,Cylindrical,-94.99,Right,Full Grasp
1,bottle,Cylindrical,-94.89,Right,Full Grasp
1,bottle,Cylindrical,-93.66,Right,Full Grasp
1,bottle,Cylindrical,-93.74,Right,Full Grasp
1,bottle,Cylindrical,-94.65,Right,Full Grasp
1,bottle,Cylindrical,-95.3,Right,Full Grasp
1,bottle,Cylindrical,-93.41,Right,Full Grasp
1,bottle,Cylindrical,-94.39,Right,Full Grasp
1,bottle,Cylindrical,-93.91,Right,Full Grasp
1,bottle,Box / Complex,87.44,Right,Lateral Grasp
1,bottle,Cylindrical,-93.79,Right,Full Grasp
1,bottle,Cylindrical,-93.21,Right,Full Grasp
1,bottle,Cylindrical,-95.13,Right,Full Grasp
1,bottle,Cylindrical,-93.58,Right,Full Grasp
1,bottle,Cylindrical,-93.57,Right,Full Grasp
1,bottle,Cylindrical,-93.44,Right,Full Grasp
1,bottle,Cylindrical,-94.67,Right,Full Grasp
1,bottle,Cylindrical,-94.66,Right,Full Grasp
1,bottle,Cylindrical,-94.37,Right,Full Grasp
1,bottle,Cylindrical,-93.99,Right,Full Grasp
1,bottle,Cylindrical,-93.27,Right,Full Grasp
1,bottle,Cylindrical,-93.09,Right,Full Grasp
1,bottle,Cylindrical,-94.26,Right,Full Grasp
1,bottle,Cylindrical,-94.12,Right,Full Grasp
1,bottle,Cylindrical,-93.15,Right,Full Grasp
1,bottle,Cylindrical,-93.06,Right,Full Grasp
1,bottle,Cylindrical,-93.64,Right,Full Grasp
1,bottle,Cylindrical,-94.03,Right,Full Grasp
1,bottle,Box / Complex,87.85,Right,Lateral Grasp
1,bottle,Cylindrical,-93.03,Right,Full Grasp
1,bottle,Cylindrical,-94.42,Right,Full Grasp
1,bottle,Cylindrical,-94.3,Right,Full Grasp
1,bottle,Cylindrical,-94.25,Right,Full Grasp
1,bottle,Cylindrical,-94.09,Right,Full Grasp
1,bottle,Cylindrical,-93.07,Right,Full Grasp
1,bottle,Box / Complex,87.95,Right,Lateral Grasp
1,bottle,Cylindrical,-93.94,Right,Full Grasp
1,bottle,Box / Complex,88.76,Right,Lateral Grasp
1,bottle,Cylindrical,-94.09,Right,Full Grasp
64,mouse,Cylindrical,178.24,Center,Full Grasp
64,mouse,Cylindrical,172.67,Center,Full Grasp
2,cup,Spherical,43.35,Right,Full Grasp
64,mouse,Box / Complex,75.32,Right,Lateral Grasp
64,mouse,Box / Complex,-128.23,Right,Lateral Grasp
64,mouse,Box / Complex,177.33,Center,Lateral Grasp
64,mouse,Box / Complex,172.82,Center,Lateral Grasp
64,mouse,Box / Complex,168.06,Left,Lateral Grasp
64,mouse,Box / Complex,-179.2,Center,Lateral Grasp
64,mouse,Box / Complex,168.6,Left,Lateral Grasp
64,mouse,Box / Complex,177.14,Center,Lateral Grasp
64,mouse,Box / Complex,172.09,Center,Lateral Grasp
64,mouse,Box / Complex,170.53,Center,Lateral Grasp
64,mouse,Box / Complex,170.52,Center,Lateral Grasp
64,mouse,Box / Complex,168.55,Left,Lateral Grasp
64,mouse,Box / Complex,172.24,Center,Lateral Grasp
64,mouse,Box / Complex,170.43,Center,Lateral Grasp
64,mouse,Box / Complex,169.68,Left,Lateral Grasp
64,mouse,Box / Complex,172.23,Center,Lateral Grasp
64,mouse,Box / Complex,-3.87,Right,Lateral Grasp
64,mouse,Box / Complex,-5.93,Right,Lateral Grasp
64,mouse,Box / Complex,-5.04,Right,Lateral Grasp
64,mouse,Box / Complex,166.82,Left,Lateral Grasp
64,mouse,Box / Complex,-8.17,Right,Lateral Grasp
64,mouse,Box / Complex,165.71,Left,Lateral Grasp
64,mouse,Box / Complex,164.1,Left,Lateral Grasp
64,mouse,Box / Complex,170.45,Center,Lateral Grasp
64,mouse,Box / Complex,172.1,Center,Lateral Grasp
64,mouse,Box / Complex,170.28,Center,Lateral Grasp
64,mouse,Box / Complex,172.68,Center,Lateral Grasp
64,mouse,Box / Complex,176.14,Center,Lateral Grasp
64,mouse,Box / Complex,169.67,Left,Lateral Grasp
64,mouse,Box / Complex,2.0,Right,Lateral Grasp
2,cup,Box / Complex,-105.37,Right,Lateral Grasp
64,mouse,Box / Complex,178.0,Center,Lateral Grasp
64,mouse,Box / Complex,171.68,Center,Lateral Grasp
64,mouse,Box / Complex,169.71,Left,Lateral Grasp
64,mouse,Box / Complex,169.19,Left,Lateral Grasp
64,mouse,Box / Complex,169.56,Left,Lateral Grasp
64,mouse,Box / Complex,170.6,Center,Lateral Grasp
64,mouse,Box / Complex,174.76,Center,Lateral Grasp
64,mouse,Box / Complex,171.38,Center,Lateral Grasp
64,mouse,Box / Complex,170.06,Center,Lateral Grasp
64,mouse,Box / Complex,170.63,Center,Lateral Grasp
64,mouse,Box / Complex,169.49,Left,Lateral Grasp
64,mouse,Box / Complex,168.46,Left,Lateral Grasp
64,mouse,Box / Complex,171.13,Center,Lateral Grasp
67,cell phone,Box / Complex,-142.99,Right,Lateral Grasp
64,mouse,Box / Complex,-167.27,Right,Lateral Grasp
64,mouse,Box / Complex,170.95,Center,Lateral Grasp
64,mouse,Box / Complex,168.94,Left,Lateral Grasp
64,mouse,Box / Complex,170.23,Center,Lateral Grasp
64,mouse,Box / Complex,170.79,Center,Lateral Grasp
64,mouse,Box / Complex,169.82,Left,Lateral Grasp
64,mouse,Box / Complex,169.42,Left,Lateral Grasp
64,mouse,Box / Complex,170.89,Center,Lateral Grasp
64,mouse,Cylindrical,170.88,Center,Full Grasp
64,mouse,Box / Complex,169.41,Left,Lateral Grasp
64,mouse,Box / Complex,168.69,Left,Lateral Grasp
64,mouse,Box / Complex,169.09,Left,Lateral Grasp
64,mouse,Box / Complex,170.87,Center,Lateral Grasp
64,mouse,Box / Complex,178.97,Center,Lateral Grasp
2,cup,Spherical,-5.87,Right,Full Grasp
0,apple,Spherical,106.14,Left,Full Grasp
0,apple,Spherical,-95.75,Right,Full Grasp
0,apple,Spherical,-103.84,Right,Full Grasp
2,cup,Spherical,-102.4,Right,Full Grasp
73,book,Box / Complex,-170.93,Center,Lateral Grasp
73,book,Cylindrical,-178.9,Center,Full Grasp
73,book,Cylindrical,-177.09,Center,Full Grasp
73,book,Spherical,-143.69,Right,Full Grasp
73,book,Box / Complex,-157.35,Right,Lateral Grasp
73,book,Cylindrical,-165.67,Right,Full Grasp
73,book,Cylindrical,-164.63,Right,Full Grasp
73,book,Cylindrical,-166.08,Right,Full Grasp
73,book,Cylindrical,11.45,Right,Full Grasp
73,book,Cylindrical,9.88,Right,Full Grasp
2,cup,Cylindrical,85.5,Right,Full Grasp
73,book,Cylindrical,-167.56,Right,Full Grasp
73,book,Cylindrical,-168.85,Right,Full Grasp
73,book,Cylindrical,-169.42,Center,Full Grasp
73,book,Cylindrical,-171.96,Center,Full Grasp
73,book,Cylindrical,-172.59,Center,Full Grasp
73,book,Cylindrical,-173.07,Center,Full Grasp
73,book,Cylindrical,-173.34,Center,Full Grasp
73,book,Cylindrical,-173.69,Center,Full Grasp
73,book,Cylindrical,-173.24,Center,Full Grasp
73,book,Cylindrical,-173.33,Center,Full Grasp
73,book,Cylindrical,-173.4,Center,Full Grasp
73,book,Cylindrical,-173.2,Center,Full Grasp
73,book,Cylindrical,-173.54,Center,Full Grasp
73,book,Cylindrical,-173.62,Center,Full Grasp
73,book,Cylindrical,-173.42,Center,Full Grasp
73,book,Cylindrical,-174.1,Center,Full Grasp
73,book,Cylindrical,-173.24,Center,Full Grasp
73,book,Cylindrical,-173.26,Center,Full Grasp
73,book,Cylindrical,-173.01,Center,Full Grasp
73,book,Cylindrical,-173.84,Center,Full Grasp
2,cup,Spherical,-135.25,Right,Full Grasp
73,book,Cylindrical,-173.48,Center,Full Grasp
73,book,Cylindrical,-173.15,Center,Full Grasp
73,book,Cylindrical,-174.01,Center,Full Grasp
73,book,Cylindrical,-173.99,Center,Full Grasp
73,book,Cylindrical,-174.16,Center,Full Grasp
73,book,Cylindrical,-173.55,Center,Full Grasp
73,book,Cylindrical,-174.37,Center,Full Grasp
73,book,Cylindrical,-173.55,Center,Full Grasp
73,book,Cylindrical,-174.45,Center,Full Grasp
73,book,Cylindrical,-173.47,Center,Full Grasp
73,book,Cylindrical,-173.03,Center,Full Grasp
73,book,Cylindrical,-173.96,Center,Full Grasp
73,book,Cylindrical,-174.36,Center,Full Grasp
73,book,Cylindrical,-173.71,Center,Full Grasp
73,book,Cylindrical,-173.72,Center,Full Grasp
73,book,Cylindrical,-174.22,Center,Full Grasp
73,book,Cylindrical,-173.79,Center,Full Grasp
73,book,Cylindrical,-174.04,Center,Full Grasp
73,book,Cylindrical,-173.34,Center,Full Grasp
73,book,Cylindrical,-173.74,Center,Full Grasp
73,book,Cylindrical,-173.51,Center,Full Grasp
73,book,Cylindrical,-174.14,Center,Full Grasp
73,book,Cylindrical,-173.22,Center,Full Grasp
73,book,Cylindrical,-173.2,Center,Full Grasp
73,book,Cylindrical,-174.44,Center,Full Grasp
73,book,Cylindrical,-174.12,Center,Full Grasp
73,book,Cylindrical,-174.05,Center,Full Grasp
73,book,Cylindrical,-174.88,Center,Full Grasp
73,book,Cylindrical,-174.26,Center,Full Grasp
73,book,Cylindrical,-173.99,Center,Full Grasp
73,book,Cylindrical,-173.1,Center,Full Grasp
73,book,Cylindrical,-174.39,Center,Full Grasp
73,book,Cylindrical,-172.99,Center,Full Grasp
73,book,Cylindrical,-173.44,Center,Full Grasp
73,book,Cylindrical,-173.76,Center,Full Grasp
73,book,Cylindrical,-173.51,Center,Full Grasp
73,book,Cylindrical,-173.58,Center,Full Grasp
73,book,Cylindrical,-173.95,Center,Full Grasp
73,book,Cylindrical,-172.89,Center,Full Grasp
2,cup,Spherical,-142.51,Right,Full Grasp
73,book,Cylindrical,-175.04,Center,Full Grasp
73,book,Cylindrical,-176.59,Center,Full Grasp
65,remote,Cylindrical,-126.13,Right,Full Grasp
65,remote,Cylindrical,-124.91,Right,Full Grasp
65,remote,Cylindrical,-126.52,Right,Full Grasp
73,book,Box / Complex,-176.46,Center,Lateral Grasp
73,book,Box / Complex,-177.09,Center,Lateral Grasp
73,book,Cylindrical,179.01,Center,Full Grasp
73,book,Box / Complex,-179.17,Center,Lateral Grasp
65,remote,Box / Complex,-178.23,Center,Lateral Grasp
73,book,Cylindrical,179.03,Center,Full Grasp
73,book,Cylindrical,179.12,Center,Full Grasp
73,book,Box / Complex,179.64,Center,Lateral Grasp
73,book,Cylindrical,-178.21,Center,Full Grasp
73,book,Cylindrical,178.69,Center,Full Grasp
73,book,Cylindrical,178.64,Center,Full Grasp
73,book,Cylindrical,178.73,Center,Full Grasp
73,book,Cylindrical,178.47,Center,Full Grasp
73,book,Cylindrical,178.29,Center,Full Grasp
73,book,Cylindrical,-177.82,Center,Full Grasp
73,book,Cylindrical,-179.59,Center,Full Grasp
73,book,Cylindrical,-179.81,Center,Full Grasp
73,book,Cylindrical,-179.9,Center,Full Grasp
73,book,Cylindrical,-178.46,Center,Full Grasp
73,book,Cylindrical,-177.69,Center,Full Grasp
73,book,Cylindrical,-169.24,Center,Full Grasp
73,book,Spherical,12.42,Right,Full Grasp
73,book,Cylindrical,-166.41,Right,Full Grasp
73,book,Cylindrical,-168.46,Right,Full Grasp
73,book,Cylindrical,-171.08,Center,Full Grasp
73,book,Cylindrical,-171.9,Center,Full Grasp
2,cup,Cylindrical,94.29,Left,Full Grasp
73,book,Cylindrical,-179.45,Center,Full Grasp
73,book,Cylindrical,-179.49,Center,Full Grasp
73,book,Cylindrical,-178.04,Center,Full Grasp
73,book,Cylindrical,-177.86,Center,Full Grasp
73,book,Cylindrical,-178.27,Center,Full Grasp
73,book,Cylindrical,-177.32,Center,Full Grasp
1,bottle,Cylindrical,-178.09,Center,Full Grasp
1,bottle,Cylindrical,-178.06,Center,Full Grasp
1,bottle,Cylindrical,-178.21,Center,Full Grasp
1,bottle,Cylindrical,-177.97,Center,Full Grasp
73,book,Cylindrical,-179.4,Center,Full Grasp
1,bottle,Cylindrical,-178.54,Center,Full Grasp
1,bottle,Cylindrical,-178.6,Center,Full Grasp
73,book,Cylindrical,177.88,Center,Full Grasp
73,book,Cylindrical,177.53,Center,Full Grasp
73,book,Cylindrical,176.7,Center,Full Grasp
1,bottle,Cylindrical,-179.0,Center,Full Grasp
73,book,Cylindrical,177.27,Center,Full Grasp
73,book,Cylindrical,176.57,Center,Full Grasp
73,book,Cylindrical,176.83,Center,Full Grasp
1,bottle,Cylindrical,-178.46,Center,Full Grasp
73,book,Cylindrical,176.76,Center,Full Grasp
73,book,Cylindrical,177.02,Center,Full Grasp
1,bottle,Cylindrical,-177.97,Center,Full Grasp
73,book,Cylindrical,177.25,Center,Full Grasp
73,book,Cylindrical,177.63,Center,Full Grasp
73,book,Cylindrical,176.67,Center,Full Grasp
1,bottle,Cylindrical,-179.05,Center,Full Grasp
1,bottle,Cylindrical,-178.82,Center,Full Grasp
1,bottle,Cylindrical,-178.5,Center,Full Grasp
1,bottle,Cylindrical,-178.72,Center,Full Grasp
1,bottle,Cylindrical,-178.64,Center,Full Grasp
1,bottle,Cylindrical,-177.85,Center,Full Grasp
73,book,Cylindrical,177.56,Center,Full Grasp
73,book,Cylindrical,177.89,Center,Full Grasp
1,bottle,Cylindrical,-179.72,Center,Full Grasp
2,cup,Cylindrical,176.5,Center,Pinch Grasp
67,cell phone,Box / Complex,-4.2,Right,Lateral Grasp
67,cell phone,Box / Complex,-85.17,Right,Lateral Grasp
67,cell phone,Box / Complex,-88.46,Right,Lateral Grasp
67,cell phone,Box / Complex,85.52,Right,Lateral Grasp
67,cell phone,Box / Complex,86.45,Right,Lateral Grasp
67,cell phone,Box / Complex,87.04,Right,Lateral Grasp
67,cell phone,Box / Complex,-93.6,Right,Lateral Grasp
67,cell phone,Box / Complex,-97.42,Right,Lateral Grasp
67,cell phone,Box / Complex,-95.94,Right,Lateral Grasp
67,cell phone,Box / Complex,-96.04,Right,Lateral Grasp
67,cell phone,Box / Complex,86.39,Right,Lateral Grasp
67,cell phone,Box / Complex,-95.35,Right,Lateral Grasp
67,cell phone,Box / Complex,-98.89,Right,Lateral Grasp
67,cell phone,Box / Complex,-97.66,Right,Lateral Grasp
67,cell phone,Box / Complex,-96.33,Right,Lateral Grasp
67,cell phone,Box / Complex,-95.86,Right,Lateral Grasp
67,cell phone,Box / Complex,-96.97,Right,Lateral Grasp
67,cell phone,Box / Complex,-96.68,Right,Lateral Grasp
67,cell phone,Box / Complex,-95.58,Right,Lateral Grasp
67,cell phone,Box / Complex,-96.26,Right,Lateral Grasp
67,cell phone,Box / Complex,-95.87,Right,Lateral Grasp
67,cell phone,Box / Complex,84.98,Right,Lateral Grasp
67,cell phone,Box / Complex,-95.44,Right,Lateral Grasp
67,cell phone,Box / Complex,-96.62,Right,Lateral Grasp
67,cell phone,Box / Complex,-96.21,Right,Lateral Grasp
67,cell phone,Box / Complex,-95.47,Right,Lateral Grasp
67,cell phone,Box / Complex,-95.4,Right,Lateral Grasp
67,cell phone,Box / Complex,-93.66,Right,Lateral Grasp
67,cell phone,Box / Complex,-96.11,Right,Lateral Grasp
67,cell phone,Box / Complex,-94.65,Right,Lateral Grasp
67,cell phone,Box / Complex,-95.32,Right,Lateral Grasp
67,cell phone,Box / Complex,-94.94,Right,Lateral Grasp
67,cell phone,Box / Complex,-95.53,Right,Lateral Grasp
67,cell phone,Box / Complex,-94.58,Right,Lateral Grasp
67,cell phone,Box / Complex,-94.75,Right,Lateral Grasp
67,cell phone,Box / Complex,-93.96,Right,Lateral Grasp
67,cell phone,Box / Complex,-95.84,Right,Lateral Grasp
67,cell phone,Box / Complex,-97.97,Right,Lateral Grasp
67,cell phone,Box / Complex,-97.59,Right,Lateral Grasp
67,cell phone,Box / Complex,-98.29,Right,Lateral Grasp
67,cell phone,Box / Complex,-98.68,Right,Lateral Grasp
67,cell phone,Box / Complex,-98.03,Right,Lateral Grasp
67,cell phone,Box / Complex,-97.59,Right,Lateral Grasp
67,cell phone,Box / Complex,-100.04,Right,Lateral Grasp
67,cell phone,Box / Complex,-97.03,Right,Lateral Grasp
67,cell phone,Box / Complex,-97.28,Right,Lateral Grasp
67,cell phone,Box / Complex,-96.87,Right,Lateral Grasp
67,cell phone,Box / Complex,-96.52,Right,Lateral Grasp
67,cell phone,Box / Complex,-94.54,Right,Lateral Grasp
67,cell phone,Box / Complex,-94.58,Right,Lateral Grasp
67,cell phone,Box / Complex,-95.68,Right,Lateral Grasp
67,cell phone,Box / Complex,-95.64,Right,Lateral Grasp
67,cell phone,Box / Complex,-96.67,Right,Lateral Grasp
67,cell phone,Box / Complex,-97.09,Right,Lateral Grasp
67,cell phone,Box / Complex,-98.4,Right,Lateral Grasp
67,cell phone,Box / Complex,-96.17,Right,Lateral Grasp
67,cell phone,Box / Complex,-97.77,Right,Lateral Grasp
67,cell phone,Box / Complex,-99.23,Right,Lateral Grasp
67,cell phone,Box / Complex,-96.74,Right,Lateral Grasp
67,cell phone,Box / Complex,-96.15,Right,Lateral Grasp
67,cell phone,Box / Complex,-96.63,Right,Lateral Grasp
67,cell phone,Box / Complex,-98.49,Right,Lateral Grasp
67,cell phone,Box / Complex,-97.7,Right,Lateral Grasp
67,cell phone,Box / Complex,-99.02,Right,Lateral Grasp
67,cell phone,Box / Complex,-98.05,Right,Lateral Grasp
67,cell phone,Box / Complex,-96.93,Right,Lateral Grasp
67,cell phone,Box / Complex,-97.0,Right,Lateral Grasp
67,cell phone,Box / Complex,-95.97,Right,Lateral Grasp
67,cell phone,Box / Complex,-97.12,Right,Lateral Grasp
67,cell phone,Box / Complex,-95.64,Right,Lateral Grasp
67,cell phone,Box / Complex,-92.35,Right,Lateral Grasp
67,cell phone,Box / Complex,-98.67,Right,Lateral Grasp
67,cell phone,Box / Complex,-98.25,Right,Lateral Grasp
2,cup,Cylindrical,101.67,Left,Full Grasp
67,cell phone,Box / Complex,86.39,Right,Lateral Grasp
2,cup,Spherical,113.68,Left,Full Grasp
2,cup,Spherical,109.85,Left,Full Grasp
2,cup,Spherical,108.57,Left,Full Grasp
2,cup,Spherical,108.98,Left,Full Grasp
67,cell phone,Spherical,98.03,Left,Full Grasp
67,cell phone,Spherical,-85.28,Right,Full Grasp
67,cell phone,Spherical,-85.19,Right,Full Grasp
67,cell phone,Spherical,-86.1,Right,Full Grasp
67,cell phone,Spherical,-87.87,Right,Full Grasp
67,cell phone,Spherical,94.77,Left,Full Grasp
67,cell phone,Spherical,-91.0,Right,Full Grasp
67,cell phone,Spherical,-96.1,Right,Full Grasp
67,cell phone,Spherical,-97.79,Right,Full Grasp
2,cup,Spherical,-97.79,Right,Full Grasp
67,cell phone,Spherical,-101.61,Right,Full Grasp
67,cell phone,Box / Complex,-85.48,Right,Lateral Grasp
67,cell phone,Spherical,-87.04,Right,Full Grasp
67,cell phone,Box / Complex,-88.49,Right,Lateral Grasp
67,cell phone,Box / Complex,-93.23,Right,Lateral Grasp
67,cell phone,Box / Complex,-92.19,Right,Lateral Grasp
67,cell phone,Box / Complex,-91.65,Right,Lateral Grasp
67,cell phone,Box / Complex,-92.62,Right,Lateral Grasp
67,cell phone,Box / Complex,-91.85,Right,Lateral Grasp
67,cell phone,Box / Complex,-91.58,Right,Lateral Grasp
67,cell phone,Box / Complex,-91.59,Right,Lateral Grasp
67,cell phone,Box / Complex,-90.75,Right,Lateral Grasp
67,cell phone,Box / Complex,-91.29,Right,Lateral Grasp
67,cell phone,Box / Complex,-91.5,Right,Lateral Grasp
67,cell phone,Box / Complex,-91.84,Right,Lateral Grasp
67,cell phone,Box / Complex,-91.96,Right,Lateral Grasp
67,cell phone,Cylindrical,-92.54,Right,Full Grasp
65,remote,Cylindrical,-92.29,Right,Full Grasp
67,cell phone,Cylindrical,-92.25,Right,Full Grasp
67,cell phone,Cylindrical,-90.92,Right,Full Grasp
65,remote,Cylindrical,-91.17,Right,Full Grasp
67,cell phone,Cylindrical,-90.95,Right,Full Grasp
65,remote,Cylindrical,-90.23,Right,Full Grasp
67,cell phone,Cylindrical,-90.73,Right,Full Grasp
67,cell phone,Cylindrical,-90.44,Right,Full Grasp
67,cell phone,Cylindrical,-90.98,Right,Full Grasp
67,cell phone,Cylindrical,-90.3,Right,Full Grasp
67,cell phone,Cylindrical,-90.67,Right,Full Grasp
67,cell phone,Cylindrical,-91.21,Right,Full Grasp
67,cell phone,Cylindrical,-90.57,Right,Full Grasp
67,cell phone,Cylindrical,-90.91,Right,Full Grasp
67,cell phone,Cylindrical,-90.42,Right,Full Grasp
67,cell phone,Cylindrical,-90.42,Right,Full Grasp
67,cell phone,Cylindrical,-90.84,Right,Full Grasp
67,cell phone,Cylindrical,-89.85,Right,Full Grasp
67,cell phone,Cylindrical,-90.46,Right,Full Grasp
67,cell phone,Cylindrical,-90.07,Right,Full Grasp
67,cell phone,Cylindrical,-89.64,Right,Full Grasp
67,cell phone,Cylindrical,-90.45,Right,Full Grasp
67,cell phone,Cylindrical,-90.58,Right,Full Grasp
67,cell phone,Cylindrical,-90.55,Right,Full Grasp
67,cell phone,Cylindrical,-90.24,Right,Full Grasp
67,cell phone,Cylindrical,-90.27,Right,Full Grasp
67,cell phone,Cylindrical,-90.35,Right,Full Grasp
67,cell phone,Cylindrical,-90.26,Right,Full Grasp
67,cell phone,Cylindrical,-90.32,Right,Full Grasp
67,cell phone,Cylindrical,-90.24,Right,Full Grasp
67,cell phone,Cylindrical,-89.99,Right,Full Grasp
67,cell phone,Cylindrical,-90.35,Right,Full Grasp
67,cell phone,Cylindrical,-90.04,Right,Full Grasp
67,cell phone,Cylindrical,-89.93,Right,Full Grasp
67,cell phone,Cylindrical,-89.86,Right,Full Grasp
67,cell phone,Cylindrical,-90.54,Right,Full Grasp
67,cell phone,Cylindrical,-89.14,Right,Full Grasp
67,cell phone,Cylindrical,-89.16,Right,Full Grasp
67,cell phone,Cylindrical,-87.7,Right,Full Grasp
67,cell phone,Cylindrical,-87.08,Right,Full Grasp
67,cell phone,Cylindrical,96.63,Left,Full Grasp
67,cell phone,Spherical,99.77,Left,Full Grasp
2,cup,Cylindrical,-178.53,Center,Pinch Grasp
67,cell phone,Spherical,110.8,Left,Full Grasp
73,book,Spherical,121.55,Left,Full Grasp
67,cell phone,Spherical,120.02,Left,Full Grasp
67,cell phone,Spherical,128.9,Left,Full Grasp
67,cell phone,Spherical,138.81,Left,Full Grasp
67,cell phone,Box / Complex,171.97,Center,Lateral Grasp
67,cell phone,Cylindrical,174.61,Center,Full Grasp
67,cell phone,Cylindrical,2.83,Right,Full Grasp
67,cell phone,Box / Complex,-178.59,Center,Lateral Grasp
67,cell phone,Box / Complex,-176.4,Center,Lateral Grasp
67,cell phone,Cylindrical,-177.37,Center,Full Grasp
67,cell phone,Cylindrical,-176.61,Center,Full Grasp
67,cell phone,Box / Complex,-176.03,Center,Lateral Grasp
67,cell phone,Box / Complex,-174.16,Center,Lateral Grasp
67,cell phone,Box / Complex,5.4,Right,Lateral Grasp
67,cell phone,Box / Complex,-172.65,Center,Lateral Grasp
67,cell phone,Cylindrical,-178.33,Center,Full Grasp
67,cell phone,Cylindrical,-175.5,Center,Full Grasp
67,cell phone,Cylindrical,178.22,Center,Full Grasp
67,cell phone,Cylindrical,-177.41,Center,Full Grasp
67,cell phone,Cylindrical,-178.29,Center,Full Grasp
67,cell phone,Box / Complex,4.23,Right,Lateral Grasp
67,cell phone,Spherical,127.5,Left,Full Grasp
67,cell phone,Spherical,138.95,Left,Full Grasp
67,cell phone,Spherical,127.06,Left,Full Grasp
67,cell phone,Spherical,127.28,Left,Full Grasp
73,book,Spherical,126.24,Left,Full Grasp
73,book,Spherical,124.61,Left,Full Grasp
73,book,Spherical,124.92,Left,Full Grasp
2,cup,Spherical,114.81,Left,Full Grasp
73,book,Box / Complex,-174.46,Center,Lateral Grasp
2,cup,Spherical,-119.34,Right,Full Grasp
2,cup,Box / Complex,-107.8,Right,Lateral Grasp
2,cup,Spherical,-80.79,Right,Full Grasp
2,cup,Spherical,95.4,Left,Full Grasp
2,cup,Spherical,92.88,Left,Full Grasp
2,cup,Spherical,93.75,Left,Full Grasp
2,cup,Spherical,94.85,Left,Full Grasp
2,cup,Spherical,93.39,Left,Full Grasp
2,cup,Spherical,90.04,Left,Full Grasp
2,cup,Spherical,85.12,Right,Full Grasp
2,cup,Box / Complex,91.8,Left,Lateral Grasp
2,cup,Box / Complex,91.58,Left,Lateral Grasp
2,cup,Box / Complex,91.85,Left,Lateral Grasp
2,cup,Box / Complex,94.63,Left,Lateral Grasp
2,cup,Box / Complex,93.73,Left,Lateral Grasp
2,cup,Box / Complex,90.89,Left,Lateral Grasp
2,cup,Box / Complex,91.85,Left,Lateral Grasp
73,book,Cylindrical,-178.6,Center,Full Grasp
2,cup,Spherical,-102.76,Right,Full Grasp
73,book,Box / Complex,-168.71,Right,Lateral Grasp
2,cup,Box / Complex,-88.32,Right,Lateral Grasp
2,cup,Box / Complex,-88.1,Right,Lateral Grasp
2,cup,Cylindrical,-133.46,Right,Full Grasp
2,cup,Spherical,-95.92,Right,Full Grasp
2,cup,Spherical,-95.16,Right,Full Grasp
2,cup,Box / Complex,-97.73,Right,Lateral Grasp
2,cup,Box / Complex,-94.9,Right,Lateral Grasp
2,cup,Spherical,-96.44,Right,Full Grasp
2,cup,Spherical,-103.11,Right,Full Grasp
2,cup,Spherical,-133.03,Right,Full Grasp
2,cup,Spherical,-113.61,Right,Full Grasp
2,cup,Spherical,-123.12,Right,Full Grasp
2,cup,Spherical,-109.56,Right,Full Grasp
2,cup,Spherical,-112.29,Right,Full Grasp
2,cup,Spherical,-114.9,Right,Full Grasp
2,cup,Box / Complex,-97.15,Right,Lateral Grasp
2,cup,Box / Complex,-97.86,Right,Lateral Grasp
2,cup,Box / Complex,-98.79,Right,Lateral Grasp
2,cup,Spherical,-111.4,Right,Full Grasp
2,cup,Spherical,-97.84,Right,Full Grasp
2,cup,Cylindrical,-94.47,Right,Full Grasp
2,cup,Cylindrical,-95.02,Right,Full Grasp
2,cup,Cylindrical,-95.25,Right,Full Grasp
2,cup,Cylindrical,-94.85,Right,Full Grasp
2,cup,Spherical,-103.58,Right,Full Grasp
2,cup,Spherical,-128.25,Right,Full Grasp
2,cup,Spherical,-104.36,Right,Full Grasp
2,cup,Spherical,-100.88,Right,Full Grasp
2,cup,Cylindrical,-95.69,Right,Full Grasp
2,cup,Cylindrical,-92.94,Right,Full Grasp
2,cup,Cylindrical,-94.94,Right,Full Grasp
2,cup,Cylindrical,-95.91,Right,Full Grasp
2,cup,Cylindrical,-95.05,Right,Full Grasp
2,cup,Cylindrical,-94.18,Right,Full Grasp
2,cup,Spherical,-95.48,Right,Full Grasp
2,cup,Box / Complex,-97.57,Right,Lateral Grasp
2,cup,Box / Complex,-95.61,Right,Lateral Grasp
2,cup,Box / Complex,-98.23,Right,Lateral Grasp
2,cup,Spherical,-137.08,Right,Full Grasp
2,cup,Spherical,-133.91,Right,Full Grasp
2,cup,Box / Complex,-142.59,Right,Lateral Grasp
2,cup,Cylindrical,-130.18,Right,Full Grasp
2,cup,Spherical,-138.49,Right,Full Grasp
2,cup,Spherical,-97.02,Right,Full Grasp
2,cup,Spherical,-95.89,Right,Full Grasp
2,cup,Spherical,-98.35,Right,Full Grasp
2,cup,Box / Complex,-98.78,Right,Lateral Grasp
2,cup,Spherical,-140.77,Right,Full Grasp
2,cup,Cylindrical,-94.93,Right,Full Grasp
2,cup,Box / Complex,89.56,Right,Lateral Grasp
2,cup,Cylindrical,-94.19,Right,Full Grasp
2,cup,Cylindrical,-94.3,Right,Full Grasp
2,cup,Box / Complex,-84.24,Right,Lateral Grasp
2,cup,Spherical,-87.44,Right,Full Grasp
2,cup,Spherical,-102.1,Right,Full Grasp
2,cup,Spherical,-121.59,Right,Full Grasp
2,cup,Spherical,-97.74,Right,Full Grasp
2,cup,Spherical,-113.17,Right,Full Grasp
2,cup,Spherical,-136.36,Right,Full Grasp
2,cup,Box / Complex,-99.69,Right,Lateral Grasp
2,cup,Box / Complex,-98.49,Right,Lateral Grasp
2,cup,Spherical,-100.03,Right,Full Grasp
2,cup,Spherical,-129.77,Right,Full Grasp
2,cup,Box / Complex,-103.03,Right,Lateral Grasp
2,cup,Spherical,-97.77,Right,Full Grasp
2,cup,Spherical,-112.13,Right,Full Grasp
2,cup,Box / Complex,-97.98,Right,Lateral Grasp
2,cup,Spherical,-110.42,Right,Full Grasp
2,cup,Spherical,-102.4,Right,Full Grasp
2,cup,Cylindrical,-94.34,Right,Full Grasp
2,cup,Spherical,-95.78,Right,Full Grasp
2,cup,Box / Complex,-93.97,Right,Lateral Grasp
2,cup,Spherical,-95.73,Right,Full Grasp
2,cup,Box / Complex,-93.9,Right,Lateral Grasp
2,cup,Spherical,-98.79,Right,Full Grasp
2,cup,Box / Complex,-1.11,Right,Lateral Grasp
2,cup,Box / Complex,168.79,Left,Lateral Grasp
2,cup,Spherical,81.31,Right,Full Grasp
0,apple,Spherical,91.76,Left,Full Grasp
2,cup,Spherical,111.92,Left,Full Grasp
0,apple,Box / Complex,77.24,Right,Lateral Grasp
0,apple,Box / Complex,74.19,Right,Lateral Grasp
0,apple,Cylindrical,71.82,Right,Full Grasp
0,apple,Spherical,81.9,Right,Full Grasp
2,cup,Box / Complex,177.52,Center,Lateral Grasp
2,cup,Box / Complex,14.58,Right,Lateral Grasp
2,cup,Box / Complex,-167.42,Right,Lateral Grasp
0,apple,Spherical,114.87,Left,Full Grasp
0,apple,Spherical,-158.74,Right,Full Grasp
0,apple,Spherical,-142.81,Right,Full Grasp
0,apple,Spherical,-95.67,Right,Full Grasp
0,apple,Spherical,-93.65,Right,Full Grasp
0,apple,Spherical,-80.54,Right,Full Grasp
67,cell phone,Spherical,130.88,Left,Full Grasp
67,cell phone,Box / Complex,124.67,Left,Lateral Grasp
1,bottle,Cylindrical,95.51,Left,Full Grasp
1,bottle,Cylindrical,95.72,Left,Full Grasp
1,bottle,Cylindrical,92.95,Left,Full Grasp
67,cell phone,Cylindrical,-91.32,Right,Full Grasp
1,bottle,Cylindrical,-92.1,Right,Full Grasp
1,bottle,Cylindrical,-92.24,Right,Full Grasp
1,bottle,Cylindrical,-90.88,Right,Full Grasp
67,cell phone,Cylindrical,-90.36,Right,Full Grasp
1,bottle,Cylindrical,-91.5,Right,Full Grasp
1,bottle,Cylindrical,-91.38,Right,Full Grasp
1,bottle,Cylindrical,-89.79,Right,Full Grasp
1,bottle,Cylindrical,-91.0,Right,Full Grasp
1,bottle,Cylindrical,-92.7,Right,Full Grasp
1,bottle,Cylindrical,-90.44,Right,Full Grasp
1,bottle,Cylindrical,-90.74,Right,Full Grasp
1,bottle,Cylindrical,-91.22,Right,Full Grasp
67,cell phone,Cylindrical,-89.73,Right,Full Grasp
1,bottle,Cylindrical,-91.3,Right,Full Grasp
1,bottle,Cylindrical,90.72,Left,Full Grasp
67,cell phone,Cylindrical,-90.69,Right,Full Grasp
67,cell phone,Box / Complex,111.45,Left,Lateral Grasp
67,cell phone,Box / Complex,171.18,Center,Pinch Grasp
67,cell phone,Box / Complex,168.58,Left,Pinch Grasp
67,cell phone,Box / Complex,170.07,Center,Lateral Grasp
67,cell phone,Box / Complex,168.53,Left,Lateral Grasp
1,bottle,Box / Complex,67.22,Right,Lateral Grasp
67,cell phone,Box / Complex,167.47,Left,Pinch Grasp
67,cell phone,Cylindrical,-91.24,Right,Full Grasp
1,bottle,Cylindrical,-89.86,Right,Full Grasp
1,bottle,Cylindrical,-90.76,Right,Full Grasp
1,bottle,Cylindrical,-90.4,Right,Full Grasp
1,bottle,Cylindrical,-91.0,Right,Full Grasp
1,bottle,Cylindrical,-90.6,Right,Full Grasp
1,bottle,Cylindrical,-89.76,Right,Full Grasp
1,bottle,Cylindrical,-90.96,Right,Full Grasp
1,bottle,Cylindrical,-91.43,Right,Full Grasp
1,bottle,Cylindrical,-90.79,Right,Full Grasp
1,bottle,Cylindrical,-90.06,Right,Full Grasp
1,bottle,Cylindrical,-89.21,Right,Full Grasp
1,bottle,Cylindrical,-89.81,Right,Full Grasp
1,bottle,Cylindrical,90.79,Left,Full Grasp
1,bottle,Cylindrical,-89.36,Right,Full Grasp
1,bottle,Cylindrical,-89.4,Right,Full Grasp
1,bottle,Cylindrical,-89.66,Right,Full Grasp
1,bottle,Cylindrical,-89.43,Right,Full Grasp
1,bottle,Cylindrical,-89.22,Right,Full Grasp
1,bottle,Cylindrical,-89.57,Right,Full Grasp
67,cell phone,Box / Complex,-58.69,Right,Lateral Grasp
67,cell phone,Spherical,-72.18,Right,Full Grasp
67,cell phone,Box / Complex,-83.7,Right,Lateral Grasp
1,bottle,Box / Complex,-85.17,Right,Lateral Grasp
1,bottle,Box / Complex,-87.99,Right,Lateral Grasp
1,bottle,Box / Complex,-87.96,Right,Lateral Grasp
1,bottle,Box / Complex,-92.33,Right,Lateral Grasp
1,bottle,Box / Complex,87.3,Right,Lateral Grasp
1,bottle,Box / Complex,-88.16,Right,Lateral Grasp
1,bottle,Box / Complex,-90.21,Right,Lateral Grasp
1,bottle,Box / Complex,-89.14,Right,Lateral Grasp
1,bottle,Box / Complex,-90.76,Right,Lateral Grasp
1,bottle,Box / Complex,-93.8,Right,Lateral Grasp
1,bottle,Box / Complex,-94.62,Right,Lateral Grasp
1,bottle,Box / Complex,-90.5,Right,Lateral Grasp
1,bottle,Spherical,-84.3,Right,Full Grasp
1,bottle,Spherical,100.29,Left,Full Grasp
1,bottle,Spherical,-79.99,Right,Full Grasp
1,bottle,Spherical,105.67,Left,Full Grasp
1,bottle,Spherical,107.17,Left,Full Grasp
1,bottle,Spherical,108.64,Left,Full Grasp
67,cell phone,Spherical,113.98,Left,Full Grasp
2,cup,Spherical,115.23,Left,Full Grasp
2,cup,Box / Complex,118.55,Left,Lateral Grasp
2,cup,Box / Complex,-76.39,Right,Lateral Grasp
76,scissors,Spherical,-78.54,Right,Full Grasp
0,apple,Box / Complex,-125.47,Right,Lateral Grasp
76,scissors,Box / Complex,-84.56,Right,Lateral Grasp
1,bottle,Box / Complex,-85.14,Right,Lateral Grasp
1,bottle,Box / Complex,-84.41,Right,Lateral Grasp
1,bottle,Box / Complex,-84.74,Right,Lateral Grasp
1,bottle,Box / Complex,-81.24,Right,Lateral Grasp
1,bottle,Box / Complex,-82.39,Right,Lateral Grasp
1,bottle,Box / Complex,-77.94,Right,Lateral Grasp
76,scissors,Box / Complex,-83.83,Right,Lateral Grasp
1,bottle,Box / Complex,170.86,Center,Lateral Grasp
1,bottle,Box / Complex,-8.23,Right,Lateral Grasp
1,bottle,Box / Complex,-85.0,Right,Lateral Grasp
1,bottle,Box / Complex,-15.02,Right,Lateral Grasp
1,bottle,Box / Complex,162.79,Left,Lateral Grasp
1,bottle,Box / Complex,-11.75,Right,Lateral Grasp
1,bottle,Box / Complex,139.16,Left,Lateral Grasp
1,bottle,Box / Complex,-42.66,Right,Lateral Grasp
1,bottle,Box / Complex,-84.38,Right,Lateral Grasp
1,bottle,Box / Complex,-85.55,Right,Lateral Grasp
1,bottle,Box / Complex,-85.65,Right,Lateral Grasp
1,bottle,Box / Complex,-83.38,Right,Lateral Grasp
1,bottle,Box / Complex,93.18,Left,Lateral Grasp
1,bottle,Box / Complex,-86.52,Right,Lateral Grasp
1,bottle,Box / Complex,-85.58,Right,Lateral Grasp
1,bottle,Box / Complex,-85.08,Right,Lateral Grasp
1,bottle,Box / Complex,93.94,Left,Lateral Grasp
1,bottle,Box / Complex,94.28,Left,Lateral Grasp
1,bottle,Box / Complex,-85.98,Right,Lateral Grasp
1,bottle,Box / Complex,-81.9,Right,Lateral Grasp
76,scissors,Spherical,-78.45,Right,Full Grasp
75,vase,Spherical,-74.11,Right,Full Grasp
75,vase,Spherical,-73.53,Right,Full Grasp
76,scissors,Spherical,-73.42,Right,Full Grasp
76,scissors,Spherical,-75.6,Right,Full Grasp
76,scissors,Spherical,104.72,Left,Full Grasp
76,scissors,Spherical,104.23,Left,Full Grasp
76,scissors,Spherical,-77.38,Right,Full Grasp
76,scissors,Spherical,104.23,Left,Full Grasp
76,scissors,Spherical,104.57,Left,Full Grasp
76,scissors,Spherical,-74.99,Right,Full Grasp
76,scissors,Spherical,-76.84,Right,Full Grasp
76,scissors,Spherical,-72.2,Right,Full Grasp
76,scissors,Spherical,-71.67,Right,Full Grasp
76,scissors,Spherical,-72.2,Right,Full Grasp
76,scissors,Spherical,108.23,Left,Full Grasp
76,scissors,Spherical,-74.26,Right,Full Grasp
76,scissors,Spherical,-74.85,Right,Full Grasp
76,scissors,Spherical,-73.86,Right,Full Grasp
76,scissors,Spherical,105.47,Left,Full Grasp
76,scissors,Spherical,105.61,Left,Full Grasp
76,scissors,Spherical,106.35,Left,Full Grasp
76,scissors,Spherical,-74.53,Right,Full Grasp
76,scissors,Spherical,-73.09,Right,Full Grasp
76,scissors,Spherical,104.97,Left,Full Grasp
76,scissors,Spherical,104.41,Left,Full Grasp
76,scissors,Spherical,-78.85,Right,Full Grasp
76,scissors,Spherical,96.46,Left,Full Grasp
76,scissors,Spherical,-81.98,Right,Full Grasp
76,scissors,Spherical,-82.53,Right,Full Grasp
76,scissors,Spherical,-87.33,Right,Full Grasp
76,scissors,Spherical,-88.12,Right,Full Grasp
76,scissors,Spherical,-90.43,Right,Full Grasp
76,scissors,Spherical,-89.0,Right,Full Grasp
76,scissors,Spherical,-92.72,Right,Full Grasp
76,scissors,Spherical,84.03,Right,Full Grasp
76,scissors,Spherical,-97.54,Right,Full Grasp
76,scissors,Spherical,83.99,Right,Full Grasp
76,scissors,Spherical,84.37,Right,Full Grasp
76,scissors,Spherical,-97.34,Right,Full Grasp
76,scissors,Spherical,-97.44,Right,Full Grasp
76,scissors,Spherical,-97.01,Right,Full Grasp
76,scissors,Spherical,-97.78,Right,Full Grasp
76,scissors,Spherical,-97.54,Right,Full Grasp
76,scissors,Spherical,-98.93,Right,Full Grasp
76,scissors,Spherical,-99.62,Right,Full Grasp
76,scissors,Spherical,-97.97,Right,Full Grasp
76,scissors,Spherical,83.25,Right,Full Grasp
76,scissors,Spherical,-97.34,Right,Full Grasp
76,scissors,Spherical,-97.65,Right,Full Grasp
76,scissors,Spherical,83.24,Right,Full Grasp
76,scissors,Spherical,84.33,Right,Full Grasp
76,scissors,Spherical,-99.21,Right,Full Grasp
76,scissors,Spherical,82.32,Right,Full Grasp
76,scissors,Spherical,-98.68,Right,Full Grasp
76,scissors,Spherical,-94.17,Right,Full Grasp
76,scissors,Spherical,82.8,Right,Full Grasp
76,scissors,Spherical,83.4,Right,Full Grasp
76,scissors,Spherical,-94.93,Right,Full Grasp
76,scissors,Spherical,83.07,Right,Full Grasp
76,scissors,Spherical,84.69,Right,Full Grasp
76,scissors,Spherical,-94.61,Right,Full Grasp
76,scissors,Spherical,84.31,Right,Full Grasp
76,scissors,Spherical,83.79,Right,Full Grasp
76,scissors,Spherical,-94.95,Right,Full Grasp
76,scissors,Spherical,83.86,Right,Full Grasp
76,scissors,Spherical,84.16,Right,Full Grasp
76,scissors,Spherical,85.86,Right,Full Grasp
76,scissors,Spherical,86.37,Right,Full Grasp
76,scissors,Spherical,86.04,Right,Full Grasp
76,scissors,Spherical,-96.02,Right,Full Grasp
76,scissors,Spherical,-96.22,Right,Full Grasp
76,scissors,Spherical,-95.62,Right,Full Grasp
76,scissors,Spherical,-96.1,Right,Full Grasp
76,scissors,Spherical,82.19,Right,Full Grasp
76,scissors,Spherical,-94.69,Right,Full Grasp
76,scissors,Spherical,-94.16,Right,Full Grasp
76,scissors,Spherical,-96.42,Right,Full Grasp
76,scissors,Spherical,82.22,Right,Full Grasp
76,scissors,Spherical,-96.07,Right,Full Grasp
76,scissors,Box / Complex,-94.88,Right,Lateral Grasp
76,scissors,Box / Complex,-98.66,Right,Lateral Grasp
76,scissors,Box / Complex,81.75,Right,Lateral Grasp
76,scissors,Box / Complex,-99.85,Right,Lateral Grasp
76,scissors,Box / Complex,76.79,Right,Lateral Grasp
76,scissors,Box / Complex,81.39,Right,Lateral Grasp
76,scissors,Box / Complex,81.96,Right,Lateral Grasp
76,scissors,Box / Complex,81.06,Right,Lateral Grasp
76,scissors,Box / Complex,-99.99,Right,Lateral Grasp
76,scissors,Box / Complex,82.58,Right,Lateral Grasp
76,scissors,Box / Complex,-94.27,Right,Lateral Grasp
76,scissors,Box / Complex,82.92,Right,Lateral Grasp
76,scissors,Box / Complex,81.72,Right,Lateral Grasp
76,scissors,Box / Complex,-98.21,Right,Lateral Grasp
76,scissors,Box / Complex,81.21,Right,Lateral Grasp
76,scissors,Box / Complex,-95.76,Right,Lateral Grasp
76,scissors,Box / Complex,-98.82,Right,Lateral Grasp
76,scissors,Box / Complex,-98.57,Right,Lateral Grasp
76,scissors,Box / Complex,-104.44,Right,Lateral Grasp
76,scissors,Box / Complex,-104.89,Right,Lateral Grasp
76,scissors,Box / Complex,-104.31,Right,Lateral Grasp
76,scissors,Box / Complex,-105.08,Right,Lateral Grasp
76,scissors,Box / Complex,-105.66,Right,Lateral Grasp
76,scissors,Box / Complex,-105.24,Right,Lateral Grasp
76,scissors,Spherical,-106.43,Right,Full Grasp
76,scissors,Box / Complex,-107.35,Right,Lateral Grasp
76,scissors,Spherical,-106.62,Right,Full Grasp
76,scissors,Spherical,-106.15,Right,Full Grasp
76,scissors,Box / Complex,-107.4,Right,Lateral Grasp
76,scissors,Spherical,-108.4,Right,Full Grasp
76,scissors,Spherical,-108.38,Right,Full Grasp
76,scissors,Spherical,-108.41,Right,Full Grasp
76,scissors,Spherical,-107.18,Right,Full Grasp
76,scissors,Box / Complex,-107.71,Right,Lateral Grasp
76,scissors,Box / Complex,-107.13,Right,Lateral Grasp
76,scissors,Box / Complex,-107.14,Right,Lateral Grasp
76,scissors,Box / Complex,-106.95,Right,Lateral Grasp
76,scissors,Box / Complex,-107.56,Right,Lateral Grasp
76,scissors,Box / Complex,-106.86,Right,Lateral Grasp
76,scissors,Box / Complex,-106.27,Right,Lateral Grasp
76,scissors,Box / Complex,-107.97,Right,Lateral Grasp
76,scissors,Box / Complex,-105.4,Right,Lateral Grasp
76,scissors,Box / Complex,-107.4,Right,Lateral Grasp
76,scissors,Box / Complex,-107.64,Right,Lateral Grasp
76,scissors,Spherical,-110.06,Right,Full Grasp
76,scissors,Box / Complex,-110.51,Right,Lateral Grasp
76,scissors,Box / Complex,-109.76,Right,Lateral Grasp
76,scissors,Box / Complex,-109.81,Right,Lateral Grasp
76,scissors,Spherical,-110.36,Right,Full Grasp
76,scissors,Box / Complex,-110.7,Right,Lateral Grasp
76,scissors,Box / Complex,-110.42,Right,Lateral Grasp
76,scissors,Box / Complex,-109.18,Right,Lateral Grasp
76,scissors,Box / Complex,-109.14,Right,Lateral Grasp
76,scissors,Spherical,-110.18,Right,Full Grasp
76,scissors,Spherical,-110.5,Right,Full Grasp
76,scissors,Spherical,-110.47,Right,Full Grasp
76,scissors,Box / Complex,-109.94,Right,Lateral Grasp
76,scissors,Spherical,-110.36,Right,Full Grasp
76,scissors,Spherical,-109.26,Right,Full Grasp
76,scissors,Spherical,-110.4,Right,Full Grasp
76,scissors,Spherical,-110.32,Right,Full Grasp
76,scissors,Spherical,-108.16,Right,Full Grasp
76,scissors,Spherical,-108.57,Right,Full Grasp
76,scissors,Spherical,-107.69,Right,Full Grasp
76,scissors,Spherical,-108.29,Right,Full Grasp
76,scissors,Spherical,-108.43,Right,Full Grasp
76,scissors,Spherical,-108.91,Right,Full Grasp
76,scissors,Spherical,-108.57,Right,Full Grasp
76,scissors,Spherical,-109.68,Right,Full Grasp
76,scissors,Spherical,-107.9,Right,Full Grasp
76,scissors,Spherical,-108.69,Right,Full Grasp
76,scissors,Spherical,-108.57,Right,Full Grasp
76,scissors,Spherical,-108.24,Right,Full Grasp
76,scissors,Spherical,-108.38,Right,Full Grasp
76,scissors,Spherical,-107.57,Right,Full Grasp
76,scissors,Spherical,-109.44,Right,Full Grasp
76,scissors,Spherical,-108.98,Right,Full Grasp
76,scissors,Spherical,-109.36,Right,Full Grasp
76,scissors,Spherical,-107.9,Right,Full Grasp
76,scissors,Spherical,-109.1,Right,Full Grasp
76,scissors,Spherical,-110.46,Right,Full Grasp
1,bottle,Spherical,-109.54,Right,Full Grasp
76,scissors,Spherical,-112.0,Right,Full Grasp
76,scissors,Spherical,-112.43,Right,Full Grasp
76,scissors,Spherical,-112.75,Right,Full Grasp
76,scissors,Spherical,-111.09,Right,Full Grasp
76,scissors,Spherical,-110.5,Right,Full Grasp
76,scissors,Spherical,-102.06,Right,Full Grasp
76,scissors,Spherical,-100.35,Right,Full Grasp
76,scissors,Spherical,-100.1,Right,Full Grasp
76,scissors,Spherical,-100.71,Right,Full Grasp
76,scissors,Spherical,-96.65,Right,Full Grasp
76,scissors,Spherical,-94.21,Right,Full Grasp
76,scissors,Box / Complex,-90.24,Right,Lateral Grasp
1,bottle,Cylindrical,179.82,Center,Full Grasp
76,scissors,Box / Complex,-90.14,Right,Lateral Grasp
76,scissors,Box / Complex,-90.54,Right,Lateral Grasp
76,scissors,Box / Complex,89.35,Right,Lateral Grasp
76,scissors,Box / Complex,-89.25,Right,Lateral Grasp
76,scissors,Box / Complex,-88.34,Right,Lateral Grasp
1,bottle,Cylindrical,178.52,Center,Full Grasp
1,bottle,Cylindrical,178.62,Center,Full Grasp
76,scissors,Box / Complex,-88.6,Right,Lateral Grasp
76,scissors,Box / Complex,-88.07,Right,Lateral Grasp
76,scissors,Box / Complex,-89.92,Right,Lateral Grasp
1,bottle,Box / Complex,-110.38,Right,Lateral Grasp
76,scissors,Spherical,-98.31,Right,Full Grasp
76,scissors,Spherical,-96.25,Right,Full Grasp
76,scissors,Spherical,-77.76,Right,Full Grasp
76,scissors,Box / Complex,81.47,Right,Lateral Grasp
76,scissors,Box / Complex,-113.46,Right,Lateral Grasp
76,scissors,Box / Complex,-100.69,Right,Lateral Grasp
76,scissors,Box / Complex,78.63,Right,Lateral Grasp
76,scissors,Box / Complex,-107.76,Right,Lateral Grasp
76,scissors,Box / Complex,-115.66,Right,Lateral Grasp
76,scissors,Box / Complex,-120.46,Right,Lateral Grasp
76,scissors,Box / Complex,-120.97,Right,Lateral Grasp
76,scissors,Box / Complex,-124.13,Right,Lateral Grasp
76,scissors,Box / Complex,-121.25,Right,Lateral Grasp
76,scissors,Box / Complex,-125.42,Right,Lateral Grasp
76,scissors,Box / Complex,-112.02,Right,Lateral Grasp
76,scissors,Box / Complex,-118.06,Right,Lateral Grasp
76,scissors,Box / Complex,-113.09,Right,Lateral Grasp
76,scissors,Box / Complex,-121.37,Right,Lateral Grasp
76,scissors,Box / Complex,-122.21,Right,Lateral Grasp
76,scissors,Box / Complex,-108.35,Right,Lateral Grasp
76,scissors,Box / Complex,79.35,Right,Lateral Grasp
76,scissors,Box / Complex,83.23,Right,Lateral Grasp
1,bottle,Box / Complex,-174.37,Center,Lateral Grasp
1,bottle,Box / Complex,-176.39,Center,Lateral Grasp
76,scissors,Box / Complex,69.89,Right,Lateral Grasp
76,scissors,Box / Complex,70.41,Right,Lateral Grasp
1,bottle,Box / Complex,-177.31,Center,Lateral Grasp
1,bottle,Box / Complex,-178.78,Center,Lateral Grasp
1,bottle,Box / Complex,-174.63,Center,Lateral Grasp
1,bottle,Box / Complex,-174.47,Center,Lateral Grasp
1,bottle,Box / Complex,-172.38,Center,Lateral Grasp
1,bottle,Box / Complex,-170.14,Center,Lateral Grasp
1,bottle,Box / Complex,-169.96,Center,Lateral Grasp
76,scissors,Box / Complex,-110.46,Right,Lateral Grasp
76,scissors,Box / Complex,-113.61,Right,Lateral Grasp
76,scissors,Box / Complex,-115.65,Right,Lateral Grasp
76,scissors,Box / Complex,-120.14,Right,Lateral Grasp
76,scissors,Box / Complex,-122.02,Right,Lateral Grasp
76,scissors,Box / Complex,-120.28,Right,Lateral Grasp
76,scissors,Box / Complex,-115.08,Right,Lateral Grasp
76,scissors,Box / Complex,-121.58,Right,Lateral Grasp
76,scissors,Box / Complex,-119.86,Right,Lateral Grasp
76,scissors,Box / Complex,-118.16,Right,Lateral Grasp
76,scissors,Box / Complex,-120.7,Right,Lateral Grasp
76,scissors,Box / Complex,-123.47,Right,Lateral Grasp
76,scissors,Box / Complex,-120.26,Right,Lateral Grasp
76,scissors,Box / Complex,-117.89,Right,Lateral Grasp
76,scissors,Box / Complex,-120.65,Right,Lateral Grasp
76,scissors,Box / Complex,-112.45,Right,Lateral Grasp
76,scissors,Box / Complex,-114.78,Right,Lateral Grasp
76,scissors,Box / Complex,-121.13,Right,Lateral Grasp
76,scissors,Box / Complex,-113.54,Right,Lateral Grasp
76,scissors,Box / Complex,-119.43,Right,Lateral Grasp
76,scissors,Box / Complex,-112.06,Right,Lateral Grasp
76,scissors,Box / Complex,-110.23,Right,Lateral Grasp
76,scissors,Box / Complex,-110.76,Right,Lateral Grasp
76,scissors,Box / Complex,-113.54,Right,Lateral Grasp
76,scissors,Box / Complex,-110.22,Right,Lateral Grasp
76,scissors,Box / Complex,-116.18,Right,Lateral Grasp
76,scissors,Box / Complex,-114.9,Right,Lateral Grasp
76,scissors,Box / Complex,-110.69,Right,Lateral Grasp
76,scissors,Box / Complex,-110.93,Right,Lateral Grasp
76,scissors,Box / Complex,-112.33,Right,Lateral Grasp
76,scissors,Box / Complex,-118.44,Right,Lateral Grasp
76,scissors,Box / Complex,-112.4,Right,Lateral Grasp
76,scissors,Box / Complex,-114.36,Right,Lateral Grasp
76,scissors,Box / Complex,-117.29,Right,Lateral Grasp
76,scissors,Box / Complex,-115.08,Right,Lateral Grasp
76,scissors,Box / Complex,-107.08,Right,Lateral Grasp
76,scissors,Box / Complex,-111.48,Right,Lateral Grasp
76,scissors,Box / Complex,-114.9,Right,Lateral Grasp
76,scissors,Box / Complex,-108.38,Right,Lateral Grasp
76,scissors,Box / Complex,-107.92,Right,Lateral Grasp
76,scissors,Box / Complex,-110.73,Right,Lateral Grasp
76,scissors,Box / Complex,-110.54,Right,Lateral Grasp
76,scissors,Box / Complex,-110.3,Right,Lateral Grasp
76,scissors,Box / Complex,-108.86,Right,Lateral Grasp
76,scissors,Box / Complex,-108.22,Right,Lateral Grasp
76,scissors,Box / Complex,-108.3,Right,Lateral Grasp
76,scissors,Box / Complex,-110.03,Right,Lateral Grasp
76,scissors,Box / Complex,-113.85,Right,Lateral Grasp
76,scissors,Box / Complex,-111.32,Right,Lateral Grasp
76,scissors,Box / Complex,-115.23,Right,Lateral Grasp
76,scissors,Box / Complex,-111.78,Right,Lateral Grasp
76,scissors,Box / Complex,-108.19,Right,Lateral Grasp
76,scissors,Box / Complex,-112.12,Right,Lateral Grasp
76,scissors,Box / Complex,-110.72,Right,Lateral Grasp
76,scissors,Box / Complex,-114.09,Right,Lateral Grasp
76,scissors,Box / Complex,-108.86,Right,Lateral Grasp
76,scissors,Box / Complex,-109.44,Right,Lateral Grasp
76,scissors,Box / Complex,-110.1,Right,Lateral Grasp
1,bottle,Box / Complex,11.12,Right,Lateral Grasp
1,bottle,Box / Complex,9.89,Right,Lateral Grasp
1,bottle,Box / Complex,7.23,Right,Lateral Grasp
1,bottle,Box / Complex,-173.14,Center,Lateral Grasp
1,bottle,Box / Complex,-129.29,Right,Lateral Grasp
1,bottle,Box / Complex,-174.42,Center,Lateral Grasp
1,bottle,Box / Complex,7.08,Right,Lateral Grasp
76,scissors,Box / Complex,-109.56,Right,Lateral Grasp
76,scissors,Box / Complex,-115.1,Right,Lateral Grasp
76,scissors,Box / Complex,-109.8,Right,Lateral Grasp
76,scissors,Box / Complex,-118.63,Right,Lateral Grasp
76,scissors,Box / Complex,-114.51,Right,Lateral Grasp
76,scissors,Box / Complex,-112.97,Right,Lateral Grasp
76,scissors,Box / Complex,-113.75,Right,Lateral Grasp
76,scissors,Box / Complex,-121.22,Right,Lateral Grasp
76,scissors,Box / Complex,-123.58,Right,Lateral Grasp
76,scissors,Box / Complex,-120.46,Right,Lateral Grasp
76,scissors,Box / Complex,-118.64,Right,Lateral Grasp
76,scissors,Box / Complex,-118.51,Right,Lateral Grasp
76,scissors,Box / Complex,-123.06,Right,Lateral Grasp
76,scissors,Box / Complex,-121.17,Right,Lateral Grasp
76,scissors,Box / Complex,-117.13,Right,Lateral Grasp
76,scissors,Box / Complex,-110.21,Right,Lateral Grasp
76,scissors,Box / Complex,-111.61,Right,Lateral Grasp
76,scissors,Box / Complex,-116.79,Right,Lateral Grasp
76,scissors,Box / Complex,-117.75,Right,Lateral Grasp
76,scissors,Box / Complex,80.12,Right,Lateral Grasp
2,cup,Spherical,159.98,Left,Full Grasp
46,banana,Cylindrical,-179.05,Center,Full Grasp
2,cup,Spherical,-90.09,Right,Full Grasp
46,banana,Cylindrical,179.75,Center,Full Grasp
46,banana,Cylindrical,178.97,Center,Full Grasp
46,banana,Cylindrical,178.23,Center,Full Grasp
46,banana,Cylindrical,177.36,Center,Full Grasp
46,banana,Cylindrical,177.54,Center,Full Grasp
46,banana,Cylindrical,177.44,Center,Full Grasp
46,banana,Cylindrical,177.15,Center,Full Grasp
46,banana,Cylindrical,177.02,Center,Full Grasp
46,banana,Cylindrical,177.51,Center,Full Grasp
46,banana,Cylindrical,177.3,Center,Full Grasp
46,banana,Cylindrical,177.09,Center,Full Grasp
46,banana,Cylindrical,176.76,Center,Full Grasp
46,banana,Cylindrical,177.21,Center,Full Grasp
46,banana,Cylindrical,176.96,Center,Full Grasp
46,banana,Cylindrical,176.98,Center,Full Grasp
46,banana,Cylindrical,176.77,Center,Full Grasp
46,banana,Cylindrical,176.94,Center,Full Grasp
46,banana,Cylindrical,177.08,Center,Full Grasp
46,banana,Cylindrical,176.97,Center,Full Grasp
46,banana,Cylindrical,176.75,Center,Full Grasp
46,banana,Cylindrical,176.93,Center,Full Grasp
46,banana,Cylindrical,176.79,Center,Full Grasp
46,banana,Cylindrical,176.86,Center,Full Grasp
46,banana,Cylindrical,177.16,Center,Full Grasp
46,banana,Cylindrical,177.44,Center,Full Grasp
46,banana,Cylindrical,177.47,Center,Full Grasp
46,banana,Cylindrical,177.46,Center,Full Grasp
46,banana,Cylindrical,177.58,Center,Full Grasp
46,banana,Cylindrical,177.26,Center,Full Grasp
46,banana,Cylindrical,177.38,Center,Full Grasp
46,banana,Cylindrical,177.46,Center,Full Grasp
46,banana,Cylindrical,177.59,Center,Full Grasp
46,banana,Cylindrical,177.61,Center,Full Grasp
46,banana,Cylindrical,177.01,Center,Full Grasp
46,banana,Cylindrical,177.67,Center,Full Grasp
46,banana,Cylindrical,177.62,Center,Full Grasp
46,banana,Cylindrical,177.45,Center,Full Grasp
46,banana,Cylindrical,177.58,Center,Full Grasp
46,banana,Cylindrical,178.04,Center,Full Grasp
46,banana,Cylindrical,177.96,Center,Full Grasp
46,banana,Cylindrical,177.54,Center,Full Grasp
46,banana,Cylindrical,177.55,Center,Full Grasp
46,banana,Cylindrical,177.46,Center,Full Grasp
46,banana,Cylindrical,177.82,Center,Full Grasp
46,banana,Cylindrical,177.73,Center,Full Grasp
46,banana,Cylindrical,177.55,Center,Full Grasp
46,banana,Cylindrical,177.9,Center,Full Grasp
46,banana,Cylindrical,177.47,Center,Full Grasp
46,banana,Cylindrical,177.65,Center,Full Grasp
46,banana,Cylindrical,177.59,Center,Full Grasp
46,banana,Cylindrical,177.25,Center,Full Grasp
46,banana,Cylindrical,177.58,Center,Full Grasp
46,banana,Cylindrical,177.27,Center,Full Grasp
46,banana,Cylindrical,178.04,Center,Full Grasp
46,banana,Cylindrical,177.49,Center,Full Grasp
46,banana,Cylindrical,177.76,Center,Full Grasp
46,banana,Cylindrical,177.8,Center,Full Grasp
46,banana,Cylindrical,177.62,Center,Full Grasp
46,banana,Cylindrical,177.42,Center,Full Grasp
46,banana,Cylindrical,177.04,Center,Full Grasp
46,banana,Cylindrical,177.65,Center,Full Grasp
46,banana,Cylindrical,177.38,Center,Full Grasp
46,banana,Cylindrical,177.53,Center,Full Grasp
46,banana,Cylindrical,177.33,Center,Full Grasp
46,banana,Cylindrical,177.6,Center,Full Grasp
46,banana,Cylindrical,177.63,Center,Full Grasp
46,banana,Cylindrical,177.73,Center,Full Grasp
46,banana,Cylindrical,177.67,Center,Full Grasp
46,banana,Cylindrical,177.52,Center,Full Grasp
46,banana,Cylindrical,177.3,Center,Full Grasp
46,banana,Cylindrical,177.36,Center,Full Grasp
46,banana,Cylindrical,177.71,Center,Full Grasp
46,banana,Cylindrical,177.67,Center,Full Grasp
46,banana,Cylindrical,177.71,Center,Full Grasp
46,banana,Cylindrical,177.55,Center,Full Grasp
46,banana,Cylindrical,177.29,Center,Full Grasp
46,banana,Cylindrical,177.33,Center,Full Grasp
46,banana,Cylindrical,177.31,Center,Full Grasp
46,banana,Cylindrical,177.55,Center,Full Grasp
46,banana,Cylindrical,177.57,Center,Full Grasp
46,banana,Cylindrical,177.26,Center,Full Grasp
46,banana,Cylindrical,176.96,Center,Full Grasp
46,banana,Cylindrical,177.59,Center,Full Grasp
46,banana,Cylindrical,177.44,Center,Full Grasp
46,banana,Cylindrical,177.43,Center,Full Grasp
46,banana,Cylindrical,177.43,Center,Full Grasp
46,banana,Cylindrical,177.45,Center,Full Grasp
46,banana,Cylindrical,177.59,Center,Full Grasp
46,banana,Cylindrical,178.02,Center,Full Grasp
46,banana,Cylindrical,177.91,Center,Full Grasp
46,banana,Cylindrical,178.09,Center,Full Grasp
46,banana,Cylindrical,179.37,Center,Full Grasp
2,cup,Box / Complex,-124.37,Right,Lateral Grasp
2,cup,Spherical,61.48,Right,Full Grasp
2,cup,Spherical,54.1,Right,Full Grasp
67,cell phone,Spherical,89.18,Right,Full Grasp
1,bottle,Cylindrical,166.04,Left,Full Grasp
1,bottle,Cylindrical,163.5,Left,Full Grasp
1,bottle,Cylindrical,162.91,Left,Full Grasp
1,bottle,Cylindrical,161.84,Left,Full Grasp
1,bottle,Cylindrical,160.71,Left,Full Grasp
1,bottle,Cylindrical,161.18,Left,Full Grasp
1,bottle,Cylindrical,157.09,Left,Full Grasp
1,bottle,Cylindrical,145.19,Left,Full Grasp
1,bottle,Cylindrical,157.48,Left,Full Grasp
1,bottle,Cylindrical,159.75,Left,Full Grasp
1,bottle,Cylindrical,-89.58,Right,Full Grasp
64,mouse,Spherical,86.59,Right,Full Grasp
79,toothbrush,Box / Complex,168.4,Left,Lateral Grasp
2,cup,Spherical,-21.65,Right,Full Grasp
0,apple,Cylindrical,-92.34,Right,Pinch Grasp
2,cup,Spherical,90.03,Left,Full Grasp
2,cup,Spherical,87.28,Right,Full Grasp
2,cup,Spherical,-97.01,Right,Full Grasp
2,cup,Spherical,-98.56,Right,Full Grasp
2,cup,Spherical,89.53,Right,Full Grasp
2,cup,Spherical,89.34,Right,Full Grasp
2,cup,Spherical,-93.23,Right,Full Grasp
2,cup,Spherical,-93.61,Right,Full Grasp
2,cup,Spherical,-92.65,Right,Full Grasp
2,cup,Spherical,-90.15,Right,Full Grasp
2,cup,Spherical,87.74,Right,Full Grasp
2,cup,Spherical,89.21,Right,Full Grasp
2,cup,Spherical,89.22,Right,Full Grasp
2,cup,Spherical,88.07,Right,Full Grasp
2,cup,Spherical,87.11,Right,Full Grasp
2,cup,Box / Complex,89.53,Right,Lateral Grasp
0,apple,Spherical,103.57,Left,Full Grasp
2,cup,Cylindrical,113.76,Left,Pinch Grasp
2,cup,Spherical,127.78,Left,Full Grasp
2,cup,Spherical,122.41,Left,Full Grasp
2,cup,Spherical,119.27,Left,Full Grasp
2,cup,Spherical,120.1,Left,Full Grasp
1,bottle,Box / Complex,94.13,Left,Lateral Grasp
1,bottle,Box / Complex,95.39,Left,Lateral Grasp
1,bottle,Spherical,97.14,Left,Full Grasp
1,bottle,Box / Complex,-96.51,Right,Lateral Grasp
1,bottle,Spherical,90.35,Left,Full Grasp
1,bottle,Spherical,88.03,Right,Full Grasp
2,cup,Box / Complex,-87.51,Right,Lateral Grasp
1,bottle,Cylindrical,91.53,Left,Full Grasp
1,bottle,Spherical,95.96,Left,Full Grasp
2,cup,Spherical,84.48,Right,Full Grasp
2,cup,Spherical,87.36,Right,Full Grasp
2,cup,Spherical,84.78,Right,Full Grasp
2,cup,Spherical,89.37,Right,Full Grasp
2,cup,Spherical,-85.54,Right,Full Grasp
2,cup,Spherical,90.38,Left,Full Grasp
2,cup,Spherical,85.1,Right,Full Grasp
2,cup,Spherical,88.47,Right,Full Grasp
2,cup,Spherical,78.13,Right,Full Grasp
1,bottle,Spherical,84.32,Right,Full Grasp
2,cup,Spherical,91.08,Left,Full Grasp
2,cup,Box / Complex,87.31,Right,Lateral Grasp
2,cup,Spherical,82.1,Right,Full Grasp
2,cup,Spherical,83.62,Right,Full Grasp
2,cup,Box / Complex,84.94,Right,Lateral Grasp
2,cup,Box / Complex,86.41,Right,Lateral Grasp
2,cup,Box / Complex,86.89,Right,Lateral Grasp
2,cup,Box / Complex,87.05,Right,Lateral Grasp
2,cup,Box / Complex,86.59,Right,Lateral Grasp
2,cup,Spherical,87.83,Right,Full Grasp
2,cup,Spherical,87.34,Right,Full Grasp
2,cup,Spherical,84.27,Right,Full Grasp
2,cup,Box / Complex,83.88,Right,Lateral Grasp
2,cup,Box / Complex,83.52,Right,Lateral Grasp
2,cup,Spherical,85.68,Right,Full Grasp
2,cup,Box / Complex,85.47,Right,Lateral Grasp
2,cup,Spherical,79.66,Right,Full Grasp
2,cup,Spherical,86.38,Right,Full Grasp
2,cup,Spherical,89.22,Right,Full Grasp
2,cup,Spherical,92.9,Left,Full Grasp
2,cup,Spherical,90.29,Left,Full Grasp
2,cup,Spherical,92.4,Left,Full Grasp
2,cup,Spherical,91.35,Left,Full Grasp
2,cup,Spherical,86.33,Right,Full Grasp
2,cup,Spherical,89.16,Right,Full Grasp
2,cup,Spherical,90.36,Left,Full Grasp
2,cup,Spherical,82.55,Right,Full Grasp
2,cup,Spherical,-87.12,Right,Full Grasp
2,cup,Spherical,90.35,Left,Full Grasp
2,cup,Spherical,86.57,Right,Full Grasp
2,cup,Spherical,-86.99,Right,Full Grasp
2,cup,Spherical,90.26,Left,Full Grasp
2,cup,Spherical,90.54,Left,Full Grasp
2,cup,Spherical,91.18,Left,Full Grasp
2,cup,Spherical,89.95,Right,Full Grasp
2,cup,Spherical,86.46,Right,Full Grasp
2,cup,Spherical,-86.44,Right,Full Grasp
2,cup,Spherical,-81.92,Right,Full Grasp
2,cup,Spherical,88.42,Right,Full Grasp
2,cup,Spherical,-84.98,Right,Full Grasp
2,cup,Spherical,-87.42,Right,Full Grasp
2,cup,Spherical,89.69,Right,Full Grasp
2,cup,Spherical,-86.16,Right,Full Grasp
2,cup,Spherical,89.84,Right,Full Grasp
2,cup,Spherical,90.91,Left,Full Grasp
2,cup,Spherical,-87.0,Right,Full Grasp
2,cup,Spherical,90.73,Left,Full Grasp
2,cup,Spherical,90.23,Left,Full Grasp
2,cup,Spherical,-86.21,Right,Full Grasp
2,cup,Spherical,90.73,Left,Full Grasp
2,cup,Spherical,88.28,Right,Full Grasp
2,cup,Spherical,89.41,Right,Full Grasp
2,cup,Spherical,87.04,Right,Full Grasp
2,cup,Spherical,-86.55,Right,Full Grasp
2,cup,Spherical,-85.78,Right,Full Grasp
2,cup,Spherical,-86.33,Right,Full Grasp
2,cup,Spherical,91.06,Left,Full Grasp
2,cup,Spherical,90.9,Left,Full Grasp
2,cup,Spherical,91.17,Left,Full Grasp
2,cup,Box / Complex,-85.24,Right,Lateral Grasp
2,cup,Box / Complex,-87.62,Right,Lateral Grasp
2,cup,Spherical,-87.2,Right,Full Grasp
2,cup,Spherical,-83.39,Right,Full Grasp
1,bottle,Spherical,-84.63,Right,Full Grasp
1,bottle,Box / Complex,97.93,Left,Lateral Grasp
2,cup,Spherical,104.21,Left,Full Grasp
2,cup,Spherical,103.28,Left,Full Grasp
2,cup,Spherical,-79.13,Right,Full Grasp
2,cup,Box / Complex,-82.83,Right,Lateral Grasp
2,cup,Spherical,88.76,Right,Full Grasp
2,cup,Spherical,-87.55,Right,Full Grasp
2,cup,Spherical,-86.63,Right,Full Grasp
2,cup,Spherical,-86.78,Right,Full Grasp
2,cup,Box / Complex,-84.55,Right,Lateral Grasp
2,cup,Spherical,-88.16,Right,Full Grasp
2,cup,Spherical,95.77,Left,Full Grasp
2,cup,Box / Complex,89.38,Right,Lateral Grasp
2,cup,Spherical,-87.38,Right,Full Grasp
2,cup,Box / Complex,89.73,Right,Lateral Grasp
2,cup,Box / Complex,88.58,Right,Lateral Grasp
2,cup,Box / Complex,90.15,Left,Lateral Grasp
2,cup,Spherical,91.64,Left,Full Grasp
2,cup,Spherical,-87.93,Right,Full Grasp
2,cup,Spherical,-87.32,Right,Full Grasp
2,cup,Spherical,-86.31,Right,Full Grasp
2,cup,Spherical,89.9,Right,Full Grasp
2,cup,Spherical,-83.61,Right,Full Grasp
2,cup,Spherical,90.6,Left,Full Grasp
2,cup,Spherical,-86.42,Right,Full Grasp
2,cup,Spherical,91.69,Left,Full Grasp
2,cup,Spherical,90.39,Left,Full Grasp
2,cup,Spherical,90.65,Left,Full Grasp
2,cup,Spherical,89.83,Right,Full Grasp
2,cup,Spherical,-88.51,Right,Full Grasp
2,cup,Spherical,89.99,Right,Full Grasp
2,cup,Spherical,-88.31,Right,Full Grasp
2,cup,Spherical,91.02,Left,Full Grasp
2,cup,Spherical,-87.69,Right,Full Grasp
2,cup,Spherical,-86.82,Right,Full Grasp
2,cup,Spherical,-85.93,Right,Full Grasp
2,cup,Spherical,-86.01,Right,Full Grasp
2,cup,Spherical,-85.16,Right,Full Grasp
2,cup,Spherical,91.86,Left,Full Grasp
2,cup,Spherical,-87.3,Right,Full Grasp
2,cup,Spherical,-88.01,Right,Full Grasp
2,cup,Spherical,91.2,Left,Full Grasp
2,cup,Spherical,90.05,Left,Full Grasp
2,cup,Spherical,-87.76,Right,Full Grasp
2,cup,Spherical,-88.6,Right,Full Grasp
2,cup,Spherical,91.31,Left,Full Grasp
2,cup,Spherical,90.57,Left,Full Grasp
2,cup,Spherical,88.99,Right,Full Grasp
2,cup,Spherical,88.95,Right,Full Grasp
2,cup,Spherical,89.92,Right,Full Grasp
2,cup,Spherical,91.38,Left,Full Grasp
2,cup,Spherical,87.21,Right,Full Grasp
2,cup,Spherical,89.33,Right,Full Grasp
2,cup,Spherical,88.43,Right,Full Grasp
2,cup,Spherical,89.19,Right,Full Grasp
2,cup,Spherical,-87.55,Right,Full Grasp
2,cup,Spherical,-87.8,Right,Full Grasp
2,cup,Spherical,-88.35,Right,Full Grasp
2,cup,Spherical,-86.53,Right,Full Grasp
2,cup,Spherical,-84.86,Right,Full Grasp
2,cup,Spherical,-89.05,Right,Full Grasp
1,bottle,Cylindrical,-151.93,Right,Full Grasp
1,bottle,Spherical,87.75,Right,Full Grasp
1,bottle,Spherical,84.7,Right,Full Grasp
1,bottle,Spherical,92.98,Left,Full Grasp
2,cup,Spherical,91.54,Left,Full Grasp
2,cup,Spherical,97.91,Left,Full Grasp
2,cup,Box / Complex,-82.86,Right,Lateral Grasp
2,cup,Spherical,97.12,Left,Full Grasp
2,cup,Spherical,103.27,Left,Full Grasp
2,cup,Spherical,-78.67,Right,Full Grasp
2,cup,Spherical,-84.69,Right,Full Grasp
2,cup,Spherical,-84.74,Right,Full Grasp
2,cup,Spherical,-85.76,Right,Full Grasp
2,cup,Spherical,-86.51,Right,Full Grasp
2,cup,Spherical,89.39,Right,Full Grasp
2,cup,Spherical,-88.24,Right,Full Grasp
2,cup,Spherical,-89.6,Right,Full Grasp
2,cup,Spherical,-85.04,Right,Full Grasp
2,cup,Spherical,-87.46,Right,Full Grasp
2,cup,Spherical,-89.2,Right,Full Grasp
2,cup,Spherical,90.43,Left,Full Grasp
2,cup,Spherical,-83.98,Right,Full Grasp
2,cup,Spherical,95.52,Left,Full Grasp
2,cup,Spherical,-83.29,Right,Full Grasp
2,cup,Spherical,-82.65,Right,Full Grasp
2,cup,Spherical,-87.98,Right,Full Grasp
2,cup,Spherical,-81.77,Right,Full Grasp
2,cup,Spherical,-85.31,Right,Full Grasp
2,cup,Spherical,-83.62,Right,Full Grasp
2,cup,Spherical,-86.11,Right,Full Grasp
2,cup,Spherical,-86.6,Right,Full Grasp
2,cup,Spherical,-86.63,Right,Full Grasp
2,cup,Spherical,-84.83,Right,Full Grasp
2,cup,Spherical,-84.36,Right,Full Grasp
2,cup,Spherical,-82.86,Right,Full Grasp
2,cup,Spherical,-85.82,Right,Full Grasp
2,cup,Spherical,-86.98,Right,Full Grasp
2,cup,Spherical,-87.4,Right,Full Grasp
2,cup,Spherical,-85.57,Right,Full Grasp
2,cup,Spherical,-85.35,Right,Full Grasp
2,cup,Spherical,-85.52,Right,Full Grasp
2,cup,Spherical,-87.29,Right,Full Grasp
2,cup,Spherical,-85.86,Right,Full Grasp
2,cup,Spherical,-88.83,Right,Full Grasp
2,cup,Spherical,-87.69,Right,Full Grasp
2,cup,Spherical,-86.98,Right,Full Grasp
2,cup,Spherical,-86.17,Right,Full Grasp
2,cup,Spherical,93.16,Left,Full Grasp
2,cup,Spherical,-87.26,Right,Full Grasp
2,cup,Spherical,-84.48,Right,Full Grasp
2,cup,Spherical,95.3,Left,Full Grasp
2,cup,Spherical,-83.48,Right,Full Grasp
2,cup,Spherical,99.63,Left,Full Grasp
2,cup,Spherical,98.41,Left,Full Grasp
2,cup,Spherical,-86.07,Right,Full Grasp
2,cup,Spherical,-87.09,Right,Full Grasp
2,cup,Spherical,-83.52,Right,Full Grasp
2,cup,Spherical,90.22,Left,Full Grasp
2,cup,Spherical,-88.67,Right,Full Grasp
2,cup,Spherical,-85.75,Right,Full Grasp
2,cup,Spherical,-87.16,Right,Full Grasp
2,cup,Spherical,-87.65,Right,Full Grasp
2,cup,Spherical,-83.3,Right,Full Grasp
2,cup,Spherical,-82.29,Right,Full Grasp
2,cup,Spherical,98.6,Left,Full Grasp
2,cup,Spherical,-82.43,Right,Full Grasp
2,cup,Spherical,-84.88,Right,Full Grasp
2,cup,Spherical,-79.3,Right,Full Grasp
2,cup,Spherical,97.38,Left,Full Grasp
2,cup,Spherical,94.83,Left,Full Grasp
2,cup,Spherical,99.42,Left,Full Grasp
2,cup,Spherical,98.8,Left,Full Grasp
2,cup,Spherical,95.8,Left,Full Grasp
2,cup,Spherical,97.26,Left,Full Grasp
2,cup,Spherical,101.2,Left,Full Grasp
2,cup,Spherical,105.68,Left,Full Grasp
2,cup,Spherical,101.68,Left,Full Grasp
2,cup,Spherical,100.19,Left,Full Grasp
2,cup,Spherical,-87.22,Right,Full Grasp
2,cup,Spherical,98.27,Left,Full Grasp
2,cup,Spherical,-86.87,Right,Full Grasp
2,cup,Spherical,-85.35,Right,Full Grasp
2,cup,Spherical,90.43,Left,Full Grasp
0,apple,Box / Complex,122.15,Left,Lateral Grasp
1,bottle,Box / Complex,-135.19,Right,Lateral Grasp
1,bottle,Box / Complex,-121.57,Right,Lateral Grasp
0,apple,Spherical,-136.03,Right,Full Grasp
1,bottle,Box / Complex,-88.78,Right,Lateral Grasp
1,bottle,Cylindrical,-91.33,Right,Full Grasp
1,bottle,Cylindrical,-87.48,Right,Full Grasp
1,bottle,Box / Complex,-87.85,Right,Lateral Grasp
1,bottle,Box / Complex,89.52,Right,Lateral Grasp
1,bottle,Cylindrical,87.99,Right,Full Grasp
1,bottle,Cylindrical,-89.65,Right,Full Grasp
1,bottle,Box / Complex,-89.45,Right,Lateral Grasp
1,bottle,Box / Complex,-88.17,Right,Lateral Grasp
1,bottle,Box / Complex,-89.71,Right,Lateral Grasp
1,bottle,Cylindrical,-89.86,Right,Full Grasp
1,bottle,Box / Complex,-87.76,Right,Lateral Grasp
1,bottle,Cylindrical,91.37,Left,Full Grasp
1,bottle,Cylindrical,-88.38,Right,Full Grasp
1,bottle,Box / Complex,-89.04,Right,Lateral Grasp
1,bottle,Cylindrical,-89.65,Right,Full Grasp
1,bottle,Cylindrical,-89.23,Right,Full Grasp
1,bottle,Cylindrical,90.07,Left,Full Grasp
1,bottle,Cylindrical,89.34,Right,Full Grasp
1,bottle,Cylindrical,-89.7,Right,Full Grasp
1,bottle,Cylindrical,-89.73,Right,Full Grasp
1,bottle,Cylindrical,91.28,Left,Full Grasp
1,bottle,Cylindrical,-88.87,Right,Full Grasp
1,bottle,Cylindrical,-88.32,Right,Full Grasp
1,bottle,Box / Complex,-87.25,Right,Lateral Grasp
1,bottle,Cylindrical,91.61,Left,Full Grasp
1,bottle,Cylindrical,91.84,Left,Full Grasp
1,bottle,Box / Complex,91.29,Left,Lateral Grasp
1,bottle,Cylindrical,-88.09,Right,Full Grasp
1,bottle,Cylindrical,-87.67,Right,Full Grasp
1,bottle,Cylindrical,-86.86,Right,Full Grasp
1,bottle,Cylindrical,-87.71,Right,Full Grasp
1,bottle,Cylindrical,-87.57,Right,Full Grasp
1,bottle,Cylindrical,-87.16,Right,Full Grasp
1,bottle,Cylindrical,-88.27,Right,Full Grasp
1,bottle,Cylindrical,90.46,Left,Full Grasp
1,bottle,Cylindrical,-89.15,Right,Full Grasp
1,bottle,Cylindrical,91.69,Left,Full Grasp
1,bottle,Cylindrical,-87.7,Right,Full Grasp
1,bottle,Box / Complex,-87.11,Right,Lateral Grasp
1,bottle,Box / Complex,-86.61,Right,Lateral Grasp
1,bottle,Cylindrical,92.03,Left,Full Grasp
1,bottle,Cylindrical,-86.58,Right,Full Grasp
1,bottle,Cylindrical,92.55,Left,Full Grasp
1,bottle,Box / Complex,-85.87,Right,Lateral Grasp
1,bottle,Cylindrical,-87.09,Right,Full Grasp
1,bottle,Box / Complex,-86.86,Right,Lateral Grasp
1,bottle,Cylindrical,90.82,Left,Full Grasp
1,bottle,Cylindrical,-86.77,Right,Full Grasp
1,bottle,Cylindrical,-85.84,Right,Full Grasp
1,bottle,Box / Complex,-85.72,Right,Lateral Grasp
1,bottle,Cylindrical,-85.85,Right,Full Grasp
1,bottle,Cylindrical,-85.98,Right,Full Grasp
1,bottle,Box / Complex,-86.28,Right,Lateral Grasp
1,bottle,Cylindrical,-86.19,Right,Full Grasp
1,bottle,Cylindrical,-86.86,Right,Full Grasp
1,bottle,Box / Complex,-86.72,Right,Lateral Grasp
1,bottle,Cylindrical,-86.68,Right,Full Grasp
1,bottle,Cylindrical,-87.27,Right,Full Grasp
1,bottle,Cylindrical,-85.79,Right,Full Grasp
1,bottle,Cylindrical,-86.04,Right,Full Grasp
1,bottle,Cylindrical,91.17,Left,Full Grasp
1,bottle,Box / Complex,-85.85,Right,Lateral Grasp
1,bottle,Cylindrical,-86.48,Right,Full Grasp
1,bottle,Cylindrical,-86.23,Right,Full Grasp
1,bottle,Cylindrical,93.28,Left,Full Grasp
1,bottle,Cylindrical,91.16,Left,Full Grasp
1,bottle,Cylindrical,-86.47,Right,Full Grasp
1,bottle,Cylindrical,93.58,Left,Full Grasp
1,bottle,Cylindrical,-86.26,Right,Full Grasp
1,bottle,Cylindrical,93.04,Left,Full Grasp
1,bottle,Cylindrical,92.52,Left,Full Grasp
1,bottle,Cylindrical,93.89,Left,Full Grasp
1,bottle,Cylindrical,-86.26,Right,Full Grasp
1,bottle,Cylindrical,-86.57,Right,Full Grasp
1,bottle,Cylindrical,-87.71,Right,Full Grasp
1,bottle,Cylindrical,-87.03,Right,Full Grasp
1,bottle,Cylindrical,-87.12,Right,Full Grasp
1,bottle,Cylindrical,-86.32,Right,Full Grasp
1,bottle,Cylindrical,-87.02,Right,Full Grasp
1,bottle,Box / Complex,-86.52,Right,Lateral Grasp
1,bottle,Box / Complex,-86.16,Right,Lateral Grasp
1,bottle,Cylindrical,-87.35,Right,Full Grasp
1,bottle,Cylindrical,-86.03,Right,Full Grasp
1,bottle,Cylindrical,-85.95,Right,Full Grasp
1,bottle,Box / Complex,-85.87,Right,Lateral Grasp
1,bottle,Box / Complex,-85.92,Right,Lateral Grasp
1,bottle,Cylindrical,-85.39,Right,Full Grasp
1,bottle,Cylindrical,-86.14,Right,Full Grasp
1,bottle,Box / Complex,-86.63,Right,Lateral Grasp
1,bottle,Box / Complex,-87.52,Right,Lateral Grasp
1,bottle,Box / Complex,-87.57,Right,Lateral Grasp
1,bottle,Cylindrical,-87.24,Right,Full Grasp
1,bottle,Cylindrical,-87.09,Right,Full Grasp
1,bottle,Cylindrical,91.15,Left,Full Grasp
1,bottle,Cylindrical,-87.23,Right,Full Grasp
1,bottle,Box / Complex,-87.38,Right,Lateral Grasp
1,bottle,Cylindrical,91.72,Left,Full Grasp
1,bottle,Cylindrical,-87.36,Right,Full Grasp
1,bottle,Cylindrical,92.49,Left,Full Grasp
1,bottle,Cylindrical,90.77,Left,Full Grasp
1,bottle,Cylindrical,-87.6,Right,Full Grasp
1,bottle,Cylindrical,90.69,Left,Full Grasp
1,bottle,Cylindrical,92.56,Left,Full Grasp
1,bottle,Cylindrical,91.02,Left,Full Grasp
1,bottle,Cylindrical,-87.48,Right,Full Grasp
1,bottle,Cylindrical,-87.24,Right,Full Grasp
1,bottle,Cylindrical,-87.97,Right,Full Grasp
1,bottle,Box / Complex,-87.7,Right,Lateral Grasp
1,bottle,Box / Complex,-87.24,Right,Lateral Grasp
1,bottle,Cylindrical,-88.71,Right,Full Grasp
1,bottle,Cylindrical,-89.39,Right,Full Grasp
1,bottle,Cylindrical,-88.88,Right,Full Grasp
1,bottle,Box / Complex,-88.11,Right,Lateral Grasp
1,bottle,Cylindrical,90.66,Left,Full Grasp
1,bottle,Cylindrical,-89.7,Right,Full Grasp
1,bottle,Cylindrical,-88.56,Right,Full Grasp
1,bottle,Cylindrical,-89.8,Right,Full Grasp
1,bottle,Cylindrical,90.51,Left,Full Grasp
1,bottle,Cylindrical,-90.05,Right,Full Grasp
1,bottle,Cylindrical,-89.4,Right,Full Grasp
1,bottle,Cylindrical,89.85,Right,Full Grasp
1,bottle,Cylindrical,-89.91,Right,Full Grasp
1,bottle,Cylindrical,-89.45,Right,Full Grasp
1,bottle,Cylindrical,-89.84,Right,Full Grasp
1,bottle,Box / Complex,-88.31,Right,Lateral Grasp
1,bottle,Cylindrical,-86.86,Right,Full Grasp
1,bottle,Cylindrical,-88.86,Right,Full Grasp
1,bottle,Box / Complex,91.11,Left,Lateral Grasp
1,bottle,Box / Complex,-88.3,Right,Lateral Grasp
1,bottle,Box / Complex,90.98,Left,Lateral Grasp
1,bottle,Cylindrical,90.71,Left,Full Grasp
1,bottle,Box / Complex,91.02,Left,Lateral Grasp
1,bottle,Box / Complex,-89.75,Right,Lateral Grasp
1,bottle,Box / Complex,-89.63,Right,Lateral Grasp
1,bottle,Box / Complex,89.71,Right,Lateral Grasp
1,bottle,Box / Complex,-89.89,Right,Lateral Grasp
1,bottle,Box / Complex,-89.91,Right,Lateral Grasp
1,bottle,Box / Complex,89.87,Right,Lateral Grasp
1,bottle,Cylindrical,89.57,Right,Full Grasp
1,bottle,Box / Complex,89.55,Right,Lateral Grasp
1,bottle,Cylindrical,89.83,Right,Full Grasp
1,bottle,Cylindrical,89.53,Right,Full Grasp
1,bottle,Box / Complex,89.42,Right,Lateral Grasp
1,bottle,Box / Complex,89.82,Right,Lateral Grasp
1,bottle,Box / Complex,89.9,Right,Lateral Grasp
1,bottle,Box / Complex,-89.53,Right,Lateral Grasp
1,bottle,Box / Complex,89.81,Right,Lateral Grasp
1,bottle,Box / Complex,89.87,Right,Lateral Grasp
1,bottle,Box / Complex,89.64,Right,Lateral Grasp
1,bottle,Box / Complex,-89.58,Right,Lateral Grasp
1,bottle,Cylindrical,89.85,Right,Full Grasp
1,bottle,Box / Complex,90.03,Left,Lateral Grasp
1,bottle,Box / Complex,90.0,Right,Lateral Grasp
1,bottle,Box / Complex,90.17,Left,Lateral Grasp
1,bottle,Box / Complex,-89.73,Right,Lateral Grasp
1,bottle,Box / Complex,89.54,Right,Lateral Grasp
1,bottle,Box / Complex,-89.93,Right,Lateral Grasp
1,bottle,Box / Complex,-89.11,Right,Lateral Grasp
1,bottle,Cylindrical,-89.72,Right,Full Grasp
1,bottle,Cylindrical,88.73,Right,Full Grasp
1,bottle,Box / Complex,-93.02,Right,Lateral Grasp
1,bottle,Box / Complex,86.58,Right,Lateral Grasp
1,bottle,Box / Complex,-94.0,Right,Lateral Grasp
1,bottle,Box / Complex,88.06,Right,Lateral Grasp
1,bottle,Box / Complex,87.7,Right,Lateral Grasp
1,bottle,Box / Complex,89.54,Right,Lateral Grasp
1,bottle,Cylindrical,88.2,Right,Full Grasp
1,bottle,Box / Complex,88.86,Right,Lateral Grasp
1,bottle,Box / Complex,-92.12,Right,Lateral Grasp
1,bottle,Box / Complex,88.53,Right,Lateral Grasp
1,bottle,Box / Complex,89.12,Right,Lateral Grasp
1,bottle,Box / Complex,88.1,Right,Lateral Grasp
1,bottle,Box / Complex,87.89,Right,Lateral Grasp
1,bottle,Cylindrical,89.13,Right,Full Grasp
1,bottle,Box / Complex,88.06,Right,Lateral Grasp
1,bottle,Box / Complex,89.12,Right,Lateral Grasp
1,bottle,Box / Complex,90.14,Left,Lateral Grasp
1,bottle,Cylindrical,90.1,Left,Full Grasp
1,bottle,Box / Complex,90.32,Left,Lateral Grasp
1,bottle,Box / Complex,89.94,Right,Lateral Grasp
1,bottle,Box / Complex,90.14,Left,Lateral Grasp
1,bottle,Cylindrical,89.89,Right,Full Grasp
1,bottle,Box / Complex,90.14,Left,Lateral Grasp
1,bottle,Box / Complex,89.34,Right,Lateral Grasp
1,bottle,Box / Complex,89.78,Right,Lateral Grasp
1,bottle,Box / Complex,89.88,Right,Lateral Grasp
1,bottle,Box / Complex,89.4,Right,Lateral Grasp
1,bottle,Box / Complex,90.01,Left,Lateral Grasp
1,bottle,Box / Complex,90.12,Left,Lateral Grasp
1,bottle,Box / Complex,90.22,Left,Lateral Grasp
1,bottle,Box / Complex,89.56,Right,Lateral Grasp
1,bottle,Box / Complex,89.24,Right,Lateral Grasp
1,bottle,Box / Complex,89.1,Right,Lateral Grasp
1,bottle,Box / Complex,89.08,Right,Lateral Grasp
1,bottle,Cylindrical,88.75,Right,Full Grasp
1,bottle,Box / Complex,89.7,Right,Lateral Grasp
1,bottle,Box / Complex,89.74,Right,Lateral Grasp
1,bottle,Box / Complex,90.05,Left,Lateral Grasp
1,bottle,Box / Complex,-89.33,Right,Lateral Grasp
1,bottle,Box / Complex,89.06,Right,Lateral Grasp
1,bottle,Cylindrical,89.4,Right,Full Grasp
1,bottle,Box / Complex,89.14,Right,Lateral Grasp
1,bottle,Box / Complex,88.89,Right,Lateral Grasp
1,bottle,Box / Complex,90.17,Left,Lateral Grasp
1,bottle,Cylindrical,-87.4,Right,Full Grasp
1,bottle,Box / Complex,91.94,Left,Lateral Grasp
1,bottle,Box / Complex,91.22,Left,Lateral Grasp
1,bottle,Box / Complex,91.28,Left,Lateral Grasp
1,bottle,Box / Complex,-88.62,Right,Lateral Grasp
1,bottle,Box / Complex,91.23,Left,Lateral Grasp
1,bottle,Box / Complex,91.19,Left,Lateral Grasp
1,bottle,Box / Complex,91.09,Left,Lateral Grasp
1,bottle,Box / Complex,91.43,Left,Lateral Grasp
1,bottle,Box / Complex,91.72,Left,Lateral Grasp
1,bottle,Box / Complex,90.1,Left,Lateral Grasp
1,bottle,Box / Complex,-89.08,Right,Lateral Grasp
1,bottle,Box / Complex,91.69,Left,Lateral Grasp
1,bottle,Box / Complex,91.19,Left,Lateral Grasp
1,bottle,Cylindrical,91.43,Left,Full Grasp
1,bottle,Box / Complex,-88.88,Right,Lateral Grasp
1,bottle,Box / Complex,-88.6,Right,Lateral Grasp
1,bottle,Box / Complex,-88.11,Right,Lateral Grasp
1,bottle,Cylindrical,-88.49,Right,Full Grasp
1,bottle,Box / Complex,-87.98,Right,Lateral Grasp
1,bottle,Box / Complex,-88.65,Right,Lateral Grasp
1,bottle,Box / Complex,91.05,Left,Lateral Grasp
1,bottle,Box / Complex,-89.42,Right,Lateral Grasp
1,bottle,Box / Complex,-89.05,Right,Lateral Grasp
1,bottle,Box / Complex,90.58,Left,Lateral Grasp
1,bottle,Cylindrical,90.26,Left,Full Grasp
1,bottle,Cylindrical,-90.41,Right,Full Grasp
1,bottle,Box / Complex,90.04,Left,Lateral Grasp
1,bottle,Box / Complex,-88.47,Right,Lateral Grasp
1,bottle,Box / Complex,-88.95,Right,Lateral Grasp
1,bottle,Box / Complex,90.97,Left,Lateral Grasp
1,bottle,Box / Complex,-88.39,Right,Lateral Grasp
1,bottle,Box / Complex,90.63,Left,Lateral Grasp
1,bottle,Box / Complex,91.0,Left,Lateral Grasp
1,bottle,Box / Complex,-88.25,Right,Lateral Grasp
1,bottle,Box / Complex,-88.79,Right,Lateral Grasp
1,bottle,Box / Complex,-88.57,Right,Lateral Grasp
1,bottle,Box / Complex,-88.72,Right,Lateral Grasp
1,bottle,Box / Complex,90.81,Left,Lateral Grasp
1,bottle,Box / Complex,91.2,Left,Lateral Grasp
1,bottle,Box / Complex,-89.59,Right,Lateral Grasp
1,bottle,Box / Complex,90.84,Left,Lateral Grasp
1,bottle,Box / Complex,91.14,Left,Lateral Grasp
1,bottle,Box / Complex,-89.24,Right,Lateral Grasp
1,bottle,Box / Complex,91.81,Left,Lateral Grasp
1,bottle,Cylindrical,-90.3,Right,Full Grasp
1,bottle,Box / Complex,90.33,Left,Lateral Grasp
1,bottle,Box / Complex,-88.77,Right,Lateral Grasp
1,bottle,Box / Complex,91.17,Left,Lateral Grasp
1,bottle,Cylindrical,-88.71,Right,Full Grasp
1,bottle,Box / Complex,92.05,Left,Lateral Grasp
1,bottle,Box / Complex,90.08,Left,Lateral Grasp
1,bottle,Box / Complex,90.36,Left,Lateral Grasp
1,bottle,Box / Complex,92.08,Left,Lateral Grasp
1,bottle,Box / Complex,90.28,Left,Lateral Grasp
1,bottle,Box / Complex,91.83,Left,Lateral Grasp
1,bottle,Box / Complex,91.53,Left,Lateral Grasp
1,bottle,Box / Complex,92.1,Left,Lateral Grasp
1,bottle,Box / Complex,-88.15,Right,Lateral Grasp
1,bottle,Box / Complex,91.5,Left,Lateral Grasp
1,bottle,Box / Complex,91.12,Left,Lateral Grasp
1,bottle,Box / Complex,90.89,Left,Lateral Grasp
1,bottle,Cylindrical,90.74,Left,Full Grasp
1,bottle,Box / Complex,-87.43,Right,Lateral Grasp
1,bottle,Cylindrical,91.95,Left,Full Grasp
1,bottle,Box / Complex,-88.01,Right,Lateral Grasp
1,bottle,Cylindrical,91.37,Left,Full Grasp
1,bottle,Cylindrical,90.88,Left,Full Grasp
1,bottle,Box / Complex,90.71,Left,Lateral Grasp
1,bottle,Cylindrical,91.37,Left,Full Grasp
1,bottle,Cylindrical,91.15,Left,Full Grasp
1,bottle,Box / Complex,89.42,Right,Lateral Grasp
1,bottle,Box / Complex,-89.18,Right,Lateral Grasp
1,bottle,Box / Complex,-86.87,Right,Lateral Grasp
1,bottle,Cylindrical,91.44,Left,Full Grasp
1,bottle,Cylindrical,92.82,Left,Full Grasp
1,bottle,Cylindrical,92.33,Left,Full Grasp
1,bottle,Cylindrical,92.18,Left,Full Grasp
1,bottle,Box / Complex,-89.6,Right,Lateral Grasp
1,bottle,Cylindrical,97.04,Left,Full Grasp
1,bottle,Cylindrical,92.02,Left,Full Grasp
1,bottle,Cylindrical,94.65,Left,Full Grasp
1,bottle,Cylindrical,95.74,Left,Full Grasp
1,bottle,Cylindrical,95.52,Left,Full Grasp
1,bottle,Box / Complex,93.52,Left,Lateral Grasp
1,bottle,Box / Complex,92.92,Left,Lateral Grasp
1,bottle,Box / Complex,93.08,Left,Lateral Grasp
1,bottle,Cylindrical,93.39,Left,Full Grasp
1,bottle,Cylindrical,93.01,Left,Full Grasp
1,bottle,Box / Complex,93.01,Left,Lateral Grasp
1,bottle,Cylindrical,-87.21,Right,Full Grasp
1,bottle,Cylindrical,92.61,Left,Full Grasp
1,bottle,Box / Complex,91.93,Left,Lateral Grasp
1,bottle,Cylindrical,-87.67,Right,Full Grasp
1,bottle,Box / Complex,91.23,Left,Lateral Grasp
1,bottle,Cylindrical,91.57,Left,Full Grasp
1,bottle,Box / Complex,91.22,Left,Lateral Grasp
1,bottle,Cylindrical,-89.24,Right,Full Grasp
1,bottle,Cylindrical,-88.41,Right,Full Grasp
1,bottle,Box / Complex,-88.11,Right,Lateral Grasp
1,bottle,Cylindrical,-88.84,Right,Full Grasp
1,bottle,Cylindrical,-89.45,Right,Full Grasp
1,bottle,Box / Complex,90.06,Left,Lateral Grasp
1,bottle,Cylindrical,89.62,Right,Full Grasp
1,bottle,Cylindrical,-88.8,Right,Full Grasp
1,bottle,Cylindrical,-90.12,Right,Full Grasp
1,bottle,Cylindrical,-88.25,Right,Full Grasp
1,bottle,Cylindrical,89.76,Right,Full Grasp
1,bottle,Cylindrical,-88.66,Right,Full Grasp
1,bottle,Box / Complex,-89.16,Right,Lateral Grasp
1,bottle,Box / Complex,-88.7,Right,Lateral Grasp
1,bottle,Box / Complex,-88.39,Right,Lateral Grasp
1,bottle,Cylindrical,-88.36,Right,Full Grasp
1,bottle,Cylindrical,90.42,Left,Full Grasp
1,bottle,Cylindrical,90.56,Left,Full Grasp
1,bottle,Cylindrical,-90.76,Right,Full Grasp
1,bottle,Box / Complex,-88.95,Right,Lateral Grasp
1,bottle,Box / Complex,-88.62,Right,Lateral Grasp
1,bottle,Box / Complex,-89.0,Right,Lateral Grasp
1,bottle,Cylindrical,-89.44,Right,Full Grasp
1,bottle,Cylindrical,-89.55,Right,Full Grasp
1,bottle,Cylindrical,-88.55,Right,Full Grasp
1,bottle,Cylindrical,-90.46,Right,Full Grasp
1,bottle,Cylindrical,-90.67,Right,Full Grasp
1,bottle,Cylindrical,-89.48,Right,Full Grasp
1,bottle,Cylindrical,-89.55,Right,Full Grasp
1,bottle,Cylindrical,-89.1,Right,Full Grasp
1,bottle,Cylindrical,-88.96,Right,Full Grasp
1,bottle,Cylindrical,-90.8,Right,Full Grasp
1,bottle,Cylindrical,-89.41,Right,Full Grasp
1,bottle,Cylindrical,-89.04,Right,Full Grasp
1,bottle,Cylindrical,-90.87,Right,Full Grasp
1,bottle,Cylindrical,-89.23,Right,Full Grasp
1,bottle,Cylindrical,-90.71,Right,Full Grasp
1,bottle,Cylindrical,-91.05,Right,Full Grasp
1,bottle,Cylindrical,90.43,Left,Full Grasp
1,bottle,Cylindrical,-89.23,Right,Full Grasp
1,bottle,Cylindrical,-88.58,Right,Full Grasp
1,bottle,Cylindrical,-88.65,Right,Full Grasp
1,bottle,Cylindrical,-88.74,Right,Full Grasp
1,bottle,Cylindrical,90.13,Left,Full Grasp
1,bottle,Cylindrical,89.85,Right,Full Grasp
1,bottle,Cylindrical,-89.51,Right,Full Grasp
1,bottle,Cylindrical,-88.91,Right,Full Grasp
1,bottle,Cylindrical,-89.36,Right,Full Grasp
1,bottle,Cylindrical,-88.86,Right,Full Grasp
1,bottle,Cylindrical,-88.72,Right,Full Grasp
1,bottle,Cylindrical,-89.42,Right,Full Grasp
1,bottle,Cylindrical,-89.47,Right,Full Grasp
1,bottle,Cylindrical,-89.26,Right,Full Grasp
1,bottle,Cylindrical,-91.35,Right,Full Grasp
1,bottle,Cylindrical,-91.41,Right,Full Grasp
1,bottle,Cylindrical,-89.38,Right,Full Grasp
1,bottle,Cylindrical,-89.29,Right,Full Grasp
1,bottle,Cylindrical,-90.89,Right,Full Grasp
1,bottle,Cylindrical,-91.05,Right,Full Grasp
1,bottle,Cylindrical,-88.74,Right,Full Grasp
1,bottle,Cylindrical,-88.97,Right,Full Grasp
1,bottle,Cylindrical,-89.03,Right,Full Grasp
1,bottle,Cylindrical,-89.9,Right,Full Grasp
1,bottle,Cylindrical,-88.84,Right,Full Grasp
1,bottle,Cylindrical,-87.94,Right,Full Grasp
1,bottle,Cylindrical,-88.26,Right,Full Grasp
1,bottle,Cylindrical,-88.17,Right,Full Grasp
1,bottle,Cylindrical,-90.41,Right,Full Grasp
1,bottle,Cylindrical,-88.68,Right,Full Grasp
1,bottle,Box / Complex,-87.18,Right,Lateral Grasp
1,bottle,Box / Complex,91.29,Left,Lateral Grasp
1,bottle,Box / Complex,-89.2,Right,Lateral Grasp
1,bottle,Cylindrical,90.17,Left,Full Grasp
1,bottle,Box / Complex,93.88,Left,Lateral Grasp
1,bottle,Box / Complex,-89.22,Right,Lateral Grasp
1,bottle,Spherical,-122.83,Right,Full Grasp
1,bottle,Spherical,-86.74,Right,Full Grasp
1,bottle,Spherical,-86.31,Right,Full Grasp
73,book,Box / Complex,-164.32,Right,Lateral Grasp
73,book,Box / Complex,22.48,Right,Lateral Grasp
73,book,Box / Complex,8.38,Right,Lateral Grasp
2,cup,Spherical,131.7,Left,Full Grasp
73,book,Cylindrical,-169.49,Center,Full Grasp
2,cup,Box / Complex,-150.44,Right,Lateral Grasp
73,book,Cylindrical,-162.32,Right,Full Grasp
73,book,Cylindrical,-166.25,Right,Full Grasp
73,book,Cylindrical,12.1,Right,Full Grasp
73,book,Cylindrical,-169.58,Center,Full Grasp
73,book,Cylindrical,-170.95,Center,Full Grasp
73,book,Cylindrical,-169.51,Center,Full Grasp
73,book,Cylindrical,-169.26,Center,Full Grasp
73,book,Cylindrical,-170.71,Center,Full Grasp
73,book,Cylindrical,-171.14,Center,Full Grasp
73,book,Cylindrical,-171.43,Center,Full Grasp
73,book,Cylindrical,-171.78,Center,Full Grasp
73,book,Cylindrical,-171.97,Center,Full Grasp
73,book,Cylindrical,-171.9,Center,Full Grasp
73,book,Cylindrical,-171.4,Center,Full Grasp
73,book,Cylindrical,-171.59,Center,Full Grasp
73,book,Cylindrical,-171.73,Center,Full Grasp
73,book,Cylindrical,-172.25,Center,Full Grasp
73,book,Cylindrical,-171.43,Center,Full Grasp
73,book,Cylindrical,-171.1,Center,Full Grasp
73,book,Cylindrical,-170.75,Center,Full Grasp
73,book,Cylindrical,-171.41,Center,Full Grasp
73,book,Cylindrical,-170.9,Center,Full Grasp
73,book,Cylindrical,-171.22,Center,Full Grasp
73,book,Cylindrical,-170.41,Center,Full Grasp
73,book,Cylindrical,-170.8,Center,Full Grasp
73,book,Cylindrical,-170.68,Center,Full Grasp
73,book,Cylindrical,-171.43,Center,Full Grasp
73,book,Cylindrical,-170.9,Center,Full Grasp
73,book,Cylindrical,-172.24,Center,Full Grasp
73,book,Cylindrical,-171.43,Center,Full Grasp
73,book,Cylindrical,-172.13,Center,Full Grasp
73,book,Cylindrical,-172.11,Center,Full Grasp
73,book,Cylindrical,-171.5,Center,Full Grasp
73,book,Cylindrical,-170.37,Center,Full Grasp
73,book,Cylindrical,-170.93,Center,Full Grasp
73,book,Cylindrical,-170.31,Center,Full Grasp
73,book,Cylindrical,-170.98,Center,Full Grasp
73,book,Cylindrical,-170.7,Center,Full Grasp
73,book,Cylindrical,-171.05,Center,Full Grasp
73,book,Cylindrical,-170.82,Center,Full Grasp
73,book,Cylindrical,-170.08,Center,Full Grasp
73,book,Cylindrical,-170.31,Center,Full Grasp
73,book,Cylindrical,-170.8,Center,Full Grasp
73,book,Cylindrical,-170.39,Center,Full Grasp
73,book,Cylindrical,-169.62,Center,Full Grasp
73,book,Cylindrical,-170.59,Center,Full Grasp
73,book,Cylindrical,-170.02,Center,Full Grasp
73,book,Cylindrical,-170.13,Center,Full Grasp
73,book,Cylindrical,-170.43,Center,Full Grasp
73,book,Cylindrical,-169.86,Center,Full Grasp
73,book,Cylindrical,-170.47,Center,Full Grasp
73,book,Cylindrical,-170.55,Center,Full Grasp
73,book,Cylindrical,-171.02,Center,Full Grasp
73,book,Cylindrical,-171.43,Center,Full Grasp
73,book,Cylindrical,-169.2,Center,Full Grasp
73,book,Cylindrical,-168.09,Right,Full Grasp
73,book,Cylindrical,-154.9,Right,Full Grasp
73,book,Cylindrical,-166.03,Right,Full Grasp
73,book,Cylindrical,-172.76,Center,Full Grasp
73,book,Cylindrical,-173.61,Center,Full Grasp
73,book,Cylindrical,-174.35,Center,Full Grasp
73,book,Cylindrical,-172.36,Center,Full Grasp
73,book,Cylindrical,-177.69,Center,Full Grasp
73,book,Cylindrical,-0.17,Right,Full Grasp
73,book,Cylindrical,0.4,Right,Full Grasp
73,book,Cylindrical,-3.67,Right,Full Grasp
73,book,Cylindrical,179.56,Center,Full Grasp
73,book,Cylindrical,-1.29,Right,Full Grasp
73,book,Cylindrical,-174.58,Center,Full Grasp
73,book,Cylindrical,-177.49,Center,Full Grasp
73,book,Cylindrical,-175.23,Center,Full Grasp
73,book,Cylindrical,-174.21,Center,Full Grasp
73,book,Cylindrical,-174.75,Center,Full Grasp
73,book,Cylindrical,-171.24,Center,Full Grasp
73,book,Cylindrical,-173.29,Center,Full Grasp
73,book,Cylindrical,-175.26,Center,Full Grasp
73,book,Cylindrical,-167.36,Right,Full Grasp
73,book,Box / Complex,-143.92,Right,Lateral Grasp
73,book,Box / Complex,67.98,Right,Lateral Grasp
73,book,Box / Complex,-105.32,Right,Lateral Grasp
73,book,Box / Complex,-98.41,Right,Lateral Grasp
1,bottle,Box / Complex,82.4,Right,Lateral Grasp
1,bottle,Box / Complex,84.17,Right,Lateral Grasp
1,bottle,Box / Complex,82.23,Right,Lateral Grasp
1,bottle,Box / Complex,83.15,Right,Lateral Grasp
1,bottle,Box / Complex,83.51,Right,Lateral Grasp
1,bottle,Box / Complex,83.79,Right,Lateral Grasp
1,bottle,Box / Complex,83.79,Right,Lateral Grasp
73,book,Cylindrical,5.59,Right,Full Grasp
73,book,Cylindrical,-175.94,Center,Full Grasp
73,book,Cylindrical,-174.82,Center,Full Grasp
73,book,Cylindrical,-174.66,Center,Full Grasp
73,book,Cylindrical,-175.08,Center,Full Grasp
73,book,Cylindrical,-174.98,Center,Full Grasp
73,book,Cylindrical,5.37,Right,Full Grasp
73,book,Cylindrical,5.76,Right,Full Grasp
73,book,Cylindrical,-173.89,Center,Full Grasp
73,book,Cylindrical,-173.62,Center,Full Grasp
73,book,Cylindrical,8.56,Right,Full Grasp
73,book,Cylindrical,8.76,Right,Full Grasp
73,book,Cylindrical,-170.44,Center,Full Grasp
73,book,Cylindrical,-166.21,Right,Full Grasp
73,book,Cylindrical,-168.16,Right,Full Grasp
73,book,Cylindrical,-167.41,Right,Full Grasp
73,book,Cylindrical,-168.1,Right,Full Grasp
73,book,Cylindrical,-168.59,Right,Full Grasp
73,book,Cylindrical,-169.36,Center,Full Grasp
73,book,Cylindrical,-168.98,Right,Full Grasp
73,book,Cylindrical,-167.49,Right,Full Grasp
73,book,Cylindrical,-168.5,Right,Full Grasp
73,book,Cylindrical,-167.69,Right,Full Grasp
73,book,Cylindrical,-169.88,Center,Full Grasp
73,book,Cylindrical,-172.33,Center,Full Grasp
73,book,Cylindrical,-174.61,Center,Full Grasp
73,book,Cylindrical,-176.59,Center,Full Grasp
73,book,Cylindrical,-177.82,Center,Full Grasp
73,book,Cylindrical,-178.32,Center,Full Grasp
73,book,Cylindrical,-177.95,Center,Full Grasp
73,book,Cylindrical,-178.07,Center,Full Grasp
73,book,Cylindrical,-177.91,Center,Full Grasp
73,book,Cylindrical,-178.47,Center,Full Grasp
73,book,Cylindrical,-172.53,Center,Full Grasp
73,book,Cylindrical,-171.19,Center,Full Grasp
73,book,Cylindrical,-169.61,Center,Full Grasp
73,book,Cylindrical,-170.13,Center,Full Grasp
73,book,Cylindrical,-168.46,Right,Full Grasp
73,book,Cylindrical,-167.83,Right,Full Grasp
73,book,Cylindrical,-168.14,Right,Full Grasp
73,book,Cylindrical,-168.66,Right,Full Grasp
73,book,Cylindrical,-168.19,Right,Full Grasp
73,book,Cylindrical,-168.0,Right,Full Grasp
73,book,Cylindrical,-168.51,Right,Full Grasp
73,book,Cylindrical,-168.72,Right,Full Grasp
73,book,Cylindrical,-168.19,Right,Full Grasp
73,book,Cylindrical,-167.86,Right,Full Grasp
73,book,Cylindrical,-165.72,Right,Full Grasp
73,book,Cylindrical,-167.38,Right,Full Grasp
73,book,Cylindrical,-168.08,Right,Full Grasp
73,book,Cylindrical,11.94,Right,Full Grasp
73,book,Cylindrical,-167.14,Right,Full Grasp
73,book,Cylindrical,-168.26,Right,Full Grasp
73,book,Cylindrical,-169.75,Center,Full Grasp
73,book,Cylindrical,-174.1,Center,Full Grasp
73,book,Cylindrical,-176.2,Center,Full Grasp
2,cup,Cylindrical,-97.46,Right,Pinch Grasp
73,book,Box / Complex,-41.5,Right,Lateral Grasp
73,book,Box / Complex,178.4,Center,Lateral Grasp
73,book,Box / Complex,-10.2,Right,Lateral Grasp
73,book,Box / Complex,154.28,Left,Lateral Grasp
73,book,Box / Complex,160.14,Left,Lateral Grasp
73,book,Box / Complex,164.3,Left,Lateral Grasp
73,book,Box / Complex,159.6,Left,Lateral Grasp
73,book,Box / Complex,-34.49,Right,Lateral Grasp
73,book,Box / Complex,101.57,Left,Lateral Grasp
73,book,Box / Complex,-1.52,Right,Lateral Grasp
73,book,Box / Complex,-6.23,Right,Lateral Grasp
73,book,Box / Complex,4.78,Right,Lateral Grasp
73,book,Box / Complex,7.27,Right,Lateral Grasp
1,bottle,Cylindrical,-174.18,Center,Full Grasp
73,book,Box / Complex,-4.48,Right,Lateral Grasp
67,cell phone,Box / Complex,-170.14,Center,Lateral Grasp
64,mouse,Spherical,105.76,Left,Full Grasp
73,book,Box / Complex,-165.39,Right,Lateral Grasp
73,book,Box / Complex,-163.47,Right,Lateral Grasp
73,book,Box / Complex,-165.51,Right,Lateral Grasp
73,book,Box / Complex,-169.73,Center,Lateral Grasp
73,book,Box / Complex,171.61,Center,Lateral Grasp
73,book,Box / Complex,172.02,Center,Lateral Grasp
1,bottle,Box / Complex,175.41,Center,Lateral Grasp
73,book,Box / Complex,-178.71,Center,Lateral Grasp
73,book,Box / Complex,-165.13,Right,Lateral Grasp
73,book,Box / Complex,-152.17,Right,Lateral Grasp
73,book,Box / Complex,-5.4,Right,Lateral Grasp
73,book,Box / Complex,167.5,Left,Lateral Grasp
73,book,Box / Complex,164.97,Left,Lateral Grasp
73,book,Box / Complex,170.18,Center,Lateral Grasp
73,book,Box / Complex,170.35,Center,Lateral Grasp
73,book,Box / Complex,170.43,Center,Lateral Grasp
73,book,Box / Complex,-15.95,Right,Lateral Grasp
73,book,Box / Complex,-14.97,Right,Lateral Grasp
73,book,Box / Complex,-9.17,Right,Lateral Grasp
73,book,Box / Complex,-7.24,Right,Lateral Grasp
73,book,Box / Complex,-47.51,Right,Lateral Grasp
73,book,Box / Complex,-19.86,Right,Lateral Grasp
73,book,Box / Complex,115.39,Left,Lateral Grasp
73,book,Box / Complex,95.78,Left,Lateral Grasp
73,book,Box / Complex,94.13,Left,Lateral Grasp
73,book,Box / Complex,-104.82,Right,Lateral Grasp
73,book,Box / Complex,94.2,Left,Lateral Grasp
73,book,Box / Complex,-98.82,Right,Lateral Grasp
73,book,Box / Complex,107.02,Left,Lateral Grasp
73,book,Box / Complex,97.32,Left,Lateral Grasp
73,book,Box / Complex,97.69,Left,Lateral Grasp
73,book,Box / Complex,107.3,Left,Lateral Grasp
1,bottle,Box / Complex,-109.26,Right,Lateral Grasp
73,book,Box / Complex,-98.85,Right,Lateral Grasp
73,book,Box / Complex,107.96,Left,Lateral Grasp
73,book,Box / Complex,93.4,Left,Lateral Grasp
73,book,Box / Complex,-93.21,Right,Lateral Grasp
73,book,Box / Complex,92.79,Left,Lateral Grasp
73,book,Box / Complex,88.78,Right,Lateral Grasp
73,book,Box / Complex,-93.35,Right,Lateral Grasp
73,book,Box / Complex,-99.48,Right,Lateral Grasp
73,book,Box / Complex,-92.64,Right,Lateral Grasp
73,book,Box / Complex,-122.85,Right,Lateral Grasp
73,book,Box / Complex,-110.57,Right,Lateral Grasp
73,book,Box / Complex,93.32,Left,Lateral Grasp
73,book,Box / Complex,-99.75,Right,Lateral Grasp
73,book,Box / Complex,-97.38,Right,Lateral Grasp
73,book,Box / Complex,-90.38,Right,Lateral Grasp
73,book,Box / Complex,-124.14,Right,Lateral Grasp
73,book,Box / Complex,-123.96,Right,Lateral Grasp
73,book,Box / Complex,-103.02,Right,Lateral Grasp
73,book,Box / Complex,-97.44,Right,Lateral Grasp
73,book,Box / Complex,-106.34,Right,Lateral Grasp
73,book,Box / Complex,-116.43,Right,Lateral Grasp
73,book,Box / Complex,-112.29,Right,Lateral Grasp
73,book,Box / Complex,-96.69,Right,Lateral Grasp
73,book,Box / Complex,-104.72,Right,Lateral Grasp
73,book,Box / Complex,-130.22,Right,Lateral Grasp
73,book,Box / Complex,-115.53,Right,Lateral Grasp
73,book,Box / Complex,-120.0,Right,Lateral Grasp
73,book,Box / Complex,-108.93,Right,Lateral Grasp
73,book,Box / Complex,-123.45,Right,Lateral Grasp
73,book,Box / Complex,-135.32,Right,Lateral Grasp
73,book,Box / Complex,-112.62,Right,Lateral Grasp
73,book,Box / Complex,-123.44,Right,Lateral Grasp
73,book,Box / Complex,-125.79,Right,Lateral Grasp
73,book,Box / Complex,-125.61,Right,Lateral Grasp
73,book,Box / Complex,-135.23,Right,Lateral Grasp
73,book,Box / Complex,-123.93,Right,Lateral Grasp
73,book,Box / Complex,-123.78,Right,Lateral Grasp
73,book,Box / Complex,-117.19,Right,Lateral Grasp
73,book,Box / Complex,-122.71,Right,Lateral Grasp
73,book,Box / Complex,-124.49,Right,Lateral Grasp
73,book,Box / Complex,-119.43,Right,Lateral Grasp
73,book,Box / Complex,-113.35,Right,Lateral Grasp
73,book,Spherical,166.84,Left,Full Grasp
73,book,Box / Complex,167.81,Left,Lateral Grasp
73,book,Box / Complex,154.42,Left,Lateral Grasp
73,book,Box / Complex,157.55,Left,Lateral Grasp
73,book,Box / Complex,169.69,Left,Lateral Grasp
73,book,Box / Complex,-107.03,Right,Lateral Grasp
73,book,Box / Complex,-103.31,Right,Lateral Grasp
73,book,Spherical,-108.78,Right,Full Grasp
73,book,Spherical,-108.21,Right,Full Grasp
73,book,Box / Complex,-107.7,Right,Lateral Grasp
73,book,Box / Complex,-126.15,Right,Lateral Grasp
73,book,Box / Complex,-140.46,Right,Lateral Grasp
73,book,Box / Complex,-141.8,Right,Lateral Grasp
73,book,Box / Complex,-150.13,Right,Lateral Grasp
73,book,Box / Complex,-150.71,Right,Lateral Grasp
1,bottle,Cylindrical,173.65,Center,Full Grasp
73,book,Box / Complex,-39.52,Right,Lateral Grasp
0,apple,Spherical,-138.46,Right,Full Grasp
0,apple,Spherical,-60.68,Right,Full Grasp
73,book,Cylindrical,176.05,Center,Full Grasp
73,book,Box / Complex,5.11,Right,Lateral Grasp
73,book,Cylindrical,176.12,Center,Full Grasp
73,book,Box / Complex,162.64,Left,Lateral Grasp
73,book,Box / Complex,129.16,Left,Lateral Grasp
73,book,Box / Complex,133.13,Left,Lateral Grasp
73,book,Box / Complex,139.8,Left,Lateral Grasp
73,book,Spherical,123.67,Left,Full Grasp
73,book,Spherical,-55.12,Right,Full Grasp
73,book,Box / Complex,144.48,Left,Lateral Grasp
73,book,Box / Complex,-43.99,Right,Lateral Grasp
73,book,Box / Complex,139.06,Left,Lateral Grasp
73,book,Spherical,137.69,Left,Full Grasp
73,book,Spherical,130.85,Left,Full Grasp
73,book,Spherical,-56.86,Right,Full Grasp
73,book,Spherical,-64.27,Right,Full Grasp
73,book,Box / Complex,-48.9,Right,Lateral Grasp
73,book,Box / Complex,-56.18,Right,Lateral Grasp
1,bottle,Cylindrical,-164.1,Right,Full Grasp
73,book,Box / Complex,94.63,Left,Lateral Grasp
1,bottle,Cylindrical,-4.13,Right,Full Grasp
73,book,Box / Complex,-91.59,Right,Lateral Grasp
73,book,Box / Complex,-79.47,Right,Lateral Grasp
73,book,Box / Complex,93.34,Left,Lateral Grasp
1,bottle,Cylindrical,179.03,Center,Full Grasp
73,book,Box / Complex,8.32,Right,Lateral Grasp
73,book,Cylindrical,178.18,Center,Full Grasp
73,book,Box / Complex,-178.38,Center,Lateral Grasp
73,book,Box / Complex,-4.76,Right,Lateral Grasp
2,cup,Flat,84.5,Right,Pinch Grasp
2,cup,Flat,-99.31,Right,Pinch Grasp
2,cup,Flat,-99.5,Right,Pinch Grasp
2,cup,Flat,-94.57,Right,Pinch Grasp
2,cup,Flat,-99.59,Right,Pinch Grasp
2,cup,Flat,86.18,Right,Pinch Grasp
73,book,Cylindrical,176.6,Center,Full Grasp
73,book,Cylindrical,171.99,Center,Full Grasp
73,book,Cylindrical,175.79,Center,Full Grasp
73,book,Box / Complex,168.2,Left,Lateral Grasp
73,book,Box / Complex,171.89,Center,Lateral Grasp
73,book,Box / Complex,0.44,Right,Lateral Grasp
73,book,Box / Complex,170.41,Center,Lateral Grasp
73,book,Cylindrical,176.04,Center,Full Grasp
73,book,Cylindrical,178.07,Center,Full Grasp
73,book,Box / Complex,3.29,Right,Lateral Grasp
73,book,Box / Complex,168.66,Left,Lateral Grasp
73,book,Box / Complex,172.72,Center,Lateral Grasp
73,book,Box / Complex,172.61,Center,Lateral Grasp
73,book,Box / Complex,168.76,Left,Lateral Grasp
73,book,Box / Complex,161.72,Left,Lateral Grasp
73,book,Box / Complex,148.75,Left,Lateral Grasp
73,book,Box / Complex,152.61,Left,Lateral Grasp
73,book,Box / Complex,165.74,Left,Lateral Grasp
1,bottle,Box / Complex,158.85,Left,Lateral Grasp
1,bottle,Box / Complex,166.72,Left,Lateral Grasp
1,bottle,Box / Complex,155.72,Left,Lateral Grasp
73,book,Box / Complex,-10.5,Right,Lateral Grasp
73,book,Box / Complex,133.31,Left,Lateral Grasp
73,book,Box / Complex,136.5,Left,Lateral Grasp
73,book,Box / Complex,-55.47,Right,Lateral Grasp
73,book,Box / Complex,-44.27,Right,Lateral Grasp
73,book,Box / Complex,148.29,Left,Lateral Grasp
73,book,Box / Complex,-40.38,Right,Lateral Grasp
73,book,Box / Complex,-32.05,Right,Lateral Grasp
73,book,Box / Complex,-30.95,Right,Lateral Grasp
73,book,Box / Complex,-91.34,Right,Lateral Grasp
73,book,Box / Complex,-46.95,Right,Lateral Grasp
73,book,Box / Complex,-45.58,Right,Lateral Grasp
73,book,Box / Complex,-41.93,Right,Lateral Grasp
73,book,Box / Complex,4.21,Right,Lateral Grasp
73,book,Box / Complex,30.58,Right,Lateral Grasp
73,book,Box / Complex,8.52,Right,Lateral Grasp
73,book,Box / Complex,17.57,Right,Lateral Grasp
73,book,Box / Complex,-152.84,Right,Lateral Grasp
73,book,Box / Complex,-141.62,Right,Lateral Grasp
73,book,Box / Complex,-160.26,Right,Lateral Grasp
73,book,Cylindrical,-0.53,Right,Full Grasp
73,book,Box / Complex,-158.11,Right,Lateral Grasp
73,book,Box / Complex,-133.9,Right,Lateral Grasp
73,book,Box / Complex,24.17,Right,Lateral Grasp
73,book,Box / Complex,4.43,Right,Lateral Grasp
73,book,Box / Complex,10.5,Right,Lateral Grasp
73,book,Box / Complex,-146.04,Right,Lateral Grasp
73,book,Box / Complex,-143.29,Right,Lateral Grasp
73,book,Cylindrical,-175.97,Center,Full Grasp
73,book,Cylindrical,-160.67,Right,Full Grasp
73,book,Box / Complex,-152.62,Right,Lateral Grasp
73,book,Box / Complex,19.33,Right,Lateral Grasp
73,book,Cylindrical,-163.77,Right,Full Grasp
73,book,Cylindrical,-162.67,Right,Full Grasp
73,book,Box / Complex,-168.94,Right,Lateral Grasp
73,book,Box / Complex,164.87,Left,Lateral Grasp
73,book,Box / Complex,178.49,Center,Lateral Grasp
73,book,Box / Complex,-5.18,Right,Lateral Grasp
73,book,Box / Complex,178.14,Center,Lateral Grasp
73,book,Box / Complex,-10.77,Right,Lateral Grasp
2,cup,Spherical,-88.93,Right,Full Grasp
2,cup,Spherical,88.62,Right,Full Grasp
2,cup,Spherical,89.18,Right,Full Grasp
2,cup,Spherical,-102.18,Right,Full Grasp
2,cup,Spherical,-100.83,Right,Full Grasp
2,cup,Spherical,-103.03,Right,Full Grasp
2,cup,Box / Complex,83.59,Right,Lateral Grasp
2,cup,Spherical,-95.16,Right,Full Grasp
2,cup,Spherical,-94.72,Right,Full Grasp
2,cup,Spherical,-94.35,Right,Full Grasp
2,cup,Spherical,85.01,Right,Full Grasp
2,cup,Spherical,87.41,Right,Full Grasp
2,cup,Spherical,90.69,Left,Full Grasp
2,cup,Box / Complex,89.21,Right,Lateral Grasp
2,cup,Spherical,87.6,Right,Full Grasp
2,cup,Box / Complex,88.75,Right,Lateral Grasp
2,cup,Box / Complex,88.05,Right,Lateral Grasp
2,cup,Spherical,87.77,Right,Full Grasp
2,cup,Box / Complex,87.7,Right,Lateral Grasp
2,cup,Spherical,-87.43,Right,Full Grasp
2,cup,Spherical,90.48,Left,Full Grasp
2,cup,Box / Complex,87.85,Right,Lateral Grasp
2,cup,Spherical,90.72,Left,Full Grasp
2,cup,Box / Complex,86.49,Right,Lateral Grasp
2,cup,Spherical,-88.72,Right,Full Grasp
2,cup,Spherical,87.13,Right,Full Grasp
2,cup,Box / Complex,90.72,Left,Lateral Grasp
2,cup,Spherical,88.65,Right,Full Grasp
2,cup,Spherical,88.54,Right,Full Grasp
2,cup,Spherical,90.16,Left,Full Grasp
2,cup,Box / Complex,90.9,Left,Lateral Grasp
2,cup,Spherical,89.9,Right,Full Grasp
2,cup,Spherical,89.98,Right,Full Grasp
2,cup,Box / Complex,90.92,Left,Lateral Grasp
2,cup,Spherical,89.53,Right,Full Grasp
2,cup,Spherical,88.95,Right,Full Grasp
2,cup,Box / Complex,88.16,Right,Lateral Grasp
2,cup,Spherical,89.51,Right,Full Grasp
2,cup,Spherical,90.85,Left,Full Grasp
2,cup,Spherical,91.06,Left,Full Grasp
2,cup,Spherical,89.8,Right,Full Grasp
2,cup,Spherical,91.29,Left,Full Grasp
2,cup,Spherical,88.79,Right,Full Grasp
2,cup,Spherical,89.66,Right,Full Grasp
2,cup,Spherical,89.96,Right,Full Grasp
2,cup,Spherical,89.74,Right,Full Grasp
2,cup,Spherical,90.45,Left,Full Grasp
2,cup,Spherical,89.89,Right,Full Grasp
2,cup,Spherical,90.09,Left,Full Grasp
2,cup,Spherical,87.77,Right,Full Grasp
2,cup,Spherical,87.68,Right,Full Grasp
2,cup,Spherical,87.48,Right,Full Grasp
2,cup,Spherical,88.05,Right,Full Grasp
2,cup,Spherical,87.37,Right,Full Grasp
2,cup,Spherical,89.21,Right,Full Grasp
2,cup,Spherical,88.29,Right,Full Grasp
2,cup,Spherical,88.02,Right,Full Grasp
2,cup,Spherical,87.9,Right,Full Grasp
2,cup,Spherical,91.06,Left,Full Grasp
2,cup,Spherical,88.97,Right,Full Grasp
2,cup,Spherical,87.75,Right,Full Grasp
2,cup,Spherical,88.1,Right,Full Grasp
2,cup,Spherical,87.08,Right,Full Grasp
2,cup,Spherical,87.39,Right,Full Grasp
2,cup,Spherical,88.61,Right,Full Grasp
2,cup,Spherical,87.0,Right,Full Grasp
2,cup,Spherical,87.84,Right,Full Grasp
2,cup,Spherical,88.26,Right,Full Grasp
2,cup,Spherical,86.28,Right,Full Grasp
2,cup,Spherical,86.78,Right,Full Grasp
2,cup,Spherical,87.21,Right,Full Grasp
2,cup,Spherical,88.1,Right,Full Grasp
2,cup,Spherical,87.85,Right,Full Grasp
2,cup,Spherical,87.09,Right,Full Grasp
2,cup,Spherical,87.41,Right,Full Grasp
2,cup,Spherical,86.4,Right,Full Grasp
2,cup,Spherical,88.52,Right,Full Grasp
2,cup,Spherical,87.28,Right,Full Grasp
2,cup,Spherical,89.25,Right,Full Grasp
2,cup,Spherical,88.62,Right,Full Grasp
2,cup,Spherical,86.78,Right,Full Grasp
2,cup,Spherical,87.88,Right,Full Grasp
2,cup,Spherical,88.68,Right,Full Grasp
2,cup,Spherical,91.46,Left,Full Grasp
2,cup,Spherical,95.24,Left,Full Grasp
2,cup,Spherical,96.0,Left,Full Grasp
2,cup,Spherical,95.39,Left,Full Grasp
2,cup,Spherical,90.18,Left,Full Grasp
2,cup,Spherical,92.29,Left,Full Grasp
2,cup,Spherical,91.6,Left,Full Grasp
2,cup,Spherical,93.93,Left,Full Grasp
2,cup,Spherical,85.86,Right,Full Grasp
1,bottle,Cylindrical,105.51,Left,Full Grasp
1,bottle,Spherical,98.89,Left,Full Grasp
75,vase,Spherical,-79.83,Right,Full Grasp
1,bottle,Spherical,-78.77,Right,Full Grasp
2,cup,Spherical,87.38,Right,Full Grasp
2,cup,Spherical,89.11,Right,Full Grasp
2,cup,Spherical,87.32,Right,Full Grasp
2,cup,Spherical,88.01,Right,Full Grasp
2,cup,Spherical,91.26,Left,Full Grasp
2,cup,Spherical,95.15,Left,Full Grasp
2,cup,Spherical,89.25,Right,Full Grasp
2,cup,Spherical,-82.59,Right,Full Grasp
2,cup,Spherical,89.07,Right,Full Grasp
2,cup,Spherical,89.02,Right,Full Grasp
2,cup,Spherical,90.39,Left,Full Grasp
2,cup,Spherical,91.93,Left,Full Grasp
2,cup,Spherical,100.91,Left,Full Grasp
0,apple,Cylindrical,-89.86,Right,Pinch Grasp
2,cup,Spherical,-99.09,Right,Full Grasp
2,cup,Spherical,90.49,Left,Full Grasp
2,cup,Spherical,-76.58,Right,Full Grasp
2,cup,Spherical,-78.97,Right,Full Grasp
2,cup,Spherical,-82.59,Right,Full Grasp
2,cup,Spherical,-95.38,Right,Full Grasp
2,cup,Spherical,78.57,Right,Full Grasp
2,cup,Spherical,96.95,Left,Full Grasp
2,cup,Spherical,86.35,Right,Full Grasp
2,cup,Spherical,89.82,Right,Full Grasp
2,cup,Spherical,89.75,Right,Full Grasp
2,cup,Spherical,88.23,Right,Full Grasp
2,cup,Spherical,94.21,Left,Full Grasp
2,cup,Spherical,89.02,Right,Full Grasp
2,cup,Spherical,87.62,Right,Full Grasp
2,cup,Spherical,90.85,Left,Full Grasp
2,cup,Spherical,88.1,Right,Full Grasp
2,cup,Spherical,87.44,Right,Full Grasp
2,cup,Spherical,90.6,Left,Full Grasp
2,cup,Spherical,92.52,Left,Full Grasp
2,cup,Spherical,88.61,Right,Full Grasp
2,cup,Spherical,88.49,Right,Full Grasp
2,cup,Spherical,88.97,Right,Full Grasp
2,cup,Spherical,88.01,Right,Full Grasp
2,cup,Spherical,85.77,Right,Full Grasp
2,cup,Spherical,94.11,Left,Full Grasp
2,cup,Box / Complex,90.55,Left,Lateral Grasp
2,cup,Cylindrical,105.13,Left,Full Grasp
2,cup,Spherical,-85.61,Right,Full Grasp
1,bottle,Cylindrical,-107.34,Right,Full Grasp
1,bottle,Box / Complex,96.89,Left,Lateral Grasp
1,bottle,Box / Complex,89.21,Right,Lateral Grasp
1,bottle,Box / Complex,-94.6,Right,Lateral Grasp
1,bottle,Box / Complex,-95.42,Right,Lateral Grasp
1,bottle,Box / Complex,-100.88,Right,Lateral Grasp
1,bottle,Cylindrical,-97.07,Right,Full Grasp
1,bottle,Flat,89.58,Right,Pinch Grasp
1,bottle,Box / Complex,-89.78,Right,Lateral Grasp
1,bottle,Cylindrical,-88.65,Right,Full Grasp
1,bottle,Cylindrical,-88.6,Right,Full Grasp
1,bottle,Cylindrical,89.04,Right,Full Grasp
1,bottle,Cylindrical,90.09,Left,Full Grasp
1,bottle,Cylindrical,89.8,Right,Full Grasp
1,bottle,Cylindrical,89.96,Right,Full Grasp
1,bottle,Box / Complex,89.66,Right,Lateral Grasp
1,bottle,Box / Complex,-91.59,Right,Lateral Grasp
1,bottle,Box / Complex,90.08,Left,Lateral Grasp
1,bottle,Box / Complex,-89.63,Right,Lateral Grasp
1,bottle,Box / Complex,-88.45,Right,Lateral Grasp
1,bottle,Box / Complex,-88.88,Right,Lateral Grasp
1,bottle,Box / Complex,-88.23,Right,Lateral Grasp
1,bottle,Cylindrical,-87.24,Right,Full Grasp
1,bottle,Cylindrical,-86.91,Right,Full Grasp
1,bottle,Box / Complex,-86.26,Right,Lateral Grasp
1,bottle,Box / Complex,-87.87,Right,Lateral Grasp
1,bottle,Box / Complex,-85.86,Right,Lateral Grasp
1,bottle,Box / Complex,-87.11,Right,Lateral Grasp
1,bottle,Box / Complex,-87.39,Right,Lateral Grasp
1,bottle,Box / Complex,91.18,Left,Lateral Grasp
1,bottle,Box / Complex,-87.81,Right,Lateral Grasp
1,bottle,Cylindrical,93.78,Left,Full Grasp
1,bottle,Box / Complex,-85.89,Right,Lateral Grasp
1,bottle,Box / Complex,-87.11,Right,Lateral Grasp
1,bottle,Box / Complex,-86.64,Right,Lateral Grasp
1,bottle,Box / Complex,-86.9,Right,Lateral Grasp
1,bottle,Box / Complex,93.44,Left,Lateral Grasp
1,bottle,Box / Complex,-85.87,Right,Lateral Grasp
1,bottle,Cylindrical,93.06,Left,Full Grasp
1,bottle,Box / Complex,-85.71,Right,Lateral Grasp
1,bottle,Cylindrical,-85.14,Right,Full Grasp
1,bottle,Box / Complex,-85.67,Right,Lateral Grasp
1,bottle,Cylindrical,-85.01,Right,Full Grasp
1,bottle,Box / Complex,-84.83,Right,Lateral Grasp
1,bottle,Box / Complex,94.32,Left,Lateral Grasp
1,bottle,Box / Complex,94.24,Left,Lateral Grasp
1,bottle,Box / Complex,-84.73,Right,Lateral Grasp
1,bottle,Box / Complex,-85.29,Right,Lateral Grasp
1,bottle,Cylindrical,-85.43,Right,Full Grasp
1,bottle,Box / Complex,-85.39,Right,Lateral Grasp
1,bottle,Cylindrical,-85.89,Right,Full Grasp
1,bottle,Box / Complex,-85.28,Right,Lateral Grasp
1,bottle,Box / Complex,-85.29,Right,Lateral Grasp
1,bottle,Cylindrical,95.81,Left,Full Grasp
1,bottle,Box / Complex,95.03,Left,Lateral Grasp
1,bottle,Cylindrical,-82.78,Right,Full Grasp
1,bottle,Box / Complex,-83.52,Right,Lateral Grasp
1,bottle,Cylindrical,97.04,Left,Full Grasp
1,bottle,Box / Complex,-88.67,Right,Lateral Grasp
1,bottle,Box / Complex,101.09,Left,Lateral Grasp
2,cup,Spherical,-95.82,Right,Full Grasp
46,banana,Cylindrical,-177.21,Center,Full Grasp
46,banana,Cylindrical,179.14,Center,Full Grasp
46,banana,Cylindrical,176.68,Center,Full Grasp
46,banana,Box / Complex,174.71,Center,Lateral Grasp
46,banana,Cylindrical,176.14,Center,Full Grasp
46,banana,Box / Complex,175.09,Center,Lateral Grasp
46,banana,Box / Complex,175.94,Center,Lateral Grasp
46,banana,Cylindrical,176.51,Center,Full Grasp
46,banana,Box / Complex,175.94,Center,Lateral Grasp
46,banana,Box / Complex,175.47,Center,Lateral Grasp
46,banana,Cylindrical,177.27,Center,Full Grasp
46,banana,Cylindrical,177.94,Center,Full Grasp
46,banana,Cylindrical,177.68,Center,Full Grasp
46,banana,Box / Complex,177.11,Center,Lateral Grasp
46,banana,Cylindrical,177.78,Center,Full Grasp
46,banana,Box / Complex,177.45,Center,Lateral Grasp
46,banana,Box / Complex,177.4,Center,Lateral Grasp
46,banana,Box / Complex,176.67,Center,Lateral Grasp
46,banana,Box / Complex,176.91,Center,Lateral Grasp
46,banana,Box / Complex,177.28,Center,Lateral Grasp
46,banana,Box / Complex,178.11,Center,Lateral Grasp
46,banana,Cylindrical,178.71,Center,Full Grasp
46,banana,Cylindrical,-178.87,Center,Full Grasp
46,banana,Cylindrical,-174.6,Center,Full Grasp
46,banana,Cylindrical,-178.92,Center,Full Grasp
46,banana,Cylindrical,179.78,Center,Full Grasp
46,banana,Cylindrical,-177.5,Center,Full Grasp
46,banana,Cylindrical,-179.88,Center,Full Grasp
1,bottle,Cylindrical,179.08,Center,Full Grasp
46,banana,Cylindrical,179.44,Center,Full Grasp
46,banana,Cylindrical,178.42,Center,Full Grasp
46,banana,Cylindrical,178.85,Center,Full Grasp
46,banana,Cylindrical,178.91,Center,Full Grasp
46,banana,Cylindrical,178.26,Center,Full Grasp
46,banana,Cylindrical,178.7,Center,Full Grasp
46,banana,Cylindrical,178.04,Center,Full Grasp
46,banana,Cylindrical,178.9,Center,Full Grasp
46,banana,Cylindrical,177.9,Center,Full Grasp
46,banana,Cylindrical,178.46,Center,Full Grasp
46,banana,Cylindrical,178.24,Center,Full Grasp
46,banana,Cylindrical,178.45,Center,Full Grasp
46,banana,Cylindrical,178.06,Center,Full Grasp
46,banana,Cylindrical,178.03,Center,Full Grasp
46,banana,Cylindrical,178.06,Center,Full Grasp
46,banana,Cylindrical,179.17,Center,Full Grasp
46,banana,Cylindrical,-179.84,Center,Full Grasp
46,banana,Cylindrical,175.74,Center,Full Grasp
2,cup,Flat,110.05,Left,Pinch Grasp
2,cup,Flat,96.75,Left,Pinch Grasp
76,scissors,Box / Complex,139.5,Left,Lateral Grasp
76,scissors,Box / Complex,-164.74,Right,Lateral Grasp
2,cup,Flat,-174.03,Center,Pinch Grasp
76,scissors,Spherical,129.03,Left,Full Grasp
76,scissors,Cylindrical,-127.05,Right,Full Grasp
76,scissors,Spherical,146.18,Left,Full Grasp
1,bottle,Box / Complex,130.1,Left,Lateral Grasp
1,bottle,Box / Complex,133.29,Left,Lateral Grasp
1,bottle,Spherical,-117.89,Right,Full Grasp
1,bottle,Cylindrical,-137.32,Right,Full Grasp
1,bottle,Box / Complex,-121.79,Right,Lateral Grasp
1,bottle,Cylindrical,-137.61,Right,Full Grasp
1,bottle,Cylindrical,-147.36,Right,Full Grasp
1,bottle,Cylindrical,-153.26,Right,Full Grasp
1,bottle,Cylindrical,-149.62,Right,Full Grasp
1,bottle,Cylindrical,61.39,Right,Full Grasp
1,bottle,Box / Complex,-130.16,Right,Lateral Grasp
1,bottle,Box / Complex,-135.35,Right,Lateral Grasp
76,scissors,Spherical,-73.13,Right,Full Grasp
1,bottle,Spherical,97.17,Left,Full Grasp
1,bottle,Spherical,97.89,Left,Full Grasp
1,bottle,Spherical,-83.59,Right,Full Grasp
1,bottle,Spherical,-87.25,Right,Full Grasp
1,bottle,Spherical,-90.39,Right,Full Grasp
1,bottle,Spherical,-92.79,Right,Full Grasp
1,bottle,Spherical,-91.0,Right,Full Grasp
1,bottle,Spherical,-91.75,Right,Full Grasp
1,bottle,Spherical,-94.3,Right,Full Grasp
1,bottle,Spherical,-93.5,Right,Full Grasp
1,bottle,Spherical,-91.08,Right,Full Grasp
67,cell phone,Spherical,-150.33,Right,Full Grasp
1,bottle,Spherical,99.23,Left,Full Grasp
1,bottle,Spherical,93.26,Left,Full Grasp
1,bottle,Spherical,-89.03,Right,Full Grasp
1,bottle,Box / Complex,-89.95,Right,Lateral Grasp
1,bottle,Box / Complex,-89.5,Right,Lateral Grasp
1,bottle,Box / Complex,-90.53,Right,Lateral Grasp
1,bottle,Box / Complex,-89.7,Right,Lateral Grasp
1,bottle,Box / Complex,-90.24,Right,Lateral Grasp
1,bottle,Cylindrical,-89.87,Right,Full Grasp
1,bottle,Cylindrical,89.09,Right,Full Grasp
1,bottle,Cylindrical,-90.16,Right,Full Grasp
1,bottle,Cylindrical,-90.35,Right,Full Grasp
1,bottle,Cylindrical,89.34,Right,Full Grasp
1,bottle,Cylindrical,-90.59,Right,Full Grasp
76,scissors,Box / Complex,-85.89,Right,Lateral Grasp
0,apple,Spherical,118.93,Left,Full Grasp
0,apple,Box / Complex,155.12,Left,Lateral Grasp
76,scissors,Spherical,102.28,Left,Full Grasp
76,scissors,Spherical,99.09,Left,Full Grasp
76,scissors,Spherical,-85.57,Right,Full Grasp
1,bottle,Spherical,-90.51,Right,Full Grasp
76,scissors,Spherical,-87.9,Right,Full Grasp
76,scissors,Spherical,-90.64,Right,Full Grasp
1,bottle,Box / Complex,-121.4,Right,Lateral Grasp
1,bottle,Box / Complex,-119.24,Right,Lateral Grasp
76,scissors,Spherical,-88.34,Right,Full Grasp
76,scissors,Spherical,-89.1,Right,Full Grasp
76,scissors,Spherical,-90.18,Right,Full Grasp
76,scissors,Spherical,-90.91,Right,Full Grasp
76,scissors,Spherical,-91.13,Right,Full Grasp
76,scissors,Spherical,-92.29,Right,Full Grasp
76,scissors,Spherical,-89.58,Right,Full Grasp
1,bottle,Spherical,-93.02,Right,Full Grasp
1,bottle,Spherical,-92.64,Right,Full Grasp
1,bottle,Spherical,-93.89,Right,Full Grasp
1,bottle,Spherical,-94.89,Right,Full Grasp
2,cup,Cylindrical,97.3,Left,Full Grasp
2,cup,Spherical,-176.59,Center,Full Grasp
2,cup,Box / Complex,120.45,Left,Lateral Grasp
2,cup,Box / Complex,136.83,Left,Lateral Grasp
2,cup,Box / Complex,122.56,Left,Lateral Grasp
2,cup,Cylindrical,118.36,Left,Full Grasp
2,cup,Box / Complex,-147.26,Right,Lateral Grasp
2,cup,Box / Complex,119.79,Left,Lateral Grasp
2,cup,Box / Complex,114.74,Left,Lateral Grasp
2,cup,Box / Complex,115.28,Left,Lateral Grasp
2,cup,Box / Complex,128.75,Left,Lateral Grasp
2,cup,Spherical,130.24,Left,Full Grasp
2,cup,Flat,-98.54,Right,Pinch Grasp
2,cup,Cylindrical,150.59,Left,Full Grasp
2,cup,Cylindrical,-135.72,Right,Full Grasp
2,cup,Spherical,146.13,Left,Full Grasp
2,cup,Spherical,142.85,Left,Full Grasp
2,cup,Cylindrical,150.57,Left,Full Grasp
2,cup,Box / Complex,-67.27,Right,Lateral Grasp
2,cup,Spherical,126.99,Left,Full Grasp
2,cup,Box / Complex,118.09,Left,Lateral Grasp
73,book,Cylindrical,-175.13,Center,Full Grasp
73,book,Box / Complex,-172.54,Center,Lateral Grasp
73,book,Box / Complex,-167.61,Right,Lateral Grasp
73,book,Box / Complex,-171.5,Center,Lateral Grasp
73,book,Box / Complex,-168.81,Right,Lateral Grasp
73,book,Box / Complex,-169.46,Center,Lateral Grasp
73,book,Box / Complex,-172.05,Center,Lateral Grasp
73,book,Box / Complex,-173.78,Center,Lateral Grasp
73,book,Box / Complex,-172.8,Center,Lateral Grasp
73,book,Box / Complex,-175.81,Center,Lateral Grasp
73,book,Box / Complex,-170.27,Center,Lateral Grasp
73,book,Box / Complex,-172.98,Center,Lateral Grasp
73,book,Box / Complex,-172.14,Center,Lateral Grasp
73,book,Box / Complex,10.59,Right,Lateral Grasp
73,book,Box / Complex,15.82,Right,Lateral Grasp
73,book,Box / Complex,8.19,Right,Lateral Grasp
73,book,Box / Complex,-173.11,Center,Lateral Grasp
73,book,Box / Complex,-174.96,Center,Lateral Grasp
73,book,Box / Complex,-166.79,Right,Lateral Grasp
73,book,Box / Complex,-172.01,Center,Lateral Grasp
2,cup,Cylindrical,127.66,Left,Full Grasp
2,cup,Box / Complex,162.53,Left,Pinch Grasp
2,cup,Cylindrical,93.33,Left,Pinch Grasp
2,cup,Cylindrical,91.77,Left,Full Grasp
2,cup,Spherical,-115.52,Right,Full Grasp
73,book,Box / Complex,-176.21,Center,Lateral Grasp
73,book,Box / Complex,161.21,Left,Lateral Grasp
1,bottle,Cylindrical,-89.21,Right,Pinch Grasp
1,bottle,Cylindrical,-89.29,Right,Pinch Grasp
73,book,Box / Complex,179.18,Center,Lateral Grasp
2,cup,Box / Complex,105.36,Left,Lateral Grasp
2,cup,Box / Complex,131.64,Left,Lateral Grasp
2,cup,Cylindrical,99.15,Left,Full Grasp
2,cup,Spherical,171.87,Center,Full Grasp
2,cup,Spherical,110.56,Left,Full Grasp
2,cup,Flat,-178.42,Center,Pinch Grasp
73,book,Box / Complex,7.04,Right,Lateral Grasp
73,book,Box / Complex,-167.17,Right,Lateral Grasp
2,cup,Spherical,113.0,Left,Full Grasp
73,book,Box / Complex,-166.51,Right,Lateral Grasp
73,book,Box / Complex,-165.19,Right,Lateral Grasp
2,cup,Spherical,-81.73,Right,Full Grasp
2,cup,Spherical,100.95,Left,Full Grasp
2,cup,Spherical,110.37,Left,Full Grasp
73,book,Box / Complex,-165.81,Right,Lateral Grasp
2,cup,Spherical,114.66,Left,Full Grasp
73,book,Box / Complex,-164.49,Right,Lateral Grasp
73,book,Box / Complex,-164.68,Right,Lateral Grasp
73,book,Box / Complex,-169.68,Center,Lateral Grasp
2,cup,Flat,-175.75,Center,Pinch Grasp
73,book,Box / Complex,-165.12,Right,Lateral Grasp
73,book,Box / Complex,-170.36,Center,Lateral Grasp
73,book,Box / Complex,-169.56,Center,Lateral Grasp
73,book,Box / Complex,-167.02,Right,Lateral Grasp
73,book,Box / Complex,-170.93,Center,Lateral Grasp
73,book,Box / Complex,5.27,Right,Lateral Grasp
73,book,Box / Complex,2.83,Right,Lateral Grasp
73,book,Box / Complex,-174.15,Center,Lateral Grasp
73,book,Box / Complex,-174.06,Center,Lateral Grasp
2,cup,Flat,-177.94,Center,Pinch Grasp
73,book,Box / Complex,20.41,Right,Lateral Grasp
1,bottle,Cylindrical,86.2,Right,Full Grasp
73,book,Box / Complex,-175.54,Center,Lateral Grasp
73,book,Cylindrical,-163.64,Right,Full Grasp
73,book,Box / Complex,13.84,Right,Lateral Grasp
73,book,Box / Complex,8.02,Right,Lateral Grasp
73,book,Box / Complex,12.74,Right,Lateral Grasp
73,book,Box / Complex,5.89,Right,Lateral Grasp
73,book,Box / Complex,7.67,Right,Lateral Grasp
73,book,Box / Complex,6.77,Right,Lateral Grasp
73,book,Box / Complex,9.64,Right,Lateral Grasp
73,book,Box / Complex,-2.98,Right,Lateral Grasp
73,book,Box / Complex,4.06,Right,Lateral Grasp
73,book,Box / Complex,-169.43,Center,Lateral Grasp
73,book,Box / Complex,1.62,Right,Lateral Grasp
73,book,Box / Complex,17.26,Right,Lateral Grasp
73,book,Box / Complex,19.06,Right,Lateral Grasp
73,book,Box / Complex,-177.43,Center,Lateral Grasp
73,book,Box / Complex,6.05,Right,Lateral Grasp
73,book,Box / Complex,-0.69,Right,Lateral Grasp
73,book,Box / Complex,9.54,Right,Lateral Grasp
73,book,Box / Complex,2.48,Right,Lateral Grasp
73,book,Box / Complex,2.54,Right,Lateral Grasp
73,book,Box / Complex,-7.5,Right,Lateral Grasp
73,book,Box / Complex,0.34,Right,Lateral Grasp
73,book,Box / Complex,-171.05,Center,Lateral Grasp
73,book,Box / Complex,11.47,Right,Lateral Grasp
73,book,Box / Complex,1.63,Right,Lateral Grasp
73,book,Box / Complex,7.39,Right,Lateral Grasp
73,book,Box / Complex,2.07,Right,Lateral Grasp
73,book,Box / Complex,6.8,Right,Lateral Grasp
73,book,Box / Complex,-3.19,Right,Lateral Grasp
73,book,Box / Complex,9.59,Right,Lateral Grasp
73,book,Box / Complex,-2.72,Right,Lateral Grasp
73,book,Box / Complex,8.89,Right,Lateral Grasp
73,book,Box / Complex,5.72,Right,Lateral Grasp
73,book,Box / Complex,12.19,Right,Lateral Grasp
73,book,Box / Complex,9.47,Right,Lateral Grasp
73,book,Box / Complex,14.15,Right,Lateral Grasp
73,book,Box / Complex,17.25,Right,Lateral Grasp
73,book,Box / Complex,-169.92,Center,Lateral Grasp
73,book,Box / Complex,6.0,Right,Lateral Grasp
73,book,Cylindrical,-175.36,Center,Full Grasp
73,book,Box / Complex,1.49,Right,Lateral Grasp
73,book,Cylindrical,10.69,Right,Full Grasp
73,book,Box / Complex,6.93,Right,Lateral Grasp
73,book,Box / Complex,15.66,Right,Lateral Grasp
73,book,Box / Complex,20.1,Right,Lateral Grasp
73,book,Box / Complex,15.62,Right,Lateral Grasp
73,book,Box / Complex,9.06,Right,Lateral Grasp
2,cup,Cylindrical,96.62,Left,Full Grasp
67,cell phone,Box / Complex,135.94,Left,Lateral Grasp
1,bottle,Box / Complex,128.73,Left,Lateral Grasp
67,cell phone,Spherical,119.75,Left,Full Grasp
1,bottle,Box / Complex,126.63,Left,Lateral Grasp
1,bottle,Box / Complex,126.7,Left,Lateral Grasp
1,bottle,Spherical,124.4,Left,Full Grasp
1,bottle,Spherical,123.11,Left,Full Grasp
1,bottle,Spherical,123.41,Left,Full Grasp
67,cell phone,Cylindrical,121.76,Left,Full Grasp
67,cell phone,Cylindrical,113.44,Left,Full Grasp
67,cell phone,Cylindrical,-92.86,Right,Full Grasp
2,cup,Cylindrical,106.67,Left,Full Grasp
2,cup,Box / Complex,126.84,Left,Lateral Grasp
2,cup,Cylindrical,132.77,Left,Full Grasp
2,cup,Cylindrical,141.35,Left,Full Grasp
2,cup,Cylindrical,143.17,Left,Full Grasp
2,cup,Box / Complex,137.24,Left,Lateral Grasp
2,cup,Spherical,131.62,Left,Full Grasp
2,cup,Spherical,124.1,Left,Full Grasp
2,cup,Spherical,125.39,Left,Full Grasp
2,cup,Spherical,126.64,Left,Full Grasp
2,cup,Spherical,126.92,Left,Full Grasp
2,cup,Spherical,127.49,Left,Full Grasp
2,cup,Spherical,127.57,Left,Full Grasp
2,cup,Spherical,130.5,Left,Full Grasp
2,cup,Spherical,129.88,Left,Full Grasp
2,cup,Spherical,134.4,Left,Full Grasp
2,cup,Spherical,137.9,Left,Full Grasp
2,cup,Spherical,135.53,Left,Full Grasp
2,cup,Spherical,133.24,Left,Full Grasp
2,cup,Spherical,130.8,Left,Full Grasp
2,cup,Spherical,140.78,Left,Full Grasp
2,cup,Spherical,-36.0,Right,Full Grasp
2,cup,Spherical,-41.22,Right,Full Grasp
2,cup,Spherical,-44.88,Right,Full Grasp
2,cup,Cylindrical,-128.82,Right,Full Grasp
2,cup,Cylindrical,-85.75,Right,Full Grasp
2,cup,Spherical,135.33,Left,Full Grasp
2,cup,Cylindrical,-104.54,Right,Full Grasp
46,banana,Spherical,-137.69,Right,Full Grasp
64,mouse,Spherical,-89.67,Right,Full Grasp
1,bottle,Box / Complex,-119.25,Right,Lateral Grasp
1,bottle,Spherical,-138.16,Right,Full Grasp
1,bottle,Spherical,-138.93,Right,Full Grasp
64,mouse,Cylindrical,166.89,Left,Full Grasp
2,cup,Box / Complex,-167.32,Right,Lateral Grasp
64,mouse,Spherical,-146.92,Right,Full Grasp
2,cup,Box / Complex,-133.7,Right,Lateral Grasp
64,mouse,Spherical,-142.02,Right,Full Grasp
64,mouse,Box / Complex,-147.18,Right,Lateral Grasp
2,cup,Cylindrical,-152.19,Right,Full Grasp
64,mouse,Box / Complex,-150.99,Right,Lateral Grasp
64,mouse,Spherical,-141.98,Right,Full Grasp
64,mouse,Cylindrical,179.57,Center,Full Grasp
64,mouse,Box / Complex,126.25,Left,Lateral Grasp
64,mouse,Box / Complex,156.87,Left,Lateral Grasp
2,cup,Spherical,-119.56,Right,Full Grasp
2,cup,Box / Complex,-163.0,Right,Lateral Grasp
2,cup,Spherical,-155.86,Right,Full Grasp
2,cup,Spherical,-125.92,Right,Full Grasp
2,cup,Cylindrical,-166.04,Right,Full Grasp
2,cup,Spherical,-161.14,Right,Full Grasp
2,cup,Spherical,-161.9,Right,Full Grasp
2,cup,Box / Complex,-159.4,Right,Lateral Grasp
2,cup,Spherical,-126.13,Right,Full Grasp
2,cup,Box / Complex,-158.79,Right,Lateral Grasp
64,mouse,Spherical,-115.24,Right,Full Grasp
64,mouse,Spherical,93.35,Left,Full Grasp
76,scissors,Spherical,93.35,Left,Full Grasp
64,mouse,Spherical,86.05,Right,Full Grasp
76,scissors,Spherical,86.05,Right,Full Grasp
64,mouse,Spherical,-87.17,Right,Full Grasp
64,mouse,Spherical,-89.12,Right,Full Grasp
64,mouse,Spherical,-87.07,Right,Full Grasp
64,mouse,Spherical,-88.79,Right,Full Grasp
64,mouse,Spherical,-92.91,Right,Full Grasp
2,cup,Spherical,-97.32,Right,Full Grasp
2,cup,Spherical,-99.04,Right,Full Grasp
2,cup,Spherical,-94.93,Right,Full Grasp
2,cup,Spherical,-97.92,Right,Full Grasp
2,cup,Spherical,-99.11,Right,Full Grasp
2,cup,Spherical,-94.38,Right,Full Grasp
2,cup,Spherical,-88.25,Right,Full Grasp
2,cup,Spherical,-88.49,Right,Full Grasp
2,cup,Spherical,-87.44,Right,Full Grasp
2,cup,Spherical,-89.76,Right,Full Grasp
2,cup,Spherical,-86.32,Right,Full Grasp
2,cup,Spherical,94.58,Left,Full Grasp
2,cup,Spherical,-86.51,Right,Full Grasp
2,cup,Spherical,95.73,Left,Full Grasp
2,cup,Spherical,94.95,Left,Full Grasp
2,cup,Spherical,97.87,Left,Full Grasp
2,cup,Spherical,95.87,Left,Full Grasp
2,cup,Spherical,96.41,Left,Full Grasp
2,cup,Spherical,97.8,Left,Full Grasp
2,cup,Spherical,98.23,Left,Full Grasp
2,cup,Spherical,95.92,Left,Full Grasp
64,mouse,Spherical,-92.87,Right,Full Grasp
64,mouse,Spherical,-106.15,Right,Full Grasp
64,mouse,Box / Complex,-103.16,Right,Lateral Grasp
64,mouse,Box / Complex,-141.97,Right,Lateral Grasp
64,mouse,Box / Complex,-158.02,Right,Lateral Grasp
64,mouse,Box / Complex,-120.77,Right,Lateral Grasp
64,mouse,Spherical,-155.56,Right,Full Grasp
64,mouse,Box / Complex,-153.95,Right,Lateral Grasp
64,mouse,Box / Complex,-159.11,Right,Lateral Grasp
64,mouse,Box / Complex,-145.29,Right,Lateral Grasp
64,mouse,Spherical,-156.18,Right,Full Grasp
64,mouse,Box / Complex,-152.57,Right,Lateral Grasp
64,mouse,Box / Complex,-137.56,Right,Lateral Grasp
2,cup,Box / Complex,118.62,Left,Lateral Grasp
2,cup,Cylindrical,157.52,Left,Full Grasp
2,cup,Cylindrical,141.37,Left,Full Grasp
2,cup,Spherical,137.49,Left,Full Grasp
2,cup,Spherical,132.14,Left,Full Grasp
2,cup,Box / Complex,141.06,Left,Lateral Grasp
2,cup,Box / Complex,139.52,Left,Lateral Grasp
2,cup,Spherical,135.94,Left,Full Grasp
2,cup,Spherical,138.57,Left,Full Grasp
2,cup,Spherical,146.69,Left,Full Grasp
2,cup,Spherical,141.2,Left,Full Grasp
2,cup,Spherical,143.84,Left,Full Grasp
2,cup,Spherical,139.51,Left,Full Grasp
2,cup,Spherical,147.63,Left,Full Grasp
2,cup,Spherical,138.79,Left,Full Grasp
2,cup,Spherical,139.59,Left,Full Grasp
2,cup,Spherical,147.05,Left,Full Grasp
2,cup,Spherical,146.18,Left,Full Grasp
2,cup,Spherical,142.89,Left,Full Grasp
2,cup,Spherical,145.22,Left,Full Grasp
2,cup,Spherical,139.45,Left,Full Grasp
2,cup,Spherical,141.47,Left,Full Grasp
2,cup,Spherical,139.13,Left,Full Grasp
2,cup,Spherical,141.18,Left,Full Grasp
2,cup,Spherical,138.98,Left,Full Grasp
2,cup,Spherical,144.82,Left,Full Grasp
2,cup,Spherical,147.96,Left,Full Grasp
2,cup,Spherical,144.04,Left,Full Grasp
2,cup,Spherical,147.45,Left,Full Grasp
2,cup,Spherical,142.57,Left,Full Grasp
2,cup,Spherical,139.74,Left,Full Grasp
2,cup,Spherical,136.14,Left,Full Grasp
2,cup,Cylindrical,153.14,Left,Full Grasp
2,cup,Box / Complex,-124.33,Right,Lateral Grasp
2,cup,Box / Complex,-132.22,Right,Lateral Grasp
2,cup,Box / Complex,-124.3,Right,Lateral Grasp
2,cup,Box / Complex,-144.06,Right,Lateral Grasp
2,cup,Box / Complex,-131.7,Right,Lateral Grasp
2,cup,Box / Complex,-131.71,Right,Lateral Grasp
2,cup,Box / Complex,25.27,Right,Lateral Grasp
2,cup,Box / Complex,-162.93,Right,Lateral Grasp
2,cup,Box / Complex,-147.29,Right,Lateral Grasp
2,cup,Box / Complex,-144.92,Right,Lateral Grasp
1,bottle,Cylindrical,89.08,Right,Full Grasp
1,bottle,Cylindrical,88.12,Right,Full Grasp
1,bottle,Cylindrical,87.92,Right,Full Grasp
1,bottle,Cylindrical,87.88,Right,Full Grasp
1,bottle,Cylindrical,88.19,Right,Full Grasp
1,bottle,Cylindrical,87.24,Right,Full Grasp
1,bottle,Cylindrical,87.99,Right,Full Grasp
1,bottle,Cylindrical,87.9,Right,Full Grasp
1,bottle,Cylindrical,88.62,Right,Full Grasp
1,bottle,Cylindrical,87.9,Right,Full Grasp
1,bottle,Cylindrical,88.3,Right,Full Grasp
1,bottle,Cylindrical,-92.67,Right,Full Grasp
1,bottle,Cylindrical,88.42,Right,Full Grasp
1,bottle,Cylindrical,89.34,Right,Full Grasp
1,bottle,Cylindrical,89.57,Right,Full Grasp
1,bottle,Cylindrical,89.67,Right,Full Grasp
1,bottle,Cylindrical,89.38,Right,Full Grasp
1,bottle,Cylindrical,89.27,Right,Full Grasp
1,bottle,Cylindrical,89.55,Right,Full Grasp
1,bottle,Cylindrical,89.53,Right,Full Grasp
1,bottle,Cylindrical,89.37,Right,Full Grasp
1,bottle,Cylindrical,89.42,Right,Full Grasp
1,bottle,Box / Complex,89.33,Right,Lateral Grasp
1,bottle,Cylindrical,89.17,Right,Full Grasp
1,bottle,Cylindrical,89.56,Right,Full Grasp
1,bottle,Cylindrical,89.18,Right,Full Grasp
1,bottle,Cylindrical,89.01,Right,Full Grasp
1,bottle,Cylindrical,89.01,Right,Full Grasp
1,bottle,Cylindrical,88.69,Right,Full Grasp
1,bottle,Cylindrical,88.79,Right,Full Grasp
1,bottle,Cylindrical,88.84,Right,Full Grasp
1,bottle,Cylindrical,88.89,Right,Full Grasp
1,bottle,Box / Complex,87.98,Right,Lateral Grasp
1,bottle,Box / Complex,-92.36,Right,Lateral Grasp
1,bottle,Box / Complex,87.62,Right,Lateral Grasp
1,bottle,Cylindrical,89.08,Right,Full Grasp
1,bottle,Cylindrical,89.18,Right,Full Grasp
1,bottle,Cylindrical,88.35,Right,Full Grasp
1,bottle,Cylindrical,89.02,Right,Full Grasp
1,bottle,Cylindrical,89.16,Right,Full Grasp
1,bottle,Cylindrical,88.75,Right,Full Grasp
1,bottle,Cylindrical,88.13,Right,Full Grasp
1,bottle,Cylindrical,87.35,Right,Full Grasp
1,bottle,Cylindrical,86.59,Right,Full Grasp
1,bottle,Cylindrical,86.52,Right,Full Grasp
1,bottle,Cylindrical,88.11,Right,Full Grasp
1,bottle,Box / Complex,93.34,Left,Lateral Grasp
1,bottle,Cylindrical,89.56,Right,Full Grasp
1,bottle,Cylindrical,-86.57,Right,Full Grasp
1,bottle,Cylindrical,96.92,Left,Full Grasp
1,bottle,Box / Complex,-98.0,Right,Lateral Grasp
2,cup,Box / Complex,-115.65,Right,Pinch Grasp
64,mouse,Spherical,124.66,Left,Full Grasp
64,mouse,Spherical,122.84,Left,Full Grasp
1,bottle,Spherical,82.81,Right,Full Grasp
75,vase,Cylindrical,-90.23,Right,Full Grasp
1,bottle,Spherical,87.3,Right,Full Grasp
1,bottle,Spherical,85.1,Right,Full Grasp
1,bottle,Spherical,84.89,Right,Full Grasp
1,bottle,Spherical,-99.18,Right,Full Grasp
1,bottle,Spherical,84.11,Right,Full Grasp
1,bottle,Spherical,83.71,Right,Full Grasp
1,bottle,Spherical,-98.59,Right,Full Grasp
1,bottle,Spherical,86.84,Right,Full Grasp
1,bottle,Spherical,87.46,Right,Full Grasp
1,bottle,Spherical,87.44,Right,Full Grasp
1,bottle,Spherical,80.55,Right,Full Grasp
2,cup,Spherical,86.9,Right,Full Grasp
1,bottle,Spherical,90.15,Left,Full Grasp
1,bottle,Box / Complex,82.97,Right,Lateral Grasp
2,cup,Flat,98.34,Left,Pinch Grasp
1,bottle,Spherical,-156.26,Right,Full Grasp
2,cup,Spherical,-154.22,Right,Full Grasp
1,bottle,Spherical,110.61,Left,Full Grasp
2,cup,Spherical,-81.83,Right,Full Grasp
2,cup,Spherical,-83.8,Right,Full Grasp
2,cup,Spherical,-94.72,Right,Full Grasp
2,cup,Spherical,-95.88,Right,Full Grasp
2,cup,Spherical,93.0,Left,Full Grasp
2,cup,Spherical,-94.06,Right,Full Grasp
2,cup,Spherical,-92.68,Right,Full Grasp
2,cup,Spherical,-93.45,Right,Full Grasp
2,cup,Spherical,85.75,Right,Full Grasp
2,cup,Spherical,87.58,Right,Full Grasp
2,cup,Spherical,89.17,Right,Full Grasp
2,cup,Spherical,89.1,Right,Full Grasp
2,cup,Spherical,85.41,Right,Full Grasp
2,cup,Spherical,80.4,Right,Full Grasp
0,apple,Cylindrical,-93.32,Right,Full Grasp
2,cup,Cylindrical,86.26,Right,Full Grasp
2,cup,Spherical,88.71,Right,Full Grasp
2,cup,Spherical,-101.05,Right,Full Grasp
2,cup,Box / Complex,95.66,Left,Lateral Grasp
2,cup,Spherical,94.86,Left,Full Grasp
2,cup,Spherical,95.67,Left,Full Grasp
2,cup,Spherical,-73.27,Right,Full Grasp
2,cup,Spherical,90.21,Left,Full Grasp
2,cup,Spherical,87.05,Right,Full Grasp
2,cup,Spherical,87.63,Right,Full Grasp
2,cup,Spherical,92.6,Left,Full Grasp
2,cup,Spherical,99.46,Left,Full Grasp
2,cup,Spherical,97.52,Left,Full Grasp
2,cup,Spherical,83.65,Right,Full Grasp
2,cup,Spherical,86.1,Right,Full Grasp
2,cup,Spherical,88.05,Right,Full Grasp
2,cup,Box / Complex,88.71,Right,Lateral Grasp
2,cup,Box / Complex,90.08,Left,Lateral Grasp
2,cup,Spherical,90.96,Left,Full Grasp
2,cup,Box / Complex,87.43,Right,Lateral Grasp
2,cup,Spherical,90.15,Left,Full Grasp
2,cup,Spherical,84.19,Right,Full Grasp
2,cup,Spherical,83.56,Right,Full Grasp
2,cup,Cylindrical,89.25,Right,Full Grasp
2,cup,Spherical,87.17,Right,Full Grasp
2,cup,Box / Complex,87.85,Right,Lateral Grasp
2,cup,Spherical,86.6,Right,Full Grasp
2,cup,Spherical,89.35,Right,Full Grasp
2,cup,Spherical,87.64,Right,Full Grasp
2,cup,Spherical,84.77,Right,Full Grasp
2,cup,Spherical,83.74,Right,Full Grasp
2,cup,Spherical,89.35,Right,Full Grasp
2,cup,Box / Complex,90.13,Left,Lateral Grasp
2,cup,Spherical,89.05,Right,Full Grasp
2,cup,Spherical,-85.83,Right,Full Grasp
2,cup,Spherical,91.76,Left,Full Grasp
64,mouse,Cylindrical,-110.53,Right,Full Grasp
46,banana,Cylindrical,164.45,Left,Full Grasp
46,banana,Cylindrical,164.3,Left,Full Grasp
46,banana,Cylindrical,169.59,Left,Full Grasp
46,banana,Cylindrical,179.82,Center,Full Grasp
46,banana,Cylindrical,-178.3,Center,Full Grasp
46,banana,Cylindrical,-179.8,Center,Full Grasp
2,cup,Spherical,-168.09,Right,Full Grasp
46,banana,Cylindrical,176.07,Center,Full Grasp
46,banana,Cylindrical,-178.03,Center,Full Grasp
46,banana,Cylindrical,-178.59,Center,Full Grasp
46,banana,Cylindrical,178.85,Center,Full Grasp
46,banana,Cylindrical,-177.85,Center,Full Grasp
46,banana,Cylindrical,-178.07,Center,Full Grasp
46,banana,Cylindrical,-178.34,Center,Full Grasp
46,banana,Cylindrical,-179.1,Center,Full Grasp
46,banana,Cylindrical,-179.71,Center,Full Grasp
46,banana,Cylindrical,179.99,Center,Full Grasp
46,banana,Cylindrical,-179.47,Center,Full Grasp
46,banana,Cylindrical,-178.58,Center,Full Grasp
46,banana,Cylindrical,-178.47,Center,Full Grasp
46,banana,Cylindrical,-178.93,Center,Full Grasp
46,banana,Cylindrical,-179.47,Center,Full Grasp
46,banana,Cylindrical,-179.64,Center,Full Grasp
46,banana,Cylindrical,-179.53,Center,Full Grasp
46,banana,Cylindrical,-179.12,Center,Full Grasp
46,banana,Cylindrical,179.74,Center,Full Grasp
46,banana,Cylindrical,-179.92,Center,Full Grasp
46,banana,Cylindrical,-179.41,Center,Full Grasp
46,banana,Cylindrical,-179.84,Center,Full Grasp
46,banana,Cylindrical,179.69,Center,Full Grasp
46,banana,Cylindrical,-179.97,Center,Full Grasp
46,banana,Cylindrical,-179.74,Center,Full Grasp
46,banana,Cylindrical,-179.76,Center,Full Grasp
46,banana,Cylindrical,-179.46,Center,Full Grasp
46,banana,Cylindrical,179.76,Center,Full Grasp
46,banana,Cylindrical,179.27,Center,Full Grasp
46,banana,Cylindrical,-179.9,Center,Full Grasp
46,banana,Cylindrical,179.6,Center,Full Grasp
46,banana,Cylindrical,-179.58,Center,Full Grasp
46,banana,Cylindrical,-179.69,Center,Full Grasp
46,banana,Cylindrical,179.73,Center,Full Grasp
46,banana,Cylindrical,-179.9,Center,Full Grasp
46,banana,Cylindrical,-179.54,Center,Full Grasp
46,banana,Cylindrical,179.82,Center,Full Grasp
46,banana,Cylindrical,179.92,Center,Full Grasp
46,banana,Cylindrical,-179.73,Center,Full Grasp
46,banana,Cylindrical,-179.66,Center,Full Grasp
46,banana,Cylindrical,179.1,Center,Full Grasp
46,banana,Cylindrical,-180.0,Center,Full Grasp
46,banana,Cylindrical,179.58,Center,Full Grasp
46,banana,Cylindrical,179.8,Center,Full Grasp
46,banana,Cylindrical,180.0,Center,Full Grasp
46,banana,Cylindrical,179.75,Center,Full Grasp
46,banana,Cylindrical,-179.96,Center,Full Grasp
46,banana,Cylindrical,179.97,Center,Full Grasp
46,banana,Cylindrical,179.36,Center,Full Grasp
46,banana,Cylindrical,179.26,Center,Full Grasp
46,banana,Cylindrical,179.33,Center,Full Grasp
46,banana,Cylindrical,-179.72,Center,Full Grasp
46,banana,Cylindrical,179.97,Center,Full Grasp
46,banana,Cylindrical,-178.6,Center,Full Grasp
0,apple,Cylindrical,159.78,Left,Full Grasp
43,knife,Box / Complex,174.72,Center,Lateral Grasp
76,scissors,Spherical,21.15,Right,Full Grasp
73,book,Spherical,147.17,Left,Full Grasp
73,book,Box / Complex,168.62,Left,Lateral Grasp
73,book,Cylindrical,178.86,Center,Full Grasp
73,book,Cylindrical,179.29,Center,Full Grasp
73,book,Cylindrical,-179.97,Center,Full Grasp
73,book,Cylindrical,-177.74,Center,Full Grasp
73,book,Cylindrical,179.61,Center,Full Grasp
73,book,Cylindrical,171.75,Center,Full Grasp
73,book,Cylindrical,1.88,Right,Full Grasp
73,book,Cylindrical,0.7,Right,Full Grasp
73,book,Cylindrical,-3.91,Right,Full Grasp
73,book,Cylindrical,-4.3,Right,Full Grasp
73,book,Cylindrical,163.56,Left,Full Grasp
73,book,Box / Complex,-60.53,Right,Lateral Grasp
73,book,Box / Complex,-31.95,Right,Lateral Grasp
73,book,Box / Complex,-62.32,Right,Lateral Grasp
73,book,Box / Complex,-43.54,Right,Lateral Grasp
73,book,Box / Complex,-38.55,Right,Lateral Grasp
73,book,Box / Complex,-32.7,Right,Lateral Grasp
73,book,Box / Complex,158.4,Left,Lateral Grasp
73,book,Box / Complex,-38.84,Right,Lateral Grasp
73,book,Box / Complex,156.8,Left,Lateral Grasp
73,book,Box / Complex,165.12,Left,Lateral Grasp
73,book,Box / Complex,161.26,Left,Lateral Grasp
73,book,Cylindrical,161.49,Left,Full Grasp
73,book,Cylindrical,178.7,Center,Full Grasp
73,book,Box / Complex,156.82,Left,Lateral Grasp
73,book,Cylindrical,170.08,Center,Full Grasp
73,book,Box / Complex,156.25,Left,Lateral Grasp
73,book,Cylindrical,165.93,Left,Full Grasp
73,book,Cylindrical,166.38,Left,Full Grasp
73,book,Box / Complex,-60.65,Right,Lateral Grasp
73,book,Cylindrical,174.14,Center,Full Grasp
73,book,Box / Complex,150.29,Left,Lateral Grasp
73,book,Box / Complex,-88.41,Right,Lateral Grasp
73,book,Box / Complex,162.16,Left,Lateral Grasp
73,book,Box / Complex,161.0,Left,Lateral Grasp
73,book,Box / Complex,160.49,Left,Lateral Grasp
73,book,Box / Complex,161.28,Left,Lateral Grasp
73,book,Box / Complex,166.17,Left,Lateral Grasp
73,book,Box / Complex,161.06,Left,Lateral Grasp
73,book,Cylindrical,175.43,Center,Full Grasp
73,book,Box / Complex,155.98,Left,Lateral Grasp
73,book,Cylindrical,166.49,Left,Full Grasp
73,book,Box / Complex,152.91,Left,Lateral Grasp
73,book,Box / Complex,157.31,Left,Lateral Grasp
73,book,Box / Complex,-76.76,Right,Lateral Grasp
73,book,Box / Complex,-47.3,Right,Lateral Grasp
73,book,Box / Complex,-38.07,Right,Lateral Grasp
73,book,Box / Complex,155.94,Left,Lateral Grasp
73,book,Cylindrical,159.61,Left,Full Grasp
73,book,Box / Complex,162.49,Left,Lateral Grasp
73,book,Box / Complex,157.56,Left,Lateral Grasp
73,book,Box / Complex,164.9,Left,Lateral Grasp
73,book,Box / Complex,151.11,Left,Lateral Grasp
73,book,Box / Complex,157.63,Left,Lateral Grasp
73,book,Box / Complex,157.97,Left,Lateral Grasp
73,book,Box / Complex,150.97,Left,Lateral Grasp
73,book,Box / Complex,147.32,Left,Lateral Grasp
73,book,Box / Complex,158.75,Left,Lateral Grasp
73,book,Box / Complex,162.09,Left,Lateral Grasp
73,book,Box / Complex,158.84,Left,Lateral Grasp
73,book,Box / Complex,157.19,Left,Lateral Grasp
73,book,Box / Complex,-41.2,Right,Lateral Grasp
73,book,Box / Complex,160.13,Left,Lateral Grasp
73,book,Box / Complex,162.54,Left,Lateral Grasp
73,book,Box / Complex,160.98,Left,Lateral Grasp
73,book,Box / Complex,156.13,Left,Lateral Grasp
73,book,Box / Complex,154.23,Left,Lateral Grasp
73,book,Box / Complex,154.59,Left,Lateral Grasp
73,book,Box / Complex,-45.25,Right,Lateral Grasp
73,book,Box / Complex,-110.68,Right,Lateral Grasp
73,book,Box / Complex,-37.99,Right,Lateral Grasp
73,book,Box / Complex,-114.56,Right,Lateral Grasp
73,book,Box / Complex,83.93,Right,Lateral Grasp
73,book,Box / Complex,-104.47,Right,Lateral Grasp
73,book,Box / Complex,-89.22,Right,Lateral Grasp
73,book,Box / Complex,-99.89,Right,Lateral Grasp
73,book,Box / Complex,84.47,Right,Lateral Grasp
73,book,Box / Complex,-103.3,Right,Lateral Grasp
73,book,Box / Complex,83.49,Right,Lateral Grasp
73,book,Box / Complex,88.98,Right,Lateral Grasp
73,book,Box / Complex,-113.93,Right,Lateral Grasp
73,book,Box / Complex,68.06,Right,Lateral Grasp
73,book,Box / Complex,-97.46,Right,Lateral Grasp
73,book,Box / Complex,-123.18,Right,Lateral Grasp
73,book,Box / Complex,-89.52,Right,Lateral Grasp
73,book,Box / Complex,-112.7,Right,Lateral Grasp
73,book,Box / Complex,-98.16,Right,Lateral Grasp
73,book,Box / Complex,-84.9,Right,Lateral Grasp
73,book,Box / Complex,-128.3,Right,Lateral Grasp
73,book,Box / Complex,-120.17,Right,Lateral Grasp
73,book,Box / Complex,74.54,Right,Lateral Grasp
73,book,Box / Complex,-115.72,Right,Lateral Grasp
73,book,Box / Complex,60.93,Right,Lateral Grasp
73,book,Box / Complex,42.5,Right,Lateral Grasp
73,book,Box / Complex,-125.26,Right,Lateral Grasp
73,book,Spherical,66.85,Right,Full Grasp
73,book,Box / Complex,-96.9,Right,Lateral Grasp
73,book,Box / Complex,56.04,Right,Lateral Grasp
73,book,Box / Complex,-112.71,Right,Lateral Grasp
73,book,Box / Complex,-102.73,Right,Lateral Grasp
73,book,Box / Complex,-120.14,Right,Lateral Grasp
73,book,Box / Complex,80.54,Right,Lateral Grasp
73,book,Box / Complex,85.5,Right,Lateral Grasp
73,book,Box / Complex,78.87,Right,Lateral Grasp
73,book,Box / Complex,-112.27,Right,Lateral Grasp
73,book,Box / Complex,-122.83,Right,Lateral Grasp
73,book,Box / Complex,53.06,Right,Lateral Grasp
73,book,Box / Complex,57.15,Right,Lateral Grasp
73,book,Box / Complex,-125.48,Right,Lateral Grasp
73,book,Box / Complex,-115.92,Right,Lateral Grasp
73,book,Box / Complex,-111.73,Right,Lateral Grasp
73,book,Box / Complex,-105.23,Right,Lateral Grasp
73,book,Box / Complex,66.95,Right,Lateral Grasp
73,book,Box / Complex,-107.0,Right,Lateral Grasp
73,book,Box / Complex,67.13,Right,Lateral Grasp
73,book,Box / Complex,-101.14,Right,Lateral Grasp
73,book,Box / Complex,-117.75,Right,Lateral Grasp
73,book,Box / Complex,84.9,Right,Lateral Grasp
73,book,Spherical,77.81,Right,Full Grasp
73,book,Box / Complex,-111.89,Right,Lateral Grasp
73,book,Box / Complex,-111.93,Right,Lateral Grasp
73,book,Box / Complex,-116.59,Right,Lateral Grasp
73,book,Box / Complex,-111.19,Right,Lateral Grasp
73,book,Box / Complex,-121.94,Right,Lateral Grasp
73,book,Box / Complex,-115.31,Right,Lateral Grasp
73,book,Box / Complex,-132.83,Right,Lateral Grasp
73,book,Box / Complex,73.84,Right,Lateral Grasp
73,book,Box / Complex,-115.33,Right,Lateral Grasp
73,book,Box / Complex,-107.89,Right,Lateral Grasp
73,book,Box / Complex,57.04,Right,Lateral Grasp
73,book,Box / Complex,-90.27,Right,Lateral Grasp
73,book,Box / Complex,-102.86,Right,Lateral Grasp
73,book,Box / Complex,-104.06,Right,Lateral Grasp
73,book,Box / Complex,-116.33,Right,Lateral Grasp
73,book,Box / Complex,64.37,Right,Lateral Grasp
73,book,Box / Complex,63.5,Right,Lateral Grasp
73,book,Box / Complex,-111.76,Right,Lateral Grasp
73,book,Box / Complex,-105.15,Right,Lateral Grasp
73,book,Box / Complex,-113.4,Right,Lateral Grasp
73,book,Box / Complex,59.92,Right,Lateral Grasp
73,book,Box / Complex,65.51,Right,Lateral Grasp
73,book,Box / Complex,-115.11,Right,Lateral Grasp
73,book,Box / Complex,171.72,Center,Lateral Grasp
73,book,Box / Complex,-1.59,Right,Lateral Grasp
73,book,Cylindrical,177.57,Center,Full Grasp
2,cup,Cylindrical,-171.93,Center,Full Grasp
67,cell phone,Box / Complex,158.59,Left,Lateral Grasp
67,cell phone,Spherical,130.9,Left,Full Grasp
2,cup,Cylindrical,-97.62,Right,Full Grasp
2,cup,Cylindrical,95.42,Left,Full Grasp
2,cup,Box / Complex,115.83,Left,Lateral Grasp
2,cup,Flat,-178.05,Center,Pinch Grasp
2,cup,Cylindrical,-87.18,Right,Full Grasp
64,mouse,Flat,-85.61,Right,Pinch Grasp
64,mouse,Box / Complex,164.83,Left,Lateral Grasp
64,mouse,Box / Complex,162.41,Left,Lateral Grasp
64,mouse,Box / Complex,164.65,Left,Lateral Grasp
64,mouse,Box / Complex,164.39,Left,Lateral Grasp
64,mouse,Box / Complex,166.16,Left,Lateral Grasp
